<?xml version="1.0" encoding="UTF-8"?>
<osm version="0.6" generator="openstreetmap-cgimap 2.1.0 (2143302 spike-07.openstreetmap.org)" copyright="OpenStreetMap and contributors" attribution="http://www.openstreetmap.org/copyright" license="http://opendatacommons.org/licenses/odbl/1-0/">
 <bounds minlat="46.4070000" minlon="11.5718000" maxlat="46.4113000" maxlon="11.5784000"/>
 <node id="29540191" visible="true" version="9" changeset="17453600" timestamp="2013-08-22T10:51:02Z" user="ajk" uid="227502" lat="46.4114075" lon="11.5780557"/>
 <node id="29540193" visible="true" version="11" changeset="115900895" timestamp="2022-01-08T08:20:35Z" user="Linie29" uid="1864709" lat="46.4096800" lon="11.5785231"/>
 <node id="29540195" visible="true" version="11" changeset="173842797" timestamp="2025-10-27T14:59:53Z" user="AlexTies" uid="3579653" lat="46.4100297" lon="11.5779904"/>
 <node id="29540197" visible="true" version="11" changeset="137843839" timestamp="2023-06-27T16:42:00Z" user="Delli1951" uid="10524894" lat="46.4104708" lon="11.5755896"/>
 <node id="29540201" visible="true" version="8" changeset="137843839" timestamp="2023-06-27T16:42:00Z" user="Delli1951" uid="10524894" lat="46.4091823" lon="11.5732904"/>
 <node id="29540203" visible="true" version="12" changeset="142270180" timestamp="2023-10-07T13:52:29Z" user="Wanderer2015" uid="2978713" lat="46.4091763" lon="11.5729498"/>
 <node id="29541442" visible="true" version="8" changeset="137843839" timestamp="2023-06-27T16:42:00Z" user="Delli1951" uid="10524894" lat="46.4092355" lon="11.5727180"/>
 <node id="274582117" visible="true" version="8" changeset="95871645" timestamp="2020-12-15T11:13:01Z" user="Marcello Perathoner" uid="8199540" lat="46.4112898" lon="11.5786571"/>
 <node id="274582118" visible="true" version="8" changeset="17453600" timestamp="2013-08-22T10:51:04Z" user="ajk" uid="227502" lat="46.4114508" lon="11.5781740"/>
 <node id="274582228" visible="true" version="8" changeset="95871645" timestamp="2020-12-15T11:13:01Z" user="Marcello Perathoner" uid="8199540" lat="46.4112119" lon="11.5779889"/>
 <node id="274582459" visible="true" version="8" changeset="115900895" timestamp="2022-01-08T08:20:35Z" user="Linie29" uid="1864709" lat="46.4100808" lon="11.5783230"/>
 <node id="274582623" visible="true" version="9" changeset="115900895" timestamp="2022-01-08T08:20:35Z" user="Linie29" uid="1864709" lat="46.4095466" lon="11.5784833"/>
 <node id="274582624" visible="true" version="6" changeset="173842797" timestamp="2025-10-27T14:59:53Z" user="AlexTies" uid="3579653" lat="46.4103546" lon="11.5772696"/>
 <node id="274582785" visible="true" version="6" changeset="93664294" timestamp="2020-11-06T12:31:18Z" user="Marcello Perathoner" uid="8199540" lat="46.4097800" lon="11.5741550"/>
 <node id="274582786" visible="true" version="7" changeset="93664294" timestamp="2020-11-06T12:31:18Z" user="Marcello Perathoner" uid="8199540" lat="46.4093131" lon="11.5736186"/>
 <node id="274584173" visible="true" version="7" changeset="130600149" timestamp="2022-12-28T12:49:18Z" user="Mariusz Dykierek" uid="238534" lat="46.4099365" lon="11.5717201"/>
 <node id="274587199" visible="true" version="7" changeset="122685787" timestamp="2022-06-21T21:03:49Z" user="pikappa79" uid="330007" lat="46.4099870" lon="11.5750622"/>
 <node id="274587200" visible="true" version="5" changeset="122685787" timestamp="2022-06-21T21:03:49Z" user="pikappa79" uid="330007" lat="46.4095239" lon="11.5741688"/>
 <node id="274587201" visible="true" version="6" changeset="122685787" timestamp="2022-06-21T21:03:49Z" user="pikappa79" uid="330007" lat="46.4090142" lon="11.5733293"/>
 <node id="274587202" visible="true" version="6" changeset="122685787" timestamp="2022-06-21T21:03:49Z" user="pikappa79" uid="330007" lat="46.4086053" lon="11.5753592"/>
 <node id="274587203" visible="true" version="6" changeset="17453600" timestamp="2013-08-22T10:51:04Z" user="ajk" uid="227502" lat="46.4093116" lon="11.5762129"/>
 <node id="274587354" visible="true" version="6" changeset="122685787" timestamp="2022-06-21T21:03:49Z" user="pikappa79" uid="330007" lat="46.4085637" lon="11.5737892"/>
 <node id="274587356" visible="true" version="6" changeset="122685787" timestamp="2022-06-21T21:03:49Z" user="pikappa79" uid="330007" lat="46.4089175" lon="11.5759876"/>
 <node id="287937643" visible="true" version="2" changeset="10523979" timestamp="2012-01-28T19:18:31Z" user="chweber" uid="347288" lat="46.3999303" lon="11.5755461"/>
 <node id="287937644" visible="true" version="4" changeset="183790304" timestamp="2026-06-07T16:46:43Z" user="Marco Tamburini" uid="19653888" lat="46.4003282" lon="11.5752591"/>
 <node id="287937645" visible="true" version="3" changeset="183790304" timestamp="2026-06-07T16:46:43Z" user="Marco Tamburini" uid="19653888" lat="46.4015087" lon="11.5743615"/>
 <node id="287937646" visible="true" version="3" changeset="183790304" timestamp="2026-06-07T16:46:43Z" user="Marco Tamburini" uid="19653888" lat="46.4021194" lon="11.5742837"/>
 <node id="287937647" visible="true" version="2" changeset="166107132" timestamp="2025-05-11T12:48:08Z" user="pikappa79" uid="330007" lat="46.4027611" lon="11.5744142"/>
 <node id="287937648" visible="true" version="3" changeset="166107132" timestamp="2025-05-11T12:48:08Z" user="pikappa79" uid="330007" lat="46.4038252" lon="11.5745014"/>
 <node id="287937649" visible="true" version="4" changeset="183790304" timestamp="2026-06-07T16:46:43Z" user="Marco Tamburini" uid="19653888" lat="46.4047182" lon="11.5748744"/>
 <node id="287937650" visible="true" version="3" changeset="166107132" timestamp="2025-05-11T12:48:08Z" user="pikappa79" uid="330007" lat="46.4052172" lon="11.5747972"/>
 <node id="287937651" visible="true" version="1" changeset="248912" timestamp="2008-08-14T18:02:04Z" user="alessioz" uid="24966" lat="46.4056997" lon="11.5745867"/>
 <node id="287937652" visible="true" version="3" changeset="17264016" timestamp="2013-08-08T09:18:48Z" user="gigu" uid="35407" lat="46.4060029" lon="11.5740339"/>
 <node id="287937653" visible="true" version="4" changeset="183790304" timestamp="2026-06-07T16:46:43Z" user="Marco Tamburini" uid="19653888" lat="46.4073933" lon="11.5732310"/>
 <node id="287937654" visible="true" version="3" changeset="183790304" timestamp="2026-06-07T16:46:43Z" user="Marco Tamburini" uid="19653888" lat="46.4080825" lon="11.5729728"/>
 <node id="287937655" visible="true" version="4" changeset="183790304" timestamp="2026-06-07T16:46:43Z" user="Marco Tamburini" uid="19653888" lat="46.4084465" lon="11.5726769"/>
 <node id="287938784" visible="true" version="2" changeset="115900895" timestamp="2022-01-08T08:20:35Z" user="Linie29" uid="1864709" lat="46.4105729" lon="11.5704749"/>
 <node id="299494824" visible="true" version="7" changeset="115900895" timestamp="2022-01-08T08:20:35Z" user="Linie29" uid="1864709" lat="46.4095593" lon="11.5782956"/>
 <node id="299494826" visible="true" version="6" changeset="95871645" timestamp="2020-12-15T11:13:01Z" user="Marcello Perathoner" uid="8199540" lat="46.4113621" lon="11.5780067"/>
 <node id="299494828" visible="true" version="6" changeset="95871645" timestamp="2020-12-15T11:13:01Z" user="Marcello Perathoner" uid="8199540" lat="46.4114495" lon="11.5782809"/>
 <node id="299494835" visible="true" version="7" changeset="158125742" timestamp="2024-10-20T12:14:27Z" user="AlexTies" uid="3579653" lat="46.4088643" lon="11.5734630"/>
 <node id="299494836" visible="true" version="5" changeset="122685787" timestamp="2022-06-21T21:03:49Z" user="pikappa79" uid="330007" lat="46.4093240" lon="11.5739705"/>
 <node id="299494837" visible="true" version="4" changeset="122685787" timestamp="2022-06-21T21:03:49Z" user="pikappa79" uid="330007" lat="46.4098453" lon="11.5746924"/>
 <node id="299494840" visible="true" version="5" changeset="122685787" timestamp="2022-06-21T21:03:49Z" user="pikappa79" uid="330007" lat="46.4091890" lon="11.5760179"/>
 <node id="299494845" visible="true" version="4" changeset="122685787" timestamp="2022-06-21T21:03:49Z" user="pikappa79" uid="330007" lat="46.4086998" lon="11.5758964"/>
 <node id="299494846" visible="true" version="5" changeset="137843839" timestamp="2023-06-27T16:42:00Z" user="Delli1951" uid="10524894" lat="46.4087537" lon="11.5744217"/>
 <node id="299495136" visible="true" version="2" changeset="122703471" timestamp="2022-06-22T09:54:10Z" user="pikappa79" uid="330007" lat="46.3999123" lon="11.5758075"/>
 <node id="299495137" visible="true" version="7" changeset="176087514" timestamp="2025-12-18T10:20:15Z" user="AlexTies" uid="3579653" lat="46.4091314" lon="11.5728035"/>
 <node id="299495139" visible="true" version="5" changeset="176087514" timestamp="2025-12-18T10:20:15Z" user="AlexTies" uid="3579653" lat="46.4091271" lon="11.5728351"/>
 <node id="299495140" visible="true" version="4" changeset="137843839" timestamp="2023-06-27T16:42:00Z" user="Delli1951" uid="10524894" lat="46.4091291" lon="11.5732710"/>
 <node id="299495141" visible="true" version="2" changeset="93664973" timestamp="2020-11-06T12:45:46Z" user="Marcello Perathoner" uid="8199540" lat="46.4092280" lon="11.5736072"/>
 <node id="299495145" visible="true" version="3" changeset="93664973" timestamp="2020-11-06T12:45:46Z" user="Marcello Perathoner" uid="8199540" lat="46.4093357" lon="11.5738144"/>
 <node id="299495150" visible="true" version="3" changeset="137843839" timestamp="2023-06-27T16:42:00Z" user="Delli1951" uid="10524894" lat="46.4095674" lon="11.5740431"/>
 <node id="299495151" visible="true" version="3" changeset="137843839" timestamp="2023-06-27T16:42:00Z" user="Delli1951" uid="10524894" lat="46.4097341" lon="11.5743222"/>
 <node id="299495152" visible="true" version="3" changeset="137843839" timestamp="2023-06-27T16:42:00Z" user="Delli1951" uid="10524894" lat="46.4097917" lon="11.5744780"/>
 <node id="299495153" visible="true" version="4" changeset="137843839" timestamp="2023-06-27T16:42:00Z" user="Delli1951" uid="10524894" lat="46.4099774" lon="11.5748258"/>
 <node id="299495154" visible="true" version="4" changeset="137843839" timestamp="2023-06-27T16:42:00Z" user="Delli1951" uid="10524894" lat="46.4101854" lon="11.5754727"/>
 <node id="299495160" visible="true" version="5" changeset="183790304" timestamp="2026-06-07T16:46:43Z" user="Marco Tamburini" uid="19653888" lat="46.4102176" lon="11.5755400"/>
 <node id="299495163" visible="true" version="3" changeset="137843839" timestamp="2023-06-27T16:42:00Z" user="Delli1951" uid="10524894" lat="46.4102862" lon="11.5761415"/>
 <node id="299495164" visible="true" version="4" changeset="137843839" timestamp="2023-06-27T16:42:00Z" user="Delli1951" uid="10524894" lat="46.4102538" lon="11.5763872"/>
 <node id="299495165" visible="true" version="6" changeset="137843839" timestamp="2023-06-27T16:42:00Z" user="Delli1951" uid="10524894" lat="46.4101814" lon="11.5767492"/>
 <node id="299495166" visible="true" version="5" changeset="137843839" timestamp="2023-06-27T16:42:00Z" user="Delli1951" uid="10524894" lat="46.4099191" lon="11.5768610"/>
 <node id="299495167" visible="true" version="6" changeset="137843839" timestamp="2023-06-27T16:42:00Z" user="Delli1951" uid="10524894" lat="46.4096837" lon="11.5771426"/>
 <node id="299495168" visible="true" version="4" changeset="183790304" timestamp="2026-06-07T16:46:43Z" user="Marco Tamburini" uid="19653888" lat="46.4093447" lon="11.5773885"/>
 <node id="299495184" visible="true" version="2" changeset="95871645" timestamp="2020-12-15T11:13:01Z" user="Marcello Perathoner" uid="8199540" lat="46.4068469" lon="11.5760506"/>
 <node id="299495185" visible="true" version="3" changeset="137843839" timestamp="2023-06-27T16:42:00Z" user="Delli1951" uid="10524894" lat="46.4069165" lon="11.5759679"/>
 <node id="299495186" visible="true" version="3" changeset="183790304" timestamp="2026-06-07T16:46:43Z" user="Marco Tamburini" uid="19653888" lat="46.4071374" lon="11.5757015"/>
 <node id="299495187" visible="true" version="4" changeset="183790304" timestamp="2026-06-07T16:46:43Z" user="Marco Tamburini" uid="19653888" lat="46.4072567" lon="11.5756614"/>
 <node id="299495188" visible="true" version="3" changeset="183790304" timestamp="2026-06-07T16:46:43Z" user="Marco Tamburini" uid="19653888" lat="46.4073519" lon="11.5755888"/>
 <node id="299495189" visible="true" version="3" changeset="183790304" timestamp="2026-06-07T16:46:43Z" user="Marco Tamburini" uid="19653888" lat="46.4075539" lon="11.5754175"/>
 <node id="299495192" visible="true" version="2" changeset="95871645" timestamp="2020-12-15T11:13:01Z" user="Marcello Perathoner" uid="8199540" lat="46.4069208" lon="11.5762036"/>
 <node id="299495193" visible="true" version="2" changeset="95871645" timestamp="2020-12-15T11:13:01Z" user="Marcello Perathoner" uid="8199540" lat="46.4069902" lon="11.5762116"/>
 <node id="299495198" visible="true" version="2" changeset="95871645" timestamp="2020-12-15T11:13:01Z" user="Marcello Perathoner" uid="8199540" lat="46.4071525" lon="11.5761640"/>
 <node id="299495199" visible="true" version="2" changeset="95871645" timestamp="2020-12-15T11:13:01Z" user="Marcello Perathoner" uid="8199540" lat="46.4073406" lon="11.5761036"/>
 <node id="299495200" visible="true" version="2" changeset="95871645" timestamp="2020-12-15T11:13:01Z" user="Marcello Perathoner" uid="8199540" lat="46.4075455" lon="11.5761761"/>
 <node id="299495201" visible="true" version="2" changeset="95871645" timestamp="2020-12-15T11:13:01Z" user="Marcello Perathoner" uid="8199540" lat="46.4076296" lon="11.5764054"/>
 <node id="299495203" visible="true" version="2" changeset="183790304" timestamp="2026-06-07T16:46:43Z" user="Marco Tamburini" uid="19653888" lat="46.4076894" lon="11.5765659"/>
 <node id="299495204" visible="true" version="1" changeset="690842" timestamp="2008-09-24T16:19:29Z" user="Astrofreak85" uid="16241" lat="46.4078013" lon="11.5769442"/>
 <node id="299495205" visible="true" version="2" changeset="183790304" timestamp="2026-06-07T16:46:43Z" user="Marco Tamburini" uid="19653888" lat="46.4077717" lon="11.5772112"/>
 <node id="299495206" visible="true" version="2" changeset="183790304" timestamp="2026-06-07T16:46:43Z" user="Marco Tamburini" uid="19653888" lat="46.4077273" lon="11.5775237"/>
 <node id="299495207" visible="true" version="2" changeset="183790304" timestamp="2026-06-07T16:46:43Z" user="Marco Tamburini" uid="19653888" lat="46.4073804" lon="11.5781462"/>
 <node id="299495208" visible="true" version="2" changeset="183790304" timestamp="2026-06-07T16:46:43Z" user="Marco Tamburini" uid="19653888" lat="46.4072508" lon="11.5782187"/>
 <node id="299495209" visible="true" version="3" changeset="183790304" timestamp="2026-06-07T16:46:43Z" user="Marco Tamburini" uid="19653888" lat="46.4071593" lon="11.5783576"/>
 <node id="299495210" visible="true" version="3" changeset="183790304" timestamp="2026-06-07T16:46:43Z" user="Marco Tamburini" uid="19653888" lat="46.4071346" lon="11.5785902"/>
 <node id="299495211" visible="true" version="3" changeset="183790304" timestamp="2026-06-07T16:46:43Z" user="Marco Tamburini" uid="19653888" lat="46.4071000" lon="11.5787969"/>
 <node id="299495212" visible="true" version="3" changeset="137843839" timestamp="2023-06-27T16:42:00Z" user="Delli1951" uid="10524894" lat="46.4072875" lon="11.5791257"/>
 <node id="299495213" visible="true" version="3" changeset="183790304" timestamp="2026-06-07T16:46:43Z" user="Marco Tamburini" uid="19653888" lat="46.4071898" lon="11.5794424"/>
 <node id="299495214" visible="true" version="2" changeset="183790304" timestamp="2026-06-07T16:46:43Z" user="Marco Tamburini" uid="19653888" lat="46.4072980" lon="11.5795738"/>
 <node id="300563230" visible="true" version="5" changeset="173842797" timestamp="2025-10-27T14:59:53Z" user="AlexTies" uid="3579653" lat="46.4108052" lon="11.5781884"/>
 <node id="300563231" visible="true" version="6" changeset="173842797" timestamp="2025-10-27T14:59:53Z" user="AlexTies" uid="3579653" lat="46.4104380" lon="11.5770649"/>
 <node id="300563232" visible="true" version="4" changeset="17264016" timestamp="2013-08-08T09:18:49Z" user="gigu" uid="35407" lat="46.4101556" lon="11.5747896"/>
 <node id="300563234" visible="true" version="4" changeset="114981938" timestamp="2021-12-15T23:00:28Z" user="luschi" uid="1714220" lat="46.4107405" lon="11.5706309"/>
 <node id="440296337" visible="true" version="3" changeset="137843839" timestamp="2023-06-27T16:42:00Z" user="Delli1951" uid="10524894" lat="46.4108365" lon="11.5754697"/>
 <node id="440296340" visible="true" version="3" changeset="108200136" timestamp="2021-07-18T16:53:36Z" user="MyMapMaker" uid="13698037" lat="46.4111377" lon="11.5752430"/>
 <node id="440296341" visible="true" version="1" changeset="1800028" timestamp="2009-07-11T19:05:09Z" user="Fabry" uid="66900" lat="46.4114940" lon="11.5751513"/>
 <node id="440296346" visible="true" version="6" changeset="183790304" timestamp="2026-06-07T16:46:43Z" user="Marco Tamburini" uid="19653888" lat="46.4103160" lon="11.5759439"/>
 <node id="440296363" visible="true" version="3" changeset="158125742" timestamp="2024-10-20T12:14:27Z" user="AlexTies" uid="3579653" lat="46.4112645" lon="11.5752937"/>
 <node id="440296370" visible="true" version="3" changeset="114981916" timestamp="2021-12-15T22:58:22Z" user="luschi" uid="1714220" lat="46.4124639" lon="11.5751959"/>
 <node id="440296374" visible="true" version="3" changeset="114981916" timestamp="2021-12-15T22:58:22Z" user="luschi" uid="1714220" lat="46.4117052" lon="11.5750354"/>
 <node id="502268066" visible="true" version="7" changeset="176087514" timestamp="2025-12-18T10:20:15Z" user="AlexTies" uid="3579653" lat="46.4090720" lon="11.5728030"/>
 <node id="502268072" visible="true" version="4" changeset="176087514" timestamp="2025-12-18T10:20:15Z" user="AlexTies" uid="3579653" lat="46.4087051" lon="11.5728959"/>
 <node id="502268074" visible="true" version="3" changeset="176087514" timestamp="2025-12-18T10:20:15Z" user="AlexTies" uid="3579653" lat="46.4085161" lon="11.5729912"/>
 <node id="502268077" visible="true" version="4" changeset="176087514" timestamp="2025-12-18T10:20:15Z" user="AlexTies" uid="3579653" lat="46.4083964" lon="11.5730763"/>
 <node id="502268078" visible="true" version="4" changeset="176087514" timestamp="2025-12-18T10:20:15Z" user="AlexTies" uid="3579653" lat="46.4082200" lon="11.5732715"/>
 <node id="502268079" visible="true" version="3" changeset="176087514" timestamp="2025-12-18T10:20:15Z" user="AlexTies" uid="3579653" lat="46.4081029" lon="11.5734469"/>
 <node id="502268080" visible="true" version="2" changeset="95740790" timestamp="2020-12-13T00:02:30Z" user="Marcello Perathoner" uid="8199540" lat="46.4080483" lon="11.5736773"/>
 <node id="502268081" visible="true" version="2" changeset="95740790" timestamp="2020-12-13T00:02:30Z" user="Marcello Perathoner" uid="8199540" lat="46.4080224" lon="11.5740038"/>
 <node id="502268082" visible="true" version="2" changeset="95740790" timestamp="2020-12-13T00:02:30Z" user="Marcello Perathoner" uid="8199540" lat="46.4080414" lon="11.5742398"/>
 <node id="502268083" visible="true" version="1" changeset="2537318" timestamp="2009-09-19T19:17:08Z" user="Aviron" uid="52487" lat="46.4081610" lon="11.5744437"/>
 <node id="502268084" visible="true" version="3" changeset="176087514" timestamp="2025-12-18T10:20:15Z" user="AlexTies" uid="3579653" lat="46.4082019" lon="11.5745858"/>
 <node id="502268091" visible="true" version="3" changeset="176087514" timestamp="2025-12-18T10:20:15Z" user="AlexTies" uid="3579653" lat="46.4081844" lon="11.5749227"/>
 <node id="502268094" visible="true" version="3" changeset="176087514" timestamp="2025-12-18T10:20:15Z" user="AlexTies" uid="3579653" lat="46.4081469" lon="11.5751418"/>
 <node id="502268097" visible="true" version="5" changeset="95871645" timestamp="2020-12-15T11:13:01Z" user="Marcello Perathoner" uid="8199540" lat="46.4082313" lon="11.5753018"/>
 <node id="502268098" visible="true" version="3" changeset="176087514" timestamp="2025-12-18T10:20:15Z" user="AlexTies" uid="3579653" lat="46.4083923" lon="11.5757851"/>
 <node id="502268099" visible="true" version="4" changeset="176087514" timestamp="2025-12-18T10:20:15Z" user="AlexTies" uid="3579653" lat="46.4084056" lon="11.5760444"/>
 <node id="502268100" visible="true" version="3" changeset="9002704" timestamp="2011-08-13T07:32:41Z" user="cubeiker" uid="342044" lat="46.4085487" lon="11.5763063"/>
 <node id="502268101" visible="true" version="3" changeset="183790304" timestamp="2026-06-07T16:46:43Z" user="Marco Tamburini" uid="19653888" lat="46.4087279" lon="11.5762838"/>
 <node id="502268104" visible="true" version="4" changeset="183790304" timestamp="2026-06-07T16:46:43Z" user="Marco Tamburini" uid="19653888" lat="46.4089516" lon="11.5763430"/>
 <node id="502268107" visible="true" version="4" changeset="183790304" timestamp="2026-06-07T16:46:43Z" user="Marco Tamburini" uid="19653888" lat="46.4090344" lon="11.5763892"/>
 <node id="502268112" visible="true" version="3" changeset="137843839" timestamp="2023-06-27T16:42:00Z" user="Delli1951" uid="10524894" lat="46.4089855" lon="11.5765856"/>
 <node id="502268113" visible="true" version="3" changeset="137843839" timestamp="2023-06-27T16:42:00Z" user="Delli1951" uid="10524894" lat="46.4089154" lon="11.5767697"/>
 <node id="502268114" visible="true" version="4" changeset="95871645" timestamp="2020-12-15T11:13:01Z" user="Marcello Perathoner" uid="8199540" lat="46.4089094" lon="11.5769204"/>
 <node id="502268115" visible="true" version="3" changeset="183790304" timestamp="2026-06-07T16:46:43Z" user="Marco Tamburini" uid="19653888" lat="46.4090889" lon="11.5771442"/>
 <node id="502268116" visible="true" version="3" changeset="183790304" timestamp="2026-06-07T16:46:43Z" user="Marco Tamburini" uid="19653888" lat="46.4092402" lon="11.5772507"/>
 <node id="832410310" visible="true" version="10" changeset="178221608" timestamp="2026-02-07T10:21:23Z" user="AlexTies" uid="3579653" lat="46.4102642" lon="11.5752176">
  <tag k="bus" v="yes"/>
  <tag k="highway" v="bus_stop"/>
  <tag k="name" v="Karer See - Lago di Carezza"/>
  <tag k="name:de" v="Karersee"/>
  <tag k="name:it" v="Lago di Carezza"/>
  <tag k="public_transport" v="platform"/>
  <tag k="shelter" v="no"/>
 </node>
 <node id="1320461793" visible="true" version="2" changeset="95740790" timestamp="2020-12-13T00:02:30Z" user="Marcello Perathoner" uid="8199540" lat="46.4076282" lon="11.5735998"/>
 <node id="1320461807" visible="true" version="3" changeset="137929155" timestamp="2023-06-29T18:06:23Z" user="Delli1951" uid="10524894" lat="46.4076221" lon="11.5740353"/>
 <node id="1320461810" visible="true" version="2" changeset="95740790" timestamp="2020-12-13T00:02:30Z" user="Marcello Perathoner" uid="8199540" lat="46.4074234" lon="11.5749362"/>
 <node id="1320461813" visible="true" version="2" changeset="95740790" timestamp="2020-12-13T00:02:30Z" user="Marcello Perathoner" uid="8199540" lat="46.4072200" lon="11.5752594"/>
 <node id="1320461815" visible="true" version="3" changeset="137843839" timestamp="2023-06-27T16:42:00Z" user="Delli1951" uid="10524894" lat="46.4069593" lon="11.5757475"/>
 <node id="1320461872" visible="true" version="3" changeset="137843839" timestamp="2023-06-27T16:42:00Z" user="Delli1951" uid="10524894" lat="46.4081071" lon="11.5730565"/>
 <node id="1320461916" visible="true" version="2" changeset="95740790" timestamp="2020-12-13T00:02:30Z" user="Marcello Perathoner" uid="8199540" lat="46.4077739" lon="11.5732209"/>
 <node id="1320461919" visible="true" version="2" changeset="95740790" timestamp="2020-12-13T00:02:30Z" user="Marcello Perathoner" uid="8199540" lat="46.4074475" lon="11.5743917"/>
 <node id="1335779871" visible="true" version="4" changeset="183790304" timestamp="2026-06-07T16:46:43Z" user="Marco Tamburini" uid="19653888" lat="46.4083887" lon="11.5727049"/>
 <node id="1338133111" visible="true" version="3" changeset="122685787" timestamp="2022-06-21T21:03:49Z" user="pikappa79" uid="330007" lat="46.4098606" lon="11.5761791"/>
 <node id="1338133119" visible="true" version="3" changeset="137843839" timestamp="2023-06-27T16:42:00Z" user="Delli1951" uid="10524894" lat="46.4101360" lon="11.5753516"/>
 <node id="1338133122" visible="true" version="7" changeset="183790304" timestamp="2026-06-07T16:46:43Z" user="Marco Tamburini" uid="19653888" lat="46.4101805" lon="11.5759879"/>
 <node id="1338133136" visible="true" version="3" changeset="137843839" timestamp="2023-06-27T16:42:00Z" user="Delli1951" uid="10524894" lat="46.4100871" lon="11.5751658"/>
 <node id="1338133156" visible="true" version="3" changeset="122685787" timestamp="2022-06-21T21:03:49Z" user="pikappa79" uid="330007" lat="46.4100155" lon="11.5758521"/>
 <node id="1339636044" visible="true" version="2" changeset="166107132" timestamp="2025-05-11T12:48:08Z" user="pikappa79" uid="330007" lat="46.4151707" lon="11.5664553"/>
 <node id="1339636049" visible="true" version="2" changeset="166107132" timestamp="2025-05-11T12:48:08Z" user="pikappa79" uid="330007" lat="46.4149659" lon="11.5671733"/>
 <node id="1339636052" visible="true" version="2" changeset="34004573" timestamp="2015-09-13T17:21:34Z" user="peugeot-tracker" uid="597863" lat="46.4148322" lon="11.5679126"/>
 <node id="1385260917" visible="true" version="3" changeset="115900895" timestamp="2022-01-08T08:20:35Z" user="Linie29" uid="1864709" lat="46.4095753" lon="11.5719613"/>
 <node id="1385260918" visible="true" version="2" changeset="115900895" timestamp="2022-01-08T08:20:35Z" user="Linie29" uid="1864709" lat="46.4102930" lon="11.5708525"/>
 <node id="1396696823" visible="true" version="2" changeset="137843839" timestamp="2023-06-27T16:42:00Z" user="Delli1951" uid="10524894" lat="46.4091215" lon="11.5762261">
  <tag k="tourism" v="viewpoint"/>
 </node>
 <node id="1396702545" visible="true" version="2" changeset="183790304" timestamp="2026-06-07T16:46:43Z" user="Marco Tamburini" uid="19653888" lat="46.4077495" lon="11.5753523"/>
 <node id="1396702546" visible="true" version="2" changeset="95740790" timestamp="2020-12-13T00:02:30Z" user="Marcello Perathoner" uid="8199540" lat="46.4078632" lon="11.5753345"/>
 <node id="1396702547" visible="true" version="2" changeset="95740790" timestamp="2020-12-13T00:02:30Z" user="Marcello Perathoner" uid="8199540" lat="46.4079666" lon="11.5753237"/>
 <node id="1396702548" visible="true" version="2" changeset="95740790" timestamp="2020-12-13T00:02:30Z" user="Marcello Perathoner" uid="8199540" lat="46.4080569" lon="11.5753342"/>
 <node id="1396702558" visible="true" version="1" changeset="9002704" timestamp="2011-08-13T07:32:38Z" user="cubeiker" uid="342044" lat="46.4083536" lon="11.5756372"/>
 <node id="1396702560" visible="true" version="2" changeset="137843839" timestamp="2023-06-27T16:42:00Z" user="Delli1951" uid="10524894" lat="46.4084437" lon="11.5761970"/>
 <node id="1396702562" visible="true" version="2" changeset="183790304" timestamp="2026-06-07T16:46:43Z" user="Marco Tamburini" uid="19653888" lat="46.4088329" lon="11.5762785"/>
 <node id="1396702563" visible="true" version="1" changeset="9002704" timestamp="2011-08-13T07:32:38Z" user="cubeiker" uid="342044" lat="46.4094587" lon="11.5773515"/>
 <node id="1609177787" visible="true" version="2" changeset="122703471" timestamp="2022-06-22T09:54:13Z" user="pikappa79" uid="330007" lat="46.3999003" lon="11.5756926"/>
 <node id="1841372667" visible="true" version="2" changeset="34004573" timestamp="2015-09-13T17:21:34Z" user="peugeot-tracker" uid="597863" lat="46.4108512" lon="11.5715331"/>
 <node id="1841372669" visible="true" version="4" changeset="122685787" timestamp="2022-06-21T21:03:49Z" user="pikappa79" uid="330007" lat="46.4134541" lon="11.5705592"/>
 <node id="1841372671" visible="true" version="1" changeset="12523631" timestamp="2012-07-28T14:07:33Z" user="putzer" uid="694669" lat="46.4094280" lon="11.5727560"/>
 <node id="1841372673" visible="true" version="3" changeset="122685787" timestamp="2022-06-21T21:03:49Z" user="pikappa79" uid="330007" lat="46.4116312" lon="11.5714108"/>
 <node id="2410790460" visible="true" version="3" changeset="183790304" timestamp="2026-06-07T16:46:43Z" user="Marco Tamburini" uid="19653888" lat="46.4065875" lon="11.5734895"/>
 <node id="2410790461" visible="true" version="3" changeset="183790304" timestamp="2026-06-07T16:46:43Z" user="Marco Tamburini" uid="19653888" lat="46.4068817" lon="11.5733318"/>
 <node id="2410790463" visible="true" version="2" changeset="183790304" timestamp="2026-06-07T16:46:43Z" user="Marco Tamburini" uid="19653888" lat="46.4075807" lon="11.5730926"/>
 <node id="2410790467" visible="true" version="4" changeset="183790304" timestamp="2026-06-07T16:46:43Z" user="Marco Tamburini" uid="19653888" lat="46.4085968" lon="11.5726776"/>
 <node id="2410790471" visible="true" version="4" changeset="137843839" timestamp="2023-06-27T16:42:00Z" user="Delli1951" uid="10524894" lat="46.4092352" lon="11.5725427"/>
 <node id="2427907608" visible="true" version="9" changeset="161098132" timestamp="2025-01-07T14:35:53Z" user="Marcello Perathoner" uid="8199540" lat="46.4104951" lon="11.5758110">
  <tag k="bus" v="yes"/>
  <tag k="direction" v="forward"/>
  <tag k="name" v="Karersee - Lago di Carezza"/>
  <tag k="name:de" v="Karersee"/>
  <tag k="name:it" v="Lago di Carezza"/>
  <tag k="public_transport" v="stop_position"/>
 </node>
 <node id="2427907611" visible="true" version="1" changeset="17453600" timestamp="2013-08-22T10:51:01Z" user="ajk" uid="227502" lat="46.4095831" lon="11.5785257"/>
 <node id="2427907616" visible="true" version="2" changeset="166107132" timestamp="2025-05-11T12:48:08Z" user="pikappa79" uid="330007" lat="46.4115035" lon="11.5760198"/>
 <node id="2427907628" visible="true" version="1" changeset="17453600" timestamp="2013-08-22T10:51:01Z" user="ajk" uid="227502" lat="46.4117385" lon="11.5760666"/>
 <node id="2427907638" visible="true" version="3" changeset="173842797" timestamp="2025-10-27T14:59:53Z" user="AlexTies" uid="3579653" lat="46.4099249" lon="11.5781266"/>
 <node id="2427907642" visible="true" version="1" changeset="17453600" timestamp="2013-08-22T10:51:01Z" user="ajk" uid="227502" lat="46.4095346" lon="11.5783619"/>
 <node id="2427907648" visible="true" version="2" changeset="122685787" timestamp="2022-06-21T21:03:49Z" user="pikappa79" uid="330007" lat="46.4100429" lon="11.5753597"/>
 <node id="2427907650" visible="true" version="2" changeset="122685787" timestamp="2022-06-21T21:03:49Z" user="pikappa79" uid="330007" lat="46.4092200" lon="11.5738761"/>
 <node id="2427907661" visible="true" version="1" changeset="17453600" timestamp="2013-08-22T10:51:01Z" user="ajk" uid="227502" lat="46.4114981" lon="11.5758270"/>
 <node id="2427907662" visible="true" version="2" changeset="158125742" timestamp="2024-10-20T12:14:27Z" user="AlexTies" uid="3579653" lat="46.4116401" lon="11.5752463"/>
 <node id="2427907663" visible="true" version="3" changeset="158125742" timestamp="2024-10-20T12:14:27Z" user="AlexTies" uid="3579653" lat="46.4113147" lon="11.5747563"/>
 <node id="2427907665" visible="true" version="3" changeset="122685787" timestamp="2022-06-21T21:03:49Z" user="pikappa79" uid="330007" lat="46.4087295" lon="11.5749002"/>
 <node id="2427907666" visible="true" version="2" changeset="166107132" timestamp="2025-05-11T12:48:08Z" user="pikappa79" uid="330007" lat="46.4119809" lon="11.5760375"/>
 <node id="2427907670" visible="true" version="1" changeset="17453600" timestamp="2013-08-22T10:51:01Z" user="ajk" uid="227502" lat="46.4116744" lon="11.5753352"/>
 <node id="2427907692" visible="true" version="2" changeset="95740790" timestamp="2020-12-13T00:02:30Z" user="Marcello Perathoner" uid="8199540" lat="46.4106424" lon="11.5755605"/>
 <node id="2427907704" visible="true" version="2" changeset="158125742" timestamp="2024-10-20T12:14:27Z" user="AlexTies" uid="3579653" lat="46.4115471" lon="11.5752242"/>
 <node id="2756074760" visible="true" version="2" changeset="144155940" timestamp="2023-11-17T21:48:09Z" user="toponomastica_comune_arenzano" uid="14257573" lat="46.4108296" lon="11.5757239">
  <tag k="addr:city" v="Welschnofen - Nova Levante"/>
  <tag k="addr:city:de" v="Welschnofen"/>
  <tag k="addr:city:it" v="Nova Levante"/>
  <tag k="addr:housenumber" v="121c"/>
  <tag k="addr:postcode" v="39056"/>
  <tag k="addr:street" v="Karerseestraße - Strada Carezza"/>
  <tag k="addr:street:de" v="Karerseestraße"/>
  <tag k="addr:street:it" v="Strada Carezza"/>
 </node>
 <node id="2756074761" visible="true" version="2" changeset="144155940" timestamp="2023-11-17T21:48:09Z" user="toponomastica_comune_arenzano" uid="14257573" lat="46.4105781" lon="11.5757120">
  <tag k="addr:city" v="Welschnofen - Nova Levante"/>
  <tag k="addr:city:de" v="Welschnofen"/>
  <tag k="addr:city:it" v="Nova Levante"/>
  <tag k="addr:housenumber" v="121d"/>
  <tag k="addr:postcode" v="39056"/>
  <tag k="addr:street" v="Karerseestraße - Strada Carezza"/>
  <tag k="addr:street:de" v="Karerseestraße"/>
  <tag k="addr:street:it" v="Strada Carezza"/>
 </node>
 <node id="2756074762" visible="true" version="2" changeset="144155940" timestamp="2023-11-17T21:48:09Z" user="toponomastica_comune_arenzano" uid="14257573" lat="46.4106096" lon="11.5756880">
  <tag k="addr:city" v="Welschnofen - Nova Levante"/>
  <tag k="addr:city:de" v="Welschnofen"/>
  <tag k="addr:city:it" v="Nova Levante"/>
  <tag k="addr:housenumber" v="121e"/>
  <tag k="addr:postcode" v="39056"/>
  <tag k="addr:street" v="Karerseestraße - Strada Carezza"/>
  <tag k="addr:street:de" v="Karerseestraße"/>
  <tag k="addr:street:it" v="Strada Carezza"/>
 </node>
 <node id="2756074763" visible="true" version="2" changeset="144155940" timestamp="2023-11-17T21:48:09Z" user="toponomastica_comune_arenzano" uid="14257573" lat="46.4107657" lon="11.5756187">
  <tag k="addr:city" v="Welschnofen - Nova Levante"/>
  <tag k="addr:city:de" v="Welschnofen"/>
  <tag k="addr:city:it" v="Nova Levante"/>
  <tag k="addr:housenumber" v="121f"/>
  <tag k="addr:postcode" v="39056"/>
  <tag k="addr:street" v="Karerseestraße - Strada Carezza"/>
  <tag k="addr:street:de" v="Karerseestraße"/>
  <tag k="addr:street:it" v="Strada Carezza"/>
 </node>
 <node id="2756074764" visible="true" version="3" changeset="144155940" timestamp="2023-11-17T21:48:09Z" user="toponomastica_comune_arenzano" uid="14257573" lat="46.4108232" lon="11.5755835">
  <tag k="addr:city" v="Welschnofen - Nova Levante"/>
  <tag k="addr:city:de" v="Welschnofen"/>
  <tag k="addr:city:it" v="Nova Levante"/>
  <tag k="addr:housenumber" v="121g"/>
  <tag k="addr:postcode" v="39056"/>
  <tag k="addr:street" v="Karerseestraße - Strada Carezza"/>
  <tag k="addr:street:de" v="Karerseestraße"/>
  <tag k="addr:street:it" v="Strada Carezza"/>
 </node>
 <node id="2756075128" visible="true" version="2" changeset="108200136" timestamp="2021-07-18T16:53:36Z" user="MyMapMaker" uid="13698037" lat="46.4108128" lon="11.5758216">
  <tag k="addr:city" v="Welschnofen - Nova Levante"/>
  <tag k="addr:city:de" v="Welschnofen"/>
  <tag k="addr:city:it" v="Nova Levante"/>
  <tag k="addr:housenumber" v="2"/>
  <tag k="addr:postcode" v="39056"/>
  <tag k="addr:street" v="Parkplatz Karersee - Parcheggio Lago Carezza"/>
  <tag k="addr:street:de" v="Parkplatz Karersee"/>
  <tag k="addr:street:it" v="Parcheggio Lago Carezza"/>
 </node>
 <node id="2756075619" visible="true" version="1" changeset="21419478" timestamp="2014-03-31T13:04:38Z" user="OpenGISData" uid="1709187" lat="46.4106814" lon="11.5756500">
  <tag k="addr:city" v="Welschnofen - Nova Levante"/>
  <tag k="addr:city:de" v="Welschnofen"/>
  <tag k="addr:city:it" v="Nova Levante"/>
  <tag k="addr:housenumber" v="3"/>
  <tag k="addr:postcode" v="39056"/>
  <tag k="addr:street" v="Parkplatz Karersee - Parcheggio Lago Carezza"/>
  <tag k="addr:street:de" v="Parkplatz Karersee"/>
  <tag k="addr:street:it" v="Parcheggio Lago Carezza"/>
 </node>
 <node id="2756077346" visible="true" version="1" changeset="21419478" timestamp="2014-03-31T13:05:19Z" user="OpenGISData" uid="1709187" lat="46.4106780" lon="11.5758615">
  <tag k="addr:city" v="Welschnofen - Nova Levante"/>
  <tag k="addr:city:de" v="Welschnofen"/>
  <tag k="addr:city:it" v="Nova Levante"/>
  <tag k="addr:housenumber" v="6"/>
  <tag k="addr:postcode" v="39056"/>
  <tag k="addr:street" v="Parkplatz Karersee - Parcheggio Lago Carezza"/>
  <tag k="addr:street:de" v="Parkplatz Karersee"/>
  <tag k="addr:street:it" v="Parcheggio Lago Carezza"/>
 </node>
 <node id="2961638167" visible="true" version="4" changeset="137843839" timestamp="2023-06-27T16:42:00Z" user="Delli1951" uid="10524894" lat="46.4109993" lon="11.5753478">
  <tag k="barrier" v="lift_gate"/>
 </node>
 <node id="2961638168" visible="true" version="10" changeset="178221613" timestamp="2026-02-07T10:21:27Z" user="AlexTies" uid="3579653" lat="46.4105320" lon="11.5757668">
  <tag k="bench" v="yes"/>
  <tag k="bin" v="no"/>
  <tag k="highway" v="bus_stop"/>
  <tag k="lit" v="yes"/>
  <tag k="name" v="Karersee - Lago di Carezza"/>
  <tag k="name:de" v="Karersee"/>
  <tag k="name:it" v="Lago di Carezza"/>
  <tag k="public_transport" v="platform"/>
  <tag k="shelter" v="yes"/>
  <tag k="tactile_paving" v="no"/>
 </node>
 <node id="3250029699" visible="true" version="2" changeset="34004573" timestamp="2015-09-13T17:21:34Z" user="peugeot-tracker" uid="597863" lat="46.4149042" lon="11.5674314"/>
 <node id="3250029700" visible="true" version="2" changeset="166107132" timestamp="2025-05-11T12:48:08Z" user="pikappa79" uid="330007" lat="46.4149511" lon="11.5672872"/>
 <node id="3250029701" visible="true" version="2" changeset="166107132" timestamp="2025-05-11T12:48:08Z" user="pikappa79" uid="330007" lat="46.4153127" lon="11.5661412"/>
 <node id="3350325107" visible="true" version="1" changeset="28845862" timestamp="2015-02-14T16:39:12Z" user="Skombi" uid="1380953" lat="46.4162297" lon="11.5697353"/>
 <node id="3350325115" visible="true" version="1" changeset="28845862" timestamp="2015-02-14T16:39:12Z" user="Skombi" uid="1380953" lat="46.4165150" lon="11.5687984"/>
 <node id="3741545226" visible="true" version="2" changeset="183790304" timestamp="2026-06-07T16:46:43Z" user="Marco Tamburini" uid="19653888" lat="46.4095131" lon="11.5728024"/>
 <node id="3741545227" visible="true" version="1" changeset="34004573" timestamp="2015-09-13T17:21:28Z" user="peugeot-tracker" uid="597863" lat="46.4098016" lon="11.5724503"/>
 <node id="3741545228" visible="true" version="1" changeset="34004573" timestamp="2015-09-13T17:21:28Z" user="peugeot-tracker" uid="597863" lat="46.4102549" lon="11.5721143"/>
 <node id="3741545229" visible="true" version="4" changeset="137843839" timestamp="2023-06-27T16:42:00Z" user="Delli1951" uid="10524894" lat="46.4104917" lon="11.5757027"/>
 <node id="3741545230" visible="true" version="1" changeset="34004573" timestamp="2015-09-13T17:21:28Z" user="peugeot-tracker" uid="597863" lat="46.4108385" lon="11.5720303"/>
 <node id="3741545231" visible="true" version="2" changeset="108200136" timestamp="2021-07-18T16:53:36Z" user="MyMapMaker" uid="13698037" lat="46.4109238" lon="11.5756582"/>
 <node id="3741545232" visible="true" version="1" changeset="34004573" timestamp="2015-09-13T17:21:28Z" user="peugeot-tracker" uid="597863" lat="46.4110609" lon="11.5719944"/>
 <node id="3741545234" visible="true" version="2" changeset="95740790" timestamp="2020-12-13T00:02:30Z" user="Marcello Perathoner" uid="8199540" lat="46.4110897" lon="11.5752739"/>
 <node id="3757673125" visible="true" version="2" changeset="36900877" timestamp="2016-01-30T16:24:11Z" user="AlexTies" uid="3579653" lat="46.4108250" lon="11.5755606"/>
 <node id="3757673127" visible="true" version="2" changeset="36900877" timestamp="2016-01-30T16:24:11Z" user="AlexTies" uid="3579653" lat="46.4106369" lon="11.5758176"/>
 <node id="3757673128" visible="true" version="3" changeset="173257257" timestamp="2025-10-14T06:12:30Z" user="AlexTies" uid="3579653" lat="46.4105531" lon="11.5756968"/>
 <node id="3757673129" visible="true" version="2" changeset="36900877" timestamp="2016-01-30T16:24:11Z" user="AlexTies" uid="3579653" lat="46.4106093" lon="11.5758262"/>
 <node id="3757673130" visible="true" version="1" changeset="34229997" timestamp="2015-09-24T17:09:56Z" user="luschi" uid="1714220" lat="46.4108078" lon="11.5757703"/>
 <node id="3757673131" visible="true" version="3" changeset="183790304" timestamp="2026-06-07T16:46:43Z" user="Marco Tamburini" uid="19653888" lat="46.4092926" lon="11.5728960"/>
 <node id="3757673133" visible="true" version="2" changeset="36900877" timestamp="2016-01-30T16:24:11Z" user="AlexTies" uid="3579653" lat="46.4108618" lon="11.5756974"/>
 <node id="3978143627" visible="true" version="1" changeset="36900877" timestamp="2016-01-30T16:23:56Z" user="AlexTies" uid="3579653" lat="46.4110643" lon="11.5754869"/>
 <node id="3978143628" visible="true" version="1" changeset="36900877" timestamp="2016-01-30T16:23:56Z" user="AlexTies" uid="3579653" lat="46.4111410" lon="11.5756586"/>
 <node id="3978143629" visible="true" version="1" changeset="36900877" timestamp="2016-01-30T16:23:56Z" user="AlexTies" uid="3579653" lat="46.4111262" lon="11.5758275"/>
 <node id="3978143630" visible="true" version="1" changeset="36900877" timestamp="2016-01-30T16:23:57Z" user="AlexTies" uid="3579653" lat="46.4109764" lon="11.5759697"/>
 <node id="3978143631" visible="true" version="1" changeset="36900877" timestamp="2016-01-30T16:23:57Z" user="AlexTies" uid="3579653" lat="46.4109357" lon="11.5759603"/>
 <node id="3978143632" visible="true" version="1" changeset="36900877" timestamp="2016-01-30T16:23:57Z" user="AlexTies" uid="3579653" lat="46.4108803" lon="11.5760207"/>
 <node id="3978143633" visible="true" version="1" changeset="36900877" timestamp="2016-01-30T16:23:57Z" user="AlexTies" uid="3579653" lat="46.4108063" lon="11.5758865"/>
 <node id="3978143634" visible="true" version="1" changeset="36900877" timestamp="2016-01-30T16:23:57Z" user="AlexTies" uid="3579653" lat="46.4108775" lon="11.5756706"/>
 <node id="3978143635" visible="true" version="1" changeset="36900877" timestamp="2016-01-30T16:23:57Z" user="AlexTies" uid="3579653" lat="46.4109487" lon="11.5755848"/>
 <node id="3978143636" visible="true" version="1" changeset="36900877" timestamp="2016-01-30T16:23:57Z" user="AlexTies" uid="3579653" lat="46.4109228" lon="11.5755392"/>
 <node id="3978143637" visible="true" version="1" changeset="36900877" timestamp="2016-01-30T16:23:57Z" user="AlexTies" uid="3579653" lat="46.4108544" lon="11.5755821"/>
 <node id="3978143638" visible="true" version="1" changeset="36900877" timestamp="2016-01-30T16:23:57Z" user="AlexTies" uid="3579653" lat="46.4110874" lon="11.5754440"/>
 <node id="3978143639" visible="true" version="1" changeset="36900877" timestamp="2016-01-30T16:23:57Z" user="AlexTies" uid="3579653" lat="46.4110698" lon="11.5754788"/>
 <node id="3978143640" visible="true" version="1" changeset="36900877" timestamp="2016-01-30T16:23:57Z" user="AlexTies" uid="3579653" lat="46.4110421" lon="11.5754695"/>
 <node id="3978143641" visible="true" version="1" changeset="36900877" timestamp="2016-01-30T16:23:57Z" user="AlexTies" uid="3579653" lat="46.4110264" lon="11.5754507"/>
 <node id="3978143642" visible="true" version="1" changeset="36900877" timestamp="2016-01-30T16:23:57Z" user="AlexTies" uid="3579653" lat="46.4110587" lon="11.5753675"/>
 <node id="3978143643" visible="true" version="5" changeset="183790304" timestamp="2026-06-07T16:46:43Z" user="Marco Tamburini" uid="19653888" lat="46.4103208" lon="11.5758511"/>
 <node id="3978143645" visible="true" version="1" changeset="36900877" timestamp="2016-01-30T16:23:57Z" user="AlexTies" uid="3579653" lat="46.4110670" lon="11.5753897"/>
 <node id="3978143646" visible="true" version="2" changeset="108200136" timestamp="2021-07-18T16:53:36Z" user="MyMapMaker" uid="13698037" lat="46.4108467" lon="11.5755876"/>
 <node id="4176846778" visible="true" version="2" changeset="108200136" timestamp="2021-07-18T16:53:36Z" user="MyMapMaker" uid="13698037" lat="46.4111175" lon="11.5753476"/>
 <node id="4176846779" visible="true" version="2" changeset="137843839" timestamp="2023-06-27T16:42:00Z" user="Delli1951" uid="10524894" lat="46.4103874" lon="11.5758193"/>
 <node id="4306274048" visible="true" version="1" changeset="40783121" timestamp="2016-07-16T16:48:20Z" user="mbethke" uid="248338" lat="46.4084858" lon="11.5752951">
  <tag k="tourism" v="viewpoint"/>
 </node>
 <node id="4314893842" visible="true" version="2" changeset="93664973" timestamp="2020-11-06T12:45:46Z" user="Marcello Perathoner" uid="8199540" lat="46.4084933" lon="11.5736836"/>
 <node id="4314893843" visible="true" version="2" changeset="93664973" timestamp="2020-11-06T12:45:46Z" user="Marcello Perathoner" uid="8199540" lat="46.4084674" lon="11.5739599"/>
 <node id="4314893844" visible="true" version="2" changeset="93664973" timestamp="2020-11-06T12:45:46Z" user="Marcello Perathoner" uid="8199540" lat="46.4085839" lon="11.5745111"/>
 <node id="4314893846" visible="true" version="2" changeset="122685787" timestamp="2022-06-21T21:03:54Z" user="pikappa79" uid="330007" lat="46.4085552" lon="11.5753761"/>
 <node id="4314893847" visible="true" version="1" changeset="40932513" timestamp="2016-07-21T19:59:29Z" user="pikappa79" uid="330007" lat="46.4086736" lon="11.5760011"/>
 <node id="4314893851" visible="true" version="2" changeset="122685787" timestamp="2022-06-21T21:03:54Z" user="pikappa79" uid="330007" lat="46.4090083" lon="11.5761003"/>
 <node id="4314893852" visible="true" version="2" changeset="93664973" timestamp="2020-11-06T12:45:46Z" user="Marcello Perathoner" uid="8199540" lat="46.4091597" lon="11.5761958"/>
 <node id="4314893853" visible="true" version="1" changeset="40932513" timestamp="2016-07-21T19:59:29Z" user="pikappa79" uid="330007" lat="46.4092210" lon="11.5766931"/>
 <node id="4314893855" visible="true" version="1" changeset="40932513" timestamp="2016-07-21T19:59:29Z" user="pikappa79" uid="330007" lat="46.4093283" lon="11.5771329"/>
 <node id="4314893856" visible="true" version="1" changeset="40932513" timestamp="2016-07-21T19:59:29Z" user="pikappa79" uid="330007" lat="46.4094744" lon="11.5785156"/>
 <node id="4314893857" visible="true" version="1" changeset="40932513" timestamp="2016-07-21T19:59:29Z" user="pikappa79" uid="330007" lat="46.4094762" lon="11.5783842"/>
 <node id="4314893858" visible="true" version="1" changeset="40932513" timestamp="2016-07-21T19:59:29Z" user="pikappa79" uid="330007" lat="46.4096279" lon="11.5786498"/>
 <node id="4314893859" visible="true" version="1" changeset="40932513" timestamp="2016-07-21T19:59:29Z" user="pikappa79" uid="330007" lat="46.4096316" lon="11.5781321"/>
 <node id="4314893862" visible="true" version="1" changeset="40932513" timestamp="2016-07-21T19:59:29Z" user="pikappa79" uid="330007" lat="46.4099127" lon="11.5784540"/>
 <node id="4314893863" visible="true" version="1" changeset="40932513" timestamp="2016-07-21T19:59:29Z" user="pikappa79" uid="330007" lat="46.4099460" lon="11.5780033"/>
 <node id="4314893866" visible="true" version="1" changeset="40932513" timestamp="2016-07-21T19:59:29Z" user="pikappa79" uid="330007" lat="46.4101106" lon="11.5776600"/>
 <node id="4314893870" visible="true" version="1" changeset="40932513" timestamp="2016-07-21T19:59:29Z" user="pikappa79" uid="330007" lat="46.4101919" lon="11.5784030"/>
 <node id="4314893871" visible="true" version="1" changeset="40932513" timestamp="2016-07-21T19:59:29Z" user="pikappa79" uid="330007" lat="46.4102160" lon="11.5780677"/>
 <node id="4314893872" visible="true" version="1" changeset="40932513" timestamp="2016-07-21T19:59:29Z" user="pikappa79" uid="330007" lat="46.4102493" lon="11.5779041"/>
 <node id="4314893873" visible="true" version="1" changeset="40932513" timestamp="2016-07-21T19:59:29Z" user="pikappa79" uid="330007" lat="46.4102659" lon="11.5777780"/>
 <node id="4314893881" visible="true" version="4" changeset="134395359" timestamp="2023-04-01T21:08:17Z" user="pikappa79" uid="330007" lat="46.4113758" lon="11.5734697"/>
 <node id="4314893886" visible="true" version="1" changeset="40932513" timestamp="2016-07-21T19:59:29Z" user="pikappa79" uid="330007" lat="46.4120338" lon="11.5761244"/>
 <node id="4387855953" visible="true" version="2" changeset="93664294" timestamp="2020-11-06T12:31:18Z" user="Marcello Perathoner" uid="8199540" lat="46.4104735" lon="11.5764590"/>
 <node id="4387855954" visible="true" version="3" changeset="173842797" timestamp="2025-10-27T14:59:53Z" user="AlexTies" uid="3579653" lat="46.4104769" lon="11.5768467"/>
 <node id="4387855955" visible="true" version="3" changeset="137843839" timestamp="2023-06-27T16:42:00Z" user="Delli1951" uid="10524894" lat="46.4104890" lon="11.5760201"/>
 <node id="4693627430" visible="true" version="6" changeset="161098132" timestamp="2025-01-07T14:35:53Z" user="Marcello Perathoner" uid="8199540" lat="46.4102900" lon="11.5751320">
  <tag k="bus" v="yes"/>
  <tag k="direction" v="backward"/>
  <tag k="name" v="Karersee - Lago di Carezza"/>
  <tag k="name:de" v="Karersee"/>
  <tag k="name:it" v="Lago di Carezza"/>
  <tag k="public_transport" v="stop_position"/>
 </node>
 <node id="5122156924" visible="true" version="4" changeset="156062971" timestamp="2024-09-01T16:40:38Z" user="Aiman" uid="67550" lat="46.4084225" lon="11.5753104">
  <tag k="amenity" v="bench"/>
  <tag k="armrest" v="no"/>
  <tag k="backrest" v="yes"/>
  <tag k="colour" v="brown"/>
  <tag k="material" v="wood"/>
 </node>
 <node id="5122172022" visible="true" version="4" changeset="156062971" timestamp="2024-09-01T16:40:38Z" user="Aiman" uid="67550" lat="46.4084497" lon="11.5729726">
  <tag k="amenity" v="bench"/>
  <tag k="armrest" v="no"/>
  <tag k="backrest" v="yes"/>
  <tag k="colour" v="brown"/>
  <tag k="material" v="wood"/>
 </node>
 <node id="5122172121" visible="true" version="4" changeset="156062971" timestamp="2024-09-01T16:40:38Z" user="Aiman" uid="67550" lat="46.4084219" lon="11.5753937">
  <tag k="amenity" v="bench"/>
  <tag k="armrest" v="no"/>
  <tag k="backrest" v="yes"/>
  <tag k="colour" v="brown"/>
  <tag k="material" v="wood"/>
 </node>
 <node id="5545148042" visible="true" version="2" changeset="114981938" timestamp="2021-12-15T23:00:28Z" user="luschi" uid="1714220" lat="46.4104834" lon="11.5710051"/>
 <node id="5664549968" visible="true" version="2" changeset="122518242" timestamp="2022-06-17T17:30:27Z" user="bollyboll" uid="12120321" lat="46.4112110" lon="11.5755665">
  <tag k="emergency" v="fire_hydrant"/>
  <tag k="fire_hydrant:position" v="green"/>
  <tag k="fire_hydrant:type" v="pillar"/>
 </node>
 <node id="5784853078" visible="true" version="2" changeset="93664973" timestamp="2020-11-06T12:45:46Z" user="Marcello Perathoner" uid="8199540" lat="46.4101171" lon="11.5753406"/>
 <node id="5784853079" visible="true" version="2" changeset="93664973" timestamp="2020-11-06T12:45:46Z" user="Marcello Perathoner" uid="8199540" lat="46.4102035" lon="11.5755444"/>
 <node id="5784853080" visible="true" version="2" changeset="93664973" timestamp="2020-11-06T12:45:46Z" user="Marcello Perathoner" uid="8199540" lat="46.4101688" lon="11.5767392"/>
 <node id="5784853081" visible="true" version="2" changeset="93664973" timestamp="2020-11-06T12:45:46Z" user="Marcello Perathoner" uid="8199540" lat="46.4099164" lon="11.5768305"/>
 <node id="5784853082" visible="true" version="2" changeset="93664973" timestamp="2020-11-06T12:45:46Z" user="Marcello Perathoner" uid="8199540" lat="46.4096552" lon="11.5771296"/>
 <node id="5784853083" visible="true" version="3" changeset="137843839" timestamp="2023-06-27T16:42:00Z" user="Delli1951" uid="10524894" lat="46.4091377" lon="11.5762378"/>
 <node id="5784853086" visible="true" version="2" changeset="93664973" timestamp="2020-11-06T12:45:46Z" user="Marcello Perathoner" uid="8199540" lat="46.4088769" lon="11.5761961"/>
 <node id="5784853087" visible="true" version="3" changeset="173085642" timestamp="2025-10-10T09:53:56Z" user="AlexTies" uid="3579653" lat="46.4085003" lon="11.5757457"/>
 <node id="5784853090" visible="true" version="3" changeset="173085642" timestamp="2025-10-10T09:53:56Z" user="AlexTies" uid="3579653" lat="46.4080494" lon="11.5739933"/>
 <node id="5784853091" visible="true" version="3" changeset="173085642" timestamp="2025-10-10T09:53:56Z" user="AlexTies" uid="3579653" lat="46.4083731" lon="11.5731218"/>
 <node id="5784853092" visible="true" version="2" changeset="93664973" timestamp="2020-11-06T12:45:46Z" user="Marcello Perathoner" uid="8199540" lat="46.4091364" lon="11.5733946"/>
 <node id="5784853093" visible="true" version="2" changeset="93664973" timestamp="2020-11-06T12:45:46Z" user="Marcello Perathoner" uid="8199540" lat="46.4092155" lon="11.5736179"/>
 <node id="5784853094" visible="true" version="2" changeset="93664973" timestamp="2020-11-06T12:45:46Z" user="Marcello Perathoner" uid="8199540" lat="46.4093232" lon="11.5738338"/>
 <node id="5784853095" visible="true" version="2" changeset="93664973" timestamp="2020-11-06T12:45:46Z" user="Marcello Perathoner" uid="8199540" lat="46.4095632" lon="11.5740605"/>
 <node id="5784853096" visible="true" version="2" changeset="93664973" timestamp="2020-11-06T12:45:46Z" user="Marcello Perathoner" uid="8199540" lat="46.4099650" lon="11.5748256"/>
 <node id="5784853097" visible="true" version="2" changeset="93664973" timestamp="2020-11-06T12:45:46Z" user="Marcello Perathoner" uid="8199540" lat="46.4100750" lon="11.5751669"/>
 <node id="6838319829" visible="true" version="2" changeset="183790304" timestamp="2026-06-07T16:46:43Z" user="Marco Tamburini" uid="19653888" lat="46.4035120" lon="11.5745422"/>
 <node id="6838319830" visible="true" version="2" changeset="166107132" timestamp="2025-05-11T12:48:08Z" user="pikappa79" uid="330007" lat="46.4031367" lon="11.5744427"/>
 <node id="7468241992" visible="true" version="3" changeset="158218468" timestamp="2024-10-22T15:55:46Z" user="Mannivu" uid="1950277" lat="46.4109420" lon="11.5756290">
  <tag k="amenity" v="drinking_water"/>
  <tag k="bottle" v="yes"/>
  <tag k="description:de" v="WC beim Servicezentrum Karersee"/>
  <tag k="description:it" v="bagno nel centro servizi al Lago di Carezza"/>
  <tag k="drinking_water" v="yes"/>
  <tag k="ele" v="1550"/>
  <tag k="fee" v="no"/>
  <tag k="image" v="https://www.refill.bz.it/images/sitemap/karersee.jpg"/>
  <tag k="indoor" v="yes"/>
  <tag k="operator" v="Agentur Landesdomäne"/>
  <tag k="seasonal" v="spring;summer;autumn"/>
  <tag k="source" v="Refill Südtirol / Alto Adige"/>
  <tag k="source:date" v="2020-04-30"/>
  <tag k="wheelchair" v="yes"/>
 </node>
 <node id="8088134312" visible="true" version="1" changeset="93664294" timestamp="2020-11-06T12:31:18Z" user="Marcello Perathoner" uid="8199540" lat="46.4092326" lon="11.5734590"/>
 <node id="8088134313" visible="true" version="1" changeset="93664294" timestamp="2020-11-06T12:31:18Z" user="Marcello Perathoner" uid="8199540" lat="46.4096501" lon="11.5739780"/>
 <node id="8088134314" visible="true" version="2" changeset="137843839" timestamp="2023-06-27T16:42:00Z" user="Delli1951" uid="10524894" lat="46.4100825" lon="11.5746405"/>
 <node id="8088134315" visible="true" version="1" changeset="93664294" timestamp="2020-11-06T12:31:18Z" user="Marcello Perathoner" uid="8199540" lat="46.4104111" lon="11.5754123"/>
 <node id="8088134316" visible="true" version="2" changeset="173842797" timestamp="2025-10-27T14:59:53Z" user="AlexTies" uid="3579653" lat="46.4101985" lon="11.5776265"/>
 <node id="8088181716" visible="true" version="2" changeset="173085642" timestamp="2025-10-10T09:53:56Z" user="AlexTies" uid="3579653" lat="46.4089400" lon="11.5769084"/>
 <node id="8088199117" visible="true" version="3" changeset="176087514" timestamp="2025-12-18T10:20:15Z" user="AlexTies" uid="3579653" lat="46.4087832" lon="11.5728948"/>
 <node id="8088199118" visible="true" version="2" changeset="173085642" timestamp="2025-10-10T09:53:56Z" user="AlexTies" uid="3579653" lat="46.4085255" lon="11.5730106"/>
 <node id="8088199119" visible="true" version="1" changeset="93664973" timestamp="2020-11-06T12:45:46Z" user="Marcello Perathoner" uid="8199540" lat="46.4084850" lon="11.5752514"/>
 <node id="8088199120" visible="true" version="1" changeset="93664973" timestamp="2020-11-06T12:45:46Z" user="Marcello Perathoner" uid="8199540" lat="46.4084854" lon="11.5754854"/>
 <node id="8088199121" visible="true" version="3" changeset="137843839" timestamp="2023-06-27T16:42:00Z" user="Delli1951" uid="10524894" lat="46.4091176" lon="11.5729869"/>
 <node id="8088199122" visible="true" version="1" changeset="93664973" timestamp="2020-11-06T12:45:46Z" user="Marcello Perathoner" uid="8199540" lat="46.4102098" lon="11.5757087"/>
 <node id="8088199123" visible="true" version="1" changeset="93664973" timestamp="2020-11-06T12:45:46Z" user="Marcello Perathoner" uid="8199540" lat="46.4101016" lon="11.5760721"/>
 <node id="8088199124" visible="true" version="1" changeset="93664973" timestamp="2020-11-06T12:45:46Z" user="Marcello Perathoner" uid="8199540" lat="46.4102969" lon="11.5759823"/>
 <node id="8088199125" visible="true" version="2" changeset="137843839" timestamp="2023-06-27T16:42:00Z" user="Delli1951" uid="10524894" lat="46.4102714" lon="11.5761399"/>
 <node id="8088199126" visible="true" version="2" changeset="137843839" timestamp="2023-06-27T16:42:00Z" user="Delli1951" uid="10524894" lat="46.4102411" lon="11.5763893"/>
 <node id="8088199127" visible="true" version="1" changeset="93664973" timestamp="2020-11-06T12:45:46Z" user="Marcello Perathoner" uid="8199540" lat="46.4102169" lon="11.5766260"/>
 <node id="8088199128" visible="true" version="1" changeset="93664973" timestamp="2020-11-06T12:45:46Z" user="Marcello Perathoner" uid="8199540" lat="46.4097911" lon="11.5769465"/>
 <node id="8088199129" visible="true" version="1" changeset="93664973" timestamp="2020-11-06T12:45:46Z" user="Marcello Perathoner" uid="8199540" lat="46.4101490" lon="11.5757744"/>
 <node id="8088199130" visible="true" version="2" changeset="173085642" timestamp="2025-10-10T09:53:56Z" user="AlexTies" uid="3579653" lat="46.4101996" lon="11.5758296"/>
 <node id="8088199131" visible="true" version="1" changeset="93664973" timestamp="2020-11-06T12:45:46Z" user="Marcello Perathoner" uid="8199540" lat="46.4090930" lon="11.5731529"/>
 <node id="8088199132" visible="true" version="2" changeset="137843839" timestamp="2023-06-27T16:42:00Z" user="Delli1951" uid="10524894" lat="46.4097273" lon="11.5743409"/>
 <node id="8088199133" visible="true" version="1" changeset="93664973" timestamp="2020-11-06T12:45:46Z" user="Marcello Perathoner" uid="8199540" lat="46.4096284" lon="11.5742187"/>
 <node id="8088199134" visible="true" version="2" changeset="137843839" timestamp="2023-06-27T16:42:00Z" user="Delli1951" uid="10524894" lat="46.4097778" lon="11.5744894"/>
 <node id="8088199135" visible="true" version="3" changeset="108691237" timestamp="2021-07-27T13:06:14Z" user="Aldeyde" uid="10127559" lat="46.4101547" lon="11.5758276">
  <tag k="direction" v="200"/>
  <tag k="tourism" v="viewpoint"/>
 </node>
 <node id="8088199136" visible="true" version="2" changeset="137843839" timestamp="2023-06-27T16:42:00Z" user="Delli1951" uid="10524894" lat="46.4091500" lon="11.5733842"/>
 <node id="8088199137" visible="true" version="2" changeset="137843839" timestamp="2023-06-27T16:42:00Z" user="Delli1951" uid="10524894" lat="46.4096382" lon="11.5742125"/>
 <node id="8088199138" visible="true" version="2" changeset="137843839" timestamp="2023-06-27T16:42:00Z" user="Delli1951" uid="10524894" lat="46.4097999" lon="11.5769729"/>
 <node id="8088199139" visible="true" version="1" changeset="93664973" timestamp="2020-11-06T12:45:46Z" user="Marcello Perathoner" uid="8199540" lat="46.4102294" lon="11.5766334"/>
 <node id="8223284587" visible="true" version="1" changeset="95740790" timestamp="2020-12-13T00:02:30Z" user="Marcello Perathoner" uid="8199540" lat="46.4107542" lon="11.5755209"/>
 <node id="8223284588" visible="true" version="2" changeset="137843839" timestamp="2023-06-27T16:42:00Z" user="Delli1951" uid="10524894" lat="46.4105016" lon="11.5755777"/>
 <node id="8223284589" visible="true" version="1" changeset="95740790" timestamp="2020-12-13T00:02:30Z" user="Marcello Perathoner" uid="8199540" lat="46.4081891" lon="11.5752420"/>
 <node id="8223284590" visible="true" version="2" changeset="137843839" timestamp="2023-06-27T16:42:00Z" user="Delli1951" uid="10524894" lat="46.4082921" lon="11.5754159"/>
 <node id="8223284591" visible="true" version="1" changeset="95740790" timestamp="2020-12-13T00:02:30Z" user="Marcello Perathoner" uid="8199540" lat="46.4086889" lon="11.5727026"/>
 <node id="8223284593" visible="true" version="1" changeset="95740790" timestamp="2020-12-13T00:02:30Z" user="Marcello Perathoner" uid="8199540" lat="46.4076315" lon="11.5735079"/>
 <node id="8223284594" visible="true" version="1" changeset="95740790" timestamp="2020-12-13T00:02:30Z" user="Marcello Perathoner" uid="8199540" lat="46.4076585" lon="11.5737979"/>
 <node id="8223284595" visible="true" version="1" changeset="95740790" timestamp="2020-12-13T00:02:30Z" user="Marcello Perathoner" uid="8199540" lat="46.4074250" lon="11.5744437"/>
 <node id="8223284596" visible="true" version="1" changeset="95740790" timestamp="2020-12-13T00:02:30Z" user="Marcello Perathoner" uid="8199540" lat="46.4075993" lon="11.5741688"/>
 <node id="8223284597" visible="true" version="1" changeset="95740790" timestamp="2020-12-13T00:02:30Z" user="Marcello Perathoner" uid="8199540" lat="46.4075566" lon="11.5742797"/>
 <node id="8223284598" visible="true" version="1" changeset="95740790" timestamp="2020-12-13T00:02:30Z" user="Marcello Perathoner" uid="8199540" lat="46.4074502" lon="11.5748356"/>
 <node id="8223284599" visible="true" version="2" changeset="137843839" timestamp="2023-06-27T16:42:00Z" user="Delli1951" uid="10524894" lat="46.4071524" lon="11.5754568"/>
 <node id="8223284600" visible="true" version="1" changeset="95740790" timestamp="2020-12-13T00:02:30Z" user="Marcello Perathoner" uid="8199540" lat="46.4074502" lon="11.5747552"/>
 <node id="8223284601" visible="true" version="1" changeset="95740790" timestamp="2020-12-13T00:02:30Z" user="Marcello Perathoner" uid="8199540" lat="46.4074160" lon="11.5745017"/>
 <node id="8223284602" visible="true" version="1" changeset="95740790" timestamp="2020-12-13T00:02:30Z" user="Marcello Perathoner" uid="8199540" lat="46.4075825" lon="11.5742348"/>
 <node id="8223284603" visible="true" version="1" changeset="95740790" timestamp="2020-12-13T00:02:30Z" user="Marcello Perathoner" uid="8199540" lat="46.4076511" lon="11.5738814"/>
 <node id="8223284604" visible="true" version="1" changeset="95740790" timestamp="2020-12-13T00:02:30Z" user="Marcello Perathoner" uid="8199540" lat="46.4076814" lon="11.5733470"/>
 <node id="8223284605" visible="true" version="1" changeset="95740790" timestamp="2020-12-13T00:02:30Z" user="Marcello Perathoner" uid="8199540" lat="46.4081845" lon="11.5728830"/>
 <node id="8223284606" visible="true" version="1" changeset="95740790" timestamp="2020-12-13T00:02:30Z" user="Marcello Perathoner" uid="8199540" lat="46.4083296" lon="11.5727355"/>
 <node id="8223284607" visible="true" version="1" changeset="95740790" timestamp="2020-12-13T00:02:30Z" user="Marcello Perathoner" uid="8199540" lat="46.4083648" lon="11.5727710"/>
 <node id="8223284608" visible="true" version="2" changeset="137843839" timestamp="2023-06-27T16:42:00Z" user="Delli1951" uid="10524894" lat="46.4085298" lon="11.5726724"/>
 <node id="8223284609" visible="true" version="1" changeset="95740790" timestamp="2020-12-13T00:02:30Z" user="Marcello Perathoner" uid="8199540" lat="46.4087656" lon="11.5727220"/>
 <node id="8223284610" visible="true" version="1" changeset="95740790" timestamp="2020-12-13T00:02:30Z" user="Marcello Perathoner" uid="8199540" lat="46.4088877" lon="11.5727381"/>
 <node id="8223284611" visible="true" version="2" changeset="137843839" timestamp="2023-06-27T16:42:00Z" user="Delli1951" uid="10524894" lat="46.4091926" lon="11.5726650"/>
 <node id="8223284612" visible="true" version="2" changeset="137843839" timestamp="2023-06-27T16:42:00Z" user="Delli1951" uid="10524894" lat="46.4091153" lon="11.5731488"/>
 <node id="8230898717" visible="true" version="1" changeset="95871645" timestamp="2020-12-15T11:13:01Z" user="Marcello Perathoner" uid="8199540" lat="46.4068732" lon="11.5761513"/>
 <node id="8230898718" visible="true" version="1" changeset="95871645" timestamp="2020-12-15T11:13:01Z" user="Marcello Perathoner" uid="8199540" lat="46.4074715" lon="11.5761124"/>
 <node id="8230898719" visible="true" version="1" changeset="95871645" timestamp="2020-12-15T11:13:01Z" user="Marcello Perathoner" uid="8199540" lat="46.4069668" lon="11.5758653"/>
 <node id="8230898720" visible="true" version="1" changeset="95871645" timestamp="2020-12-15T11:13:01Z" user="Marcello Perathoner" uid="8199540" lat="46.4114278" lon="11.5783761"/>
 <node id="8230898721" visible="true" version="1" changeset="95871645" timestamp="2020-12-15T11:13:01Z" user="Marcello Perathoner" uid="8199540" lat="46.4112891" lon="11.5779798"/>
 <node id="8230898722" visible="true" version="1" changeset="95871645" timestamp="2020-12-15T11:13:01Z" user="Marcello Perathoner" uid="8199540" lat="46.4113887" lon="11.5784657"/>
 <node id="8230898723" visible="true" version="1" changeset="95871645" timestamp="2020-12-15T11:13:01Z" user="Marcello Perathoner" uid="8199540" lat="46.4114354" lon="11.5781170"/>
 <node id="8241324257" visible="true" version="2" changeset="183790304" timestamp="2026-06-07T16:46:43Z" user="Marco Tamburini" uid="19653888" lat="46.4070979" lon="11.5787316"/>
 <node id="8241324258" visible="true" version="2" changeset="183790304" timestamp="2026-06-07T16:46:43Z" user="Marco Tamburini" uid="19653888" lat="46.4072080" lon="11.5795308"/>
 <node id="8241324259" visible="true" version="1" changeset="96088821" timestamp="2020-12-18T20:02:10Z" user="user_8722718" uid="8722718" lat="46.4072052" lon="11.5793833"/>
 <node id="8241324260" visible="true" version="1" changeset="96088821" timestamp="2020-12-18T20:02:10Z" user="user_8722718" uid="8722718" lat="46.4072625" lon="11.5792412"/>
 <node id="8241324261" visible="true" version="1" changeset="96088821" timestamp="2020-12-18T20:02:10Z" user="user_8722718" uid="8722718" lat="46.4072588" lon="11.5789971"/>
 <node id="8241324262" visible="true" version="2" changeset="183790304" timestamp="2026-06-07T16:46:43Z" user="Marco Tamburini" uid="19653888" lat="46.4072329" lon="11.5789448"/>
 <node id="8241324263" visible="true" version="2" changeset="183790304" timestamp="2026-06-07T16:46:43Z" user="Marco Tamburini" uid="19653888" lat="46.4071257" lon="11.5788522"/>
 <node id="8773559008" visible="true" version="1" changeset="105446795" timestamp="2021-05-27T19:40:38Z" user="osmmichl" uid="6136738" lat="46.4073755" lon="11.5739832"/>
 <node id="8773559009" visible="true" version="1" changeset="105446795" timestamp="2021-05-27T19:40:38Z" user="osmmichl" uid="6136738" lat="46.4071832" lon="11.5738008"/>
 <node id="8773559010" visible="true" version="1" changeset="105446795" timestamp="2021-05-27T19:40:38Z" user="osmmichl" uid="6136738" lat="46.4068947" lon="11.5742353"/>
 <node id="8773559011" visible="true" version="1" changeset="105446795" timestamp="2021-05-27T19:40:38Z" user="osmmichl" uid="6136738" lat="46.4071906" lon="11.5751526"/>
 <node id="8773559012" visible="true" version="1" changeset="105446795" timestamp="2021-05-27T19:40:38Z" user="osmmichl" uid="6136738" lat="46.4071869" lon="11.5755067"/>
 <node id="8773559013" visible="true" version="1" changeset="105446795" timestamp="2021-05-27T19:40:38Z" user="osmmichl" uid="6136738" lat="46.4072498" lon="11.5759573"/>
 <node id="8773559014" visible="true" version="1" changeset="105446795" timestamp="2021-05-27T19:40:38Z" user="osmmichl" uid="6136738" lat="46.4070537" lon="11.5762684"/>
 <node id="8773559015" visible="true" version="1" changeset="105446795" timestamp="2021-05-27T19:40:38Z" user="osmmichl" uid="6136738" lat="46.4070278" lon="11.5766493"/>
 <node id="8773559016" visible="true" version="1" changeset="105446795" timestamp="2021-05-27T19:40:38Z" user="osmmichl" uid="6136738" lat="46.4074606" lon="11.5764723"/>
 <node id="8773578317" visible="true" version="1" changeset="105446795" timestamp="2021-05-27T19:40:38Z" user="osmmichl" uid="6136738" lat="46.4077676" lon="11.5764508"/>
 <node id="8773578318" visible="true" version="1" changeset="105446795" timestamp="2021-05-27T19:40:38Z" user="osmmichl" uid="6136738" lat="46.4077824" lon="11.5761719"/>
 <node id="8773578319" visible="true" version="1" changeset="105446795" timestamp="2021-05-27T19:40:38Z" user="osmmichl" uid="6136738" lat="46.4076529" lon="11.5759627"/>
 <node id="8773578320" visible="true" version="1" changeset="105446795" timestamp="2021-05-27T19:40:38Z" user="osmmichl" uid="6136738" lat="46.4075827" lon="11.5757427"/>
 <node id="8773578321" visible="true" version="1" changeset="105446795" timestamp="2021-05-27T19:40:38Z" user="osmmichl" uid="6136738" lat="46.4073459" lon="11.5753082"/>
 <node id="8773578322" visible="true" version="1" changeset="105446795" timestamp="2021-05-27T19:40:38Z" user="osmmichl" uid="6136738" lat="46.4074939" lon="11.5750024"/>
 <node id="8773578323" visible="true" version="1" changeset="105446795" timestamp="2021-05-27T19:40:38Z" user="osmmichl" uid="6136738" lat="46.4075235" lon="11.5745304"/>
 <node id="8930875383" visible="true" version="1" changeset="108200136" timestamp="2021-07-18T16:53:36Z" user="MyMapMaker" uid="13698037" lat="46.4111055" lon="11.5753952"/>
 <node id="8930875384" visible="true" version="1" changeset="108200136" timestamp="2021-07-18T16:53:36Z" user="MyMapMaker" uid="13698037" lat="46.4108804" lon="11.5757221"/>
 <node id="8930875385" visible="true" version="2" changeset="158125742" timestamp="2024-10-20T12:14:27Z" user="AlexTies" uid="3579653" lat="46.4111728" lon="11.5753376"/>
 <node id="8930875386" visible="true" version="2" changeset="114981916" timestamp="2021-12-15T22:58:22Z" user="luschi" uid="1714220" lat="46.4124360" lon="11.5754957"/>
 <node id="8930875387" visible="true" version="2" changeset="166107132" timestamp="2025-05-11T12:48:08Z" user="pikappa79" uid="330007" lat="46.4121574" lon="11.5759863"/>
 <node id="8930875401" visible="true" version="2" changeset="158125742" timestamp="2024-10-20T12:14:27Z" user="AlexTies" uid="3579653" lat="46.4111324" lon="11.5749765"/>
 <node id="8930875402" visible="true" version="2" changeset="158125742" timestamp="2024-10-20T12:14:27Z" user="AlexTies" uid="3579653" lat="46.4110671" lon="11.5752067"/>
 <node id="8930875403" visible="true" version="1" changeset="108200136" timestamp="2021-07-18T16:53:36Z" user="MyMapMaker" uid="13698037" lat="46.4112722" lon="11.5751468"/>
 <node id="8930938918" visible="true" version="2" changeset="108691237" timestamp="2021-07-27T13:06:14Z" user="Aldeyde" uid="10127559" lat="46.4106515" lon="11.5758432"/>
 <node id="8954145336" visible="true" version="1" changeset="108691237" timestamp="2021-07-27T13:06:14Z" user="Aldeyde" uid="10127559" lat="46.4106579" lon="11.5758118"/>
 <node id="8954145337" visible="true" version="1" changeset="108691237" timestamp="2021-07-27T13:06:14Z" user="Aldeyde" uid="10127559" lat="46.4106346" lon="11.5758886"/>
 <node id="8954145338" visible="true" version="2" changeset="137843839" timestamp="2023-06-27T16:42:00Z" user="Delli1951" uid="10524894" lat="46.4101514" lon="11.5757925"/>
 <node id="8954145339" visible="true" version="2" changeset="137843839" timestamp="2023-06-27T16:42:00Z" user="Delli1951" uid="10524894" lat="46.4101885" lon="11.5758319"/>
 <node id="8954145340" visible="true" version="2" changeset="137843839" timestamp="2023-06-27T16:42:00Z" user="Delli1951" uid="10524894" lat="46.4101790" lon="11.5760256"/>
 <node id="8954145341" visible="true" version="2" changeset="137843839" timestamp="2023-06-27T16:42:00Z" user="Delli1951" uid="10524894" lat="46.4101080" lon="11.5760614"/>
 <node id="8954145342" visible="true" version="1" changeset="108691237" timestamp="2021-07-27T13:06:14Z" user="Aldeyde" uid="10127559" lat="46.4101246" lon="11.5760242">
  <tag k="direction" v="180"/>
  <tag k="tourism" v="viewpoint"/>
 </node>
 <node id="9342144444" visible="true" version="2" changeset="166107132" timestamp="2025-05-11T12:48:08Z" user="pikappa79" uid="330007" lat="46.4117119" lon="11.5722723"/>
 <node id="9342144445" visible="true" version="2" changeset="122685787" timestamp="2022-06-21T21:03:54Z" user="pikappa79" uid="330007" lat="46.4116737" lon="11.5731097"/>
 <node id="9342144457" visible="true" version="1" changeset="114981916" timestamp="2021-12-15T22:58:22Z" user="luschi" uid="1714220" lat="46.4121606" lon="11.5749138"/>
 <node id="9342144458" visible="true" version="1" changeset="114981916" timestamp="2021-12-15T22:58:22Z" user="luschi" uid="1714220" lat="46.4124280" lon="11.5750081"/>
 <node id="9342144459" visible="true" version="1" changeset="114981916" timestamp="2021-12-15T22:58:22Z" user="luschi" uid="1714220" lat="46.4124685" lon="11.5757251"/>
 <node id="9401862965" visible="true" version="1" changeset="115900895" timestamp="2022-01-08T08:20:35Z" user="Linie29" uid="1864709" lat="46.4095041" lon="11.5721173"/>
 <node id="9401862966" visible="true" version="1" changeset="115900895" timestamp="2022-01-08T08:20:35Z" user="Linie29" uid="1864709" lat="46.4096649" lon="11.5717689"/>
 <node id="9401926464" visible="true" version="2" changeset="173842797" timestamp="2025-10-27T14:59:53Z" user="AlexTies" uid="3579653" lat="46.4098216" lon="11.5781870"/>
 <node id="9401926465" visible="true" version="1" changeset="115900895" timestamp="2022-01-08T08:20:35Z" user="Linie29" uid="1864709" lat="46.4096400" lon="11.5782473"/>
 <node id="9401926466" visible="true" version="1" changeset="115900895" timestamp="2022-01-08T08:20:35Z" user="Linie29" uid="1864709" lat="46.4095301" lon="11.5784338"/>
 <node id="9401926467" visible="true" version="1" changeset="115900895" timestamp="2022-01-08T08:20:35Z" user="Linie29" uid="1864709" lat="46.4096291" lon="11.5785389"/>
 <node id="9401926468" visible="true" version="1" changeset="115900895" timestamp="2022-01-08T08:20:35Z" user="Linie29" uid="1864709" lat="46.4098809" lon="11.5783930"/>
 <node id="9824861712" visible="true" version="4" changeset="183790304" timestamp="2026-06-07T16:46:43Z" user="Marco Tamburini" uid="19653888" lat="46.4099935" lon="11.5748328">
  <tag k="amenity" v="bench"/>
  <tag k="armrest" v="no"/>
  <tag k="backrest" v="no"/>
  <tag k="colour" v="brown"/>
  <tag k="material" v="wood"/>
 </node>
 <node id="9824861713" visible="true" version="4" changeset="183790304" timestamp="2026-06-07T16:46:43Z" user="Marco Tamburini" uid="19653888" lat="46.4098944" lon="11.5746339">
  <tag k="amenity" v="bench"/>
  <tag k="armrest" v="no"/>
  <tag k="backrest" v="yes"/>
  <tag k="colour" v="brown"/>
  <tag k="material" v="wood"/>
 </node>
 <node id="9825394094" visible="true" version="5" changeset="156062971" timestamp="2024-09-01T16:40:38Z" user="Aiman" uid="67550" lat="46.4101296" lon="11.5752544">
  <tag k="amenity" v="bench"/>
  <tag k="armrest" v="no"/>
  <tag k="backrest" v="yes"/>
  <tag k="colour" v="brown"/>
  <tag k="fixme" v="check exact position"/>
  <tag k="material" v="wood"/>
 </node>
 <node id="9837273113" visible="true" version="1" changeset="122685787" timestamp="2022-06-21T21:03:36Z" user="pikappa79" uid="330007" lat="46.4115050" lon="11.5715003"/>
 <node id="9837273114" visible="true" version="1" changeset="122685787" timestamp="2022-06-21T21:03:36Z" user="pikappa79" uid="330007" lat="46.4113182" lon="11.5715593"/>
 <node id="9837273115" visible="true" version="1" changeset="122685787" timestamp="2022-06-21T21:03:36Z" user="pikappa79" uid="330007" lat="46.4117140" lon="11.5714118"/>
 <node id="9837273116" visible="true" version="1" changeset="122685787" timestamp="2022-06-21T21:03:36Z" user="pikappa79" uid="330007" lat="46.4121412" lon="11.5715888"/>
 <node id="9837273117" visible="true" version="1" changeset="122685787" timestamp="2022-06-21T21:03:36Z" user="pikappa79" uid="330007" lat="46.4119155" lon="11.5715110"/>
 <node id="9837273118" visible="true" version="1" changeset="122685787" timestamp="2022-06-21T21:03:36Z" user="pikappa79" uid="330007" lat="46.4124907" lon="11.5712991"/>
 <node id="9837273119" visible="true" version="1" changeset="122685787" timestamp="2022-06-21T21:03:36Z" user="pikappa79" uid="330007" lat="46.4123187" lon="11.5715030"/>
 <node id="9837273120" visible="true" version="1" changeset="122685787" timestamp="2022-06-21T21:03:36Z" user="pikappa79" uid="330007" lat="46.4127440" lon="11.5708941"/>
 <node id="9837273121" visible="true" version="1" changeset="122685787" timestamp="2022-06-21T21:03:36Z" user="pikappa79" uid="330007" lat="46.4130288" lon="11.5709156"/>
 <node id="9837273122" visible="true" version="1" changeset="122685787" timestamp="2022-06-21T21:03:36Z" user="pikappa79" uid="330007" lat="46.4131768" lon="11.5708539"/>
 <node id="9837273123" visible="true" version="1" changeset="122685787" timestamp="2022-06-21T21:03:36Z" user="pikappa79" uid="330007" lat="46.4132285" lon="11.5707171"/>
 <node id="9837273124" visible="true" version="1" changeset="122685787" timestamp="2022-06-21T21:03:36Z" user="pikappa79" uid="330007" lat="46.4131065" lon="11.5709236"/>
 <node id="9837273125" visible="true" version="1" changeset="122685787" timestamp="2022-06-21T21:03:36Z" user="pikappa79" uid="330007" lat="46.4128587" lon="11.5708244"/>
 <node id="9837273126" visible="true" version="1" changeset="122685787" timestamp="2022-06-21T21:03:36Z" user="pikappa79" uid="330007" lat="46.4126294" lon="11.5710175"/>
 <node id="9837275788" visible="true" version="1" changeset="122685787" timestamp="2022-06-21T21:03:41Z" user="pikappa79" uid="330007" lat="46.4163962" lon="11.5687564"/>
 <node id="9837275789" visible="true" version="1" changeset="122685787" timestamp="2022-06-21T21:03:41Z" user="pikappa79" uid="330007" lat="46.4163796" lon="11.5686491"/>
 <node id="9837275790" visible="true" version="1" changeset="122685787" timestamp="2022-06-21T21:03:41Z" user="pikappa79" uid="330007" lat="46.4163740" lon="11.5685096"/>
 <node id="9837275791" visible="true" version="1" changeset="122685787" timestamp="2022-06-21T21:03:41Z" user="pikappa79" uid="330007" lat="46.4164276" lon="11.5683031"/>
 <node id="9837275792" visible="true" version="1" changeset="122685787" timestamp="2022-06-21T21:03:41Z" user="pikappa79" uid="330007" lat="46.4165756" lon="11.5680242"/>
 <node id="9837275793" visible="true" version="1" changeset="122685787" timestamp="2022-06-21T21:03:41Z" user="pikappa79" uid="330007" lat="46.4167087" lon="11.5677533"/>
 <node id="9837275794" visible="true" version="1" changeset="122685787" timestamp="2022-06-21T21:03:41Z" user="pikappa79" uid="330007" lat="46.4168030" lon="11.5675306"/>
 <node id="9837275795" visible="true" version="1" changeset="122685787" timestamp="2022-06-21T21:03:41Z" user="pikappa79" uid="330007" lat="46.4169232" lon="11.5669513"/>
 <node id="9837275796" visible="true" version="1" changeset="122685787" timestamp="2022-06-21T21:03:41Z" user="pikappa79" uid="330007" lat="46.4168342" lon="11.5667762"/>
 <node id="9837275797" visible="true" version="1" changeset="122685787" timestamp="2022-06-21T21:03:41Z" user="pikappa79" uid="330007" lat="46.4166865" lon="11.5668735"/>
 <node id="9837275798" visible="true" version="1" changeset="122685787" timestamp="2022-06-21T21:03:41Z" user="pikappa79" uid="330007" lat="46.4167013" lon="11.5665677"/>
 <node id="9837275799" visible="true" version="1" changeset="122685787" timestamp="2022-06-21T21:03:41Z" user="pikappa79" uid="330007" lat="46.4168585" lon="11.5663585"/>
 <node id="9837275800" visible="true" version="1" changeset="122685787" timestamp="2022-06-21T21:03:41Z" user="pikappa79" uid="330007" lat="46.4170046" lon="11.5661010"/>
 <node id="9837275801" visible="true" version="1" changeset="122685787" timestamp="2022-06-21T21:03:41Z" user="pikappa79" uid="330007" lat="46.4170027" lon="11.5658703"/>
 <node id="9837275802" visible="true" version="1" changeset="122685787" timestamp="2022-06-21T21:03:41Z" user="pikappa79" uid="330007" lat="46.4170601" lon="11.5656021"/>
 <node id="9837275803" visible="true" version="1" changeset="122685787" timestamp="2022-06-21T21:03:41Z" user="pikappa79" uid="330007" lat="46.4169657" lon="11.5654922"/>
 <node id="9837275804" visible="true" version="1" changeset="122685787" timestamp="2022-06-21T21:03:41Z" user="pikappa79" uid="330007" lat="46.4168751" lon="11.5658677"/>
 <node id="9837275805" visible="true" version="1" changeset="122685787" timestamp="2022-06-21T21:03:41Z" user="pikappa79" uid="330007" lat="46.4166902" lon="11.5662110"/>
 <node id="9837275806" visible="true" version="1" changeset="122685787" timestamp="2022-06-21T21:03:41Z" user="pikappa79" uid="330007" lat="46.4165497" lon="11.5661815"/>
 <node id="9837275807" visible="true" version="1" changeset="122685787" timestamp="2022-06-21T21:03:41Z" user="pikappa79" uid="330007" lat="46.4164702" lon="11.5660849"/>
 <node id="9837275808" visible="true" version="1" changeset="122685787" timestamp="2022-06-21T21:03:41Z" user="pikappa79" uid="330007" lat="46.4163130" lon="11.5660876"/>
 <node id="9837275809" visible="true" version="1" changeset="122685787" timestamp="2022-06-21T21:03:41Z" user="pikappa79" uid="330007" lat="46.4162215" lon="11.5661466"/>
 <node id="9837275810" visible="true" version="1" changeset="122685787" timestamp="2022-06-21T21:03:41Z" user="pikappa79" uid="330007" lat="46.4160347" lon="11.5663920"/>
 <node id="9837275811" visible="true" version="1" changeset="122685787" timestamp="2022-06-21T21:03:41Z" user="pikappa79" uid="330007" lat="46.4158803" lon="11.5664591"/>
 <node id="9837275812" visible="true" version="1" changeset="122685787" timestamp="2022-06-21T21:03:41Z" user="pikappa79" uid="330007" lat="46.4157851" lon="11.5665141"/>
 <node id="9837276029" visible="true" version="1" changeset="122685787" timestamp="2022-06-21T21:03:44Z" user="pikappa79" uid="330007" lat="46.4160967" lon="11.5697542"/>
 <node id="9837276030" visible="true" version="1" changeset="122685787" timestamp="2022-06-21T21:03:44Z" user="pikappa79" uid="330007" lat="46.4158877" lon="11.5701458"/>
 <node id="9837276031" visible="true" version="1" changeset="122685787" timestamp="2022-06-21T21:03:44Z" user="pikappa79" uid="330007" lat="46.4158174" lon="11.5703282"/>
 <node id="9837276032" visible="true" version="1" changeset="122685787" timestamp="2022-06-21T21:03:44Z" user="pikappa79" uid="330007" lat="46.4157009" lon="11.5703791"/>
 <node id="9837276033" visible="true" version="1" changeset="122685787" timestamp="2022-06-21T21:03:44Z" user="pikappa79" uid="330007" lat="46.4156529" lon="11.5703040"/>
 <node id="9837276034" visible="true" version="1" changeset="122685787" timestamp="2022-06-21T21:03:44Z" user="pikappa79" uid="330007" lat="46.4155659" lon="11.5704140"/>
 <node id="9837276035" visible="true" version="1" changeset="122685787" timestamp="2022-06-21T21:03:44Z" user="pikappa79" uid="330007" lat="46.4154254" lon="11.5707117"/>
 <node id="9837276038" visible="true" version="1" changeset="122685787" timestamp="2022-06-21T21:03:44Z" user="pikappa79" uid="330007" lat="46.4152479" lon="11.5710416"/>
 <node id="9837276039" visible="true" version="1" changeset="122685787" timestamp="2022-06-21T21:03:44Z" user="pikappa79" uid="330007" lat="46.4149760" lon="11.5713018"/>
 <node id="9837276040" visible="true" version="1" changeset="122685787" timestamp="2022-06-21T21:03:44Z" user="pikappa79" uid="330007" lat="46.4149483" lon="11.5712696"/>
 <node id="9837276041" visible="true" version="1" changeset="122685787" timestamp="2022-06-21T21:03:44Z" user="pikappa79" uid="330007" lat="46.4149261" lon="11.5711194"/>
 <node id="9837276042" visible="true" version="1" changeset="122685787" timestamp="2022-06-21T21:03:44Z" user="pikappa79" uid="330007" lat="46.4148170" lon="11.5711623"/>
 <node id="9837276043" visible="true" version="1" changeset="122685787" timestamp="2022-06-21T21:03:44Z" user="pikappa79" uid="330007" lat="46.4148004" lon="11.5710738"/>
 <node id="9837276044" visible="true" version="1" changeset="122685787" timestamp="2022-06-21T21:03:44Z" user="pikappa79" uid="330007" lat="46.4147338" lon="11.5709746"/>
 <node id="9837276045" visible="true" version="1" changeset="122685787" timestamp="2022-06-21T21:03:44Z" user="pikappa79" uid="330007" lat="46.4145803" lon="11.5710738"/>
 <node id="9837276046" visible="true" version="1" changeset="122685787" timestamp="2022-06-21T21:03:44Z" user="pikappa79" uid="330007" lat="46.4145489" lon="11.5709880"/>
 <node id="9837276053" visible="true" version="1" changeset="122685787" timestamp="2022-06-21T21:03:44Z" user="pikappa79" uid="330007" lat="46.4156584" lon="11.5665838"/>
 <node id="9837276054" visible="true" version="1" changeset="122685787" timestamp="2022-06-21T21:03:44Z" user="pikappa79" uid="330007" lat="46.4153810" lon="11.5667367"/>
 <node id="9837276055" visible="true" version="1" changeset="122685787" timestamp="2022-06-21T21:03:44Z" user="pikappa79" uid="330007" lat="46.4151998" lon="11.5668735"/>
 <node id="9837276056" visible="true" version="1" changeset="122685787" timestamp="2022-06-21T21:03:44Z" user="pikappa79" uid="330007" lat="46.4150962" lon="11.5669942"/>
 <node id="9837276057" visible="true" version="1" changeset="122685787" timestamp="2022-06-21T21:03:44Z" user="pikappa79" uid="330007" lat="46.4150334" lon="11.5671793"/>
 <node id="9837276058" visible="true" version="1" changeset="122685787" timestamp="2022-06-21T21:03:44Z" user="pikappa79" uid="330007" lat="46.4148928" lon="11.5671444"/>
 <node id="9837276104" visible="true" version="1" changeset="122685787" timestamp="2022-06-21T21:03:44Z" user="pikappa79" uid="330007" lat="46.4076416" lon="11.5791017"/>
 <node id="9837276105" visible="true" version="1" changeset="122685787" timestamp="2022-06-21T21:03:44Z" user="pikappa79" uid="330007" lat="46.4076379" lon="11.5792975"/>
 <node id="9837276106" visible="true" version="1" changeset="122685787" timestamp="2022-06-21T21:03:44Z" user="pikappa79" uid="330007" lat="46.4077304" lon="11.5793189"/>
 <node id="9837276107" visible="true" version="1" changeset="122685787" timestamp="2022-06-21T21:03:44Z" user="pikappa79" uid="330007" lat="46.4078765" lon="11.5792304"/>
 <node id="9837276108" visible="true" version="1" changeset="122685787" timestamp="2022-06-21T21:03:44Z" user="pikappa79" uid="330007" lat="46.4078451" lon="11.5790856"/>
 <node id="9837276109" visible="true" version="1" changeset="122685787" timestamp="2022-06-21T21:03:44Z" user="pikappa79" uid="330007" lat="46.4078007" lon="11.5789515"/>
 <node id="9837276110" visible="true" version="1" changeset="122685787" timestamp="2022-06-21T21:03:44Z" user="pikappa79" uid="330007" lat="46.4079634" lon="11.5788120"/>
 <node id="9837276111" visible="true" version="1" changeset="122685787" timestamp="2022-06-21T21:03:44Z" user="pikappa79" uid="330007" lat="46.4082335" lon="11.5788066"/>
 <node id="9837276112" visible="true" version="1" changeset="122685787" timestamp="2022-06-21T21:03:44Z" user="pikappa79" uid="330007" lat="46.4082150" lon="11.5784848"/>
 <node id="9837276113" visible="true" version="1" changeset="122685787" timestamp="2022-06-21T21:03:44Z" user="pikappa79" uid="330007" lat="46.4080337" lon="11.5783024"/>
 <node id="9837276114" visible="true" version="1" changeset="122685787" timestamp="2022-06-21T21:03:44Z" user="pikappa79" uid="330007" lat="46.4079376" lon="11.5784955"/>
 <node id="9837276115" visible="true" version="1" changeset="122685787" timestamp="2022-06-21T21:03:44Z" user="pikappa79" uid="330007" lat="46.4078007" lon="11.5785491"/>
 <node id="9837276116" visible="true" version="1" changeset="122685787" timestamp="2022-06-21T21:03:44Z" user="pikappa79" uid="330007" lat="46.4077415" lon="11.5787744"/>
 <node id="9837276117" visible="true" version="1" changeset="122685787" timestamp="2022-06-21T21:03:44Z" user="pikappa79" uid="330007" lat="46.4083611" lon="11.5762854"/>
 <node id="9837276118" visible="true" version="1" changeset="122685787" timestamp="2022-06-21T21:03:44Z" user="pikappa79" uid="330007" lat="46.4083389" lon="11.5764382"/>
 <node id="9837276119" visible="true" version="1" changeset="122685787" timestamp="2022-06-21T21:03:44Z" user="pikappa79" uid="330007" lat="46.4083925" lon="11.5766609"/>
 <node id="9837276120" visible="true" version="1" changeset="122685787" timestamp="2022-06-21T21:03:44Z" user="pikappa79" uid="330007" lat="46.4084813" lon="11.5769023"/>
 <node id="9837276121" visible="true" version="1" changeset="122685787" timestamp="2022-06-21T21:03:44Z" user="pikappa79" uid="330007" lat="46.4084110" lon="11.5770230"/>
 <node id="9837276122" visible="true" version="1" changeset="122685787" timestamp="2022-06-21T21:03:44Z" user="pikappa79" uid="330007" lat="46.4082982" lon="11.5771463"/>
 <node id="9837276123" visible="true" version="1" changeset="122685787" timestamp="2022-06-21T21:03:44Z" user="pikappa79" uid="330007" lat="46.4081817" lon="11.5775111"/>
 <node id="9837276124" visible="true" version="1" changeset="122685787" timestamp="2022-06-21T21:03:44Z" user="pikappa79" uid="330007" lat="46.4081262" lon="11.5777418"/>
 <node id="9837276125" visible="true" version="1" changeset="122685787" timestamp="2022-06-21T21:03:44Z" user="pikappa79" uid="330007" lat="46.4080171" lon="11.5777633"/>
 <node id="9837276126" visible="true" version="1" changeset="122685787" timestamp="2022-06-21T21:03:44Z" user="pikappa79" uid="330007" lat="46.4079117" lon="11.5779188"/>
 <node id="9837276127" visible="true" version="1" changeset="122685787" timestamp="2022-06-21T21:03:44Z" user="pikappa79" uid="330007" lat="46.4076805" lon="11.5779269"/>
 <node id="9837276128" visible="true" version="1" changeset="122685787" timestamp="2022-06-21T21:03:44Z" user="pikappa79" uid="330007" lat="46.4076990" lon="11.5777284"/>
 <node id="9837276129" visible="true" version="1" changeset="122685787" timestamp="2022-06-21T21:03:44Z" user="pikappa79" uid="330007" lat="46.4078377" lon="11.5771839"/>
 <node id="9837276130" visible="true" version="1" changeset="122685787" timestamp="2022-06-21T21:03:44Z" user="pikappa79" uid="330007" lat="46.4078969" lon="11.5767252"/>
 <node id="9837276131" visible="true" version="1" changeset="122685787" timestamp="2022-06-21T21:03:44Z" user="pikappa79" uid="330007" lat="46.4079357" lon="11.5766206"/>
 <node id="9837276132" visible="true" version="1" changeset="122685787" timestamp="2022-06-21T21:03:44Z" user="pikappa79" uid="330007" lat="46.4079616" lon="11.5763658"/>
 <node id="9837276133" visible="true" version="1" changeset="122685787" timestamp="2022-06-21T21:03:44Z" user="pikappa79" uid="330007" lat="46.4080596" lon="11.5762317"/>
 <node id="9837276135" visible="true" version="1" changeset="122685787" timestamp="2022-06-21T21:03:44Z" user="pikappa79" uid="330007" lat="46.4083000" lon="11.5758482"/>
 <node id="9837276136" visible="true" version="1" changeset="122685787" timestamp="2022-06-21T21:03:44Z" user="pikappa79" uid="330007" lat="46.4083370" lon="11.5761164"/>
 <node id="9837276269" visible="true" version="1" changeset="122685787" timestamp="2022-06-21T21:03:44Z" user="pikappa79" uid="330007" lat="46.4039186" lon="11.5867889"/>
 <node id="9837276270" visible="true" version="1" changeset="122685787" timestamp="2022-06-21T21:03:44Z" user="pikappa79" uid="330007" lat="46.4037891" lon="11.5866199"/>
 <node id="9837276271" visible="true" version="1" changeset="122685787" timestamp="2022-06-21T21:03:44Z" user="pikappa79" uid="330007" lat="46.4037725" lon="11.5863758"/>
 <node id="9837276272" visible="true" version="1" changeset="122685787" timestamp="2022-06-21T21:03:44Z" user="pikappa79" uid="330007" lat="46.4037836" lon="11.5861452"/>
 <node id="9837276273" visible="true" version="1" changeset="122685787" timestamp="2022-06-21T21:03:44Z" user="pikappa79" uid="330007" lat="46.4037207" lon="11.5858823"/>
 <node id="9837276274" visible="true" version="1" changeset="122685787" timestamp="2022-06-21T21:03:44Z" user="pikappa79" uid="330007" lat="46.4035357" lon="11.5857992"/>
 <node id="9837276275" visible="true" version="1" changeset="122685787" timestamp="2022-06-21T21:03:44Z" user="pikappa79" uid="330007" lat="46.4034950" lon="11.5855712"/>
 <node id="9837276276" visible="true" version="1" changeset="122685787" timestamp="2022-06-21T21:03:44Z" user="pikappa79" uid="330007" lat="46.4034229" lon="11.5853485"/>
 <node id="9837276277" visible="true" version="1" changeset="122685787" timestamp="2022-06-21T21:03:44Z" user="pikappa79" uid="330007" lat="46.4033785" lon="11.5854827"/>
 <node id="9837276278" visible="true" version="1" changeset="122685787" timestamp="2022-06-21T21:03:44Z" user="pikappa79" uid="330007" lat="46.4033138" lon="11.5857106"/>
 <node id="9837276279" visible="true" version="1" changeset="122685787" timestamp="2022-06-21T21:03:44Z" user="pikappa79" uid="330007" lat="46.4032472" lon="11.5859091"/>
 <node id="9837276280" visible="true" version="1" changeset="122685787" timestamp="2022-06-21T21:03:44Z" user="pikappa79" uid="330007" lat="46.4032287" lon="11.5862685"/>
 <node id="9837276281" visible="true" version="1" changeset="122685787" timestamp="2022-06-21T21:03:44Z" user="pikappa79" uid="330007" lat="46.4030030" lon="11.5862310"/>
 <node id="9837276282" visible="true" version="1" changeset="122685787" timestamp="2022-06-21T21:03:44Z" user="pikappa79" uid="330007" lat="46.4028218" lon="11.5861720"/>
 <node id="9837276319" visible="true" version="2" changeset="158125742" timestamp="2024-10-20T12:14:27Z" user="AlexTies" uid="3579653" lat="46.4087866" lon="11.5734474"/>
 <node id="9837276320" visible="true" version="1" changeset="122685787" timestamp="2022-06-21T21:03:44Z" user="pikappa79" uid="330007" lat="46.4087661" lon="11.5733725"/>
 <node id="9837276321" visible="true" version="1" changeset="122685787" timestamp="2022-06-21T21:03:44Z" user="pikappa79" uid="330007" lat="46.4087162" lon="11.5732759"/>
 <node id="9837276322" visible="true" version="1" changeset="122685787" timestamp="2022-06-21T21:03:44Z" user="pikappa79" uid="330007" lat="46.4086366" lon="11.5733322"/>
 <node id="9837276323" visible="true" version="1" changeset="122685787" timestamp="2022-06-21T21:03:44Z" user="pikappa79" uid="330007" lat="46.4085682" lon="11.5733752"/>
 <node id="9837276324" visible="true" version="1" changeset="122685787" timestamp="2022-06-21T21:03:44Z" user="pikappa79" uid="330007" lat="46.4087180" lon="11.5742522"/>
 <node id="9837276325" visible="true" version="1" changeset="122685787" timestamp="2022-06-21T21:03:44Z" user="pikappa79" uid="330007" lat="46.4085923" lon="11.5741128"/>
 <node id="9837276326" visible="true" version="1" changeset="122685787" timestamp="2022-06-21T21:03:44Z" user="pikappa79" uid="330007" lat="46.4086810" lon="11.5747350"/>
 <node id="9837276327" visible="true" version="1" changeset="122685787" timestamp="2022-06-21T21:03:44Z" user="pikappa79" uid="330007" lat="46.4087273" lon="11.5750086"/>
 <node id="9837276328" visible="true" version="2" changeset="137843839" timestamp="2023-06-27T16:42:00Z" user="Delli1951" uid="10524894" lat="46.4086212" lon="11.5756545"/>
 <node id="9837276329" visible="true" version="1" changeset="122685787" timestamp="2022-06-21T21:03:44Z" user="pikappa79" uid="330007" lat="46.4085738" lon="11.5757275"/>
 <node id="9837276330" visible="true" version="1" changeset="122685787" timestamp="2022-06-21T21:03:44Z" user="pikappa79" uid="330007" lat="46.4088678" lon="11.5761217"/>
 <node id="9837276331" visible="true" version="1" changeset="122685787" timestamp="2022-06-21T21:03:44Z" user="pikappa79" uid="330007" lat="46.4092710" lon="11.5762666"/>
 <node id="9837276332" visible="true" version="1" changeset="122685787" timestamp="2022-06-21T21:03:44Z" user="pikappa79" uid="330007" lat="46.4092617" lon="11.5763256"/>
 <node id="9837276333" visible="true" version="1" changeset="122685787" timestamp="2022-06-21T21:03:44Z" user="pikappa79" uid="330007" lat="46.4092395" lon="11.5763846"/>
 <node id="9837276334" visible="true" version="1" changeset="122685787" timestamp="2022-06-21T21:03:44Z" user="pikappa79" uid="330007" lat="46.4092543" lon="11.5764704"/>
 <node id="9837276335" visible="true" version="1" changeset="122685787" timestamp="2022-06-21T21:03:44Z" user="pikappa79" uid="330007" lat="46.4093080" lon="11.5765321"/>
 <node id="9837276336" visible="true" version="1" changeset="122685787" timestamp="2022-06-21T21:03:44Z" user="pikappa79" uid="330007" lat="46.4093265" lon="11.5765992"/>
 <node id="9837276337" visible="true" version="1" changeset="122685787" timestamp="2022-06-21T21:03:44Z" user="pikappa79" uid="330007" lat="46.4093172" lon="11.5767333"/>
 <node id="9837276338" visible="true" version="1" changeset="122685787" timestamp="2022-06-21T21:03:44Z" user="pikappa79" uid="330007" lat="46.4093228" lon="11.5768969"/>
 <node id="9837276339" visible="true" version="1" changeset="122685787" timestamp="2022-06-21T21:03:44Z" user="pikappa79" uid="330007" lat="46.4093468" lon="11.5770069"/>
 <node id="9837276340" visible="true" version="1" changeset="122685787" timestamp="2022-06-21T21:03:44Z" user="pikappa79" uid="330007" lat="46.4094004" lon="11.5771088"/>
 <node id="9837276341" visible="true" version="1" changeset="122685787" timestamp="2022-06-21T21:03:44Z" user="pikappa79" uid="330007" lat="46.4094356" lon="11.5771195"/>
 <node id="9837276342" visible="true" version="1" changeset="122685787" timestamp="2022-06-21T21:03:44Z" user="pikappa79" uid="330007" lat="46.4094911" lon="11.5771276"/>
 <node id="9837276343" visible="true" version="1" changeset="122685787" timestamp="2022-06-21T21:03:44Z" user="pikappa79" uid="330007" lat="46.4095465" lon="11.5771195"/>
 <node id="9837276344" visible="true" version="1" changeset="122685787" timestamp="2022-06-21T21:03:44Z" user="pikappa79" uid="330007" lat="46.4095891" lon="11.5770927"/>
 <node id="9837276345" visible="true" version="1" changeset="122685787" timestamp="2022-06-21T21:03:44Z" user="pikappa79" uid="330007" lat="46.4096168" lon="11.5770417"/>
 <node id="9837276346" visible="true" version="1" changeset="122685787" timestamp="2022-06-21T21:03:44Z" user="pikappa79" uid="330007" lat="46.4096501" lon="11.5769532"/>
 <node id="9837276347" visible="true" version="1" changeset="122685787" timestamp="2022-06-21T21:03:44Z" user="pikappa79" uid="330007" lat="46.4096686" lon="11.5768647"/>
 <node id="9837276348" visible="true" version="1" changeset="122685787" timestamp="2022-06-21T21:03:44Z" user="pikappa79" uid="330007" lat="46.4097093" lon="11.5768298"/>
 <node id="9837276349" visible="true" version="1" changeset="122685787" timestamp="2022-06-21T21:03:44Z" user="pikappa79" uid="330007" lat="46.4097907" lon="11.5768084"/>
 <node id="9837276350" visible="true" version="1" changeset="122685787" timestamp="2022-06-21T21:03:44Z" user="pikappa79" uid="330007" lat="46.4098628" lon="11.5767735"/>
 <node id="9837276351" visible="true" version="1" changeset="122685787" timestamp="2022-06-21T21:03:44Z" user="pikappa79" uid="330007" lat="46.4098942" lon="11.5767011"/>
 <node id="9837276352" visible="true" version="2" changeset="137843839" timestamp="2023-06-27T16:42:00Z" user="Delli1951" uid="10524894" lat="46.4099267" lon="11.5766265"/>
 <node id="9837276353" visible="true" version="2" changeset="137843839" timestamp="2023-06-27T16:42:00Z" user="Delli1951" uid="10524894" lat="46.4099214" lon="11.5765671"/>
 <node id="9837276354" visible="true" version="1" changeset="122685787" timestamp="2022-06-21T21:03:44Z" user="pikappa79" uid="330007" lat="46.4098776" lon="11.5765160"/>
 <node id="9837276355" visible="true" version="1" changeset="122685787" timestamp="2022-06-21T21:03:44Z" user="pikappa79" uid="330007" lat="46.4098147" lon="11.5764597"/>
 <node id="9837276356" visible="true" version="1" changeset="122685787" timestamp="2022-06-21T21:03:44Z" user="pikappa79" uid="330007" lat="46.4098055" lon="11.5763819"/>
 <node id="9837276357" visible="true" version="1" changeset="122685787" timestamp="2022-06-21T21:03:44Z" user="pikappa79" uid="330007" lat="46.4098424" lon="11.5762585"/>
 <node id="9837276358" visible="true" version="1" changeset="122685787" timestamp="2022-06-21T21:03:44Z" user="pikappa79" uid="330007" lat="46.4099682" lon="11.5760574"/>
 <node id="9837276359" visible="true" version="1" changeset="122685787" timestamp="2022-06-21T21:03:44Z" user="pikappa79" uid="330007" lat="46.4100422" lon="11.5754512"/>
 <node id="9837276360" visible="true" version="1" changeset="122685787" timestamp="2022-06-21T21:03:44Z" user="pikappa79" uid="330007" lat="46.4100570" lon="11.5755612"/>
 <node id="9837276361" visible="true" version="2" changeset="158125742" timestamp="2024-10-20T12:14:27Z" user="AlexTies" uid="3579653" lat="46.4100420" lon="11.5754044"/>
 <node id="9837276362" visible="true" version="1" changeset="122685787" timestamp="2022-06-21T21:03:44Z" user="pikappa79" uid="330007" lat="46.4096963" lon="11.5744749"/>
 <node id="9837276363" visible="true" version="1" changeset="122685787" timestamp="2022-06-21T21:03:44Z" user="pikappa79" uid="330007" lat="46.4091341" lon="11.5736729"/>
 <node id="9837276364" visible="true" version="1" changeset="122685787" timestamp="2022-06-21T21:03:44Z" user="pikappa79" uid="330007" lat="46.4093690" lon="11.5773314"/>
 <node id="9837276365" visible="true" version="1" changeset="122685787" timestamp="2022-06-21T21:03:44Z" user="pikappa79" uid="330007" lat="46.4085193" lon="11.5734332"/>
 <node id="9837276366" visible="true" version="1" changeset="122685787" timestamp="2022-06-21T21:03:44Z" user="pikappa79" uid="330007" lat="46.4083229" lon="11.5738078"/>
 <node id="9837276367" visible="true" version="1" changeset="122685787" timestamp="2022-06-21T21:03:44Z" user="pikappa79" uid="330007" lat="46.4082208" lon="11.5737271"/>
 <node id="9837276368" visible="true" version="1" changeset="122685787" timestamp="2022-06-21T21:03:44Z" user="pikappa79" uid="330007" lat="46.4082177" lon="11.5735925"/>
 <node id="9837276369" visible="true" version="1" changeset="122685787" timestamp="2022-06-21T21:03:44Z" user="pikappa79" uid="330007" lat="46.4080197" lon="11.5734871"/>
 <node id="9837276370" visible="true" version="1" changeset="122685787" timestamp="2022-06-21T21:03:44Z" user="pikappa79" uid="330007" lat="46.4079903" lon="11.5734915"/>
 <node id="9837276371" visible="true" version="1" changeset="122685787" timestamp="2022-06-21T21:03:44Z" user="pikappa79" uid="330007" lat="46.4079996" lon="11.5731865"/>
 <node id="9837276372" visible="true" version="1" changeset="122685787" timestamp="2022-06-21T21:03:44Z" user="pikappa79" uid="330007" lat="46.4077986" lon="11.5731416"/>
 <node id="9837276373" visible="true" version="1" changeset="122685787" timestamp="2022-06-21T21:03:44Z" user="pikappa79" uid="330007" lat="46.4076593" lon="11.5731954"/>
 <node id="9837276374" visible="true" version="1" changeset="122685787" timestamp="2022-06-21T21:03:44Z" user="pikappa79" uid="330007" lat="46.4074830" lon="11.5734646"/>
 <node id="9837276375" visible="true" version="1" changeset="122685787" timestamp="2022-06-21T21:03:44Z" user="pikappa79" uid="330007" lat="46.4073748" lon="11.5737787"/>
 <node id="9837276376" visible="true" version="1" changeset="122685787" timestamp="2022-06-21T21:03:44Z" user="pikappa79" uid="330007" lat="46.4072850" lon="11.5736396"/>
 <node id="9837276377" visible="true" version="1" changeset="122685787" timestamp="2022-06-21T21:03:44Z" user="pikappa79" uid="330007" lat="46.4072139" lon="11.5734512"/>
 <node id="9837276378" visible="true" version="1" changeset="122685787" timestamp="2022-06-21T21:03:44Z" user="pikappa79" uid="330007" lat="46.4071087" lon="11.5735588"/>
 <node id="9837276379" visible="true" version="1" changeset="122685787" timestamp="2022-06-21T21:03:44Z" user="pikappa79" uid="330007" lat="46.4069479" lon="11.5737428"/>
 <node id="9837276380" visible="true" version="1" changeset="122685787" timestamp="2022-06-21T21:03:44Z" user="pikappa79" uid="330007" lat="46.4067808" lon="11.5740120"/>
 <node id="9837276381" visible="true" version="1" changeset="122685787" timestamp="2022-06-21T21:03:44Z" user="pikappa79" uid="330007" lat="46.4065643" lon="11.5742542"/>
 <node id="9837276382" visible="true" version="1" changeset="122685787" timestamp="2022-06-21T21:03:44Z" user="pikappa79" uid="330007" lat="46.4064684" lon="11.5741465"/>
 <node id="9837276383" visible="true" version="1" changeset="122685787" timestamp="2022-06-21T21:03:44Z" user="pikappa79" uid="330007" lat="46.4063384" lon="11.5741331"/>
 <node id="9837276384" visible="true" version="1" changeset="122685787" timestamp="2022-06-21T21:03:44Z" user="pikappa79" uid="330007" lat="46.4063323" lon="11.5739940"/>
 <node id="9837276385" visible="true" version="1" changeset="122685787" timestamp="2022-06-21T21:03:44Z" user="pikappa79" uid="330007" lat="46.4061961" lon="11.5740748"/>
 <node id="9837276386" visible="true" version="1" changeset="122685787" timestamp="2022-06-21T21:03:44Z" user="pikappa79" uid="330007" lat="46.4060446" lon="11.5742722"/>
 <node id="9837276387" visible="true" version="1" changeset="122685787" timestamp="2022-06-21T21:03:44Z" user="pikappa79" uid="330007" lat="46.4058992" lon="11.5744561"/>
 <node id="9837276388" visible="true" version="1" changeset="122685787" timestamp="2022-06-21T21:03:44Z" user="pikappa79" uid="330007" lat="46.4058187" lon="11.5746849"/>
 <node id="9837276389" visible="true" version="1" changeset="122685787" timestamp="2022-06-21T21:03:44Z" user="pikappa79" uid="330007" lat="46.4056671" lon="11.5749047"/>
 <node id="9837276409" visible="true" version="1" changeset="122685787" timestamp="2022-06-21T21:03:44Z" user="pikappa79" uid="330007" lat="46.4054537" lon="11.5747567"/>
 <node id="9837276410" visible="true" version="1" changeset="122685787" timestamp="2022-06-21T21:03:44Z" user="pikappa79" uid="330007" lat="46.4055032" lon="11.5748240"/>
 <node id="9837276411" visible="true" version="1" changeset="122685787" timestamp="2022-06-21T21:03:44Z" user="pikappa79" uid="330007" lat="46.4052650" lon="11.5749003"/>
 <node id="9837276412" visible="true" version="2" changeset="166107132" timestamp="2025-05-11T12:48:08Z" user="pikappa79" uid="330007" lat="46.4050101" lon="11.5749620"/>
 <node id="9837276413" visible="true" version="2" changeset="166107132" timestamp="2025-05-11T12:48:08Z" user="pikappa79" uid="330007" lat="46.4047735" lon="11.5749087"/>
 <node id="9837276414" visible="true" version="2" changeset="166107132" timestamp="2025-05-11T12:48:08Z" user="pikappa79" uid="330007" lat="46.4044456" lon="11.5749223"/>
 <node id="9837276415" visible="true" version="2" changeset="166107132" timestamp="2025-05-11T12:48:08Z" user="pikappa79" uid="330007" lat="46.4038956" lon="11.5751433"/>
 <node id="9837276416" visible="true" version="2" changeset="166107132" timestamp="2025-05-11T12:48:08Z" user="pikappa79" uid="330007" lat="46.4039720" lon="11.5749564"/>
 <node id="9837276417" visible="true" version="1" changeset="122685787" timestamp="2022-06-21T21:03:44Z" user="pikappa79" uid="330007" lat="46.4038883" lon="11.5743978"/>
 <node id="9837276418" visible="true" version="1" changeset="122685787" timestamp="2022-06-21T21:03:44Z" user="pikappa79" uid="330007" lat="46.4036532" lon="11.5743754"/>
 <node id="9837276419" visible="true" version="2" changeset="166107132" timestamp="2025-05-11T12:48:08Z" user="pikappa79" uid="330007" lat="46.4031916" lon="11.5746084"/>
 <node id="9837276420" visible="true" version="2" changeset="166107132" timestamp="2025-05-11T12:48:08Z" user="pikappa79" uid="330007" lat="46.4029184" lon="11.5745032"/>
 <node id="9837276421" visible="true" version="1" changeset="122685787" timestamp="2022-06-21T21:03:44Z" user="pikappa79" uid="330007" lat="46.4030654" lon="11.5740972"/>
 <node id="9837276422" visible="true" version="1" changeset="122685787" timestamp="2022-06-21T21:03:44Z" user="pikappa79" uid="330007" lat="46.4030066" lon="11.5737742"/>
 <node id="9837276423" visible="true" version="1" changeset="122685787" timestamp="2022-06-21T21:03:44Z" user="pikappa79" uid="330007" lat="46.4028922" lon="11.5735678"/>
 <node id="9837276424" visible="true" version="1" changeset="122685787" timestamp="2022-06-21T21:03:44Z" user="pikappa79" uid="330007" lat="46.4028922" lon="11.5732807"/>
 <node id="9837276425" visible="true" version="1" changeset="122685787" timestamp="2022-06-21T21:03:44Z" user="pikappa79" uid="330007" lat="46.4028179" lon="11.5730923"/>
 <node id="9837276426" visible="true" version="1" changeset="122685787" timestamp="2022-06-21T21:03:44Z" user="pikappa79" uid="330007" lat="46.4027746" lon="11.5729397"/>
 <node id="9837276427" visible="true" version="1" changeset="122685787" timestamp="2022-06-21T21:03:44Z" user="pikappa79" uid="330007" lat="46.4027839" lon="11.5726436"/>
 <node id="9837276428" visible="true" version="1" changeset="122685787" timestamp="2022-06-21T21:03:44Z" user="pikappa79" uid="330007" lat="46.4027004" lon="11.5724687"/>
 <node id="9837276429" visible="true" version="1" changeset="122685787" timestamp="2022-06-21T21:03:44Z" user="pikappa79" uid="330007" lat="46.4031149" lon="11.5724642"/>
 <node id="9837276430" visible="true" version="1" changeset="122685787" timestamp="2022-06-21T21:03:44Z" user="pikappa79" uid="330007" lat="46.4036501" lon="11.5720111"/>
 <node id="9837276431" visible="true" version="1" changeset="122685787" timestamp="2022-06-21T21:03:44Z" user="pikappa79" uid="330007" lat="46.4039131" lon="11.5719348"/>
 <node id="9837276432" visible="true" version="1" changeset="122685787" timestamp="2022-06-21T21:03:44Z" user="pikappa79" uid="330007" lat="46.4041729" lon="11.5717015"/>
 <node id="9837276433" visible="true" version="1" changeset="122685787" timestamp="2022-06-21T21:03:44Z" user="pikappa79" uid="330007" lat="46.4045163" lon="11.5713336"/>
 <node id="9837276434" visible="true" version="1" changeset="122685787" timestamp="2022-06-21T21:03:44Z" user="pikappa79" uid="330007" lat="46.4048164" lon="11.5713291"/>
 <node id="9837276435" visible="true" version="1" changeset="122685787" timestamp="2022-06-21T21:03:44Z" user="pikappa79" uid="330007" lat="46.4050392" lon="11.5713067"/>
 <node id="9837276436" visible="true" version="1" changeset="122685787" timestamp="2022-06-21T21:03:44Z" user="pikappa79" uid="330007" lat="46.4055218" lon="11.5710510"/>
 <node id="9837276437" visible="true" version="1" changeset="122685787" timestamp="2022-06-21T21:03:44Z" user="pikappa79" uid="330007" lat="46.4057692" lon="11.5708984"/>
 <node id="9837276438" visible="true" version="1" changeset="122685787" timestamp="2022-06-21T21:03:44Z" user="pikappa79" uid="330007" lat="46.4058466" lon="11.5707683"/>
 <node id="9837276439" visible="true" version="1" changeset="122685787" timestamp="2022-06-21T21:03:44Z" user="pikappa79" uid="330007" lat="46.4060569" lon="11.5707010"/>
 <node id="9837276440" visible="true" version="1" changeset="122685787" timestamp="2022-06-21T21:03:44Z" user="pikappa79" uid="330007" lat="46.4064523" lon="11.5705277"/>
 <node id="9837276441" visible="true" version="1" changeset="122685787" timestamp="2022-06-21T21:03:44Z" user="pikappa79" uid="330007" lat="46.4066486" lon="11.5702781"/>
 <node id="9837276442" visible="true" version="2" changeset="134395359" timestamp="2023-04-01T21:08:17Z" user="pikappa79" uid="330007" lat="46.4068529" lon="11.5700220"/>
 <node id="9837276443" visible="true" version="2" changeset="134395359" timestamp="2023-04-01T21:08:17Z" user="pikappa79" uid="330007" lat="46.4070239" lon="11.5696450"/>
 <node id="9837276444" visible="true" version="2" changeset="134395359" timestamp="2023-04-01T21:08:17Z" user="pikappa79" uid="330007" lat="46.4072100" lon="11.5692474"/>
 <node id="9837276445" visible="true" version="2" changeset="134395359" timestamp="2023-04-01T21:08:17Z" user="pikappa79" uid="330007" lat="46.4073748" lon="11.5688753"/>
 <node id="9837276446" visible="true" version="2" changeset="134395359" timestamp="2023-04-01T21:08:17Z" user="pikappa79" uid="330007" lat="46.4076534" lon="11.5685176"/>
 <node id="9837276447" visible="true" version="2" changeset="134395359" timestamp="2023-04-01T21:08:17Z" user="pikappa79" uid="330007" lat="46.4080523" lon="11.5691743"/>
 <node id="9837276448" visible="true" version="2" changeset="134395359" timestamp="2023-04-01T21:08:17Z" user="pikappa79" uid="330007" lat="46.4080431" lon="11.5696343"/>
 <node id="9837276449" visible="true" version="1" changeset="122685787" timestamp="2022-06-21T21:03:44Z" user="pikappa79" uid="330007" lat="46.4082940" lon="11.5697133"/>
 <node id="9837276450" visible="true" version="1" changeset="122685787" timestamp="2022-06-21T21:03:44Z" user="pikappa79" uid="330007" lat="46.4085989" lon="11.5695513"/>
 <node id="9837276451" visible="true" version="1" changeset="122685787" timestamp="2022-06-21T21:03:44Z" user="pikappa79" uid="330007" lat="46.4089612" lon="11.5694462"/>
 <node id="9837276452" visible="true" version="2" changeset="166107132" timestamp="2025-05-11T12:48:08Z" user="pikappa79" uid="330007" lat="46.4091057" lon="11.5693766"/>
 <node id="9837276453" visible="true" version="2" changeset="166107132" timestamp="2025-05-11T12:48:08Z" user="pikappa79" uid="330007" lat="46.4092360" lon="11.5694490"/>
 <node id="9837276454" visible="true" version="2" changeset="166107132" timestamp="2025-05-11T12:48:08Z" user="pikappa79" uid="330007" lat="46.4093517" lon="11.5694214"/>
 <node id="9837276455" visible="true" version="2" changeset="166107132" timestamp="2025-05-11T12:48:08Z" user="pikappa79" uid="330007" lat="46.4094574" lon="11.5695276"/>
 <node id="9837276456" visible="true" version="1" changeset="122685787" timestamp="2022-06-21T21:03:44Z" user="pikappa79" uid="330007" lat="46.4095983" lon="11.5695556"/>
 <node id="9837276457" visible="true" version="2" changeset="166107132" timestamp="2025-05-11T12:48:08Z" user="pikappa79" uid="330007" lat="46.4096546" lon="11.5695477"/>
 <node id="9837276458" visible="true" version="1" changeset="122685787" timestamp="2022-06-21T21:03:44Z" user="pikappa79" uid="330007" lat="46.4097311" lon="11.5695513"/>
 <node id="9837276459" visible="true" version="2" changeset="166107132" timestamp="2025-05-11T12:48:08Z" user="pikappa79" uid="330007" lat="46.4098237" lon="11.5695954"/>
 <node id="9837276460" visible="true" version="1" changeset="122685787" timestamp="2022-06-21T21:03:44Z" user="pikappa79" uid="330007" lat="46.4099213" lon="11.5695294"/>
 <node id="9837276461" visible="true" version="1" changeset="122685787" timestamp="2022-06-21T21:03:44Z" user="pikappa79" uid="330007" lat="46.4100209" lon="11.5696345"/>
 <node id="9837276462" visible="true" version="1" changeset="122685787" timestamp="2022-06-21T21:03:44Z" user="pikappa79" uid="330007" lat="46.4103379" lon="11.5692053"/>
 <node id="9837276463" visible="true" version="1" changeset="122685787" timestamp="2022-06-21T21:03:44Z" user="pikappa79" uid="330007" lat="46.4104104" lon="11.5685748"/>
 <node id="9837276464" visible="true" version="1" changeset="122685787" timestamp="2022-06-21T21:03:44Z" user="pikappa79" uid="330007" lat="46.4103802" lon="11.5685485"/>
 <node id="9837276465" visible="true" version="1" changeset="122685787" timestamp="2022-06-21T21:03:44Z" user="pikappa79" uid="330007" lat="46.4104074" lon="11.5682727"/>
 <node id="9837276466" visible="true" version="1" changeset="122685787" timestamp="2022-06-21T21:03:44Z" user="pikappa79" uid="330007" lat="46.4104949" lon="11.5681457"/>
 <node id="9837276467" visible="true" version="1" changeset="122685787" timestamp="2022-06-21T21:03:44Z" user="pikappa79" uid="330007" lat="46.4106459" lon="11.5683471"/>
 <node id="9837276468" visible="true" version="2" changeset="134395359" timestamp="2023-04-01T21:08:17Z" user="pikappa79" uid="330007" lat="46.4107300" lon="11.5683493"/>
 <node id="9837276469" visible="true" version="2" changeset="134395359" timestamp="2023-04-01T21:08:17Z" user="pikappa79" uid="330007" lat="46.4107846" lon="11.5682437"/>
 <node id="9837276470" visible="true" version="2" changeset="134395359" timestamp="2023-04-01T21:08:17Z" user="pikappa79" uid="330007" lat="46.4107920" lon="11.5679539"/>
 <node id="9837276471" visible="true" version="2" changeset="134395359" timestamp="2023-04-01T21:08:17Z" user="pikappa79" uid="330007" lat="46.4107923" lon="11.5678044"/>
 <node id="9837276472" visible="true" version="3" changeset="166107132" timestamp="2025-05-11T12:48:08Z" user="pikappa79" uid="330007" lat="46.4108726" lon="11.5678135"/>
 <node id="9837276473" visible="true" version="2" changeset="134395359" timestamp="2023-04-01T21:08:17Z" user="pikappa79" uid="330007" lat="46.4107969" lon="11.5676895"/>
 <node id="9837276474" visible="true" version="1" changeset="122685787" timestamp="2022-06-21T21:03:44Z" user="pikappa79" uid="330007" lat="46.4108240" lon="11.5676334"/>
 <node id="9837276475" visible="true" version="2" changeset="166107132" timestamp="2025-05-11T12:48:08Z" user="pikappa79" uid="330007" lat="46.4111665" lon="11.5673077"/>
 <node id="9837276476" visible="true" version="2" changeset="166107132" timestamp="2025-05-11T12:48:08Z" user="pikappa79" uid="330007" lat="46.4110063" lon="11.5671604"/>
 <node id="9837276477" visible="true" version="1" changeset="122685787" timestamp="2022-06-21T21:03:44Z" user="pikappa79" uid="330007" lat="46.4108179" lon="11.5668146"/>
 <node id="9837276478" visible="true" version="1" changeset="122685787" timestamp="2022-06-21T21:03:44Z" user="pikappa79" uid="330007" lat="46.4109055" lon="11.5666570"/>
 <node id="9837276479" visible="true" version="1" changeset="122685787" timestamp="2022-06-21T21:03:44Z" user="pikappa79" uid="330007" lat="46.4111591" lon="11.5664293"/>
 <node id="9837276480" visible="true" version="1" changeset="122685787" timestamp="2022-06-21T21:03:44Z" user="pikappa79" uid="330007" lat="46.4114248" lon="11.5662410"/>
 <node id="9837276481" visible="true" version="1" changeset="122685787" timestamp="2022-06-21T21:03:44Z" user="pikappa79" uid="330007" lat="46.4116965" lon="11.5659301"/>
 <node id="9837276482" visible="true" version="1" changeset="122685787" timestamp="2022-06-21T21:03:44Z" user="pikappa79" uid="330007" lat="46.4117116" lon="11.5656893"/>
 <node id="9837276483" visible="true" version="1" changeset="122685787" timestamp="2022-06-21T21:03:44Z" user="pikappa79" uid="330007" lat="46.4118927" lon="11.5655142"/>
 <node id="9837276484" visible="true" version="1" changeset="122685787" timestamp="2022-06-21T21:03:44Z" user="pikappa79" uid="330007" lat="46.4121131" lon="11.5655886"/>
 <node id="9837276485" visible="true" version="1" changeset="122685787" timestamp="2022-06-21T21:03:44Z" user="pikappa79" uid="330007" lat="46.4123697" lon="11.5654353"/>
 <node id="9837276486" visible="true" version="1" changeset="122685787" timestamp="2022-06-21T21:03:44Z" user="pikappa79" uid="330007" lat="46.4126927" lon="11.5650106"/>
 <node id="9837276487" visible="true" version="1" changeset="122685787" timestamp="2022-06-21T21:03:44Z" user="pikappa79" uid="330007" lat="46.4129402" lon="11.5646691"/>
 <node id="9837276488" visible="true" version="1" changeset="122685787" timestamp="2022-06-21T21:03:44Z" user="pikappa79" uid="330007" lat="46.4131455" lon="11.5650675"/>
 <node id="9837276489" visible="true" version="1" changeset="122685787" timestamp="2022-06-21T21:03:44Z" user="pikappa79" uid="330007" lat="46.4131757" lon="11.5653828"/>
 <node id="9837276490" visible="true" version="1" changeset="122685787" timestamp="2022-06-21T21:03:44Z" user="pikappa79" uid="330007" lat="46.4131123" lon="11.5657243"/>
 <node id="9837276491" visible="true" version="1" changeset="122685787" timestamp="2022-06-21T21:03:44Z" user="pikappa79" uid="330007" lat="46.4131878" lon="11.5657988"/>
 <node id="9837276492" visible="true" version="1" changeset="122685787" timestamp="2022-06-21T21:03:44Z" user="pikappa79" uid="330007" lat="46.4132844" lon="11.5661578"/>
 <node id="9837276493" visible="true" version="2" changeset="166107132" timestamp="2025-05-11T12:48:08Z" user="pikappa79" uid="330007" lat="46.4134708" lon="11.5663077"/>
 <node id="9837276494" visible="true" version="2" changeset="166107132" timestamp="2025-05-11T12:48:08Z" user="pikappa79" uid="330007" lat="46.4136720" lon="11.5663075"/>
 <node id="9837276495" visible="true" version="2" changeset="166107132" timestamp="2025-05-11T12:48:08Z" user="pikappa79" uid="330007" lat="46.4138920" lon="11.5661797"/>
 <node id="9837276496" visible="true" version="2" changeset="166107132" timestamp="2025-05-11T12:48:08Z" user="pikappa79" uid="330007" lat="46.4139437" lon="11.5656053"/>
 <node id="9837276497" visible="true" version="1" changeset="122685787" timestamp="2022-06-21T21:03:44Z" user="pikappa79" uid="330007" lat="46.4144165" lon="11.5657506"/>
 <node id="9837276498" visible="true" version="2" changeset="134395359" timestamp="2023-04-01T21:08:17Z" user="pikappa79" uid="330007" lat="46.4144284" lon="11.5654547"/>
 <node id="9837276499" visible="true" version="2" changeset="134395359" timestamp="2023-04-01T21:08:17Z" user="pikappa79" uid="330007" lat="46.4146431" lon="11.5654418"/>
 <node id="9837276500" visible="true" version="1" changeset="122685787" timestamp="2022-06-21T21:03:44Z" user="pikappa79" uid="330007" lat="46.4147787" lon="11.5656762"/>
 <node id="9837276501" visible="true" version="1" changeset="122685787" timestamp="2022-06-21T21:03:44Z" user="pikappa79" uid="330007" lat="46.4148600" lon="11.5656193"/>
 <node id="9837276502" visible="true" version="1" changeset="122685787" timestamp="2022-06-21T21:03:44Z" user="pikappa79" uid="330007" lat="46.4149085" lon="11.5659783"/>
 <node id="9837276503" visible="true" version="1" changeset="122685787" timestamp="2022-06-21T21:03:44Z" user="pikappa79" uid="330007" lat="46.4148663" lon="11.5662147"/>
 <node id="9837276520" visible="true" version="2" changeset="166107132" timestamp="2025-05-11T12:48:08Z" user="pikappa79" uid="330007" lat="46.4136564" lon="11.5716488"/>
 <node id="9837276521" visible="true" version="2" changeset="166107132" timestamp="2025-05-11T12:48:08Z" user="pikappa79" uid="330007" lat="46.4134612" lon="11.5727051"/>
 <node id="9837276522" visible="true" version="2" changeset="166107132" timestamp="2025-05-11T12:48:08Z" user="pikappa79" uid="330007" lat="46.4133197" lon="11.5730667"/>
 <node id="9837276523" visible="true" version="1" changeset="122685787" timestamp="2022-06-21T21:03:44Z" user="pikappa79" uid="330007" lat="46.4133991" lon="11.5725200"/>
 <node id="9837276524" visible="true" version="1" changeset="122685787" timestamp="2022-06-21T21:03:44Z" user="pikappa79" uid="330007" lat="46.4134655" lon="11.5723142"/>
 <node id="9837276525" visible="true" version="1" changeset="122685787" timestamp="2022-06-21T21:03:44Z" user="pikappa79" uid="330007" lat="46.4135018" lon="11.5720777"/>
 <node id="9837276526" visible="true" version="1" changeset="122685787" timestamp="2022-06-21T21:03:44Z" user="pikappa79" uid="330007" lat="46.4135652" lon="11.5717625"/>
 <node id="9837276527" visible="true" version="1" changeset="122685787" timestamp="2022-06-21T21:03:44Z" user="pikappa79" uid="330007" lat="46.4134746" lon="11.5716005"/>
 <node id="9837276528" visible="true" version="1" changeset="122685787" timestamp="2022-06-21T21:03:44Z" user="pikappa79" uid="330007" lat="46.4133599" lon="11.5718500"/>
 <node id="9837276529" visible="true" version="1" changeset="122685787" timestamp="2022-06-21T21:03:44Z" user="pikappa79" uid="330007" lat="46.4132165" lon="11.5722923"/>
 <node id="9837276530" visible="true" version="1" changeset="122685787" timestamp="2022-06-21T21:03:44Z" user="pikappa79" uid="330007" lat="46.4131848" lon="11.5724346"/>
 <node id="9837276531" visible="true" version="1" changeset="122685787" timestamp="2022-06-21T21:03:44Z" user="pikappa79" uid="330007" lat="46.4132361" lon="11.5726491"/>
 <node id="9837276532" visible="true" version="1" changeset="122685787" timestamp="2022-06-21T21:03:44Z" user="pikappa79" uid="330007" lat="46.4131742" lon="11.5729381"/>
 <node id="9837276533" visible="true" version="1" changeset="122685787" timestamp="2022-06-21T21:03:44Z" user="pikappa79" uid="330007" lat="46.4131410" lon="11.5731242"/>
 <node id="9837276534" visible="true" version="1" changeset="122685787" timestamp="2022-06-21T21:03:44Z" user="pikappa79" uid="330007" lat="46.4131145" lon="11.5735864"/>
 <node id="9837276535" visible="true" version="1" changeset="122685787" timestamp="2022-06-21T21:03:44Z" user="pikappa79" uid="330007" lat="46.4131199" lon="11.5737745"/>
 <node id="9837276536" visible="true" version="1" changeset="122685787" timestamp="2022-06-21T21:03:44Z" user="pikappa79" uid="330007" lat="46.4129463" lon="11.5738401"/>
 <node id="9837276537" visible="true" version="1" changeset="122685787" timestamp="2022-06-21T21:03:44Z" user="pikappa79" uid="330007" lat="46.4128406" lon="11.5738752"/>
 <node id="9837276538" visible="true" version="1" changeset="122685787" timestamp="2022-06-21T21:03:44Z" user="pikappa79" uid="330007" lat="46.4127274" lon="11.5742824"/>
 <node id="9837276539" visible="true" version="1" changeset="122685787" timestamp="2022-06-21T21:03:44Z" user="pikappa79" uid="330007" lat="46.4127108" lon="11.5743678"/>
 <node id="9837276540" visible="true" version="1" changeset="122685787" timestamp="2022-06-21T21:03:44Z" user="pikappa79" uid="330007" lat="46.4125885" lon="11.5746217"/>
 <node id="9837276541" visible="true" version="1" changeset="122685787" timestamp="2022-06-21T21:03:44Z" user="pikappa79" uid="330007" lat="46.4125342" lon="11.5746874"/>
 <node id="9837276542" visible="true" version="1" changeset="122685787" timestamp="2022-06-21T21:03:44Z" user="pikappa79" uid="330007" lat="46.4125085" lon="11.5748888"/>
 <node id="9837276543" visible="true" version="1" changeset="122685787" timestamp="2022-06-21T21:03:44Z" user="pikappa79" uid="330007" lat="46.4126172" lon="11.5751975"/>
 <node id="9837276544" visible="true" version="2" changeset="166107132" timestamp="2025-05-11T12:48:08Z" user="pikappa79" uid="330007" lat="46.4127625" lon="11.5750891"/>
 <node id="9837276545" visible="true" version="2" changeset="166107132" timestamp="2025-05-11T12:48:08Z" user="pikappa79" uid="330007" lat="46.4128379" lon="11.5751245"/>
 <node id="9837276546" visible="true" version="2" changeset="166107132" timestamp="2025-05-11T12:48:08Z" user="pikappa79" uid="330007" lat="46.4129270" lon="11.5751086"/>
 <node id="9837276547" visible="true" version="1" changeset="122685787" timestamp="2022-06-21T21:03:44Z" user="pikappa79" uid="330007" lat="46.4128844" lon="11.5755478"/>
 <node id="9837276548" visible="true" version="1" changeset="122685787" timestamp="2022-06-21T21:03:44Z" user="pikappa79" uid="330007" lat="46.4128829" lon="11.5757711"/>
 <node id="9837276549" visible="true" version="1" changeset="122685787" timestamp="2022-06-21T21:03:44Z" user="pikappa79" uid="330007" lat="46.4128708" lon="11.5760404"/>
 <node id="9837276550" visible="true" version="1" changeset="122685787" timestamp="2022-06-21T21:03:44Z" user="pikappa79" uid="330007" lat="46.4127984" lon="11.5762484"/>
 <node id="9837276551" visible="true" version="1" changeset="122685787" timestamp="2022-06-21T21:03:44Z" user="pikappa79" uid="330007" lat="46.4125267" lon="11.5761696"/>
 <node id="9837276552" visible="true" version="1" changeset="122685787" timestamp="2022-06-21T21:03:44Z" user="pikappa79" uid="330007" lat="46.4124950" lon="11.5761499"/>
 <node id="9837276553" visible="true" version="1" changeset="122685787" timestamp="2022-06-21T21:03:44Z" user="pikappa79" uid="330007" lat="46.4124557" lon="11.5761083"/>
 <node id="9837276554" visible="true" version="1" changeset="122685787" timestamp="2022-06-21T21:03:44Z" user="pikappa79" uid="330007" lat="46.4123606" lon="11.5760907"/>
 <node id="9837276555" visible="true" version="1" changeset="122685787" timestamp="2022-06-21T21:03:44Z" user="pikappa79" uid="330007" lat="46.4122459" lon="11.5761586"/>
 <node id="9837276556" visible="true" version="2" changeset="166107132" timestamp="2025-05-11T12:48:08Z" user="pikappa79" uid="330007" lat="46.4117560" lon="11.5726918"/>
 <node id="9837276557" visible="true" version="2" changeset="166107132" timestamp="2025-05-11T12:48:08Z" user="pikappa79" uid="330007" lat="46.4115439" lon="11.5721215"/>
 <node id="9837276560" visible="true" version="3" changeset="166107132" timestamp="2025-05-11T12:48:08Z" user="pikappa79" uid="330007" lat="46.4113546" lon="11.5721285"/>
 <node id="9837276561" visible="true" version="3" changeset="166107132" timestamp="2025-05-11T12:48:08Z" user="pikappa79" uid="330007" lat="46.4112169" lon="11.5720845"/>
 <node id="9837276562" visible="true" version="2" changeset="166107132" timestamp="2025-05-11T12:48:08Z" user="pikappa79" uid="330007" lat="46.4111325" lon="11.5720995"/>
 <node id="9837276566" visible="true" version="2" changeset="166107132" timestamp="2025-05-11T12:48:08Z" user="pikappa79" uid="330007" lat="46.4108910" lon="11.5721242"/>
 <node id="9837276567" visible="true" version="2" changeset="166107132" timestamp="2025-05-11T12:48:08Z" user="pikappa79" uid="330007" lat="46.4106875" lon="11.5721610"/>
 <node id="9837276568" visible="true" version="2" changeset="166107132" timestamp="2025-05-11T12:48:08Z" user="pikappa79" uid="330007" lat="46.4105271" lon="11.5722157"/>
 <node id="9837276569" visible="true" version="2" changeset="166107132" timestamp="2025-05-11T12:48:08Z" user="pikappa79" uid="330007" lat="46.4104212" lon="11.5721180"/>
 <node id="9837276570" visible="true" version="2" changeset="166107132" timestamp="2025-05-11T12:48:08Z" user="pikappa79" uid="330007" lat="46.4103437" lon="11.5720509"/>
 <node id="9837276571" visible="true" version="2" changeset="166107132" timestamp="2025-05-11T12:48:08Z" user="pikappa79" uid="330007" lat="46.4102205" lon="11.5720691"/>
 <node id="9837276572" visible="true" version="2" changeset="166107132" timestamp="2025-05-11T12:48:08Z" user="pikappa79" uid="330007" lat="46.4100628" lon="11.5722855"/>
 <node id="9837276573" visible="true" version="2" changeset="166107132" timestamp="2025-05-11T12:48:08Z" user="pikappa79" uid="330007" lat="46.4099124" lon="11.5723838"/>
 <node id="9837276574" visible="true" version="2" changeset="166107132" timestamp="2025-05-11T12:48:08Z" user="pikappa79" uid="330007" lat="46.4096139" lon="11.5724782"/>
 <node id="9837276575" visible="true" version="1" changeset="122685787" timestamp="2022-06-21T21:03:44Z" user="pikappa79" uid="330007" lat="46.4094707" lon="11.5725370"/>
 <node id="9837276576" visible="true" version="1" changeset="122685787" timestamp="2022-06-21T21:03:44Z" user="pikappa79" uid="330007" lat="46.4093233" lon="11.5728298"/>
 <node id="9837276577" visible="true" version="1" changeset="122685787" timestamp="2022-06-21T21:03:44Z" user="pikappa79" uid="330007" lat="46.4095149" lon="11.5727443"/>
 <node id="9837276578" visible="true" version="1" changeset="122685787" timestamp="2022-06-21T21:03:44Z" user="pikappa79" uid="330007" lat="46.4095488" lon="11.5728233"/>
 <node id="9837276579" visible="true" version="1" changeset="122685787" timestamp="2022-06-21T21:03:44Z" user="pikappa79" uid="330007" lat="46.4094736" lon="11.5730156"/>
 <node id="9837276581" visible="true" version="2" changeset="166107132" timestamp="2025-05-11T12:48:08Z" user="pikappa79" uid="330007" lat="46.4095581" lon="11.5730572"/>
 <node id="9837276582" visible="true" version="2" changeset="166107132" timestamp="2025-05-11T12:48:08Z" user="pikappa79" uid="330007" lat="46.4096234" lon="11.5730375"/>
 <node id="9837276583" visible="true" version="2" changeset="166107132" timestamp="2025-05-11T12:48:08Z" user="pikappa79" uid="330007" lat="46.4097213" lon="11.5730893"/>
 <node id="9837276584" visible="true" version="2" changeset="134395359" timestamp="2023-04-01T21:08:17Z" user="pikappa79" uid="330007" lat="46.4099001" lon="11.5731097"/>
 <node id="9837276585" visible="true" version="1" changeset="122685787" timestamp="2022-06-21T21:03:44Z" user="pikappa79" uid="330007" lat="46.4099598" lon="11.5733468"/>
 <node id="9837276586" visible="true" version="1" changeset="122685787" timestamp="2022-06-21T21:03:44Z" user="pikappa79" uid="330007" lat="46.4101484" lon="11.5735776"/>
 <node id="9837276587" visible="true" version="1" changeset="122685787" timestamp="2022-06-21T21:03:44Z" user="pikappa79" uid="330007" lat="46.4102839" lon="11.5736246"/>
 <node id="9837276588" visible="true" version="1" changeset="122685787" timestamp="2022-06-21T21:03:44Z" user="pikappa79" uid="330007" lat="46.4105786" lon="11.5733340"/>
 <node id="9837276589" visible="true" version="1" changeset="122685787" timestamp="2022-06-21T21:03:44Z" user="pikappa79" uid="330007" lat="46.4107171" lon="11.5731545"/>
 <node id="9837276590" visible="true" version="1" changeset="122685787" timestamp="2022-06-21T21:03:44Z" user="pikappa79" uid="330007" lat="46.4108055" lon="11.5733169"/>
 <node id="9837276591" visible="true" version="1" changeset="122685787" timestamp="2022-06-21T21:03:44Z" user="pikappa79" uid="330007" lat="46.4108880" lon="11.5731887"/>
 <node id="9837276592" visible="true" version="1" changeset="122685787" timestamp="2022-06-21T21:03:44Z" user="pikappa79" uid="330007" lat="46.4110323" lon="11.5732443"/>
 <node id="9837276593" visible="true" version="2" changeset="166107132" timestamp="2025-05-11T12:48:08Z" user="pikappa79" uid="330007" lat="46.4111676" lon="11.5733419"/>
 <node id="9837276608" visible="true" version="1" changeset="122685787" timestamp="2022-06-21T21:03:44Z" user="pikappa79" uid="330007" lat="46.4115303" lon="11.5782400"/>
 <node id="9837276609" visible="true" version="1" changeset="122685787" timestamp="2022-06-21T21:03:44Z" user="pikappa79" uid="330007" lat="46.4115318" lon="11.5781182"/>
 <node id="9837276610" visible="true" version="1" changeset="122685787" timestamp="2022-06-21T21:03:44Z" user="pikappa79" uid="330007" lat="46.4115892" lon="11.5779451"/>
 <node id="9837276611" visible="true" version="1" changeset="122685787" timestamp="2022-06-21T21:03:44Z" user="pikappa79" uid="330007" lat="46.4116730" lon="11.5777275"/>
 <node id="9837276612" visible="true" version="1" changeset="122685787" timestamp="2022-06-21T21:03:44Z" user="pikappa79" uid="330007" lat="46.4115493" lon="11.5777400"/>
 <node id="9837276613" visible="true" version="1" changeset="122685787" timestamp="2022-06-21T21:03:44Z" user="pikappa79" uid="330007" lat="46.4115378" lon="11.5775148"/>
 <node id="9837276614" visible="true" version="1" changeset="122685787" timestamp="2022-06-21T21:03:44Z" user="pikappa79" uid="330007" lat="46.4114832" lon="11.5773312"/>
 <node id="9837276615" visible="true" version="1" changeset="122685787" timestamp="2022-06-21T21:03:44Z" user="pikappa79" uid="330007" lat="46.4114314" lon="11.5771185"/>
 <node id="9837276616" visible="true" version="1" changeset="122685787" timestamp="2022-06-21T21:03:44Z" user="pikappa79" uid="330007" lat="46.4113509" lon="11.5769058"/>
 <node id="9837276617" visible="true" version="2" changeset="166107132" timestamp="2025-05-11T12:48:08Z" user="pikappa79" uid="330007" lat="46.4112945" lon="11.5766869"/>
 <node id="9837276620" visible="true" version="1" changeset="122685787" timestamp="2022-06-21T21:03:44Z" user="pikappa79" uid="330007" lat="46.4095098" lon="11.5774542"/>
 <node id="9837276621" visible="true" version="1" changeset="122685787" timestamp="2022-06-21T21:03:44Z" user="pikappa79" uid="330007" lat="46.4095407" lon="11.5775234"/>
 <node id="9837276622" visible="true" version="1" changeset="122685787" timestamp="2022-06-21T21:03:44Z" user="pikappa79" uid="330007" lat="46.4095477" lon="11.5776700"/>
 <node id="9837276623" visible="true" version="1" changeset="122685787" timestamp="2022-06-21T21:03:44Z" user="pikappa79" uid="330007" lat="46.4095126" lon="11.5778308"/>
 <node id="9837276624" visible="true" version="1" changeset="122685787" timestamp="2022-06-21T21:03:44Z" user="pikappa79" uid="330007" lat="46.4094088" lon="11.5781320"/>
 <node id="9837276625" visible="true" version="1" changeset="122685787" timestamp="2022-06-21T21:03:44Z" user="pikappa79" uid="330007" lat="46.4093456" lon="11.5782195"/>
 <node id="9837276626" visible="true" version="1" changeset="122685787" timestamp="2022-06-21T21:03:44Z" user="pikappa79" uid="330007" lat="46.4093120" lon="11.5783763"/>
 <node id="9837276627" visible="true" version="1" changeset="122685787" timestamp="2022-06-21T21:03:44Z" user="pikappa79" uid="330007" lat="46.4093232" lon="11.5785656"/>
 <node id="9837276628" visible="true" version="1" changeset="122685787" timestamp="2022-06-21T21:03:44Z" user="pikappa79" uid="330007" lat="46.4091969" lon="11.5786897"/>
 <node id="9837276629" visible="true" version="1" changeset="122685787" timestamp="2022-06-21T21:03:44Z" user="pikappa79" uid="330007" lat="46.4091351" lon="11.5789136"/>
 <node id="9837276630" visible="true" version="1" changeset="122685787" timestamp="2022-06-21T21:03:44Z" user="pikappa79" uid="330007" lat="46.4091169" lon="11.5789808"/>
 <node id="9837276631" visible="true" version="1" changeset="122685787" timestamp="2022-06-21T21:03:44Z" user="pikappa79" uid="330007" lat="46.4091000" lon="11.5791375"/>
 <node id="9837276632" visible="true" version="1" changeset="122685787" timestamp="2022-06-21T21:03:44Z" user="pikappa79" uid="330007" lat="46.4089864" lon="11.5794225"/>
 <node id="9837276633" visible="true" version="1" changeset="122685787" timestamp="2022-06-21T21:03:44Z" user="pikappa79" uid="330007" lat="46.4088923" lon="11.5795710"/>
 <node id="9837276634" visible="true" version="1" changeset="122685787" timestamp="2022-06-21T21:03:44Z" user="pikappa79" uid="330007" lat="46.4087997" lon="11.5795527"/>
 <node id="9837276635" visible="true" version="1" changeset="122685787" timestamp="2022-06-21T21:03:44Z" user="pikappa79" uid="330007" lat="46.4086846" lon="11.5797461"/>
 <node id="9837276636" visible="true" version="1" changeset="122685787" timestamp="2022-06-21T21:03:44Z" user="pikappa79" uid="330007" lat="46.4086383" lon="11.5797726"/>
 <node id="9837276637" visible="true" version="1" changeset="122685787" timestamp="2022-06-21T21:03:44Z" user="pikappa79" uid="330007" lat="46.4085443" lon="11.5797380"/>
 <node id="9837276638" visible="true" version="1" changeset="122685787" timestamp="2022-06-21T21:03:44Z" user="pikappa79" uid="330007" lat="46.4084404" lon="11.5798010"/>
 <node id="9837276639" visible="true" version="1" changeset="122685787" timestamp="2022-06-21T21:03:44Z" user="pikappa79" uid="330007" lat="46.4083422" lon="11.5799130"/>
 <node id="9837276640" visible="true" version="1" changeset="122685787" timestamp="2022-06-21T21:03:44Z" user="pikappa79" uid="330007" lat="46.4082173" lon="11.5801003"/>
 <node id="9837276641" visible="true" version="1" changeset="122685787" timestamp="2022-06-21T21:03:44Z" user="pikappa79" uid="330007" lat="46.4082453" lon="11.5798316"/>
 <node id="9837276642" visible="true" version="1" changeset="122685787" timestamp="2022-06-21T21:03:44Z" user="pikappa79" uid="330007" lat="46.4083394" lon="11.5796911"/>
 <node id="9837276643" visible="true" version="1" changeset="122685787" timestamp="2022-06-21T21:03:44Z" user="pikappa79" uid="330007" lat="46.4085527" lon="11.5794998"/>
 <node id="9837276644" visible="true" version="1" changeset="122685787" timestamp="2022-06-21T21:03:44Z" user="pikappa79" uid="330007" lat="46.4083197" lon="11.5794754"/>
 <node id="9837276645" visible="true" version="1" changeset="122685787" timestamp="2022-06-21T21:03:44Z" user="pikappa79" uid="330007" lat="46.4082804" lon="11.5794001"/>
 <node id="9837276646" visible="true" version="1" changeset="122685787" timestamp="2022-06-21T21:03:44Z" user="pikappa79" uid="330007" lat="46.4082159" lon="11.5793838"/>
 <node id="9837276647" visible="true" version="1" changeset="122685787" timestamp="2022-06-21T21:03:44Z" user="pikappa79" uid="330007" lat="46.4080475" lon="11.5795710"/>
 <node id="9837276648" visible="true" version="1" changeset="122685787" timestamp="2022-06-21T21:03:44Z" user="pikappa79" uid="330007" lat="46.4078454" lon="11.5798275"/>
 <node id="9837276649" visible="true" version="1" changeset="122685787" timestamp="2022-06-21T21:03:44Z" user="pikappa79" uid="330007" lat="46.4078706" lon="11.5798682"/>
 <node id="9837276650" visible="true" version="1" changeset="122685787" timestamp="2022-06-21T21:03:44Z" user="pikappa79" uid="330007" lat="46.4079941" lon="11.5799415"/>
 <node id="9837276651" visible="true" version="1" changeset="122685787" timestamp="2022-06-21T21:03:44Z" user="pikappa79" uid="330007" lat="46.4080615" lon="11.5801613"/>
 <node id="9837276652" visible="true" version="1" changeset="122685787" timestamp="2022-06-21T21:03:44Z" user="pikappa79" uid="330007" lat="46.4079099" lon="11.5800677"/>
 <node id="9837276653" visible="true" version="1" changeset="122685787" timestamp="2022-06-21T21:03:44Z" user="pikappa79" uid="330007" lat="46.4077555" lon="11.5800026"/>
 <node id="9837276654" visible="true" version="1" changeset="122685787" timestamp="2022-06-21T21:03:44Z" user="pikappa79" uid="330007" lat="46.4076629" lon="11.5800758"/>
 <node id="9837276655" visible="true" version="1" changeset="122685787" timestamp="2022-06-21T21:03:44Z" user="pikappa79" uid="330007" lat="46.4074019" lon="11.5804666"/>
 <node id="9837276656" visible="true" version="1" changeset="122685787" timestamp="2022-06-21T21:03:44Z" user="pikappa79" uid="330007" lat="46.4073570" lon="11.5805969"/>
 <node id="9837276657" visible="true" version="1" changeset="122685787" timestamp="2022-06-21T21:03:44Z" user="pikappa79" uid="330007" lat="46.4071661" lon="11.5806946"/>
 <node id="9837276658" visible="true" version="1" changeset="122685787" timestamp="2022-06-21T21:03:44Z" user="pikappa79" uid="330007" lat="46.4069471" lon="11.5806213"/>
 <node id="9837276659" visible="true" version="1" changeset="122685787" timestamp="2022-06-21T21:03:44Z" user="pikappa79" uid="330007" lat="46.4067563" lon="11.5807068"/>
 <node id="9837276660" visible="true" version="1" changeset="122685787" timestamp="2022-06-21T21:03:44Z" user="pikappa79" uid="330007" lat="46.4064868" lon="11.5808411"/>
 <node id="9837276661" visible="true" version="1" changeset="122685787" timestamp="2022-06-21T21:03:44Z" user="pikappa79" uid="330007" lat="46.4056250" lon="11.5809063"/>
 <node id="9837276662" visible="true" version="1" changeset="122685787" timestamp="2022-06-21T21:03:44Z" user="pikappa79" uid="330007" lat="46.4054594" lon="11.5810854"/>
 <node id="9837276663" visible="true" version="1" changeset="122685787" timestamp="2022-06-21T21:03:44Z" user="pikappa79" uid="330007" lat="46.4053643" lon="11.5812586"/>
 <node id="9837276664" visible="true" version="1" changeset="122685787" timestamp="2022-06-21T21:03:44Z" user="pikappa79" uid="330007" lat="46.4053096" lon="11.5813619"/>
 <node id="9837276665" visible="true" version="1" changeset="122685787" timestamp="2022-06-21T21:03:44Z" user="pikappa79" uid="330007" lat="46.4050904" lon="11.5817672"/>
 <node id="9837276666" visible="true" version="1" changeset="122685787" timestamp="2022-06-21T21:03:44Z" user="pikappa79" uid="330007" lat="46.4047233" lon="11.5816242"/>
 <node id="9837276667" visible="true" version="2" changeset="166107132" timestamp="2025-05-11T12:48:08Z" user="pikappa79" uid="330007" lat="46.4047138" lon="11.5813304"/>
 <node id="9837276668" visible="true" version="2" changeset="166107132" timestamp="2025-05-11T12:48:08Z" user="pikappa79" uid="330007" lat="46.4042488" lon="11.5815293"/>
 <node id="9837276669" visible="true" version="2" changeset="166107132" timestamp="2025-05-11T12:48:08Z" user="pikappa79" uid="330007" lat="46.4040959" lon="11.5815466"/>
 <node id="9837276670" visible="true" version="2" changeset="166107132" timestamp="2025-05-11T12:48:08Z" user="pikappa79" uid="330007" lat="46.4037981" lon="11.5814409"/>
 <node id="9837276671" visible="true" version="2" changeset="166107132" timestamp="2025-05-11T12:48:08Z" user="pikappa79" uid="330007" lat="46.4030258" lon="11.5817141"/>
 <node id="9837276672" visible="true" version="2" changeset="166107132" timestamp="2025-05-11T12:48:08Z" user="pikappa79" uid="330007" lat="46.4028963" lon="11.5821193"/>
 <node id="9837276673" visible="true" version="2" changeset="166107132" timestamp="2025-05-11T12:48:08Z" user="pikappa79" uid="330007" lat="46.4030477" lon="11.5830685"/>
 <node id="9837276674" visible="true" version="2" changeset="166107132" timestamp="2025-05-11T12:48:08Z" user="pikappa79" uid="330007" lat="46.4027814" lon="11.5831333"/>
 <node id="9837276675" visible="true" version="2" changeset="166107132" timestamp="2025-05-11T12:48:08Z" user="pikappa79" uid="330007" lat="46.4024635" lon="11.5834611"/>
 <node id="9837276676" visible="true" version="2" changeset="166107132" timestamp="2025-05-11T12:48:08Z" user="pikappa79" uid="330007" lat="46.4027013" lon="11.5840994"/>
 <node id="9837276677" visible="true" version="1" changeset="122685787" timestamp="2022-06-21T21:03:44Z" user="pikappa79" uid="330007" lat="46.4025808" lon="11.5848741"/>
 <node id="9837276678" visible="true" version="1" changeset="122685787" timestamp="2022-06-21T21:03:44Z" user="pikappa79" uid="330007" lat="46.4025424" lon="11.5853191"/>
 <node id="9837276679" visible="true" version="1" changeset="122685787" timestamp="2022-06-21T21:03:44Z" user="pikappa79" uid="330007" lat="46.4025534" lon="11.5858912"/>
 <node id="9837276800" visible="true" version="1" changeset="122685787" timestamp="2022-06-21T21:03:44Z" user="pikappa79" uid="330007" lat="46.3996765" lon="11.5977708"/>
 <node id="9837276801" visible="true" version="1" changeset="122685787" timestamp="2022-06-21T21:03:44Z" user="pikappa79" uid="330007" lat="46.3996327" lon="11.5974966"/>
 <node id="9837276802" visible="true" version="1" changeset="122685787" timestamp="2022-06-21T21:03:44Z" user="pikappa79" uid="330007" lat="46.3997231" lon="11.5968808"/>
 <node id="9837276803" visible="true" version="1" changeset="122685787" timestamp="2022-06-21T21:03:44Z" user="pikappa79" uid="330007" lat="46.3998108" lon="11.5961935"/>
 <node id="9837276804" visible="true" version="1" changeset="122685787" timestamp="2022-06-21T21:03:44Z" user="pikappa79" uid="330007" lat="46.3999314" lon="11.5958279"/>
 <node id="9837276805" visible="true" version="1" changeset="122685787" timestamp="2022-06-21T21:03:44Z" user="pikappa79" uid="330007" lat="46.4001368" lon="11.5954902"/>
 <node id="9837276806" visible="true" version="1" changeset="122685787" timestamp="2022-06-21T21:03:44Z" user="pikappa79" uid="330007" lat="46.4002382" lon="11.5963007"/>
 <node id="9837276807" visible="true" version="1" changeset="122685787" timestamp="2022-06-21T21:03:44Z" user="pikappa79" uid="330007" lat="46.4002656" lon="11.5964557"/>
 <node id="9837276808" visible="true" version="1" changeset="122685787" timestamp="2022-06-21T21:03:44Z" user="pikappa79" uid="330007" lat="46.4002245" lon="11.5972225"/>
 <node id="9837276809" visible="true" version="1" changeset="122685787" timestamp="2022-06-21T21:03:44Z" user="pikappa79" uid="330007" lat="46.4003204" lon="11.5974966"/>
 <node id="9837276810" visible="true" version="2" changeset="134395359" timestamp="2023-04-01T21:08:17Z" user="pikappa79" uid="330007" lat="46.4005070" lon="11.5969109"/>
 <node id="9837276811" visible="true" version="3" changeset="166107132" timestamp="2025-05-11T12:48:08Z" user="pikappa79" uid="330007" lat="46.4004865" lon="11.5961436"/>
 <node id="9837276812" visible="true" version="2" changeset="166107132" timestamp="2025-05-11T12:48:08Z" user="pikappa79" uid="330007" lat="46.4004972" lon="11.5954659"/>
 <node id="9837276813" visible="true" version="2" changeset="166107132" timestamp="2025-05-11T12:48:08Z" user="pikappa79" uid="330007" lat="46.4009317" lon="11.5952651"/>
 <node id="9837276814" visible="true" version="2" changeset="134395359" timestamp="2023-04-01T21:08:17Z" user="pikappa79" uid="330007" lat="46.4011118" lon="11.5956308"/>
 <node id="9837276821" visible="true" version="3" changeset="166107132" timestamp="2025-05-11T12:48:08Z" user="pikappa79" uid="330007" lat="46.4013391" lon="11.5953655"/>
 <node id="9837277542" visible="true" version="1" changeset="122685787" timestamp="2022-06-21T21:03:49Z" user="pikappa79" uid="330007" lat="46.3995779" lon="11.5982356"/>
 <node id="9837277543" visible="true" version="1" changeset="122685787" timestamp="2022-06-21T21:03:49Z" user="pikappa79" uid="330007" lat="46.3996026" lon="11.5984502"/>
 <node id="9837277544" visible="true" version="1" changeset="122685787" timestamp="2022-06-21T21:03:49Z" user="pikappa79" uid="330007" lat="46.3996327" lon="11.5988952"/>
 <node id="9837277545" visible="true" version="1" changeset="122685787" timestamp="2022-06-21T21:03:49Z" user="pikappa79" uid="330007" lat="46.3996026" lon="11.5990859"/>
 <node id="9837277546" visible="true" version="1" changeset="122685787" timestamp="2022-06-21T21:03:49Z" user="pikappa79" uid="330007" lat="46.3995423" lon="11.5993679"/>
 <node id="9837277547" visible="true" version="1" changeset="122685787" timestamp="2022-06-21T21:03:49Z" user="pikappa79" uid="330007" lat="46.3994875" lon="11.6001189"/>
 <node id="9837277548" visible="true" version="1" changeset="122685787" timestamp="2022-06-21T21:03:49Z" user="pikappa79" uid="330007" lat="46.3994847" lon="11.6004407"/>
 <node id="9837277549" visible="true" version="1" changeset="122685787" timestamp="2022-06-21T21:03:49Z" user="pikappa79" uid="330007" lat="46.3995450" lon="11.6007744"/>
 <node id="9837277550" visible="true" version="1" changeset="122685787" timestamp="2022-06-21T21:03:49Z" user="pikappa79" uid="330007" lat="46.3995450" lon="11.6010605"/>
 <node id="9837277551" visible="true" version="1" changeset="122685787" timestamp="2022-06-21T21:03:49Z" user="pikappa79" uid="330007" lat="46.3995094" lon="11.6013346"/>
 <node id="9837277552" visible="true" version="1" changeset="122685787" timestamp="2022-06-21T21:03:49Z" user="pikappa79" uid="330007" lat="46.3995615" lon="11.6015531"/>
 <node id="9837277553" visible="true" version="1" changeset="122685787" timestamp="2022-06-21T21:03:49Z" user="pikappa79" uid="330007" lat="46.3996464" lon="11.6017478"/>
 <node id="9837277554" visible="true" version="1" changeset="122685787" timestamp="2022-06-21T21:03:49Z" user="pikappa79" uid="330007" lat="46.3995313" lon="11.6017876"/>
 <node id="9837277555" visible="true" version="1" changeset="122685787" timestamp="2022-06-21T21:03:49Z" user="pikappa79" uid="330007" lat="46.3992162" lon="11.6017677"/>
 <node id="9837277556" visible="true" version="1" changeset="122685787" timestamp="2022-06-21T21:03:49Z" user="pikappa79" uid="330007" lat="46.3990820" lon="11.6015929"/>
 <node id="9837277557" visible="true" version="1" changeset="122685787" timestamp="2022-06-21T21:03:49Z" user="pikappa79" uid="330007" lat="46.3990244" lon="11.6015690"/>
 <node id="9837277558" visible="true" version="1" changeset="122685787" timestamp="2022-06-21T21:03:49Z" user="pikappa79" uid="330007" lat="46.3989258" lon="11.6015372"/>
 <node id="9837277559" visible="true" version="1" changeset="122685787" timestamp="2022-06-21T21:03:49Z" user="pikappa79" uid="330007" lat="46.3986189" lon="11.6015929"/>
 <node id="9837277560" visible="true" version="1" changeset="122685787" timestamp="2022-06-21T21:03:49Z" user="pikappa79" uid="330007" lat="46.3982956" lon="11.6019663"/>
 <node id="9837277561" visible="true" version="1" changeset="122685787" timestamp="2022-06-21T21:03:49Z" user="pikappa79" uid="330007" lat="46.3979691" lon="11.6020570"/>
 <node id="9837277614" visible="true" version="2" changeset="166107132" timestamp="2025-05-11T12:48:08Z" user="pikappa79" uid="330007" lat="46.4016216" lon="11.5952531"/>
 <node id="9837277615" visible="true" version="1" changeset="122685787" timestamp="2022-06-21T21:03:49Z" user="pikappa79" uid="330007" lat="46.4017379" lon="11.5951780"/>
 <node id="9837277616" visible="true" version="1" changeset="122685787" timestamp="2022-06-21T21:03:49Z" user="pikappa79" uid="330007" lat="46.4018130" lon="11.5950838"/>
 <node id="9837277617" visible="true" version="1" changeset="122685787" timestamp="2022-06-21T21:03:49Z" user="pikappa79" uid="330007" lat="46.4018742" lon="11.5950505"/>
 <node id="9837277618" visible="true" version="1" changeset="122685787" timestamp="2022-06-21T21:03:49Z" user="pikappa79" uid="330007" lat="46.4020130" lon="11.5948455"/>
 <node id="9837277619" visible="true" version="1" changeset="122685787" timestamp="2022-06-21T21:03:49Z" user="pikappa79" uid="330007" lat="46.4020983" lon="11.5947458"/>
 <node id="9837277620" visible="true" version="1" changeset="122685787" timestamp="2022-06-21T21:03:49Z" user="pikappa79" uid="330007" lat="46.4021633" lon="11.5945870"/>
 <node id="9837277621" visible="true" version="2" changeset="166107132" timestamp="2025-05-11T12:48:08Z" user="pikappa79" uid="330007" lat="46.4022329" lon="11.5940637"/>
 <node id="9837277622" visible="true" version="2" changeset="166107132" timestamp="2025-05-11T12:48:08Z" user="pikappa79" uid="330007" lat="46.4024780" lon="11.5939681"/>
 <node id="9837277623" visible="true" version="2" changeset="166107132" timestamp="2025-05-11T12:48:08Z" user="pikappa79" uid="330007" lat="46.4025849" lon="11.5940432"/>
 <node id="9837277624" visible="true" version="1" changeset="122685787" timestamp="2022-06-21T21:03:49Z" user="pikappa79" uid="330007" lat="46.4025818" lon="11.5944101"/>
 <node id="9837277625" visible="true" version="1" changeset="122685787" timestamp="2022-06-21T21:03:49Z" user="pikappa79" uid="330007" lat="46.4026439" lon="11.5944948"/>
 <node id="9837277626" visible="true" version="1" changeset="122685787" timestamp="2022-06-21T21:03:49Z" user="pikappa79" uid="330007" lat="46.4027148" lon="11.5947147"/>
 <node id="9837277627" visible="true" version="1" changeset="122685787" timestamp="2022-06-21T21:03:49Z" user="pikappa79" uid="330007" lat="46.4027433" lon="11.5948337"/>
 <node id="9837277628" visible="true" version="1" changeset="122685787" timestamp="2022-06-21T21:03:49Z" user="pikappa79" uid="330007" lat="46.4028378" lon="11.5947543"/>
 <node id="9837277632" visible="true" version="1" changeset="122685787" timestamp="2022-06-21T21:03:49Z" user="pikappa79" uid="330007" lat="46.4030305" lon="11.5944677"/>
 <node id="9837277633" visible="true" version="1" changeset="122685787" timestamp="2022-06-21T21:03:49Z" user="pikappa79" uid="330007" lat="46.4032343" lon="11.5941793"/>
 <node id="9837277634" visible="true" version="1" changeset="122685787" timestamp="2022-06-21T21:03:49Z" user="pikappa79" uid="330007" lat="46.4032741" lon="11.5939883"/>
 <node id="9837277635" visible="true" version="1" changeset="122685787" timestamp="2022-06-21T21:03:49Z" user="pikappa79" uid="330007" lat="46.4032592" lon="11.5937359"/>
 <node id="9837277636" visible="true" version="1" changeset="122685787" timestamp="2022-06-21T21:03:49Z" user="pikappa79" uid="330007" lat="46.4032169" lon="11.5934583"/>
 <node id="9837277637" visible="true" version="1" changeset="122685787" timestamp="2022-06-21T21:03:49Z" user="pikappa79" uid="330007" lat="46.4035078" lon="11.5931844"/>
 <node id="9837277638" visible="true" version="2" changeset="166107132" timestamp="2025-05-11T12:48:08Z" user="pikappa79" uid="330007" lat="46.4035490" lon="11.5930390"/>
 <node id="9837277639" visible="true" version="2" changeset="166107132" timestamp="2025-05-11T12:48:08Z" user="pikappa79" uid="330007" lat="46.4032717" lon="11.5929267"/>
 <node id="9837277640" visible="true" version="2" changeset="166107132" timestamp="2025-05-11T12:48:08Z" user="pikappa79" uid="330007" lat="46.4033118" lon="11.5926279"/>
 <node id="9837277641" visible="true" version="2" changeset="166107132" timestamp="2025-05-11T12:48:08Z" user="pikappa79" uid="330007" lat="46.4035662" lon="11.5925542"/>
 <node id="9837277642" visible="true" version="1" changeset="122685787" timestamp="2022-06-21T21:03:49Z" user="pikappa79" uid="330007" lat="46.4034307" lon="11.5924021"/>
 <node id="9837277643" visible="true" version="1" changeset="122685787" timestamp="2022-06-21T21:03:49Z" user="pikappa79" uid="330007" lat="46.4036495" lon="11.5922651"/>
 <node id="9837277644" visible="true" version="1" changeset="122685787" timestamp="2022-06-21T21:03:49Z" user="pikappa79" uid="330007" lat="46.4036719" lon="11.5921389"/>
 <node id="9837277645" visible="true" version="1" changeset="122685787" timestamp="2022-06-21T21:03:49Z" user="pikappa79" uid="330007" lat="46.4035525" lon="11.5920091"/>
 <node id="9837277646" visible="true" version="1" changeset="122685787" timestamp="2022-06-21T21:03:49Z" user="pikappa79" uid="330007" lat="46.4035451" lon="11.5917640"/>
 <node id="9837277647" visible="true" version="1" changeset="122685787" timestamp="2022-06-21T21:03:49Z" user="pikappa79" uid="330007" lat="46.4036072" lon="11.5917604"/>
 <node id="9837277648" visible="true" version="1" changeset="122685787" timestamp="2022-06-21T21:03:49Z" user="pikappa79" uid="330007" lat="46.4037166" lon="11.5919478"/>
 <node id="9837277649" visible="true" version="1" changeset="122685787" timestamp="2022-06-21T21:03:49Z" user="pikappa79" uid="330007" lat="46.4038111" lon="11.5918902"/>
 <node id="9837277650" visible="true" version="1" changeset="122685787" timestamp="2022-06-21T21:03:49Z" user="pikappa79" uid="330007" lat="46.4038384" lon="11.5915873"/>
 <node id="9837277651" visible="true" version="1" changeset="122685787" timestamp="2022-06-21T21:03:49Z" user="pikappa79" uid="330007" lat="46.4038409" lon="11.5914684"/>
 <node id="9837277652" visible="true" version="2" changeset="166107132" timestamp="2025-05-11T12:48:08Z" user="pikappa79" uid="330007" lat="46.4037153" lon="11.5910279"/>
 <node id="9837277653" visible="true" version="2" changeset="166107132" timestamp="2025-05-11T12:48:08Z" user="pikappa79" uid="330007" lat="46.4039174" lon="11.5908812"/>
 <node id="9837277654" visible="true" version="2" changeset="166107132" timestamp="2025-05-11T12:48:08Z" user="pikappa79" uid="330007" lat="46.4040432" lon="11.5907498"/>
 <node id="9837277655" visible="true" version="1" changeset="122685787" timestamp="2022-06-21T21:03:49Z" user="pikappa79" uid="330007" lat="46.4041367" lon="11.5906320"/>
 <node id="9837277656" visible="true" version="1" changeset="122685787" timestamp="2022-06-21T21:03:49Z" user="pikappa79" uid="330007" lat="46.4041218" lon="11.5904770"/>
 <node id="9837277657" visible="true" version="1" changeset="122685787" timestamp="2022-06-21T21:03:49Z" user="pikappa79" uid="330007" lat="46.4042262" lon="11.5900840"/>
 <node id="9837277658" visible="true" version="1" changeset="122685787" timestamp="2022-06-21T21:03:49Z" user="pikappa79" uid="330007" lat="46.4041342" lon="11.5898677"/>
 <node id="9837277659" visible="true" version="1" changeset="122685787" timestamp="2022-06-21T21:03:49Z" user="pikappa79" uid="330007" lat="46.4042212" lon="11.5897380"/>
 <node id="9837277660" visible="true" version="1" changeset="122685787" timestamp="2022-06-21T21:03:49Z" user="pikappa79" uid="330007" lat="46.4042287" lon="11.5895289"/>
 <node id="9837277661" visible="true" version="1" changeset="122685787" timestamp="2022-06-21T21:03:49Z" user="pikappa79" uid="330007" lat="46.4041317" lon="11.5893378"/>
 <node id="9837277662" visible="true" version="1" changeset="122685787" timestamp="2022-06-21T21:03:49Z" user="pikappa79" uid="330007" lat="46.4041243" lon="11.5891503"/>
 <node id="9837277663" visible="true" version="2" changeset="166107132" timestamp="2025-05-11T12:48:08Z" user="pikappa79" uid="330007" lat="46.4039706" lon="11.5889380"/>
 <node id="9837277664" visible="true" version="2" changeset="166107132" timestamp="2025-05-11T12:48:08Z" user="pikappa79" uid="330007" lat="46.4042440" lon="11.5886593"/>
 <node id="9837277665" visible="true" version="1" changeset="122685787" timestamp="2022-06-21T21:03:49Z" user="pikappa79" uid="330007" lat="46.4042088" lon="11.5884906"/>
 <node id="9837277666" visible="true" version="2" changeset="166107132" timestamp="2025-05-11T12:48:08Z" user="pikappa79" uid="330007" lat="46.4040941" lon="11.5882238"/>
 <node id="9838314983" visible="true" version="1" changeset="122703471" timestamp="2022-06-22T09:54:10Z" user="pikappa79" uid="330007" lat="46.4017231" lon="11.5852278"/>
 <node id="9838314984" visible="true" version="1" changeset="122703471" timestamp="2022-06-22T09:54:10Z" user="pikappa79" uid="330007" lat="46.4017527" lon="11.5849596"/>
 <node id="9838314985" visible="true" version="1" changeset="122703471" timestamp="2022-06-22T09:54:10Z" user="pikappa79" uid="330007" lat="46.4019377" lon="11.5846914"/>
 <node id="9838314986" visible="true" version="1" changeset="122703471" timestamp="2022-06-22T09:54:10Z" user="pikappa79" uid="330007" lat="46.4019932" lon="11.5843105"/>
 <node id="9838314987" visible="true" version="1" changeset="122703471" timestamp="2022-06-22T09:54:10Z" user="pikappa79" uid="330007" lat="46.4017897" lon="11.5842032"/>
 <node id="9838314988" visible="true" version="1" changeset="122703471" timestamp="2022-06-22T09:54:10Z" user="pikappa79" uid="330007" lat="46.4016417" lon="11.5842032"/>
 <node id="9838314989" visible="true" version="1" changeset="122703471" timestamp="2022-06-22T09:54:10Z" user="pikappa79" uid="330007" lat="46.4013606" lon="11.5843159"/>
 <node id="9838314990" visible="true" version="1" changeset="122703471" timestamp="2022-06-22T09:54:10Z" user="pikappa79" uid="330007" lat="46.4010646" lon="11.5844178"/>
 <node id="9838314991" visible="true" version="1" changeset="122703471" timestamp="2022-06-22T09:54:10Z" user="pikappa79" uid="330007" lat="46.4007909" lon="11.5847236"/>
 <node id="9838314996" visible="true" version="2" changeset="166107132" timestamp="2025-05-11T12:48:08Z" user="pikappa79" uid="330007" lat="46.4003637" lon="11.5848926"/>
 <node id="9838315005" visible="true" version="1" changeset="122703471" timestamp="2022-06-22T09:54:10Z" user="pikappa79" uid="330007" lat="46.4005023" lon="11.5853459"/>
 <node id="9838315006" visible="true" version="1" changeset="122703471" timestamp="2022-06-22T09:54:10Z" user="pikappa79" uid="330007" lat="46.4005171" lon="11.5856624"/>
 <node id="9838315007" visible="true" version="1" changeset="122703471" timestamp="2022-06-22T09:54:10Z" user="pikappa79" uid="330007" lat="46.4004912" lon="11.5862256"/>
 <node id="9838315008" visible="true" version="1" changeset="122703471" timestamp="2022-06-22T09:54:10Z" user="pikappa79" uid="330007" lat="46.4005060" lon="11.5866870"/>
 <node id="9838315009" visible="true" version="1" changeset="122703471" timestamp="2022-06-22T09:54:10Z" user="pikappa79" uid="330007" lat="46.4006503" lon="11.5873039"/>
 <node id="9838315010" visible="true" version="2" changeset="166107132" timestamp="2025-05-11T12:48:08Z" user="pikappa79" uid="330007" lat="46.4009287" lon="11.5875905"/>
 <node id="9838315011" visible="true" version="1" changeset="122703471" timestamp="2022-06-22T09:54:10Z" user="pikappa79" uid="330007" lat="46.4017638" lon="11.5854371"/>
 <node id="9838315012" visible="true" version="1" changeset="122703471" timestamp="2022-06-22T09:54:10Z" user="pikappa79" uid="330007" lat="46.4017453" lon="11.5855122"/>
 <node id="9838315013" visible="true" version="1" changeset="122703471" timestamp="2022-06-22T09:54:10Z" user="pikappa79" uid="330007" lat="46.4017157" lon="11.5860432"/>
 <node id="9838315014" visible="true" version="1" changeset="122703471" timestamp="2022-06-22T09:54:10Z" user="pikappa79" uid="330007" lat="46.4016084" lon="11.5858662"/>
 <node id="9838315015" visible="true" version="1" changeset="122703471" timestamp="2022-06-22T09:54:10Z" user="pikappa79" uid="330007" lat="46.4014900" lon="11.5856516"/>
 <node id="9838315016" visible="true" version="1" changeset="122703471" timestamp="2022-06-22T09:54:10Z" user="pikappa79" uid="330007" lat="46.4015566" lon="11.5862310"/>
 <node id="9838315017" visible="true" version="1" changeset="122703471" timestamp="2022-06-22T09:54:10Z" user="pikappa79" uid="330007" lat="46.4016177" lon="11.5864992"/>
 <node id="9838315018" visible="true" version="1" changeset="122703471" timestamp="2022-06-22T09:54:10Z" user="pikappa79" uid="330007" lat="46.4015807" lon="11.5866441"/>
 <node id="9838315019" visible="true" version="1" changeset="122703471" timestamp="2022-06-22T09:54:10Z" user="pikappa79" uid="330007" lat="46.4015159" lon="11.5867031"/>
 <node id="9838315020" visible="true" version="1" changeset="122703471" timestamp="2022-06-22T09:54:10Z" user="pikappa79" uid="330007" lat="46.4014549" lon="11.5867835"/>
 <node id="9838315021" visible="true" version="1" changeset="122703471" timestamp="2022-06-22T09:54:10Z" user="pikappa79" uid="330007" lat="46.4015030" lon="11.5869713"/>
 <node id="9838315022" visible="true" version="1" changeset="122703471" timestamp="2022-06-22T09:54:10Z" user="pikappa79" uid="330007" lat="46.4014364" lon="11.5871349"/>
 <node id="9838315023" visible="true" version="1" changeset="122703471" timestamp="2022-06-22T09:54:10Z" user="pikappa79" uid="330007" lat="46.4013199" lon="11.5873414"/>
 <node id="9838315024" visible="true" version="1" changeset="122703471" timestamp="2022-06-22T09:54:10Z" user="pikappa79" uid="330007" lat="46.4011701" lon="11.5874487"/>
 <node id="9838315025" visible="true" version="1" changeset="122703471" timestamp="2022-06-22T09:54:10Z" user="pikappa79" uid="330007" lat="46.4013217" lon="11.5875936"/>
 <node id="9838315026" visible="true" version="1" changeset="122703471" timestamp="2022-06-22T09:54:10Z" user="pikappa79" uid="330007" lat="46.4013865" lon="11.5877277"/>
 <node id="9838315027" visible="true" version="1" changeset="122703471" timestamp="2022-06-22T09:54:10Z" user="pikappa79" uid="330007" lat="46.4013106" lon="11.5879664"/>
 <node id="9838315028" visible="true" version="1" changeset="122703471" timestamp="2022-06-22T09:54:10Z" user="pikappa79" uid="330007" lat="46.4012607" lon="11.5882882"/>
 <node id="9838315029" visible="true" version="1" changeset="122703471" timestamp="2022-06-22T09:54:10Z" user="pikappa79" uid="330007" lat="46.4011996" lon="11.5884277"/>
 <node id="9838315030" visible="true" version="2" changeset="166107132" timestamp="2025-05-11T12:48:08Z" user="pikappa79" uid="330007" lat="46.4009660" lon="11.5885838"/>
 <node id="9851104644" visible="true" version="2" changeset="156062971" timestamp="2024-09-01T16:40:38Z" user="Aiman" uid="67550" lat="46.4088693" lon="11.5769688">
  <tag k="amenity" v="bench"/>
  <tag k="armrest" v="no"/>
  <tag k="backrest" v="yes"/>
  <tag k="colour" v="brown"/>
  <tag k="material" v="wood"/>
 </node>
 <node id="9851104778" visible="true" version="2" changeset="156062971" timestamp="2024-09-01T16:40:38Z" user="Aiman" uid="67550" lat="46.4089650" lon="11.5764869">
  <tag k="amenity" v="bench"/>
  <tag k="armrest" v="no"/>
  <tag k="backrest" v="yes"/>
  <tag k="colour" v="brown"/>
  <tag k="material" v="wood"/>
 </node>
 <node id="9851131316" visible="true" version="3" changeset="183790304" timestamp="2026-06-07T16:46:43Z" user="Marco Tamburini" uid="19653888" lat="46.4090552" lon="11.5764013">
  <tag k="amenity" v="bench"/>
  <tag k="armrest" v="no"/>
  <tag k="backrest" v="yes"/>
  <tag k="colour" v="brown"/>
  <tag k="material" v="wood"/>
 </node>
 <node id="9851131476" visible="true" version="2" changeset="156062971" timestamp="2024-09-01T16:40:38Z" user="Aiman" uid="67550" lat="46.4086052" lon="11.5763973">
  <tag k="amenity" v="bench"/>
  <tag k="armrest" v="no"/>
  <tag k="backrest" v="yes"/>
  <tag k="colour" v="brown"/>
  <tag k="material" v="wood"/>
 </node>
 <node id="9851131477" visible="true" version="2" changeset="156062971" timestamp="2024-09-01T16:40:38Z" user="Aiman" uid="67550" lat="46.4085357" lon="11.5764013">
  <tag k="amenity" v="bench"/>
  <tag k="armrest" v="no"/>
  <tag k="backrest" v="yes"/>
  <tag k="colour" v="brown"/>
  <tag k="material" v="wood"/>
 </node>
 <node id="9851131582" visible="true" version="2" changeset="156062971" timestamp="2024-09-01T16:40:38Z" user="Aiman" uid="67550" lat="46.4098342" lon="11.5769624">
  <tag k="amenity" v="bench"/>
  <tag k="armrest" v="no"/>
  <tag k="backrest" v="yes"/>
  <tag k="colour" v="brown"/>
  <tag k="material" v="wood"/>
 </node>
 <node id="9851131583" visible="true" version="2" changeset="156062971" timestamp="2024-09-01T16:40:38Z" user="Aiman" uid="67550" lat="46.4093772" lon="11.5774230">
  <tag k="amenity" v="bench"/>
  <tag k="armrest" v="no"/>
  <tag k="backrest" v="yes"/>
  <tag k="colour" v="brown"/>
  <tag k="material" v="wood"/>
 </node>
 <node id="9851131584" visible="true" version="2" changeset="156062971" timestamp="2024-09-01T16:40:38Z" user="Aiman" uid="67550" lat="46.4098093" lon="11.5769878">
  <tag k="amenity" v="bench"/>
  <tag k="armrest" v="no"/>
  <tag k="backrest" v="yes"/>
  <tag k="colour" v="brown"/>
  <tag k="material" v="wood"/>
 </node>
 <node id="9851131585" visible="true" version="2" changeset="156062971" timestamp="2024-09-01T16:40:38Z" user="Aiman" uid="67550" lat="46.4092787" lon="11.5773900">
  <tag k="amenity" v="bench"/>
  <tag k="armrest" v="no"/>
  <tag k="backrest" v="yes"/>
  <tag k="colour" v="brown"/>
  <tag k="material" v="wood"/>
 </node>
 <node id="9851131586" visible="true" version="2" changeset="156062971" timestamp="2024-09-01T16:40:38Z" user="Aiman" uid="67550" lat="46.4098674" lon="11.5769293">
  <tag k="amenity" v="bench"/>
  <tag k="armrest" v="no"/>
  <tag k="backrest" v="yes"/>
  <tag k="colour" v="brown"/>
  <tag k="material" v="wood"/>
 </node>
 <node id="9851134417" visible="true" version="2" changeset="156062971" timestamp="2024-09-01T16:40:38Z" user="Aiman" uid="67550" lat="46.4091072" lon="11.5762667">
  <tag k="amenity" v="bench"/>
  <tag k="armrest" v="no"/>
  <tag k="backrest" v="yes"/>
  <tag k="colour" v="brown"/>
  <tag k="material" v="wood"/>
 </node>
 <node id="9872593083" visible="true" version="1" changeset="123324760" timestamp="2022-07-07T15:09:17Z" user="Bierphysik" uid="449257" lat="46.4084760" lon="11.5753382"/>
 <node id="9872593084" visible="true" version="1" changeset="123324760" timestamp="2022-07-07T15:09:17Z" user="Bierphysik" uid="449257" lat="46.4084584" lon="11.5753390"/>
 <node id="9872593085" visible="true" version="1" changeset="123324760" timestamp="2022-07-07T15:09:17Z" user="Bierphysik" uid="449257" lat="46.4084315" lon="11.5753446"/>
 <node id="9872593086" visible="true" version="1" changeset="123324760" timestamp="2022-07-07T15:09:17Z" user="Bierphysik" uid="449257" lat="46.4084040" lon="11.5753606"/>
 <node id="9872593087" visible="true" version="1" changeset="123324760" timestamp="2022-07-07T15:09:17Z" user="Bierphysik" uid="449257" lat="46.4083693" lon="11.5753861"/>
 <node id="9872593088" visible="true" version="1" changeset="123324760" timestamp="2022-07-07T15:09:17Z" user="Bierphysik" uid="449257" lat="46.4083418" lon="11.5754323"/>
 <node id="9872593089" visible="true" version="1" changeset="123324760" timestamp="2022-07-07T15:09:17Z" user="Bierphysik" uid="449257" lat="46.4083171" lon="11.5754746"/>
 <node id="9891336290" visible="true" version="4" changeset="178221628" timestamp="2026-02-07T10:21:54Z" user="AlexTies" uid="3579653" lat="46.4101012" lon="11.5751453">
  <tag k="board:title" v="Ondina"/>
  <tag k="board_type" v="history"/>
  <tag k="information" v="board"/>
  <tag k="tourism" v="information"/>
 </node>
 <node id="9891336291" visible="true" version="1" changeset="123685723" timestamp="2022-07-16T11:05:30Z" user="Robot8A" uid="393359" lat="46.3999069" lon="11.5756138"/>
 <node id="9891336301" visible="true" version="2" changeset="183790304" timestamp="2026-06-07T16:46:43Z" user="Marco Tamburini" uid="19653888" lat="46.4083626" lon="11.5726927">
  <tag k="check_date" v="2026-06-06"/>
  <tag k="description" v="File:Guidepost (10003).jpg"/>
  <tag k="hiking" v="yes"/>
  <tag k="information" v="guidepost"/>
  <tag k="material" v="wood"/>
  <tag k="operator" v="TourismusVerein/Associazione Turistica"/>
  <tag k="ref" v="58/11-WL-1"/>
  <tag k="source" v="survey:CAI"/>
  <tag k="tourism" v="information"/>
  <tag k="wikimedia_commons" v="File:Guidepost (59705).jpg"/>
 </node>
 <node id="9920883817" visible="true" version="2" changeset="156062971" timestamp="2024-09-01T16:40:38Z" user="Aiman" uid="67550" lat="46.4090645" lon="11.5763667">
  <tag k="amenity" v="bench"/>
  <tag k="armrest" v="no"/>
  <tag k="backrest" v="yes"/>
  <tag k="colour" v="brown"/>
  <tag k="material" v="wood"/>
  <tag k="survey:date" v="2022-07-30"/>
 </node>
 <node id="9920883818" visible="true" version="2" changeset="156062971" timestamp="2024-09-01T16:40:38Z" user="Aiman" uid="67550" lat="46.4091213" lon="11.5762146">
  <tag k="amenity" v="bench"/>
  <tag k="armrest" v="no"/>
  <tag k="backrest" v="yes"/>
  <tag k="colour" v="brown"/>
  <tag k="material" v="wood"/>
  <tag k="survey:date" v="2022-07-30"/>
 </node>
 <node id="10215792648" visible="true" version="1" changeset="129345432" timestamp="2022-11-24T22:42:59Z" user="AlexTies" uid="3579653" lat="46.4105491" lon="11.5759954">
  <tag k="distance" v="23"/>
  <tag k="highway" v="milestone"/>
 </node>
 <node id="10291320487" visible="true" version="1" changeset="130600149" timestamp="2022-12-28T12:49:18Z" user="Mariusz Dykierek" uid="238534" lat="46.4093915" lon="11.5724414"/>
 <node id="10778653455" visible="true" version="2" changeset="183790304" timestamp="2026-06-07T16:46:43Z" user="Marco Tamburini" uid="19653888" lat="46.4003314" lon="11.5750648"/>
 <node id="10778653456" visible="true" version="1" changeset="134395359" timestamp="2023-04-01T21:08:17Z" user="pikappa79" uid="330007" lat="46.4002138" lon="11.5753198"/>
 <node id="10778653458" visible="true" version="2" changeset="183790304" timestamp="2026-06-07T16:46:43Z" user="Marco Tamburini" uid="19653888" lat="46.4003466" lon="11.5749658"/>
 <node id="10778653459" visible="true" version="3" changeset="183790304" timestamp="2026-06-07T16:46:43Z" user="Marco Tamburini" uid="19653888" lat="46.4005056" lon="11.5748643"/>
 <node id="10778653460" visible="true" version="3" changeset="183790304" timestamp="2026-06-07T16:46:43Z" user="Marco Tamburini" uid="19653888" lat="46.4010576" lon="11.5746577"/>
 <node id="10778677105" visible="true" version="1" changeset="134395359" timestamp="2023-04-01T21:08:17Z" user="pikappa79" uid="330007" lat="46.4105027" lon="11.5679383"/>
 <node id="10778677106" visible="true" version="1" changeset="134395359" timestamp="2023-04-01T21:08:17Z" user="pikappa79" uid="330007" lat="46.4106192" lon="11.5679759"/>
 <node id="10778677107" visible="true" version="1" changeset="134395359" timestamp="2023-04-01T21:08:17Z" user="pikappa79" uid="330007" lat="46.4081151" lon="11.5688986"/>
 <node id="10778677108" visible="true" version="1" changeset="134395359" timestamp="2023-04-01T21:08:17Z" user="pikappa79" uid="330007" lat="46.4081891" lon="11.5683567"/>
 <node id="10778677109" visible="true" version="1" changeset="134395359" timestamp="2023-04-01T21:08:17Z" user="pikappa79" uid="330007" lat="46.4078488" lon="11.5683567"/>
 <node id="11010687198" visible="true" version="2" changeset="183790304" timestamp="2026-06-07T16:46:43Z" user="Marco Tamburini" uid="19653888" lat="46.4071269" lon="11.5785237"/>
 <node id="11010687200" visible="true" version="1" changeset="137843839" timestamp="2023-06-27T16:42:00Z" user="Delli1951" uid="10524894" lat="46.4068756" lon="11.5759380"/>
 <node id="11010687201" visible="true" version="1" changeset="137843839" timestamp="2023-06-27T16:42:00Z" user="Delli1951" uid="10524894" lat="46.4073585" lon="11.5750623"/>
 <node id="11010687202" visible="true" version="1" changeset="137843839" timestamp="2023-06-27T16:42:00Z" user="Delli1951" uid="10524894" lat="46.4099999" lon="11.5768199"/>
 <node id="11010687203" visible="true" version="1" changeset="137843839" timestamp="2023-06-27T16:42:00Z" user="Delli1951" uid="10524894" lat="46.4101220" lon="11.5767918"/>
 <node id="11010687204" visible="true" version="1" changeset="137843839" timestamp="2023-06-27T16:42:00Z" user="Delli1951" uid="10524894" lat="46.4087004" lon="11.5745739"/>
 <node id="11010700005" visible="true" version="1" changeset="137843839" timestamp="2023-06-27T16:42:00Z" user="Delli1951" uid="10524894" lat="46.4086604" lon="11.5752009"/>
 <node id="11010700006" visible="true" version="1" changeset="137843839" timestamp="2023-06-27T16:42:00Z" user="Delli1951" uid="10524894" lat="46.4086159" lon="11.5752555"/>
 <node id="11010700007" visible="true" version="1" changeset="137843839" timestamp="2023-06-27T16:42:00Z" user="Delli1951" uid="10524894" lat="46.4091154" lon="11.5762156"/>
 <node id="11010700008" visible="true" version="2" changeset="183790304" timestamp="2026-06-07T16:46:43Z" user="Marco Tamburini" uid="19653888" lat="46.4101493" lon="11.5759970"/>
 <node id="11010700009" visible="true" version="2" changeset="176087514" timestamp="2025-12-18T10:20:15Z" user="AlexTies" uid="3579653" lat="46.4088852" lon="11.5728497"/>
 <node id="11010700010" visible="true" version="1" changeset="137843839" timestamp="2023-06-27T16:42:00Z" user="Delli1951" uid="10524894" lat="46.4080593" lon="11.5735646"/>
 <node id="11010700011" visible="true" version="1" changeset="137843839" timestamp="2023-06-27T16:42:00Z" user="Delli1951" uid="10524894" lat="46.4091650" lon="11.5731362"/>
 <node id="11010700012" visible="true" version="1" changeset="137843839" timestamp="2023-06-27T16:42:00Z" user="Delli1951" uid="10524894" lat="46.4091954" lon="11.5728484"/>
 <node id="11010700013" visible="true" version="1" changeset="137843839" timestamp="2023-06-27T16:42:00Z" user="Delli1951" uid="10524894" lat="46.4093003" lon="11.5725826"/>
 <node id="11010700014" visible="true" version="1" changeset="137843839" timestamp="2023-06-27T16:42:00Z" user="Delli1951" uid="10524894" lat="46.4096614" lon="11.5720827"/>
 <node id="11245773636" visible="true" version="2" changeset="166107132" timestamp="2025-05-11T12:48:08Z" user="pikappa79" uid="330007" lat="46.4113472" lon="11.5719177"/>
 <node id="12149766826" visible="true" version="4" changeset="183790304" timestamp="2026-06-07T16:46:43Z" user="Marco Tamburini" uid="19653888" lat="46.4082500" lon="11.5753108">
  <tag k="check_date" v="2026-06-06"/>
  <tag k="direction_south" v="Karersee [Siedlung] Carezza"/>
  <tag k="hiking" v="yes"/>
  <tag k="information" v="guidepost"/>
  <tag k="material" v="wood"/>
  <tag k="operator" v="TourismusVerein/Associazione Turistica"/>
  <tag k="source" v="survey:CAI"/>
  <tag k="tourism" v="information"/>
  <tag k="wikimedia_commons" v="File:Guidepost (30611).jpg"/>
 </node>
 <node id="12150047882" visible="true" version="1" changeset="156062971" timestamp="2024-09-01T16:40:38Z" user="Aiman" uid="67550" lat="46.4101834" lon="11.5758461"/>
 <node id="12150047883" visible="true" version="1" changeset="156062971" timestamp="2024-09-01T16:40:38Z" user="Aiman" uid="67550" lat="46.4101793" lon="11.5759632"/>
 <node id="12181873268" visible="true" version="1" changeset="156723019" timestamp="2024-09-17T10:28:27Z" user="AlexTies" uid="3579653" lat="46.4089737" lon="11.5755098"/>
 <node id="12181873269" visible="true" version="1" changeset="156723019" timestamp="2024-09-17T10:28:27Z" user="AlexTies" uid="3579653" lat="46.4091703" lon="11.5755404"/>
 <node id="12181873270" visible="true" version="1" changeset="156723019" timestamp="2024-09-17T10:28:27Z" user="AlexTies" uid="3579653" lat="46.4092513" lon="11.5755179"/>
 <node id="12181873271" visible="true" version="1" changeset="156723019" timestamp="2024-09-17T10:28:27Z" user="AlexTies" uid="3579653" lat="46.4093102" lon="11.5755243"/>
 <node id="12181873272" visible="true" version="1" changeset="156723019" timestamp="2024-09-17T10:28:27Z" user="AlexTies" uid="3579653" lat="46.4093668" lon="11.5755565"/>
 <node id="12181873273" visible="true" version="1" changeset="156723019" timestamp="2024-09-17T10:28:27Z" user="AlexTies" uid="3579653" lat="46.4094412" lon="11.5755340"/>
 <node id="12181873274" visible="true" version="1" changeset="156723019" timestamp="2024-09-17T10:28:27Z" user="AlexTies" uid="3579653" lat="46.4095245" lon="11.5754985"/>
 <node id="12181873275" visible="true" version="1" changeset="156723019" timestamp="2024-09-17T10:28:27Z" user="AlexTies" uid="3579653" lat="46.4096000" lon="11.5755275"/>
 <node id="12181873276" visible="true" version="1" changeset="156723019" timestamp="2024-09-17T10:28:27Z" user="AlexTies" uid="3579653" lat="46.4096622" lon="11.5756129"/>
 <node id="12181873277" visible="true" version="1" changeset="156723019" timestamp="2024-09-17T10:28:27Z" user="AlexTies" uid="3579653" lat="46.4097388" lon="11.5757047"/>
 <node id="12181873278" visible="true" version="1" changeset="156723019" timestamp="2024-09-17T10:28:27Z" user="AlexTies" uid="3579653" lat="46.4098021" lon="11.5757337"/>
 <node id="12181873279" visible="true" version="1" changeset="156723019" timestamp="2024-09-17T10:28:27Z" user="AlexTies" uid="3579653" lat="46.4098365" lon="11.5756773"/>
 <node id="12181873280" visible="true" version="1" changeset="156723019" timestamp="2024-09-17T10:28:27Z" user="AlexTies" uid="3579653" lat="46.4098343" lon="11.5754921"/>
 <node id="12181873281" visible="true" version="1" changeset="156723019" timestamp="2024-09-17T10:28:27Z" user="AlexTies" uid="3579653" lat="46.4098176" lon="11.5753649"/>
 <node id="12181873282" visible="true" version="1" changeset="156723019" timestamp="2024-09-17T10:28:27Z" user="AlexTies" uid="3579653" lat="46.4097699" lon="11.5751861"/>
 <node id="12181873283" visible="true" version="1" changeset="156723019" timestamp="2024-09-17T10:28:27Z" user="AlexTies" uid="3579653" lat="46.4097366" lon="11.5750831"/>
 <node id="12181873284" visible="true" version="1" changeset="156723019" timestamp="2024-09-17T10:28:27Z" user="AlexTies" uid="3579653" lat="46.4096755" lon="11.5749687"/>
 <node id="12181873285" visible="true" version="1" changeset="156723019" timestamp="2024-09-17T10:28:27Z" user="AlexTies" uid="3579653" lat="46.4096289" lon="11.5748399"/>
 <node id="12181873286" visible="true" version="1" changeset="156723019" timestamp="2024-09-17T10:28:27Z" user="AlexTies" uid="3579653" lat="46.4095756" lon="11.5747127"/>
 <node id="12181873287" visible="true" version="1" changeset="156723019" timestamp="2024-09-17T10:28:27Z" user="AlexTies" uid="3579653" lat="46.4095245" lon="11.5746241"/>
 <node id="12181873288" visible="true" version="1" changeset="156723019" timestamp="2024-09-17T10:28:27Z" user="AlexTies" uid="3579653" lat="46.4094445" lon="11.5745436"/>
 <node id="12181873289" visible="true" version="1" changeset="156723019" timestamp="2024-09-17T10:28:27Z" user="AlexTies" uid="3579653" lat="46.4093546" lon="11.5744308"/>
 <node id="12181873290" visible="true" version="1" changeset="156723019" timestamp="2024-09-17T10:28:27Z" user="AlexTies" uid="3579653" lat="46.4092980" lon="11.5744115"/>
 <node id="12181873291" visible="true" version="1" changeset="156723019" timestamp="2024-09-17T10:28:27Z" user="AlexTies" uid="3579653" lat="46.4092225" lon="11.5744920"/>
 <node id="12181873292" visible="true" version="1" changeset="156723019" timestamp="2024-09-17T10:28:27Z" user="AlexTies" uid="3579653" lat="46.4091403" lon="11.5745742"/>
 <node id="12181873293" visible="true" version="1" changeset="156723019" timestamp="2024-09-17T10:28:27Z" user="AlexTies" uid="3579653" lat="46.4090870" lon="11.5746209"/>
 <node id="12181873294" visible="true" version="1" changeset="156723019" timestamp="2024-09-17T10:28:27Z" user="AlexTies" uid="3579653" lat="46.4090515" lon="11.5747497"/>
 <node id="12181873295" visible="true" version="1" changeset="156723019" timestamp="2024-09-17T10:28:27Z" user="AlexTies" uid="3579653" lat="46.4090459" lon="11.5748898"/>
 <node id="12181873296" visible="true" version="1" changeset="156723019" timestamp="2024-09-17T10:28:27Z" user="AlexTies" uid="3579653" lat="46.4090337" lon="11.5750476"/>
 <node id="12181873297" visible="true" version="1" changeset="156723019" timestamp="2024-09-17T10:28:27Z" user="AlexTies" uid="3579653" lat="46.4090126" lon="11.5751732"/>
 <node id="12181873298" visible="true" version="1" changeset="156723019" timestamp="2024-09-17T10:28:27Z" user="AlexTies" uid="3579653" lat="46.4089915" lon="11.5752666"/>
 <node id="12181873299" visible="true" version="1" changeset="156723019" timestamp="2024-09-17T10:28:27Z" user="AlexTies" uid="3579653" lat="46.4089737" lon="11.5753600"/>
 <node id="12181873300" visible="true" version="1" changeset="156723019" timestamp="2024-09-17T10:28:27Z" user="AlexTies" uid="3579653" lat="46.4089582" lon="11.5754180"/>
 <node id="12187976359" visible="true" version="1" changeset="156862194" timestamp="2024-09-20T11:06:07Z" user="Alexandra Puscasu" uid="14414248" lat="46.4101606" lon="11.5754119"/>
 <node id="12270878560" visible="true" version="1" changeset="158125742" timestamp="2024-10-20T12:14:27Z" user="AlexTies" uid="3579653" lat="46.4111441" lon="11.5753335"/>
 <node id="12270878561" visible="true" version="1" changeset="158125742" timestamp="2024-10-20T12:14:27Z" user="AlexTies" uid="3579653" lat="46.4111817" lon="11.5753563"/>
 <node id="12270878562" visible="true" version="1" changeset="158125742" timestamp="2024-10-20T12:14:27Z" user="AlexTies" uid="3579653" lat="46.4112724" lon="11.5753140"/>
 <node id="12270878563" visible="true" version="1" changeset="158125742" timestamp="2024-10-20T12:14:27Z" user="AlexTies" uid="3579653" lat="46.4113607" lon="11.5752876"/>
 <node id="12270878564" visible="true" version="1" changeset="158125742" timestamp="2024-10-20T12:14:27Z" user="AlexTies" uid="3579653" lat="46.4115436" lon="11.5752336"/>
 <node id="12270878565" visible="true" version="1" changeset="158125742" timestamp="2024-10-20T12:14:27Z" user="AlexTies" uid="3579653" lat="46.4116094" lon="11.5752522"/>
 <node id="12270878569" visible="true" version="2" changeset="178221337" timestamp="2026-02-07T10:13:53Z" user="AlexTies" uid="3579653" lat="46.4116424" lon="11.5751513">
  <tag k="crossing:markings" v="yes"/>
  <tag k="highway" v="crossing"/>
 </node>
 <node id="12270878570" visible="true" version="1" changeset="158125742" timestamp="2024-10-20T12:14:27Z" user="AlexTies" uid="3579653" lat="46.4088255" lon="11.5759871"/>
 <node id="12270878571" visible="true" version="1" changeset="158125742" timestamp="2024-10-20T12:14:27Z" user="AlexTies" uid="3579653" lat="46.4090791" lon="11.5734133"/>
 <node id="12270878572" visible="true" version="1" changeset="158125742" timestamp="2024-10-20T12:14:27Z" user="AlexTies" uid="3579653" lat="46.4089252" lon="11.5733598"/>
 <node id="12828352024" visible="true" version="1" changeset="166107132" timestamp="2025-05-11T12:48:08Z" user="pikappa79" uid="330007" lat="46.4152279" lon="11.5662833"/>
 <node id="12828352025" visible="true" version="1" changeset="166107132" timestamp="2025-05-11T12:48:08Z" user="pikappa79" uid="330007" lat="46.4150310" lon="11.5671139"/>
 <node id="12828352026" visible="true" version="1" changeset="166107132" timestamp="2025-05-11T12:48:08Z" user="pikappa79" uid="330007" lat="46.4150483" lon="11.5669915"/>
 <node id="12828352027" visible="true" version="1" changeset="166107132" timestamp="2025-05-11T12:48:08Z" user="pikappa79" uid="330007" lat="46.4150541" lon="11.5667133"/>
 <node id="12828352028" visible="true" version="1" changeset="166107132" timestamp="2025-05-11T12:48:08Z" user="pikappa79" uid="330007" lat="46.4057924" lon="11.5744501"/>
 <node id="12828352063" visible="true" version="1" changeset="166107132" timestamp="2025-05-11T12:48:08Z" user="pikappa79" uid="330007" lat="46.4095258" lon="11.5782244"/>
 <node id="12828352090" visible="true" version="1" changeset="166107132" timestamp="2025-05-11T12:48:08Z" user="pikappa79" uid="330007" lat="46.4105443" lon="11.5805696"/>
 <node id="12828352091" visible="true" version="1" changeset="166107132" timestamp="2025-05-11T12:48:08Z" user="pikappa79" uid="330007" lat="46.4105962" lon="11.5804637"/>
 <node id="12828352092" visible="true" version="1" changeset="166107132" timestamp="2025-05-11T12:48:08Z" user="pikappa79" uid="330007" lat="46.4106505" lon="11.5802496"/>
 <node id="12828352093" visible="true" version="1" changeset="166107132" timestamp="2025-05-11T12:48:08Z" user="pikappa79" uid="330007" lat="46.4108384" lon="11.5799275"/>
 <node id="12828352094" visible="true" version="1" changeset="166107132" timestamp="2025-05-11T12:48:08Z" user="pikappa79" uid="330007" lat="46.4109356" lon="11.5796915"/>
 <node id="12828352095" visible="true" version="1" changeset="166107132" timestamp="2025-05-11T12:48:08Z" user="pikappa79" uid="330007" lat="46.4108157" lon="11.5797080"/>
 <node id="12828352096" visible="true" version="1" changeset="166107132" timestamp="2025-05-11T12:48:08Z" user="pikappa79" uid="330007" lat="46.4109734" lon="11.5793731"/>
 <node id="12828352097" visible="true" version="1" changeset="166107132" timestamp="2025-05-11T12:48:08Z" user="pikappa79" uid="330007" lat="46.4111639" lon="11.5790840"/>
 <node id="12828352098" visible="true" version="1" changeset="166107132" timestamp="2025-05-11T12:48:08Z" user="pikappa79" uid="330007" lat="46.4113456" lon="11.5787419"/>
 <node id="12828352099" visible="true" version="1" changeset="166107132" timestamp="2025-05-11T12:48:08Z" user="pikappa79" uid="330007" lat="46.4114604" lon="11.5785241"/>
 <node id="12828352146" visible="true" version="2" changeset="183790304" timestamp="2026-06-07T16:46:43Z" user="Marco Tamburini" uid="19653888" lat="46.4007103" lon="11.5748223"/>
 <node id="12828352147" visible="true" version="1" changeset="166107132" timestamp="2025-05-11T12:48:08Z" user="pikappa79" uid="330007" lat="46.4011322" lon="11.5746157"/>
 <node id="12828352150" visible="true" version="2" changeset="183790304" timestamp="2026-06-07T16:46:43Z" user="Marco Tamburini" uid="19653888" lat="46.4023915" lon="11.5743742"/>
 <node id="12828352151" visible="true" version="2" changeset="183790304" timestamp="2026-06-07T16:46:43Z" user="Marco Tamburini" uid="19653888" lat="46.4026020" lon="11.5744185"/>
 <node id="12828352152" visible="true" version="1" changeset="166107132" timestamp="2025-05-11T12:48:08Z" user="pikappa79" uid="330007" lat="46.4029895" lon="11.5744108"/>
 <node id="12828352153" visible="true" version="2" changeset="183790304" timestamp="2026-06-07T16:46:43Z" user="Marco Tamburini" uid="19653888" lat="46.4040554" lon="11.5746228"/>
 <node id="12828352154" visible="true" version="2" changeset="183790304" timestamp="2026-06-07T16:46:43Z" user="Marco Tamburini" uid="19653888" lat="46.4042950" lon="11.5746812"/>
 <node id="12828352155" visible="true" version="1" changeset="166107132" timestamp="2025-05-11T12:48:08Z" user="pikappa79" uid="330007" lat="46.4037756" lon="11.5745755"/>
 <node id="12828352156" visible="true" version="2" changeset="183790304" timestamp="2026-06-07T16:46:43Z" user="Marco Tamburini" uid="19653888" lat="46.4049502" lon="11.5748302"/>
 <node id="12828352157" visible="true" version="1" changeset="166107132" timestamp="2025-05-11T12:48:08Z" user="pikappa79" uid="330007" lat="46.4117139" lon="11.5759740"/>
 <node id="12828352158" visible="true" version="1" changeset="166107132" timestamp="2025-05-11T12:48:08Z" user="pikappa79" uid="330007" lat="46.4118363" lon="11.5760261"/>
 <node id="12828352159" visible="true" version="1" changeset="166107132" timestamp="2025-05-11T12:48:08Z" user="pikappa79" uid="330007" lat="46.4116034" lon="11.5761840"/>
 <node id="12828352160" visible="true" version="1" changeset="166107132" timestamp="2025-05-11T12:48:08Z" user="pikappa79" uid="330007" lat="46.4115691" lon="11.5762872"/>
 <node id="12828352161" visible="true" version="1" changeset="166107132" timestamp="2025-05-11T12:48:08Z" user="pikappa79" uid="330007" lat="46.4114878" lon="11.5764566"/>
 <node id="12828352162" visible="true" version="1" changeset="166107132" timestamp="2025-05-11T12:48:08Z" user="pikappa79" uid="330007" lat="46.4114179" lon="11.5766390"/>
 <node id="12828352177" visible="true" version="1" changeset="166107132" timestamp="2025-05-11T12:48:08Z" user="pikappa79" uid="330007" lat="46.4138497" lon="11.5717225"/>
 <node id="12828352178" visible="true" version="1" changeset="166107132" timestamp="2025-05-11T12:48:08Z" user="pikappa79" uid="330007" lat="46.4139192" lon="11.5716704"/>
 <node id="12828352179" visible="true" version="1" changeset="166107132" timestamp="2025-05-11T12:48:08Z" user="pikappa79" uid="330007" lat="46.4139638" lon="11.5714205"/>
 <node id="12828352180" visible="true" version="1" changeset="166107132" timestamp="2025-05-11T12:48:08Z" user="pikappa79" uid="330007" lat="46.4140543" lon="11.5713881"/>
 <node id="12828352181" visible="true" version="1" changeset="166107132" timestamp="2025-05-11T12:48:08Z" user="pikappa79" uid="330007" lat="46.4141931" lon="11.5714529"/>
 <node id="12828352182" visible="true" version="1" changeset="166107132" timestamp="2025-05-11T12:48:08Z" user="pikappa79" uid="330007" lat="46.4142576" lon="11.5713773"/>
 <node id="12828352199" visible="true" version="1" changeset="166107132" timestamp="2025-05-11T12:48:08Z" user="pikappa79" uid="330007" lat="46.4148575" lon="11.5667241"/>
 <node id="12828352200" visible="true" version="1" changeset="166107132" timestamp="2025-05-11T12:48:08Z" user="pikappa79" uid="330007" lat="46.4134171" lon="11.5658431"/>
 <node id="12828352201" visible="true" version="1" changeset="166107132" timestamp="2025-05-11T12:48:08Z" user="pikappa79" uid="330007" lat="46.4142700" lon="11.5653828"/>
 <node id="12828352202" visible="true" version="1" changeset="166107132" timestamp="2025-05-11T12:48:08Z" user="pikappa79" uid="330007" lat="46.4144039" lon="11.5712011"/>
 <node id="12828352209" visible="true" version="1" changeset="166107132" timestamp="2025-05-11T12:48:08Z" user="pikappa79" uid="330007" lat="46.4024388" lon="11.5845436"/>
 <node id="12828352210" visible="true" version="1" changeset="166107132" timestamp="2025-05-11T12:48:08Z" user="pikappa79" uid="330007" lat="46.4022040" lon="11.5847436"/>
 <node id="12828352211" visible="true" version="1" changeset="166107132" timestamp="2025-05-11T12:48:08Z" user="pikappa79" uid="330007" lat="46.4006670" lon="11.5857474"/>
 <node id="12828352212" visible="true" version="1" changeset="166107132" timestamp="2025-05-11T12:48:08Z" user="pikappa79" uid="330007" lat="46.4009091" lon="11.5857790"/>
 <node id="12828352213" visible="true" version="1" changeset="166107132" timestamp="2025-05-11T12:48:08Z" user="pikappa79" uid="330007" lat="46.4010156" lon="11.5862704"/>
 <node id="12828352214" visible="true" version="1" changeset="166107132" timestamp="2025-05-11T12:48:08Z" user="pikappa79" uid="330007" lat="46.4008800" lon="11.5865863"/>
 <node id="12828352215" visible="true" version="1" changeset="166107132" timestamp="2025-05-11T12:48:08Z" user="pikappa79" uid="330007" lat="46.4011632" lon="11.5865863"/>
 <node id="12828352216" visible="true" version="1" changeset="166107132" timestamp="2025-05-11T12:48:08Z" user="pikappa79" uid="330007" lat="46.4012503" lon="11.5867969"/>
 <node id="12828352217" visible="true" version="1" changeset="166107132" timestamp="2025-05-11T12:48:08Z" user="pikappa79" uid="330007" lat="46.4008655" lon="11.5869513"/>
 <node id="12828352218" visible="true" version="1" changeset="166107132" timestamp="2025-05-11T12:48:08Z" user="pikappa79" uid="330007" lat="46.4007663" lon="11.5862353"/>
 <node id="12828352290" visible="true" version="1" changeset="166107132" timestamp="2025-05-11T12:48:08Z" user="pikappa79" uid="330007" lat="46.4024052" lon="11.5842142"/>
 <node id="12828352291" visible="true" version="1" changeset="166107132" timestamp="2025-05-11T12:48:08Z" user="pikappa79" uid="330007" lat="46.4026982" lon="11.5845475"/>
 <node id="12828352308" visible="true" version="1" changeset="166107132" timestamp="2025-05-11T12:48:08Z" user="pikappa79" uid="330007" lat="46.4038901" lon="11.5869971"/>
 <node id="12828352309" visible="true" version="1" changeset="166107132" timestamp="2025-05-11T12:48:08Z" user="pikappa79" uid="330007" lat="46.4039016" lon="11.5871810"/>
 <node id="12828352310" visible="true" version="1" changeset="166107132" timestamp="2025-05-11T12:48:08Z" user="pikappa79" uid="330007" lat="46.4039062" lon="11.5873883"/>
 <node id="12828352311" visible="true" version="1" changeset="166107132" timestamp="2025-05-11T12:48:08Z" user="pikappa79" uid="330007" lat="46.4038809" lon="11.5875990"/>
 <node id="12828352312" visible="true" version="1" changeset="166107132" timestamp="2025-05-11T12:48:08Z" user="pikappa79" uid="330007" lat="46.4039201" lon="11.5881039"/>
 <node id="12855598550" visible="true" version="2" changeset="183790304" timestamp="2026-06-07T16:46:43Z" user="Marco Tamburini" uid="19653888" lat="46.4102215" lon="11.5757193"/>
 <node id="12855598551" visible="true" version="1" changeset="166616204" timestamp="2025-05-22T14:25:59Z" user="luschi" uid="1714220" lat="46.4102443" lon="11.5758408"/>
 <node id="13206522204" visible="true" version="1" changeset="173085642" timestamp="2025-10-10T09:53:56Z" user="AlexTies" uid="3579653" lat="46.4090146" lon="11.5766197"/>
 <node id="13206522205" visible="true" version="2" changeset="183790304" timestamp="2026-06-07T16:46:43Z" user="Marco Tamburini" uid="19653888" lat="46.4092529" lon="11.5771184"/>
 <node id="13206522206" visible="true" version="1" changeset="173085642" timestamp="2025-10-10T09:53:56Z" user="AlexTies" uid="3579653" lat="46.4095085" lon="11.5772503"/>
 <node id="13206522207" visible="true" version="1" changeset="173085642" timestamp="2025-10-10T09:53:56Z" user="AlexTies" uid="3579653" lat="46.4102318" lon="11.5758504"/>
 <node id="13206522208" visible="true" version="1" changeset="173085642" timestamp="2025-10-10T09:53:56Z" user="AlexTies" uid="3579653" lat="46.4101905" lon="11.5759635"/>
 <node id="13206522209" visible="true" version="2" changeset="183790304" timestamp="2026-06-07T16:46:43Z" user="Marco Tamburini" uid="19653888" lat="46.4103078" lon="11.5759234"/>
 <node id="13206522210" visible="true" version="2" changeset="183790304" timestamp="2026-06-07T16:46:43Z" user="Marco Tamburini" uid="19653888" lat="46.4103108" lon="11.5758606"/>
 <node id="13206522211" visible="true" version="1" changeset="173085642" timestamp="2025-10-10T09:53:56Z" user="AlexTies" uid="3579653" lat="46.4091092" lon="11.5729223"/>
 <node id="13206522212" visible="true" version="1" changeset="173085642" timestamp="2025-10-10T09:53:56Z" user="AlexTies" uid="3579653" lat="46.4090977" lon="11.5728416"/>
 <node id="13206522213" visible="true" version="2" changeset="176087514" timestamp="2025-12-18T10:20:15Z" user="AlexTies" uid="3579653" lat="46.4090662" lon="11.5728297"/>
 <node id="13206522214" visible="true" version="1" changeset="173085642" timestamp="2025-10-10T09:53:56Z" user="AlexTies" uid="3579653" lat="46.4082601" lon="11.5732468"/>
 <node id="13206522215" visible="true" version="1" changeset="173085642" timestamp="2025-10-10T09:53:56Z" user="AlexTies" uid="3579653" lat="46.4083153" lon="11.5731694"/>
 <node id="13206522216" visible="true" version="1" changeset="173085642" timestamp="2025-10-10T09:53:56Z" user="AlexTies" uid="3579653" lat="46.4081743" lon="11.5733600"/>
 <node id="13206522217" visible="true" version="1" changeset="173085642" timestamp="2025-10-10T09:53:56Z" user="AlexTies" uid="3579653" lat="46.4081175" lon="11.5734563"/>
 <node id="13206522218" visible="true" version="1" changeset="173085642" timestamp="2025-10-10T09:53:56Z" user="AlexTies" uid="3579653" lat="46.4080866" lon="11.5735778"/>
 <node id="13206522219" visible="true" version="1" changeset="173085642" timestamp="2025-10-10T09:53:56Z" user="AlexTies" uid="3579653" lat="46.4082373" lon="11.5745013"/>
 <node id="13206522220" visible="true" version="1" changeset="173085642" timestamp="2025-10-10T09:53:56Z" user="AlexTies" uid="3579653" lat="46.4080652" lon="11.5742251"/>
 <node id="13206522221" visible="true" version="1" changeset="173085642" timestamp="2025-10-10T09:53:56Z" user="AlexTies" uid="3579653" lat="46.4082512" lon="11.5745873"/>
 <node id="13206522222" visible="true" version="1" changeset="173085642" timestamp="2025-10-10T09:53:56Z" user="AlexTies" uid="3579653" lat="46.4082469" lon="11.5749289"/>
 <node id="13206522223" visible="true" version="1" changeset="173085642" timestamp="2025-10-10T09:53:56Z" user="AlexTies" uid="3579653" lat="46.4082000" lon="11.5751196"/>
 <node id="13206522224" visible="true" version="1" changeset="173085642" timestamp="2025-10-10T09:53:56Z" user="AlexTies" uid="3579653" lat="46.4084128" lon="11.5752717"/>
 <node id="13206522225" visible="true" version="1" changeset="173085642" timestamp="2025-10-10T09:53:56Z" user="AlexTies" uid="3579653" lat="46.4082508" lon="11.5752819"/>
 <node id="13206522226" visible="true" version="1" changeset="173085642" timestamp="2025-10-10T09:53:56Z" user="AlexTies" uid="3579653" lat="46.4082110" lon="11.5752025"/>
 <node id="13206522227" visible="true" version="1" changeset="173085642" timestamp="2025-10-10T09:53:56Z" user="AlexTies" uid="3579653" lat="46.4083318" lon="11.5752960"/>
 <node id="13206522228" visible="true" version="1" changeset="173085642" timestamp="2025-10-10T09:53:56Z" user="AlexTies" uid="3579653" lat="46.4082938" lon="11.5753699"/>
 <node id="13206522229" visible="true" version="1" changeset="173085642" timestamp="2025-10-10T09:53:56Z" user="AlexTies" uid="3579653" lat="46.4083051" lon="11.5753244"/>
 <node id="13206522230" visible="true" version="1" changeset="173085642" timestamp="2025-10-10T09:53:56Z" user="AlexTies" uid="3579653" lat="46.4084466" lon="11.5759501"/>
 <node id="13206522231" visible="true" version="1" changeset="173085642" timestamp="2025-10-10T09:53:56Z" user="AlexTies" uid="3579653" lat="46.4084658" lon="11.5761330"/>
 <node id="13206522232" visible="true" version="2" changeset="176087514" timestamp="2025-12-18T10:20:15Z" user="AlexTies" uid="3579653" lat="46.4085521" lon="11.5762485"/>
 <node id="13206522233" visible="true" version="2" changeset="176087514" timestamp="2025-12-18T10:20:15Z" user="AlexTies" uid="3579653" lat="46.4087257" lon="11.5762303"/>
 <node id="13206522234" visible="true" version="1" changeset="173085642" timestamp="2025-10-10T09:53:56Z" user="AlexTies" uid="3579653" lat="46.4090715" lon="11.5762355"/>
 <node id="13206522235" visible="true" version="2" changeset="176087514" timestamp="2025-12-18T10:20:15Z" user="AlexTies" uid="3579653" lat="46.4090070" lon="11.5762505"/>
 <node id="13206522236" visible="true" version="1" changeset="173085642" timestamp="2025-10-10T09:53:56Z" user="AlexTies" uid="3579653" lat="46.4091421" lon="11.5762948"/>
 <node id="13206522237" visible="true" version="1" changeset="173085642" timestamp="2025-10-10T09:53:56Z" user="AlexTies" uid="3579653" lat="46.4090964" lon="11.5763685"/>
 <node id="13206522238" visible="true" version="1" changeset="173085642" timestamp="2025-10-10T09:53:56Z" user="AlexTies" uid="3579653" lat="46.4089448" lon="11.5767831"/>
 <node id="13206522239" visible="true" version="2" changeset="183790304" timestamp="2026-06-07T16:46:43Z" user="Marco Tamburini" uid="19653888" lat="46.4076591" lon="11.5753698"/>
 <node id="13206522276" visible="true" version="1" changeset="173085642" timestamp="2025-10-10T09:53:56Z" user="AlexTies" uid="3579653" lat="46.4081594" lon="11.5759947"/>
 <node id="13206522277" visible="true" version="1" changeset="173085642" timestamp="2025-10-10T09:53:56Z" user="AlexTies" uid="3579653" lat="46.4077777" lon="11.5774562"/>
 <node id="13232215307" visible="true" version="1" changeset="173257257" timestamp="2025-10-14T06:12:30Z" user="AlexTies" uid="3579653" lat="46.4105275" lon="11.5759045"/>
 <node id="13232215308" visible="true" version="1" changeset="173257257" timestamp="2025-10-14T06:12:30Z" user="AlexTies" uid="3579653" lat="46.4105888" lon="11.5759017"/>
 <node id="13232477304" visible="true" version="1" changeset="173265040" timestamp="2025-10-14T09:43:31Z" user="AlexTies" uid="3579653" lat="46.4111109" lon="11.5754119">
  <tag k="direction_south" v="Obereggen 8;Welschnofen-Nova Levante 10A;Mitterleger-Radura di Mezzo 11;Mittersee-Lago di Mezzo 12;Seerundwanderung / Percorso Lago"/>
  <tag k="direction_west" v="Karersee (Siedlung) Carezza / Sessellift Seggiovia Paolina;Elisabeth Denkmal / Monumento Elisabeth;Sessellift / Seggiovia Tschein 6"/>
  <tag k="information" v="guidepost"/>
  <tag k="name" v="Karer See"/>
  <tag k="name:it" v="Lago di Carezza"/>
  <tag k="operator" v="Tourismusverein"/>
  <tag k="tourism" v="information"/>
 </node>
 <node id="13232878226" visible="true" version="4" changeset="183790304" timestamp="2026-06-07T16:46:43Z" user="Marco Tamburini" uid="19653888" lat="46.4091193" lon="11.5726857">
  <tag k="check_date" v="2026-06-06"/>
  <tag k="description" v="File:Guidepost (63493).jpg"/>
  <tag k="hiking" v="yes"/>
  <tag k="information" v="guidepost"/>
  <tag k="material" v="wood"/>
  <tag k="operator" v="TourismusVerein/Associazione Turistica"/>
  <tag k="source" v="survey:CAI"/>
  <tag k="tourism" v="information"/>
  <tag k="wikimedia_commons" v="File:Guidepost (40046).jpg"/>
 </node>
 <node id="13232878227" visible="true" version="1" changeset="173278883" timestamp="2025-10-14T14:29:49Z" user="AlexTies" uid="3579653" lat="46.4091964" lon="11.5727210">
  <tag k="barrier" v="lift_gate"/>
 </node>
 <node id="13261656451" visible="true" version="1" changeset="173842797" timestamp="2025-10-27T14:59:53Z" user="AlexTies" uid="3579653" lat="46.4109909" lon="11.5781090"/>
 <node id="13261656452" visible="true" version="1" changeset="173842797" timestamp="2025-10-27T14:59:53Z" user="AlexTies" uid="3579653" lat="46.4109004" lon="11.5781530"/>
 <node id="13261656453" visible="true" version="1" changeset="173842797" timestamp="2025-10-27T14:59:53Z" user="AlexTies" uid="3579653" lat="46.4099812" lon="11.5783513"/>
 <node id="13261656454" visible="true" version="1" changeset="173842797" timestamp="2025-10-27T14:59:53Z" user="AlexTies" uid="3579653" lat="46.4095427" lon="11.5783249"/>
 <node id="13261656455" visible="true" version="1" changeset="173842797" timestamp="2025-10-27T14:59:53Z" user="AlexTies" uid="3579653" lat="46.4095304" lon="11.5783969"/>
 <node id="13261656456" visible="true" version="1" changeset="173842797" timestamp="2025-10-27T14:59:53Z" user="AlexTies" uid="3579653" lat="46.4095964" lon="11.5782652"/>
 <node id="13261656457" visible="true" version="1" changeset="173842797" timestamp="2025-10-27T14:59:53Z" user="AlexTies" uid="3579653" lat="46.4097364" lon="11.5782224"/>
 <node id="13261656458" visible="true" version="1" changeset="173842797" timestamp="2025-10-27T14:59:53Z" user="AlexTies" uid="3579653" lat="46.4099842" lon="11.5780623"/>
 <node id="13261656459" visible="true" version="1" changeset="173842797" timestamp="2025-10-27T14:59:53Z" user="AlexTies" uid="3579653" lat="46.4104635" lon="11.5769718"/>
 <node id="13261656460" visible="true" version="1" changeset="173842797" timestamp="2025-10-27T14:59:53Z" user="AlexTies" uid="3579653" lat="46.4104721" lon="11.5769021"/>
 <node id="13386087850" visible="true" version="1" changeset="176087514" timestamp="2025-12-18T10:20:15Z" user="AlexTies" uid="3579653" lat="46.4091607" lon="11.5727245"/>
 <node id="13386087851" visible="true" version="1" changeset="176087514" timestamp="2025-12-18T10:20:15Z" user="AlexTies" uid="3579653" lat="46.4089743" lon="11.5728191"/>
 <node id="13386087852" visible="true" version="1" changeset="176087514" timestamp="2025-12-18T10:20:15Z" user="AlexTies" uid="3579653" lat="46.4082936" lon="11.5731632"/>
 <node id="13386087853" visible="true" version="1" changeset="176087514" timestamp="2025-12-18T10:20:15Z" user="AlexTies" uid="3579653" lat="46.4081599" lon="11.5733496"/>
 <node id="13386087854" visible="true" version="1" changeset="176087514" timestamp="2025-12-18T10:20:15Z" user="AlexTies" uid="3579653" lat="46.4081473" lon="11.5750340"/>
 <node id="13386087855" visible="true" version="1" changeset="176087514" timestamp="2025-12-18T10:20:15Z" user="AlexTies" uid="3579653" lat="46.4082090" lon="11.5747578"/>
 <node id="13386087856" visible="true" version="1" changeset="176087514" timestamp="2025-12-18T10:20:15Z" user="AlexTies" uid="3579653" lat="46.4084828" lon="11.5762640"/>
 <node id="13386087857" visible="true" version="1" changeset="176087514" timestamp="2025-12-18T10:20:15Z" user="AlexTies" uid="3579653" lat="46.4083989" lon="11.5759094"/>
 <node id="13386087858" visible="true" version="1" changeset="176087514" timestamp="2025-12-18T10:20:15Z" user="AlexTies" uid="3579653" lat="46.4084967" lon="11.5762084"/>
 <node id="13386087859" visible="true" version="1" changeset="176087514" timestamp="2025-12-18T10:20:15Z" user="AlexTies" uid="3579653" lat="46.4084477" lon="11.5760416"/>
 <node id="13386087860" visible="true" version="1" changeset="176087514" timestamp="2025-12-18T10:20:15Z" user="AlexTies" uid="3579653" lat="46.4084661" lon="11.5758337"/>
 <node id="13386087861" visible="true" version="1" changeset="176087514" timestamp="2025-12-18T10:20:15Z" user="AlexTies" uid="3579653" lat="46.4088013" lon="11.5762026"/>
 <node id="13386087862" visible="true" version="2" changeset="176921485" timestamp="2026-01-06T22:10:39Z" user="AlexTies" uid="3579653" lat="46.4102809" lon="11.5754146"/>
 <node id="13386087863" visible="true" version="2" changeset="176921485" timestamp="2026-01-06T22:10:39Z" user="AlexTies" uid="3579653" lat="46.4103041" lon="11.5755807"/>
 <node id="13386087864" visible="true" version="2" changeset="176921485" timestamp="2026-01-06T22:10:39Z" user="AlexTies" uid="3579653" lat="46.4103046" lon="11.5756746"/>
 <node id="13386087865" visible="true" version="2" changeset="176921485" timestamp="2026-01-06T22:10:39Z" user="AlexTies" uid="3579653" lat="46.4103100" lon="11.5757584"/>
 <node id="13386087866" visible="true" version="2" changeset="176921485" timestamp="2026-01-06T22:10:39Z" user="AlexTies" uid="3579653" lat="46.4103047" lon="11.5758270"/>
 <node id="13386087867" visible="true" version="1" changeset="176087514" timestamp="2025-12-18T10:20:15Z" user="AlexTies" uid="3579653" lat="46.4102815" lon="11.5758251"/>
 <node id="13386087868" visible="true" version="1" changeset="176087514" timestamp="2025-12-18T10:20:15Z" user="AlexTies" uid="3579653" lat="46.4102509" lon="11.5758064"/>
 <node id="13386087869" visible="true" version="1" changeset="176087514" timestamp="2025-12-18T10:20:15Z" user="AlexTies" uid="3579653" lat="46.4102340" lon="11.5757259"/>
 <node id="13386087872" visible="true" version="1" changeset="176087514" timestamp="2025-12-18T10:20:15Z" user="AlexTies" uid="3579653" lat="46.4115765" lon="11.5752429"/>
 <node id="13386087873" visible="true" version="1" changeset="176087514" timestamp="2025-12-18T10:20:15Z" user="AlexTies" uid="3579653" lat="46.4088763" lon="11.5728785"/>
 <node id="13386087874" visible="true" version="1" changeset="176087514" timestamp="2025-12-18T10:20:15Z" user="AlexTies" uid="3579653" lat="46.4087843" lon="11.5728712"/>
 <node id="13386103958" visible="true" version="1" changeset="176088226" timestamp="2025-12-18T10:36:06Z" user="AlexTies" uid="3579653" lat="46.4101799" lon="11.5754591"/>
 <node id="13415267539" visible="true" version="1" changeset="176566481" timestamp="2025-12-29T09:33:57Z" user="AlexTies" uid="3579653" lat="46.4090741" lon="11.5729810"/>
 <node id="13415267540" visible="true" version="1" changeset="176566481" timestamp="2025-12-29T09:33:57Z" user="AlexTies" uid="3579653" lat="46.4092501" lon="11.5728899"/>
 <node id="13415267541" visible="true" version="1" changeset="176566481" timestamp="2025-12-29T09:33:57Z" user="AlexTies" uid="3579653" lat="46.4090219" lon="11.5731484"/>
 <node id="13415283751" visible="true" version="1" changeset="176566462" timestamp="2025-12-29T09:33:16Z" user="AlexTies" uid="3579653" lat="46.4103806" lon="11.5755027">
  <tag k="direction_north" v="Seerundweg"/>
  <tag k="information" v="guidepost"/>
  <tag k="tourism" v="information"/>
 </node>
 <node id="13415283752" visible="true" version="1" changeset="176566462" timestamp="2025-12-29T09:33:16Z" user="AlexTies" uid="3579653" lat="46.4095664" lon="11.5756076">
  <tag k="artwork_type" v="statue"/>
  <tag k="tourism" v="artwork"/>
 </node>
 <node id="13415283757" visible="true" version="3" changeset="183790304" timestamp="2026-06-07T16:46:43Z" user="Marco Tamburini" uid="19653888" lat="46.4090974" lon="11.5729092">
  <tag k="check_date" v="2026-06-06"/>
  <tag k="description" v="File:Guidepost (83448).jpg"/>
  <tag k="direction_north" v="Welschnofen Nova Levante 1h15m 10A;"/>
  <tag k="direction_south" v="Seerundweg Percorso Lago"/>
  <tag k="direction_west" v="Seerundweg Percorso Lago;10A;"/>
  <tag k="hiking" v="yes"/>
  <tag k="information" v="guidepost"/>
  <tag k="material" v="wood"/>
  <tag k="operator" v="TourismusVerein/Associazione Turistica"/>
  <tag k="ref" v="58/10A-WL-3"/>
  <tag k="source" v="survey:CAI"/>
  <tag k="tourism" v="information"/>
  <tag k="wikimedia_commons" v="File:Guidepost (75762).jpg"/>
 </node>
 <node id="13436416832" visible="true" version="1" changeset="176921485" timestamp="2026-01-06T22:10:39Z" user="AlexTies" uid="3579653" lat="46.4104399" lon="11.5754977"/>
 <node id="13436416833" visible="true" version="1" changeset="176921485" timestamp="2026-01-06T22:10:39Z" user="AlexTies" uid="3579653" lat="46.4103988" lon="11.5755382"/>
 <node id="13436416834" visible="true" version="1" changeset="176921485" timestamp="2026-01-06T22:10:39Z" user="AlexTies" uid="3579653" lat="46.4103318" lon="11.5754849"/>
 <node id="13436416835" visible="true" version="1" changeset="176921485" timestamp="2026-01-06T22:10:39Z" user="AlexTies" uid="3579653" lat="46.4102933" lon="11.5754347"/>
 <node id="13436416836" visible="true" version="1" changeset="176921485" timestamp="2026-01-06T22:10:39Z" user="AlexTies" uid="3579653" lat="46.4102958" lon="11.5754697"/>
 <node id="13436416837" visible="true" version="1" changeset="176921485" timestamp="2026-01-06T22:10:39Z" user="AlexTies" uid="3579653" lat="46.4103196" lon="11.5755925"/>
 <node id="13436416839" visible="true" version="1" changeset="176921485" timestamp="2026-01-06T22:10:39Z" user="AlexTies" uid="3579653" lat="46.4103079" lon="11.5754741"/>
 <node id="13436416840" visible="true" version="1" changeset="176921485" timestamp="2026-01-06T22:10:39Z" user="AlexTies" uid="3579653" lat="46.4103575" lon="11.5755257"/>
 <node id="13436416841" visible="true" version="1" changeset="176921485" timestamp="2026-01-06T22:10:39Z" user="AlexTies" uid="3579653" lat="46.4104151" lon="11.5755524"/>
 <node id="13436416842" visible="true" version="1" changeset="176921485" timestamp="2026-01-06T22:10:39Z" user="AlexTies" uid="3579653" lat="46.4100951" lon="11.5747357"/>
 <node id="13436416843" visible="true" version="1" changeset="176921485" timestamp="2026-01-06T22:10:39Z" user="AlexTies" uid="3579653" lat="46.4101961" lon="11.5750448"/>
 <node id="13436416844" visible="true" version="1" changeset="176921485" timestamp="2026-01-06T22:10:39Z" user="AlexTies" uid="3579653" lat="46.4102375" lon="11.5752271"/>
 <node id="13436416845" visible="true" version="1" changeset="176921485" timestamp="2026-01-06T22:10:39Z" user="AlexTies" uid="3579653" lat="46.4102915" lon="11.5753572"/>
 <node id="13436416846" visible="true" version="1" changeset="176921485" timestamp="2026-01-06T22:10:39Z" user="AlexTies" uid="3579653" lat="46.4103082" lon="11.5754157"/>
 <node id="13436416847" visible="true" version="1" changeset="176921485" timestamp="2026-01-06T22:10:39Z" user="AlexTies" uid="3579653" lat="46.4103983" lon="11.5755176"/>
 <node id="13436416848" visible="true" version="1" changeset="176921485" timestamp="2026-01-06T22:10:39Z" user="AlexTies" uid="3579653" lat="46.4104575" lon="11.5760105"/>
 <node id="13436416849" visible="true" version="1" changeset="176921485" timestamp="2026-01-06T22:10:39Z" user="AlexTies" uid="3579653" lat="46.4104244" lon="11.5755598"/>
 <node id="13436416850" visible="true" version="1" changeset="176921485" timestamp="2026-01-06T22:10:39Z" user="AlexTies" uid="3579653" lat="46.4104498" lon="11.5756760"/>
 <node id="13436416851" visible="true" version="1" changeset="176921485" timestamp="2026-01-06T22:10:39Z" user="AlexTies" uid="3579653" lat="46.4104630" lon="11.5758319"/>
 <node id="13436416852" visible="true" version="1" changeset="176921485" timestamp="2026-01-06T22:10:39Z" user="AlexTies" uid="3579653" lat="46.4104517" lon="11.5761341"/>
 <node id="13436416853" visible="true" version="1" changeset="176921485" timestamp="2026-01-06T22:10:39Z" user="AlexTies" uid="3579653" lat="46.4103103" lon="11.5772911"/>
 <node id="13436416854" visible="true" version="1" changeset="176921485" timestamp="2026-01-06T22:10:39Z" user="AlexTies" uid="3579653" lat="46.4103793" lon="11.5771612"/>
 <node id="13436416855" visible="true" version="1" changeset="176921485" timestamp="2026-01-06T22:10:39Z" user="AlexTies" uid="3579653" lat="46.4104157" lon="11.5770731"/>
 <node id="13436416856" visible="true" version="1" changeset="176921485" timestamp="2026-01-06T22:10:39Z" user="AlexTies" uid="3579653" lat="46.4104379" lon="11.5769832"/>
 <node id="13436416857" visible="true" version="1" changeset="176921485" timestamp="2026-01-06T22:10:39Z" user="AlexTies" uid="3579653" lat="46.4104503" lon="11.5768390"/>
 <node id="13436416858" visible="true" version="1" changeset="176921485" timestamp="2026-01-06T22:10:39Z" user="AlexTies" uid="3579653" lat="46.4104493" lon="11.5767772"/>
 <node id="13436416859" visible="true" version="1" changeset="176921485" timestamp="2026-01-06T22:10:39Z" user="AlexTies" uid="3579653" lat="46.4100841" lon="11.5747059"/>
 <node id="13436416860" visible="true" version="1" changeset="176921485" timestamp="2026-01-06T22:10:39Z" user="AlexTies" uid="3579653" lat="46.4097084" lon="11.5741078"/>
 <node id="13436416861" visible="true" version="1" changeset="176921485" timestamp="2026-01-06T22:10:39Z" user="AlexTies" uid="3579653" lat="46.4096550" lon="11.5740420"/>
 <node id="13436416862" visible="true" version="1" changeset="176921485" timestamp="2026-01-06T22:10:39Z" user="AlexTies" uid="3579653" lat="46.4095511" lon="11.5739306"/>
 <node id="13436416863" visible="true" version="1" changeset="176921485" timestamp="2026-01-06T22:10:39Z" user="AlexTies" uid="3579653" lat="46.4094202" lon="11.5737857"/>
 <node id="13436416864" visible="true" version="1" changeset="176921485" timestamp="2026-01-06T22:10:39Z" user="AlexTies" uid="3579653" lat="46.4092984" lon="11.5736679"/>
 <node id="13436416865" visible="true" version="1" changeset="176921485" timestamp="2026-01-06T22:10:39Z" user="AlexTies" uid="3579653" lat="46.4092223" lon="11.5735380"/>
 <node id="13436416866" visible="true" version="1" changeset="176921485" timestamp="2026-01-06T22:10:39Z" user="AlexTies" uid="3579653" lat="46.4091781" lon="11.5734254"/>
 <node id="13436416867" visible="true" version="1" changeset="176921485" timestamp="2026-01-06T22:10:39Z" user="AlexTies" uid="3579653" lat="46.4091463" lon="11.5733048"/>
 <node id="13436416868" visible="true" version="1" changeset="176921485" timestamp="2026-01-06T22:10:39Z" user="AlexTies" uid="3579653" lat="46.4091252" lon="11.5731538"/>
 <node id="13436416869" visible="true" version="1" changeset="176921485" timestamp="2026-01-06T22:10:39Z" user="AlexTies" uid="3579653" lat="46.4091331" lon="11.5729996"/>
 <node id="13436416870" visible="true" version="1" changeset="176921485" timestamp="2026-01-06T22:10:39Z" user="AlexTies" uid="3579653" lat="46.4091604" lon="11.5728677"/>
 <node id="13436416871" visible="true" version="1" changeset="176921485" timestamp="2026-01-06T22:10:39Z" user="AlexTies" uid="3579653" lat="46.4091797" lon="11.5728072"/>
 <node id="13436416872" visible="true" version="2" changeset="183790304" timestamp="2026-06-07T16:46:43Z" user="Marco Tamburini" uid="19653888" lat="46.4091804" lon="11.5727872"/>
 <node id="13436416875" visible="true" version="1" changeset="176921485" timestamp="2026-01-06T22:10:39Z" user="AlexTies" uid="3579653" lat="46.4091253" lon="11.5730751"/>
 <node id="13436416876" visible="true" version="1" changeset="176921485" timestamp="2026-01-06T22:10:39Z" user="AlexTies" uid="3579653" lat="46.4091331" lon="11.5732298"/>
 <node id="13754420923" visible="true" version="1" changeset="181704917" timestamp="2026-04-23T08:09:30Z" user="AlexTies" uid="3579653" lat="46.4082061" lon="11.5746866"/>
 <node id="13914125099" visible="true" version="3" changeset="183790304" timestamp="2026-06-07T16:46:43Z" user="Marco Tamburini" uid="19653888" lat="46.4103020" lon="11.5758681">
  <tag k="check_date" v="2026-06-06"/>
  <tag k="hiking" v="yes"/>
  <tag k="information" v="guidepost"/>
  <tag k="material" v="wood"/>
  <tag k="operator" v="TourismusVerein/Associazione Turistica"/>
  <tag k="source" v="survey:CAI"/>
  <tag k="tourism" v="information"/>
  <tag k="wikimedia_commons" v="File:Guidepost (26252).jpg"/>
 </node>
 <node id="13914191251" visible="true" version="3" changeset="183790304" timestamp="2026-06-07T16:46:43Z" user="Marco Tamburini" uid="19653888" lat="46.4091164" lon="11.5727584">
  <tag k="check_date" v="2026-06-06"/>
  <tag k="description" v="File:Guidepost (42194).jpg"/>
  <tag k="hiking" v="yes"/>
  <tag k="information" v="guidepost"/>
  <tag k="material" v="wood"/>
  <tag k="operator" v="TourismusVerein/Associazione Turistica"/>
  <tag k="ref" v="58/8-DT-26"/>
  <tag k="source" v="survey:CAI"/>
  <tag k="tourism" v="information"/>
  <tag k="wikimedia_commons" v="File:Guidepost (37526).jpg"/>
 </node>
 <node id="13917853767" visible="true" version="1" changeset="183790304" timestamp="2026-06-07T16:46:43Z" user="Marco Tamburini" uid="19653888" lat="46.4101631" lon="11.5758614"/>
 <node id="13917853768" visible="true" version="1" changeset="183790304" timestamp="2026-06-07T16:46:43Z" user="Marco Tamburini" uid="19653888" lat="46.4093301" lon="11.5729077"/>
 <node id="13917853769" visible="true" version="1" changeset="183790304" timestamp="2026-06-07T16:46:43Z" user="Marco Tamburini" uid="19653888" lat="46.4093701" lon="11.5728959"/>
 <node id="13917853770" visible="true" version="1" changeset="183790304" timestamp="2026-06-07T16:46:43Z" user="Marco Tamburini" uid="19653888" lat="46.4094554" lon="11.5728176"/>
 <node id="13917853771" visible="true" version="1" changeset="183790304" timestamp="2026-06-07T16:46:43Z" user="Marco Tamburini" uid="19653888" lat="46.4094170" lon="11.5728652"/>
 <node id="13917853772" visible="true" version="1" changeset="183790304" timestamp="2026-06-07T16:46:43Z" user="Marco Tamburini" uid="19653888" lat="46.4096977" lon="11.5725986"/>
 <node id="13917853773" visible="true" version="1" changeset="183790304" timestamp="2026-06-07T16:46:43Z" user="Marco Tamburini" uid="19653888" lat="46.4095767" lon="11.5727067"/>
 <node id="13917853774" visible="true" version="1" changeset="183790304" timestamp="2026-06-07T16:46:43Z" user="Marco Tamburini" uid="19653888" lat="46.4095974" lon="11.5726942"/>
 <node id="13917853775" visible="true" version="1" changeset="183790304" timestamp="2026-06-07T16:46:43Z" user="Marco Tamburini" uid="19653888" lat="46.4096327" lon="11.5726310"/>
 <node id="13917853776" visible="true" version="1" changeset="183790304" timestamp="2026-06-07T16:46:43Z" user="Marco Tamburini" uid="19653888" lat="46.4099470" lon="11.5725188"/>
 <node id="13917853777" visible="true" version="1" changeset="183790304" timestamp="2026-06-07T16:46:43Z" user="Marco Tamburini" uid="19653888" lat="46.4098123" lon="11.5724950"/>
 <node id="13917853778" visible="true" version="1" changeset="183790304" timestamp="2026-06-07T16:46:43Z" user="Marco Tamburini" uid="19653888" lat="46.4099073" lon="11.5725230"/>
 <node id="13917882352" visible="true" version="1" changeset="183790304" timestamp="2026-06-07T16:46:43Z" user="Marco Tamburini" uid="19653888" lat="46.4000502" lon="11.5754053"/>
 <node id="13917882353" visible="true" version="1" changeset="183790304" timestamp="2026-06-07T16:46:43Z" user="Marco Tamburini" uid="19653888" lat="46.4001297" lon="11.5753456"/>
 <node id="13917882354" visible="true" version="1" changeset="183790304" timestamp="2026-06-07T16:46:43Z" user="Marco Tamburini" uid="19653888" lat="46.4002820" lon="11.5752992"/>
 <node id="13917882355" visible="true" version="1" changeset="183790304" timestamp="2026-06-07T16:46:43Z" user="Marco Tamburini" uid="19653888" lat="46.4003359" lon="11.5751708"/>
 <node id="13917882356" visible="true" version="1" changeset="183790304" timestamp="2026-06-07T16:46:43Z" user="Marco Tamburini" uid="19653888" lat="46.4003773" lon="11.5749044"/>
 <node id="13917882357" visible="true" version="1" changeset="183790304" timestamp="2026-06-07T16:46:43Z" user="Marco Tamburini" uid="19653888" lat="46.4004219" lon="11.5748746"/>
 <node id="13917882358" visible="true" version="1" changeset="183790304" timestamp="2026-06-07T16:46:43Z" user="Marco Tamburini" uid="19653888" lat="46.4008742" lon="11.5747586"/>
 <node id="13917882359" visible="true" version="1" changeset="183790304" timestamp="2026-06-07T16:46:43Z" user="Marco Tamburini" uid="19653888" lat="46.4013766" lon="11.5744311"/>
 <node id="13917882360" visible="true" version="1" changeset="183790304" timestamp="2026-06-07T16:46:43Z" user="Marco Tamburini" uid="19653888" lat="46.4016982" lon="11.5743208"/>
 <node id="13917882361" visible="true" version="1" changeset="183790304" timestamp="2026-06-07T16:46:43Z" user="Marco Tamburini" uid="19653888" lat="46.4019308" lon="11.5742846"/>
 <node id="13917882362" visible="true" version="1" changeset="183790304" timestamp="2026-06-07T16:46:43Z" user="Marco Tamburini" uid="19653888" lat="46.4022500" lon="11.5743130"/>
 <node id="13917882363" visible="true" version="1" changeset="183790304" timestamp="2026-06-07T16:46:43Z" user="Marco Tamburini" uid="19653888" lat="46.4024833" lon="11.5744043"/>
 <node id="13917882364" visible="true" version="1" changeset="183790304" timestamp="2026-06-07T16:46:43Z" user="Marco Tamburini" uid="19653888" lat="46.4033329" lon="11.5745039"/>
 <node id="13917882365" visible="true" version="1" changeset="183790304" timestamp="2026-06-07T16:46:43Z" user="Marco Tamburini" uid="19653888" lat="46.4034298" lon="11.5745310"/>
 <node id="13917882366" visible="true" version="1" changeset="183790304" timestamp="2026-06-07T16:46:43Z" user="Marco Tamburini" uid="19653888" lat="46.4037589" lon="11.5745005"/>
 <node id="13917882367" visible="true" version="1" changeset="183790304" timestamp="2026-06-07T16:46:43Z" user="Marco Tamburini" uid="19653888" lat="46.4038890" lon="11.5745285"/>
 <node id="13917882368" visible="true" version="1" changeset="183790304" timestamp="2026-06-07T16:46:43Z" user="Marco Tamburini" uid="19653888" lat="46.4040051" lon="11.5745986"/>
 <node id="13917882369" visible="true" version="1" changeset="183790304" timestamp="2026-06-07T16:46:43Z" user="Marco Tamburini" uid="19653888" lat="46.4041166" lon="11.5746378"/>
 <node id="13917882370" visible="true" version="1" changeset="183790304" timestamp="2026-06-07T16:46:43Z" user="Marco Tamburini" uid="19653888" lat="46.4042217" lon="11.5746578"/>
 <node id="13917882371" visible="true" version="1" changeset="183790304" timestamp="2026-06-07T16:46:43Z" user="Marco Tamburini" uid="19653888" lat="46.4043779" lon="11.5747247"/>
 <node id="13917882372" visible="true" version="1" changeset="183790304" timestamp="2026-06-07T16:46:43Z" user="Marco Tamburini" uid="19653888" lat="46.4044754" lon="11.5747943"/>
 <node id="13917882373" visible="true" version="1" changeset="183790304" timestamp="2026-06-07T16:46:43Z" user="Marco Tamburini" uid="19653888" lat="46.4045523" lon="11.5748397"/>
 <node id="13917882374" visible="true" version="1" changeset="183790304" timestamp="2026-06-07T16:46:43Z" user="Marco Tamburini" uid="19653888" lat="46.4046127" lon="11.5748606"/>
 <node id="13917882375" visible="true" version="1" changeset="183790304" timestamp="2026-06-07T16:46:43Z" user="Marco Tamburini" uid="19653888" lat="46.4048153" lon="11.5748585"/>
 <node id="13917882376" visible="true" version="1" changeset="183790304" timestamp="2026-06-07T16:46:43Z" user="Marco Tamburini" uid="19653888" lat="46.4051044" lon="11.5748013"/>
 <node id="13917882377" visible="true" version="1" changeset="183790304" timestamp="2026-06-07T16:46:43Z" user="Marco Tamburini" uid="19653888" lat="46.4053196" lon="11.5747911"/>
 <node id="13917882378" visible="true" version="1" changeset="183790304" timestamp="2026-06-07T16:46:43Z" user="Marco Tamburini" uid="19653888" lat="46.4056292" lon="11.5746487"/>
 <node id="13917882379" visible="true" version="1" changeset="183790304" timestamp="2026-06-07T16:46:43Z" user="Marco Tamburini" uid="19653888" lat="46.4057473" lon="11.5745290"/>
 <node id="13917882380" visible="true" version="1" changeset="183790304" timestamp="2026-06-07T16:46:43Z" user="Marco Tamburini" uid="19653888" lat="46.4058854" lon="11.5742438"/>
 <node id="13917882381" visible="true" version="1" changeset="183790304" timestamp="2026-06-07T16:46:43Z" user="Marco Tamburini" uid="19653888" lat="46.4059308" lon="11.5741459"/>
 <node id="13917882382" visible="true" version="1" changeset="183790304" timestamp="2026-06-07T16:46:43Z" user="Marco Tamburini" uid="19653888" lat="46.4061433" lon="11.5738802"/>
 <node id="13917882383" visible="true" version="1" changeset="183790304" timestamp="2026-06-07T16:46:43Z" user="Marco Tamburini" uid="19653888" lat="46.4063233" lon="11.5737008"/>
 <node id="13917882384" visible="true" version="1" changeset="183790304" timestamp="2026-06-07T16:46:43Z" user="Marco Tamburini" uid="19653888" lat="46.4064426" lon="11.5735969"/>
 <node id="13917882385" visible="true" version="1" changeset="183790304" timestamp="2026-06-07T16:46:43Z" user="Marco Tamburini" uid="19653888" lat="46.4066827" lon="11.5734221"/>
 <node id="13917882386" visible="true" version="1" changeset="183790304" timestamp="2026-06-07T16:46:43Z" user="Marco Tamburini" uid="19653888" lat="46.4067840" lon="11.5733672"/>
 <node id="13917882387" visible="true" version="1" changeset="183790304" timestamp="2026-06-07T16:46:43Z" user="Marco Tamburini" uid="19653888" lat="46.4069764" lon="11.5733150"/>
 <node id="13917882388" visible="true" version="1" changeset="183790304" timestamp="2026-06-07T16:46:43Z" user="Marco Tamburini" uid="19653888" lat="46.4072007" lon="11.5733066"/>
 <node id="13917882389" visible="true" version="1" changeset="183790304" timestamp="2026-06-07T16:46:43Z" user="Marco Tamburini" uid="19653888" lat="46.4072933" lon="11.5732883"/>
 <node id="13917882390" visible="true" version="1" changeset="183790304" timestamp="2026-06-07T16:46:43Z" user="Marco Tamburini" uid="19653888" lat="46.4075022" lon="11.5731459"/>
 <node id="13917882391" visible="true" version="1" changeset="183790304" timestamp="2026-06-07T16:46:43Z" user="Marco Tamburini" uid="19653888" lat="46.4076493" lon="11.5730688"/>
 <node id="13917882392" visible="true" version="1" changeset="183790304" timestamp="2026-06-07T16:46:43Z" user="Marco Tamburini" uid="19653888" lat="46.4077274" lon="11.5730615"/>
 <node id="13917882393" visible="true" version="1" changeset="183790304" timestamp="2026-06-07T16:46:43Z" user="Marco Tamburini" uid="19653888" lat="46.4078202" lon="11.5730614"/>
 <node id="13917882394" visible="true" version="1" changeset="183790304" timestamp="2026-06-07T16:46:43Z" user="Marco Tamburini" uid="19653888" lat="46.4079068" lon="11.5730471"/>
 <node id="13917882395" visible="true" version="1" changeset="183790304" timestamp="2026-06-07T16:46:43Z" user="Marco Tamburini" uid="19653888" lat="46.4079892" lon="11.5730206"/>
 <node id="13917882396" visible="true" version="1" changeset="183790304" timestamp="2026-06-07T16:46:43Z" user="Marco Tamburini" uid="19653888" lat="46.4082680" lon="11.5728004"/>
 <node id="13917882397" visible="true" version="1" changeset="183790304" timestamp="2026-06-07T16:46:43Z" user="Marco Tamburini" uid="19653888" lat="46.4084926" lon="11.5726676"/>
 <node id="13917882401" visible="true" version="1" changeset="183790304" timestamp="2026-06-07T16:46:43Z" user="Marco Tamburini" uid="19653888" lat="46.4091736" lon="11.5771897"/>
 <node id="13917882402" visible="true" version="1" changeset="183790304" timestamp="2026-06-07T16:46:43Z" user="Marco Tamburini" uid="19653888" lat="46.4089503" lon="11.5770292"/>
 <node id="13917882403" visible="true" version="1" changeset="183790304" timestamp="2026-06-07T16:46:43Z" user="Marco Tamburini" uid="19653888" lat="46.4090153" lon="11.5770944"/>
 <node id="13917882404" visible="true" version="1" changeset="183790304" timestamp="2026-06-07T16:46:43Z" user="Marco Tamburini" uid="19653888" lat="46.4092872" lon="11.5773296"/>
 <node id="13917882405" visible="true" version="1" changeset="183790304" timestamp="2026-06-07T16:46:43Z" user="Marco Tamburini" uid="19653888" lat="46.4094070" lon="11.5773846"/>
 <node id="13917882406" visible="true" version="1" changeset="183790304" timestamp="2026-06-07T16:46:43Z" user="Marco Tamburini" uid="19653888" lat="46.4086500" lon="11.5763135"/>
 <node id="13917882407" visible="true" version="1" changeset="183790304" timestamp="2026-06-07T16:46:43Z" user="Marco Tamburini" uid="19653888" lat="46.4088997" lon="11.5762954"/>
 <node id="13917882408" visible="true" version="1" changeset="183790304" timestamp="2026-06-07T16:46:43Z" user="Marco Tamburini" uid="19653888" lat="46.4077342" lon="11.5767537"/>
 <node id="13917882409" visible="true" version="1" changeset="183790304" timestamp="2026-06-07T16:46:43Z" user="Marco Tamburini" uid="19653888" lat="46.4077807" lon="11.5768530"/>
 <node id="13917882410" visible="true" version="1" changeset="183790304" timestamp="2026-06-07T16:46:43Z" user="Marco Tamburini" uid="19653888" lat="46.4077994" lon="11.5770757"/>
 <node id="13917882411" visible="true" version="1" changeset="183790304" timestamp="2026-06-07T16:46:43Z" user="Marco Tamburini" uid="19653888" lat="46.4077476" lon="11.5773956"/>
 <node id="13917882412" visible="true" version="1" changeset="183790304" timestamp="2026-06-07T16:46:43Z" user="Marco Tamburini" uid="19653888" lat="46.4076819" lon="11.5776687"/>
 <node id="13917882413" visible="true" version="1" changeset="183790304" timestamp="2026-06-07T16:46:43Z" user="Marco Tamburini" uid="19653888" lat="46.4076426" lon="11.5778229"/>
 <node id="13917882414" visible="true" version="1" changeset="183790304" timestamp="2026-06-07T16:46:43Z" user="Marco Tamburini" uid="19653888" lat="46.4075989" lon="11.5779336"/>
 <node id="13917882415" visible="true" version="1" changeset="183790304" timestamp="2026-06-07T16:46:43Z" user="Marco Tamburini" uid="19653888" lat="46.4075317" lon="11.5780198"/>
 <node id="13917882416" visible="true" version="1" changeset="183790304" timestamp="2026-06-07T16:46:43Z" user="Marco Tamburini" uid="19653888" lat="46.4074556" lon="11.5780857"/>
 <node id="13917882417" visible="true" version="1" changeset="183790304" timestamp="2026-06-07T16:46:43Z" user="Marco Tamburini" uid="19653888" lat="46.4073068" lon="11.5781717"/>
 <node id="13917882418" visible="true" version="1" changeset="183790304" timestamp="2026-06-07T16:46:43Z" user="Marco Tamburini" uid="19653888" lat="46.4072051" lon="11.5782787"/>
 <node id="13917882419" visible="true" version="1" changeset="183790304" timestamp="2026-06-07T16:46:43Z" user="Marco Tamburini" uid="19653888" lat="46.4071324" lon="11.5784413"/>
 <node id="13917882420" visible="true" version="1" changeset="183790304" timestamp="2026-06-07T16:46:43Z" user="Marco Tamburini" uid="19653888" lat="46.4071172" lon="11.5786676"/>
 <node id="13917882421" visible="true" version="1" changeset="183790304" timestamp="2026-06-07T16:46:43Z" user="Marco Tamburini" uid="19653888" lat="46.4071821" lon="11.5788965"/>
 <node id="13917882422" visible="true" version="1" changeset="183790304" timestamp="2026-06-07T16:46:43Z" user="Marco Tamburini" uid="19653888" lat="46.4072433" lon="11.5795631"/>
 <node id="13917882423" visible="true" version="1" changeset="183790304" timestamp="2026-06-07T16:46:43Z" user="Marco Tamburini" uid="19653888" lat="46.4071910" lon="11.5794933"/>
 <node id="13917882504" visible="true" version="1" changeset="183790304" timestamp="2026-06-07T16:46:43Z" user="Marco Tamburini" uid="19653888" lat="46.4072946" lon="11.5756385"/>
 <node id="13917882505" visible="true" version="1" changeset="183790304" timestamp="2026-06-07T16:46:43Z" user="Marco Tamburini" uid="19653888" lat="46.4070646" lon="11.5757577"/>
 <node id="13917882506" visible="true" version="1" changeset="183790304" timestamp="2026-06-07T16:46:43Z" user="Marco Tamburini" uid="19653888" lat="46.4071910" lon="11.5756791"/>
 <node id="13917882507" visible="true" version="1" changeset="183790304" timestamp="2026-06-07T16:46:43Z" user="Marco Tamburini" uid="19653888" lat="46.4074303" lon="11.5755032"/>
 <way id="25188564" visible="true" version="28" changeset="166616204" timestamp="2025-05-22T14:25:59Z" user="luschi" uid="1714220">
  <nd ref="274587203"/>
  <nd ref="9837276331"/>
  <nd ref="9837276332"/>
  <nd ref="9837276333"/>
  <nd ref="9837276334"/>
  <nd ref="9837276335"/>
  <nd ref="9837276336"/>
  <nd ref="9837276337"/>
  <nd ref="9837276338"/>
  <nd ref="9837276339"/>
  <nd ref="9837276340"/>
  <nd ref="9837276341"/>
  <nd ref="9837276342"/>
  <nd ref="9837276343"/>
  <nd ref="9837276344"/>
  <nd ref="9837276345"/>
  <nd ref="9837276346"/>
  <nd ref="9837276347"/>
  <nd ref="9837276348"/>
  <nd ref="9837276349"/>
  <nd ref="9837276350"/>
  <nd ref="9837276351"/>
  <nd ref="9837276352"/>
  <nd ref="9837276353"/>
  <nd ref="9837276354"/>
  <nd ref="9837276355"/>
  <nd ref="9837276356"/>
  <nd ref="9837276357"/>
  <nd ref="1338133111"/>
  <nd ref="9837276358"/>
  <nd ref="1338133156"/>
  <nd ref="9837276360"/>
  <nd ref="9837276359"/>
  <nd ref="9837276361"/>
  <nd ref="2427907648"/>
  <nd ref="274587199"/>
  <nd ref="299494837"/>
  <nd ref="9837276362"/>
  <nd ref="274587200"/>
  <nd ref="299494836"/>
  <nd ref="2427907650"/>
  <nd ref="9837276363"/>
  <nd ref="12270878571"/>
  <nd ref="274587201"/>
  <nd ref="12270878572"/>
  <nd ref="299494835"/>
  <nd ref="9837276319"/>
  <nd ref="9837276320"/>
  <nd ref="9837276321"/>
  <nd ref="9837276322"/>
  <nd ref="9837276323"/>
  <nd ref="274587354"/>
  <nd ref="9837276325"/>
  <nd ref="9837276324"/>
  <nd ref="299494846"/>
  <nd ref="11010687204"/>
  <nd ref="9837276326"/>
  <nd ref="2427907665"/>
  <nd ref="9837276327"/>
  <nd ref="11010700005"/>
  <nd ref="11010700006"/>
  <nd ref="274587202"/>
  <nd ref="9837276328"/>
  <nd ref="299494845"/>
  <nd ref="12270878570"/>
  <nd ref="274587356"/>
  <nd ref="299494840"/>
  <nd ref="274587203"/>
 </way>
 <way id="27283616" visible="true" version="15" changeset="176088226" timestamp="2025-12-18T10:36:06Z" user="AlexTies" uid="3579653">
  <nd ref="299495139"/>
  <nd ref="8088199121"/>
  <nd ref="8223284612"/>
  <nd ref="299495140"/>
  <nd ref="8088199136"/>
  <nd ref="299495141"/>
  <nd ref="299495145"/>
  <nd ref="299495150"/>
  <nd ref="8088199137"/>
  <nd ref="299495151"/>
  <nd ref="299495152"/>
  <nd ref="299495153"/>
  <nd ref="1338133136"/>
  <nd ref="1338133119"/>
  <nd ref="12187976359"/>
  <nd ref="13386103958"/>
  <nd ref="299495154"/>
  <nd ref="299495160"/>
  <nd ref="12855598550"/>
  <nd ref="12855598551"/>
  <nd ref="3978143643"/>
  <tag k="highway" v="footway"/>
  <tag k="lit" v="no"/>
  <tag k="smoothness" v="intermediate"/>
  <tag k="surface" v="compacted"/>
 </way>
 <way id="37571573" visible="true" version="7" changeset="156150446" timestamp="2024-09-03T16:31:19Z" user="D_FENCE" uid="783429">
  <nd ref="29540197"/>
  <nd ref="8223284588"/>
  <nd ref="2427907692"/>
  <nd ref="8223284587"/>
  <nd ref="440296337"/>
  <nd ref="2961638167"/>
  <nd ref="3741545234"/>
  <nd ref="440296340"/>
  <tag k="highway" v="service"/>
  <tag k="surface" v="asphalt"/>
 </way>
 <way id="37571574" visible="true" version="9" changeset="183790304" timestamp="2026-06-07T16:46:43Z" user="Marco Tamburini" uid="19653888">
  <nd ref="1338133122"/>
  <nd ref="440296346"/>
  <tag k="bicycle" v="no"/>
  <tag k="highway" v="footway"/>
  <tag k="lit" v="no"/>
  <tag k="surface" v="gravel"/>
 </way>
 <way id="37571576" visible="true" version="14" changeset="166107132" timestamp="2025-05-11T12:48:08Z" user="pikappa79" uid="330007">
  <nd ref="2427907661"/>
  <nd ref="2427907616"/>
  <nd ref="12828352157"/>
  <nd ref="12828352158"/>
  <nd ref="2427907666"/>
  <nd ref="8930875387"/>
  <nd ref="9342144459"/>
  <nd ref="8930875386"/>
  <nd ref="440296370"/>
  <nd ref="9342144458"/>
  <nd ref="9342144457"/>
  <nd ref="440296374"/>
  <nd ref="2427907663"/>
  <nd ref="8930875401"/>
  <nd ref="8930875402"/>
  <nd ref="440296340"/>
  <nd ref="8930875385"/>
  <nd ref="440296363"/>
  <nd ref="2427907704"/>
  <nd ref="2427907662"/>
  <nd ref="2427907670"/>
 </way>
 <way id="41143376" visible="true" version="11" changeset="183790304" timestamp="2026-06-07T16:46:43Z" user="Marco Tamburini" uid="19653888">
  <nd ref="502268097"/>
  <nd ref="8223284590"/>
  <nd ref="9872593089"/>
  <nd ref="1396702558"/>
  <nd ref="502268098"/>
  <nd ref="13386087857"/>
  <nd ref="502268099"/>
  <nd ref="1396702560"/>
  <nd ref="13386087856"/>
  <nd ref="502268100"/>
  <nd ref="13917882406"/>
  <nd ref="502268101"/>
  <nd ref="1396702562"/>
  <nd ref="13917882407"/>
  <nd ref="502268104"/>
  <nd ref="502268107"/>
  <nd ref="502268112"/>
  <nd ref="502268113"/>
  <nd ref="502268114"/>
  <tag k="highway" v="footway"/>
  <tag k="lit" v="no"/>
  <tag k="surface" v="pebblestone"/>
 </way>
 <way id="117230637" visible="true" version="12" changeset="178221354" timestamp="2026-02-07T10:16:50Z" user="AlexTies" uid="3579653">
  <nd ref="1335779871"/>
  <nd ref="8223284607"/>
  <nd ref="1320461872"/>
  <nd ref="1320461916"/>
  <nd ref="8223284604"/>
  <nd ref="8223284593"/>
  <nd ref="1320461793"/>
  <nd ref="8223284594"/>
  <nd ref="8223284603"/>
  <nd ref="1320461807"/>
  <nd ref="8223284596"/>
  <nd ref="8223284602"/>
  <nd ref="8223284597"/>
  <nd ref="1320461919"/>
  <nd ref="8223284595"/>
  <nd ref="8223284601"/>
  <nd ref="8223284600"/>
  <nd ref="8223284598"/>
  <nd ref="1320461810"/>
  <nd ref="11010687201"/>
  <nd ref="1320461813"/>
  <nd ref="8223284599"/>
  <nd ref="1320461815"/>
  <nd ref="11010687200"/>
  <nd ref="299495184"/>
  <tag k="bicycle" v="yes"/>
  <tag k="highway" v="track"/>
  <tag k="motor_vehicle" v="permissive"/>
  <tag k="mtb:scale" v="0"/>
  <tag k="surface" v="compacted"/>
 </way>
 <way id="124448759" visible="true" version="7" changeset="178221354" timestamp="2026-02-07T10:47:51Z" user="AlexTies" uid="3579653">
  <nd ref="287938784"/>
  <nd ref="1385260918"/>
  <nd ref="9401862966"/>
  <nd ref="1385260917"/>
  <nd ref="9401862965"/>
  <nd ref="2410790471"/>
  <tag k="bicycle" v="yes"/>
  <tag k="foot" v="yes"/>
  <tag k="highway" v="track"/>
  <tag k="motor_vehicle" v="no"/>
  <tag k="mtb:scale" v="0"/>
  <tag k="surface" v="compacted"/>
  <tag k="tracktype" v="grade3"/>
 </way>
 <way id="125847624" visible="true" version="3" changeset="125890837" timestamp="2022-09-07T08:54:47Z" user="sfont" uid="662363">
  <nd ref="502268107"/>
  <nd ref="1396696823"/>
  <tag k="highway" v="footway"/>
  <tag k="lit" v="no"/>
  <tag k="surface" v="gravel"/>
 </way>
 <way id="125848099" visible="true" version="9" changeset="183790304" timestamp="2026-06-07T16:46:43Z" user="Marco Tamburini" uid="19653888">
  <nd ref="1396702545"/>
  <nd ref="13206522239"/>
  <nd ref="299495189"/>
  <nd ref="13917882507"/>
  <nd ref="299495188"/>
  <nd ref="13917882504"/>
  <nd ref="299495187"/>
  <nd ref="13917882506"/>
  <nd ref="299495186"/>
  <nd ref="13917882505"/>
  <nd ref="8230898719"/>
  <nd ref="299495185"/>
  <nd ref="299495184"/>
  <tag k="bicycle" v="yes"/>
  <tag k="foot" v="yes"/>
  <tag k="highway" v="track"/>
  <tag k="smoothness" v="very_bad"/>
  <tag k="surface" v="compacted"/>
 </way>
 <way id="159833452" visible="true" version="13" changeset="176566481" timestamp="2025-12-29T09:33:57Z" user="AlexTies" uid="3579653">
  <nd ref="274587201"/>
  <nd ref="13415267541"/>
  <nd ref="13415267539"/>
  <nd ref="13415267540"/>
  <nd ref="1841372671"/>
  <tag k="layer" v="-1"/>
  <tag k="name" v="Welschnofner Bach - Rio Nova Levante"/>
  <tag k="name:de" v="Welschnofner Bach"/>
  <tag k="name:it" v="Rio Nova Levante"/>
  <tag k="tunnel" v="culvert"/>
  <tag k="waterway" v="stream"/>
  <tag k="width" v="1.5 m"/>
 </way>
 <way id="184018035" visible="true" version="13" changeset="173086218" timestamp="2025-10-10T10:06:27Z" user="AlexTies" uid="3579653">
  <nd ref="11010700014"/>
  <nd ref="274584173"/>
  <nd ref="5545148042"/>
  <nd ref="300563234"/>
  <tag k="cycleway:both" v="no"/>
  <tag k="highway" v="primary"/>
  <tag k="lanes" v="2"/>
  <tag k="lit" v="no"/>
  <tag k="maxspeed" v="90"/>
  <tag k="name" v="Karerseestraße - Via Carezza"/>
  <tag k="name:de" v="Karerseestraße"/>
  <tag k="name:it" v="Via Carezza"/>
  <tag k="oneway" v="no"/>
  <tag k="ref" v="SS241"/>
  <tag k="smoothness" v="excellent"/>
  <tag k="surface" v="asphalt"/>
 </way>
 <way id="184018036" visible="true" version="1" changeset="13349384" timestamp="2012-10-03T16:49:27Z" user="Netzwolf" uid="32786">
  <nd ref="1841372671"/>
  <nd ref="29541442"/>
  <tag k="note" v="NICHT LÖSCHEN! Orographische Grenze zwischen Latemargruppe und Rosengartengruppe; wird in Regions-Relation benötigt!"/>
 </way>
 <way id="232754414" visible="true" version="5" changeset="178221354" timestamp="2026-02-07T10:47:54Z" user="AlexTies" uid="3579653">
  <nd ref="2410790471"/>
  <nd ref="8223284611"/>
  <nd ref="13386087850"/>
  <tag k="highway" v="track"/>
  <tag k="mtb:scale" v="0"/>
  <tag k="surface" v="compacted"/>
  <tag k="tracktype" v="grade3"/>
 </way>
 <way id="232754427" visible="true" version="6" changeset="176087514" timestamp="2025-12-18T10:20:15Z" user="AlexTies" uid="3579653">
  <nd ref="13386087850"/>
  <nd ref="13232878227"/>
  <nd ref="29541442"/>
  <tag k="highway" v="track"/>
  <tag k="name" v="Perlenweg - Sentiero delle Perle"/>
  <tag k="name:de" v="Perlenweg"/>
  <tag k="name:it" v="Sentiero delle Perle"/>
  <tag k="smoothness" v="bad"/>
  <tag k="surface" v="compacted"/>
  <tag k="tracktype" v="grade2"/>
 </way>
 <way id="282112728" visible="true" version="4" changeset="34230201" timestamp="2015-09-24T17:22:28Z" user="luschi" uid="1714220">
  <nd ref="1841372671"/>
  <nd ref="3741545227"/>
  <tag k="name" v="Welschnofner Bach - Rio Nova Levante"/>
  <tag k="name:de" v="Welschnofner Bach"/>
  <tag k="name:it" v="Rio Nova Levante"/>
  <tag k="waterway" v="stream"/>
  <tag k="width" v="1.5 m"/>
 </way>
 <way id="297453071" visible="true" version="23" changeset="173842797" timestamp="2025-10-27T14:59:53Z" user="AlexTies" uid="3579653">
  <nd ref="274582117"/>
  <nd ref="8230898722"/>
  <nd ref="8230898720"/>
  <nd ref="299494828"/>
  <nd ref="274582118"/>
  <nd ref="8230898723"/>
  <nd ref="29540191"/>
  <nd ref="299494826"/>
  <nd ref="8230898721"/>
  <nd ref="274582228"/>
  <nd ref="13261656451"/>
  <nd ref="13261656452"/>
  <nd ref="300563230"/>
  <nd ref="274582459"/>
  <nd ref="13261656453"/>
  <nd ref="9401926468"/>
  <nd ref="29540193"/>
  <nd ref="9401926467"/>
  <nd ref="2427907611"/>
  <nd ref="274582623"/>
  <nd ref="9401926466"/>
  <nd ref="13261656455"/>
  <nd ref="2427907642"/>
  <nd ref="13261656454"/>
  <nd ref="299494824"/>
  <nd ref="13261656456"/>
  <nd ref="9401926465"/>
  <nd ref="13261656457"/>
  <nd ref="9401926464"/>
  <nd ref="2427907638"/>
  <nd ref="13261656458"/>
  <nd ref="29540195"/>
  <nd ref="8088134316"/>
  <nd ref="274582624"/>
  <nd ref="300563231"/>
  <nd ref="13261656459"/>
  <nd ref="13261656460"/>
  <nd ref="4387855954"/>
  <tag k="cycleway:both" v="no"/>
  <tag k="highway" v="primary"/>
  <tag k="lanes" v="2"/>
  <tag k="lit" v="no"/>
  <tag k="maxspeed" v="90"/>
  <tag k="name" v="Karerseestraße - Via Carezza"/>
  <tag k="name:de" v="Karerseestraße"/>
  <tag k="name:it" v="Via Carezza"/>
  <tag k="oneway" v="no"/>
  <tag k="ref" v="SS241"/>
  <tag k="smoothness" v="excellent"/>
  <tag k="surface" v="asphalt"/>
 </way>
 <way id="318613050" visible="true" version="5" changeset="166107132" timestamp="2025-05-11T12:48:08Z" user="pikappa79" uid="330007">
  <nd ref="3741545227"/>
  <nd ref="1841372667"/>
  <nd ref="9837273114"/>
  <nd ref="9837273113"/>
  <nd ref="1841372673"/>
  <nd ref="9837273115"/>
  <nd ref="9837273117"/>
  <nd ref="9837273116"/>
  <nd ref="9837273119"/>
  <nd ref="9837273118"/>
  <nd ref="9837273126"/>
  <nd ref="9837273120"/>
  <nd ref="9837273125"/>
  <nd ref="9837273121"/>
  <nd ref="9837273124"/>
  <nd ref="9837273122"/>
  <nd ref="9837273123"/>
  <nd ref="1841372669"/>
  <nd ref="1339636052"/>
  <nd ref="3250029699"/>
  <nd ref="3250029700"/>
  <nd ref="1339636049"/>
  <nd ref="12828352025"/>
  <nd ref="12828352026"/>
  <nd ref="12828352027"/>
  <nd ref="1339636044"/>
  <nd ref="12828352024"/>
  <nd ref="3250029701"/>
  <tag k="name" v="Seebach"/>
  <tag k="waterway" v="stream"/>
  <tag k="width" v="1.5 m"/>
 </way>
 <way id="372225563" visible="true" version="6" changeset="173257257" timestamp="2025-10-14T06:12:30Z" user="AlexTies" uid="3579653">
  <nd ref="3757673127"/>
  <nd ref="3757673129"/>
  <nd ref="13232215308"/>
  <nd ref="13232215307"/>
  <nd ref="3757673128"/>
  <nd ref="3757673125"/>
  <nd ref="3757673133"/>
  <nd ref="3757673130"/>
  <nd ref="8954145336"/>
  <nd ref="3757673127"/>
  <tag k="building" v="commercial"/>
  <tag k="changing_table" v="yes"/>
  <tag k="contact:phone" v="+39 0471 612433"/>
  <tag k="kids_area" v="yes"/>
  <tag k="layer" v="1"/>
  <tag k="level" v="0"/>
  <tag k="name" v="Christine und Artur Bekleidung"/>
  <tag k="operator" v="Martin &amp; Robert | Christine &amp; Arthur"/>
  <tag k="shop" v="gift"/>
  <tag k="toilets" v="yes"/>
  <tag k="toilets:access" v="yes"/>
  <tag k="toilets:wheelchair" v="yes"/>
  <tag k="wheelchair" v="designated"/>
 </way>
 <way id="389670525" visible="true" version="14" changeset="183790304" timestamp="2026-06-07T16:46:43Z" user="Marco Tamburini" uid="19653888">
  <nd ref="299495136"/>
  <nd ref="1609177787"/>
  <nd ref="9891336291"/>
  <nd ref="287937643"/>
  <nd ref="13917882352"/>
  <nd ref="13917882353"/>
  <nd ref="10778653456"/>
  <nd ref="13917882354"/>
  <nd ref="287937644"/>
  <nd ref="13917882355"/>
  <nd ref="10778653455"/>
  <nd ref="10778653458"/>
  <nd ref="13917882356"/>
  <nd ref="13917882357"/>
  <nd ref="10778653459"/>
  <nd ref="12828352146"/>
  <nd ref="13917882358"/>
  <nd ref="10778653460"/>
  <nd ref="12828352147"/>
  <nd ref="13917882359"/>
  <nd ref="287937645"/>
  <nd ref="13917882360"/>
  <nd ref="13917882361"/>
  <nd ref="287937646"/>
  <nd ref="13917882362"/>
  <nd ref="12828352150"/>
  <nd ref="13917882363"/>
  <nd ref="12828352151"/>
  <nd ref="287937647"/>
  <nd ref="12828352152"/>
  <nd ref="6838319830"/>
  <nd ref="13917882364"/>
  <nd ref="13917882365"/>
  <nd ref="6838319829"/>
  <nd ref="13917882366"/>
  <nd ref="287937648"/>
  <nd ref="13917882367"/>
  <nd ref="13917882368"/>
  <nd ref="12828352153"/>
  <nd ref="13917882369"/>
  <nd ref="13917882370"/>
  <nd ref="12828352154"/>
  <nd ref="13917882371"/>
  <nd ref="13917882372"/>
  <nd ref="13917882373"/>
  <nd ref="13917882374"/>
  <nd ref="287937649"/>
  <nd ref="13917882375"/>
  <nd ref="12828352156"/>
  <nd ref="13917882376"/>
  <nd ref="287937650"/>
  <nd ref="13917882377"/>
  <nd ref="9837276409"/>
  <nd ref="13917882378"/>
  <nd ref="287937651"/>
  <nd ref="13917882379"/>
  <nd ref="12828352028"/>
  <nd ref="13917882380"/>
  <nd ref="13917882381"/>
  <nd ref="287937652"/>
  <nd ref="13917882382"/>
  <nd ref="13917882383"/>
  <nd ref="13917882384"/>
  <nd ref="2410790460"/>
  <nd ref="13917882385"/>
  <nd ref="13917882386"/>
  <nd ref="2410790461"/>
  <nd ref="13917882387"/>
  <nd ref="13917882388"/>
  <nd ref="13917882389"/>
  <nd ref="287937653"/>
  <nd ref="13917882390"/>
  <nd ref="2410790463"/>
  <nd ref="13917882391"/>
  <nd ref="13917882392"/>
  <nd ref="13917882393"/>
  <nd ref="13917882394"/>
  <nd ref="13917882395"/>
  <nd ref="287937654"/>
  <nd ref="8223284605"/>
  <nd ref="13917882396"/>
  <nd ref="8223284606"/>
  <nd ref="1335779871"/>
  <tag k="bicycle" v="yes"/>
  <tag k="foot" v="yes"/>
  <tag k="highway" v="track"/>
  <tag k="motor_vehicle" v="permissive"/>
  <tag k="mtb:scale" v="0"/>
  <tag k="name" v="Perlenweg - Sentiero delle Perle"/>
  <tag k="name:de" v="Perlenweg"/>
  <tag k="name:it" v="Sentiero delle Perle"/>
  <tag k="smoothness" v="bad"/>
  <tag k="surface" v="compacted"/>
  <tag k="tracktype" v="grade2"/>
 </way>
 <way id="394926866" visible="true" version="2" changeset="153322766" timestamp="2024-06-29T09:02:37Z" user="kenda88" uid="340062">
  <nd ref="3978143627"/>
  <nd ref="3978143628"/>
  <nd ref="3978143629"/>
  <nd ref="3978143630"/>
  <nd ref="3978143631"/>
  <nd ref="3978143632"/>
  <nd ref="3978143633"/>
  <nd ref="3978143627"/>
  <tag k="amenity" v="fast_food"/>
  <tag k="building" v="yes"/>
  <tag k="name" v="carezza snack"/>
 </way>
 <way id="394926867" visible="true" version="2" changeset="156169694" timestamp="2024-09-04T06:06:47Z" user="Aiman" uid="67550">
  <nd ref="3978143634"/>
  <nd ref="3978143635"/>
  <nd ref="3978143636"/>
  <nd ref="3978143637"/>
  <nd ref="3978143634"/>
  <tag k="amenity" v="cafe"/>
  <tag k="bar" v="yes"/>
  <tag k="building" v="commercial"/>
  <tag k="changing_table" v="yes"/>
  <tag k="highchair" v="yes"/>
  <tag k="indoor_seating" v="yes"/>
  <tag k="level" v="0"/>
  <tag k="name" v="Bar &amp; Imbiss Kareesee"/>
  <tag k="operator" v="Kompatscher Manuel"/>
  <tag k="outdoor_seating" v="yes"/>
  <tag k="ref:vatin" v="IT02459330219"/>
  <tag k="smoking" v="no"/>
  <tag k="takeaway" v="yes"/>
  <tag k="toilets" v="yes"/>
  <tag k="toilets:access" v="yes"/>
  <tag k="toilets:wheelchair" v="yes"/>
  <tag k="wheelchair" v="yes"/>
 </way>
 <way id="394926868" visible="true" version="2" changeset="108200136" timestamp="2021-07-18T16:53:36Z" user="MyMapMaker" uid="13698037">
  <nd ref="3978143638"/>
  <nd ref="3978143639"/>
  <nd ref="3978143640"/>
  <nd ref="3978143641"/>
  <nd ref="3978143636"/>
  <nd ref="3978143637"/>
  <nd ref="3978143634"/>
  <nd ref="3757673133"/>
  <nd ref="3757673125"/>
  <nd ref="3978143642"/>
  <nd ref="3978143645"/>
  <nd ref="3978143638"/>
  <tag k="building" v="roof"/>
  <tag k="layer" v="1"/>
 </way>
 <way id="394926869" visible="true" version="6" changeset="178221414" timestamp="2026-02-07T10:15:44Z" user="AlexTies" uid="3579653">
  <nd ref="3978143640"/>
  <nd ref="3978143635"/>
  <nd ref="3978143636"/>
  <nd ref="3978143641"/>
  <nd ref="3978143640"/>
  <tag k="access" v="yes"/>
  <tag k="amenity" v="toilets"/>
  <tag k="building" v="yes"/>
  <tag k="fee" v="no"/>
  <tag k="layer" v="-1"/>
  <tag k="location" v="surface"/>
  <tag k="name" v="Karer See - Lago di Carezza"/>
  <tag k="wheelchair" v="yes"/>
 </way>
 <way id="394926870" visible="true" version="5" changeset="126646518" timestamp="2022-09-26T09:34:54Z" user="Lisawie" uid="15526236">
  <nd ref="3978143643"/>
  <nd ref="4176846779"/>
  <tag k="highway" v="footway"/>
  <tag k="lit" v="no"/>
  <tag k="surface" v="pebblestone"/>
 </way>
 <way id="394926871" visible="true" version="4" changeset="122518189" timestamp="2022-06-17T17:29:24Z" user="bollyboll" uid="12120321">
  <nd ref="2756074764"/>
  <nd ref="3978143646"/>
  <tag k="description" v="Tunnelausstieg"/>
  <tag k="handrail" v="no"/>
  <tag k="highway" v="steps"/>
  <tag k="incline" v="up"/>
  <tag k="lit" v="yes"/>
  <tag k="ramp" v="no"/>
  <tag k="step_count" v="27"/>
  <tag k="surface" v="concrete"/>
  <tag k="width" v="2"/>
 </way>
 <way id="417056495" visible="true" version="3" changeset="126646518" timestamp="2022-09-26T09:45:40Z" user="Lisawie" uid="15526236">
  <nd ref="3978143645"/>
  <nd ref="4176846778"/>
  <tag k="highway" v="footway"/>
  <tag k="lit" v="no"/>
  <tag k="surface" v="asphalt"/>
 </way>
 <way id="417056500" visible="true" version="7" changeset="166616204" timestamp="2025-05-22T14:25:59Z" user="luschi" uid="1714220">
  <nd ref="4176846779"/>
  <nd ref="2756074764"/>
  <nd ref="3978143645"/>
  <tag k="bicycle" v="no"/>
  <tag k="foot" v="yes"/>
  <tag k="highway" v="footway"/>
  <tag k="horse" v="no"/>
  <tag k="level" v="-1"/>
  <tag k="surface" v="concrete"/>
  <tag k="tactile_paving" v="no"/>
  <tag k="tunnel" v="yes"/>
  <tag k="width" v="3"/>
 </way>
 <way id="432439104" visible="true" version="2" changeset="166107132" timestamp="2025-05-11T12:48:08Z" user="pikappa79" uid="330007">
  <nd ref="4314893866"/>
  <nd ref="4314893873"/>
  <nd ref="4314893872"/>
  <nd ref="4314893871"/>
  <nd ref="4314893870"/>
  <nd ref="4314893862"/>
  <nd ref="4314893858"/>
  <nd ref="4314893856"/>
  <nd ref="4314893857"/>
  <nd ref="12828352063"/>
  <nd ref="4314893859"/>
  <nd ref="4314893863"/>
  <nd ref="4314893866"/>
  <tag k="landuse" v="meadow"/>
 </way>
 <way id="610873669" visible="true" version="6" changeset="176087514" timestamp="2025-12-18T10:20:15Z" user="AlexTies" uid="3579653">
  <nd ref="5784853097"/>
  <nd ref="5784853096"/>
  <nd ref="8088199134"/>
  <nd ref="8088199132"/>
  <nd ref="8088199133"/>
  <nd ref="5784853095"/>
  <nd ref="5784853094"/>
  <nd ref="5784853093"/>
  <nd ref="5784853092"/>
  <nd ref="8088199131"/>
  <nd ref="13206522211"/>
  <nd ref="13206522212"/>
  <nd ref="13206522213"/>
  <nd ref="13386087873"/>
  <nd ref="8088199117"/>
  <nd ref="8088199118"/>
  <nd ref="5784853091"/>
  <nd ref="13206522215"/>
  <nd ref="13206522214"/>
  <nd ref="13206522216"/>
  <nd ref="13206522217"/>
  <nd ref="13206522218"/>
  <nd ref="5784853090"/>
  <nd ref="13206522220"/>
  <nd ref="13206522219"/>
  <nd ref="13206522221"/>
  <nd ref="13206522222"/>
  <nd ref="13206522223"/>
  <nd ref="13206522226"/>
  <nd ref="13206522225"/>
  <nd ref="13206522228"/>
  <nd ref="13206522229"/>
  <nd ref="13206522227"/>
  <nd ref="13206522224"/>
  <nd ref="8088199119"/>
  <nd ref="8088199120"/>
  <nd ref="5784853087"/>
  <nd ref="13386087860"/>
  <nd ref="13206522230"/>
  <nd ref="13386087859"/>
  <nd ref="13206522231"/>
  <nd ref="13386087858"/>
  <nd ref="13206522232"/>
  <nd ref="13206522233"/>
  <nd ref="13386087861"/>
  <nd ref="5784853086"/>
  <nd ref="13206522235"/>
  <nd ref="13206522234"/>
  <nd ref="11010700007"/>
  <nd ref="5784853083"/>
  <nd ref="13206522236"/>
  <nd ref="13206522237"/>
  <nd ref="13206522204"/>
  <nd ref="13206522238"/>
  <nd ref="8088181716"/>
  <nd ref="13206522205"/>
  <nd ref="9837276364"/>
  <nd ref="13206522206"/>
  <nd ref="5784853082"/>
  <nd ref="8088199128"/>
  <nd ref="5784853081"/>
  <nd ref="5784853080"/>
  <nd ref="8088199127"/>
  <nd ref="8088199126"/>
  <nd ref="8088199125"/>
  <nd ref="8088199124"/>
  <nd ref="8088199123"/>
  <nd ref="8088199129"/>
  <nd ref="8088199130"/>
  <nd ref="13206522208"/>
  <nd ref="13206522209"/>
  <nd ref="13206522210"/>
  <nd ref="13206522207"/>
  <nd ref="8088199122"/>
  <nd ref="5784853079"/>
  <nd ref="5784853078"/>
  <nd ref="5784853097"/>
  <tag k="barrier" v="fence"/>
 </way>
 <way id="847539229" visible="true" version="8" changeset="183790304" timestamp="2026-06-07T16:46:43Z" user="Marco Tamburini" uid="19653888">
  <nd ref="299495184"/>
  <nd ref="8230898717"/>
  <nd ref="299495192"/>
  <nd ref="299495193"/>
  <nd ref="299495198"/>
  <nd ref="299495199"/>
  <nd ref="8230898718"/>
  <nd ref="299495200"/>
  <nd ref="299495201"/>
  <nd ref="299495203"/>
  <nd ref="13917882408"/>
  <nd ref="13917882409"/>
  <nd ref="299495204"/>
  <nd ref="13917882410"/>
  <nd ref="299495205"/>
  <nd ref="13917882411"/>
  <nd ref="299495206"/>
  <nd ref="13917882412"/>
  <nd ref="13917882413"/>
  <nd ref="13917882414"/>
  <nd ref="13917882415"/>
  <nd ref="13917882416"/>
  <nd ref="299495207"/>
  <nd ref="13917882417"/>
  <nd ref="299495208"/>
  <nd ref="13917882418"/>
  <nd ref="299495209"/>
  <nd ref="13917882419"/>
  <nd ref="11010687198"/>
  <nd ref="299495210"/>
  <nd ref="13917882420"/>
  <nd ref="8241324257"/>
  <nd ref="299495211"/>
  <nd ref="8241324263"/>
  <nd ref="13917882421"/>
  <nd ref="8241324262"/>
  <nd ref="8241324261"/>
  <nd ref="299495212"/>
  <nd ref="8241324260"/>
  <nd ref="8241324259"/>
  <nd ref="299495213"/>
  <nd ref="13917882423"/>
  <nd ref="8241324258"/>
  <nd ref="13917882422"/>
  <nd ref="299495214"/>
  <tag k="bicycle" v="yes"/>
  <tag k="highway" v="track"/>
  <tag k="motor_vehicle" v="no"/>
  <tag k="surface" v="compacted"/>
  <tag k="tracktype" v="grade3"/>
 </way>
 <way id="884234078" visible="true" version="5" changeset="158125742" timestamp="2024-10-20T12:14:27Z" user="AlexTies" uid="3579653">
  <nd ref="3741545234"/>
  <nd ref="4176846778"/>
  <tag k="highway" v="footway"/>
  <tag k="lit" v="no"/>
  <tag k="surface" v="asphalt"/>
 </way>
 <way id="884234079" visible="true" version="4" changeset="153322765" timestamp="2024-06-29T09:02:36Z" user="kenda88" uid="340062">
  <nd ref="4176846778"/>
  <nd ref="8930875383"/>
  <nd ref="3741545231"/>
  <nd ref="8930875384"/>
  <nd ref="2756075128"/>
  <nd ref="8930938918"/>
  <tag k="highway" v="footway"/>
  <tag k="surface" v="asphalt"/>
 </way>
 <way id="884234081" visible="true" version="5" changeset="183790304" timestamp="2026-06-07T16:46:43Z" user="Marco Tamburini" uid="19653888">
  <nd ref="1335779871"/>
  <nd ref="287937655"/>
  <nd ref="13917882397"/>
  <nd ref="8223284608"/>
  <nd ref="2410790467"/>
  <tag k="highway" v="track"/>
  <tag k="mtb:scale" v="0"/>
  <tag k="name" v="Perlenweg - Sentiero delle Perle"/>
  <tag k="name:de" v="Perlenweg"/>
  <tag k="name:it" v="Sentiero delle Perle"/>
  <tag k="smoothness" v="bad"/>
  <tag k="surface" v="compacted"/>
  <tag k="tracktype" v="grade2"/>
 </way>
 <way id="884234082" visible="true" version="5" changeset="176087514" timestamp="2025-12-18T10:20:15Z" user="AlexTies" uid="3579653">
  <nd ref="13386087850"/>
  <nd ref="8223284610"/>
  <nd ref="8223284609"/>
  <nd ref="8223284591"/>
  <nd ref="2410790467"/>
  <tag k="highway" v="track"/>
  <tag k="name" v="Perlenweg - Sentiero delle Perle"/>
  <tag k="name:de" v="Perlenweg"/>
  <tag k="name:it" v="Sentiero delle Perle"/>
  <tag k="smoothness" v="bad"/>
  <tag k="surface" v="compacted"/>
  <tag k="tracktype" v="grade2"/>
 </way>
 <way id="884523600" visible="true" version="7" changeset="166017379" timestamp="2025-05-09T08:52:02Z" user="thetornado76" uid="1624486">
  <nd ref="29540203"/>
  <nd ref="11010700012"/>
  <nd ref="29541442"/>
  <tag k="cycleway:both" v="no"/>
  <tag k="highway" v="primary"/>
  <tag k="lanes" v="2"/>
  <tag k="lit" v="no"/>
  <tag k="maxspeed" v="50"/>
  <tag k="name" v="Karerseestraße - Via Carezza"/>
  <tag k="name:de" v="Karerseestraße"/>
  <tag k="name:it" v="Via Carezza"/>
  <tag k="oneway" v="no"/>
  <tag k="ref" v="SS241"/>
  <tag k="smoothness" v="excellent"/>
  <tag k="surface" v="asphalt"/>
 </way>
 <way id="885090631" visible="true" version="6" changeset="183790304" timestamp="2026-06-07T16:46:43Z" user="Marco Tamburini" uid="19653888">
  <nd ref="502268114"/>
  <nd ref="13917882402"/>
  <nd ref="13917882403"/>
  <nd ref="502268115"/>
  <nd ref="13917882401"/>
  <nd ref="502268116"/>
  <nd ref="13917882404"/>
  <nd ref="299495168"/>
  <nd ref="13917882405"/>
  <nd ref="1396702563"/>
  <nd ref="299495167"/>
  <nd ref="8088199138"/>
  <nd ref="299495166"/>
  <nd ref="11010687202"/>
  <nd ref="11010687203"/>
  <nd ref="299495165"/>
  <nd ref="8088199139"/>
  <nd ref="299495164"/>
  <nd ref="299495163"/>
  <nd ref="440296346"/>
  <nd ref="3978143643"/>
  <tag k="highway" v="footway"/>
  <tag k="lit" v="no"/>
  <tag k="smoothness" v="intermediate"/>
  <tag k="surface" v="fine_gravel"/>
 </way>
 <way id="885090632" visible="true" version="5" changeset="173085642" timestamp="2025-10-10T09:53:56Z" user="AlexTies" uid="3579653">
  <nd ref="502268097"/>
  <nd ref="1396702548"/>
  <nd ref="1396702547"/>
  <nd ref="1396702546"/>
  <nd ref="1396702545"/>
  <tag k="bicycle" v="yes"/>
  <tag k="foot" v="yes"/>
  <tag k="highway" v="track"/>
  <tag k="smoothness" v="bad"/>
  <tag k="surface" v="compacted"/>
 </way>
 <way id="885090634" visible="true" version="7" changeset="181704917" timestamp="2026-04-23T08:09:30Z" user="AlexTies" uid="3579653">
  <nd ref="502268066"/>
  <nd ref="13386087851"/>
  <nd ref="11010700009"/>
  <nd ref="13386087874"/>
  <nd ref="502268072"/>
  <nd ref="502268074"/>
  <nd ref="502268077"/>
  <nd ref="13386087852"/>
  <nd ref="502268078"/>
  <nd ref="13386087853"/>
  <nd ref="502268079"/>
  <nd ref="11010700010"/>
  <nd ref="502268080"/>
  <nd ref="502268081"/>
  <nd ref="502268082"/>
  <nd ref="502268083"/>
  <nd ref="502268084"/>
  <nd ref="13754420923"/>
  <nd ref="13386087855"/>
  <nd ref="502268091"/>
  <nd ref="13386087854"/>
  <nd ref="502268094"/>
  <nd ref="8223284589"/>
  <nd ref="502268097"/>
  <tag k="highway" v="footway"/>
  <tag k="lit" v="no"/>
  <tag k="smoothness" v="intermediate"/>
  <tag k="surface" v="compacted"/>
 </way>
 <way id="947882463" visible="true" version="1" changeset="105446795" timestamp="2021-05-27T19:40:38Z" user="osmmichl" uid="6136738">
  <nd ref="8773559008"/>
  <nd ref="8773559009"/>
  <nd ref="8773559010"/>
  <nd ref="8773559011"/>
  <nd ref="8773559012"/>
  <nd ref="8773559013"/>
  <nd ref="8773559014"/>
  <nd ref="8773559015"/>
  <nd ref="8773559016"/>
  <nd ref="8773578317"/>
  <nd ref="8773578318"/>
  <nd ref="8773578319"/>
  <nd ref="8773578320"/>
  <nd ref="8773578321"/>
  <nd ref="8773578322"/>
  <nd ref="8773578323"/>
  <nd ref="8773559008"/>
  <tag k="natural" v="scrub"/>
 </way>
 <way id="965402084" visible="true" version="4" changeset="122518194" timestamp="2022-06-17T17:29:26Z" user="bollyboll" uid="12120321">
  <nd ref="8930875384"/>
  <nd ref="3978143646"/>
  <tag k="covered" v="yes"/>
  <tag k="highway" v="footway"/>
  <tag k="lit" v="yes"/>
  <tag k="smoothness" v="excellent"/>
  <tag k="surface" v="asphalt"/>
 </way>
 <way id="965402087" visible="true" version="5" changeset="176087514" timestamp="2025-12-18T10:20:15Z" user="AlexTies" uid="3579653">
  <nd ref="440296340"/>
  <nd ref="8930875403"/>
  <nd ref="440296341"/>
  <nd ref="12270878569"/>
  <tag k="highway" v="service"/>
  <tag k="service" v="parking_aisle"/>
  <tag k="smoothness" v="good"/>
  <tag k="surface" v="asphalt"/>
 </way>
 <way id="967857672" visible="true" version="1" changeset="108691237" timestamp="2021-07-27T13:06:14Z" user="Aldeyde" uid="10127559">
  <nd ref="8954145336"/>
  <nd ref="8954145337"/>
  <nd ref="3978143633"/>
  <tag k="barrier" v="wall"/>
 </way>
 <way id="967857673" visible="true" version="8" changeset="176088226" timestamp="2025-12-18T10:36:06Z" user="AlexTies" uid="3579653">
  <nd ref="8954145338"/>
  <nd ref="8954145339"/>
  <nd ref="1338133122"/>
  <nd ref="8954145340"/>
  <nd ref="8954145341"/>
  <nd ref="8954145338"/>
  <tag k="lit" v="no"/>
  <tag k="name" v="Aussichtsplattform Karer See"/>
  <tag k="surface" v="wood"/>
  <tag k="tourism" v="viewpoint"/>
 </way>
 <way id="1072105992" visible="true" version="1" changeset="122685787" timestamp="2022-06-21T21:03:49Z" user="pikappa79" uid="330007">
  <nd ref="9837276116"/>
  <nd ref="9837276115"/>
  <nd ref="9837276114"/>
  <nd ref="9837276113"/>
  <nd ref="9837276112"/>
  <nd ref="9837276111"/>
  <nd ref="9837276110"/>
  <nd ref="9837276109"/>
  <nd ref="9837276108"/>
  <nd ref="9837276107"/>
  <nd ref="9837276106"/>
  <nd ref="9837276105"/>
  <nd ref="9837276104"/>
  <nd ref="9837276116"/>
 </way>
 <way id="1072105993" visible="true" version="2" changeset="173085642" timestamp="2025-10-10T09:53:56Z" user="AlexTies" uid="3579653">
  <nd ref="9837276136"/>
  <nd ref="9837276135"/>
  <nd ref="13206522276"/>
  <nd ref="9837276133"/>
  <nd ref="9837276132"/>
  <nd ref="9837276131"/>
  <nd ref="9837276130"/>
  <nd ref="9837276129"/>
  <nd ref="13206522277"/>
  <nd ref="9837276128"/>
  <nd ref="9837276127"/>
  <nd ref="9837276126"/>
  <nd ref="9837276125"/>
  <nd ref="9837276124"/>
  <nd ref="9837276123"/>
  <nd ref="9837276122"/>
  <nd ref="9837276121"/>
  <nd ref="9837276120"/>
  <nd ref="9837276119"/>
  <nd ref="9837276118"/>
  <nd ref="9837276117"/>
  <nd ref="9837276136"/>
 </way>
 <way id="1072106001" visible="true" version="3" changeset="166107132" timestamp="2025-05-11T12:48:08Z" user="pikappa79" uid="330007">
  <nd ref="9342144444"/>
  <nd ref="9837276557"/>
  <nd ref="9837276560"/>
  <nd ref="9837276561"/>
  <nd ref="9837276562"/>
  <nd ref="9837276566"/>
  <nd ref="9837276567"/>
  <nd ref="9837276568"/>
  <nd ref="9837276569"/>
  <nd ref="9837276570"/>
  <nd ref="9837276571"/>
  <nd ref="9837276572"/>
  <nd ref="9837276573"/>
  <nd ref="9837276574"/>
  <nd ref="9837276575"/>
  <nd ref="9837276576"/>
  <nd ref="9837276577"/>
  <nd ref="9837276578"/>
  <nd ref="9837276579"/>
  <nd ref="9837276581"/>
  <nd ref="9837276582"/>
  <nd ref="9837276583"/>
  <nd ref="9837276584"/>
  <nd ref="9837276585"/>
  <nd ref="9837276586"/>
  <nd ref="9837276587"/>
  <nd ref="9837276588"/>
  <nd ref="9837276589"/>
  <nd ref="9837276590"/>
  <nd ref="9837276591"/>
  <nd ref="9837276592"/>
  <nd ref="9837276593"/>
  <nd ref="4314893881"/>
  <nd ref="9342144445"/>
  <nd ref="9837276556"/>
  <nd ref="9342144444"/>
  <tag k="landuse" v="forest"/>
 </way>
 <way id="1076611136" visible="true" version="1" changeset="123324760" timestamp="2022-07-07T15:09:17Z" user="Bierphysik" uid="449257">
  <nd ref="9872593089"/>
  <nd ref="9872593088"/>
  <nd ref="9872593087"/>
  <nd ref="9872593086"/>
  <nd ref="9872593085"/>
  <nd ref="9872593084"/>
  <nd ref="9872593083"/>
  <tag k="highway" v="path"/>
  <tag k="smoothness" v="horrible"/>
  <tag k="surface" v="mud"/>
 </way>
 <way id="1125398800" visible="true" version="5" changeset="166017379" timestamp="2025-05-09T08:52:02Z" user="thetornado76" uid="1624486">
  <nd ref="8088134314"/>
  <nd ref="274582785"/>
  <nd ref="8088134313"/>
  <nd ref="274582786"/>
  <nd ref="8088134312"/>
  <nd ref="29540201"/>
  <nd ref="11010700011"/>
  <nd ref="29540203"/>
  <tag k="cycleway:both" v="no"/>
  <tag k="highway" v="primary"/>
  <tag k="lanes" v="2"/>
  <tag k="lit" v="no"/>
  <tag k="maxspeed" v="50"/>
  <tag k="name" v="Karerseestraße - Via Carezza"/>
  <tag k="name:de" v="Karerseestraße"/>
  <tag k="name:it" v="Via Carezza"/>
  <tag k="oneway" v="no"/>
  <tag k="ref" v="SS241"/>
  <tag k="smoothness" v="excellent"/>
  <tag k="surface" v="asphalt"/>
 </way>
 <way id="1125398801" visible="true" version="4" changeset="176921485" timestamp="2026-01-06T22:10:39Z" user="AlexTies" uid="3579653">
  <nd ref="29540197"/>
  <nd ref="13436416832"/>
  <nd ref="8088134315"/>
  <nd ref="4693627430"/>
  <nd ref="300563232"/>
  <nd ref="8088134314"/>
  <tag k="cycleway:both" v="no"/>
  <tag k="highway" v="primary"/>
  <tag k="lanes" v="2"/>
  <tag k="lit" v="no"/>
  <tag k="maxspeed" v="50"/>
  <tag k="name" v="Karerseestraße - Via Carezza"/>
  <tag k="name:de" v="Karerseestraße"/>
  <tag k="name:it" v="Via Carezza"/>
  <tag k="oneway" v="no"/>
  <tag k="ref" v="SS241"/>
  <tag k="surface" v="asphalt"/>
 </way>
 <way id="1213834306" visible="true" version="4" changeset="178221346" timestamp="2026-02-07T11:00:27Z" user="AlexTies" uid="3579653">
  <nd ref="3741545228"/>
  <nd ref="3741545230"/>
  <nd ref="3741545232"/>
  <nd ref="11245773636"/>
  <tag k="highway" v="path"/>
  <tag k="surface" v="compacted"/>
 </way>
 <way id="1213834307" visible="true" version="3" changeset="183790304" timestamp="2026-06-07T16:46:43Z" user="Marco Tamburini" uid="19653888">
  <nd ref="29540203"/>
  <nd ref="3757673131"/>
  <nd ref="13917853768"/>
  <nd ref="13917853769"/>
  <nd ref="13917853771"/>
  <nd ref="13917853770"/>
  <nd ref="3741545226"/>
  <nd ref="13917853773"/>
  <nd ref="13917853774"/>
  <nd ref="13917853775"/>
  <nd ref="13917853772"/>
  <nd ref="13917853777"/>
  <nd ref="13917853778"/>
  <nd ref="13917853776"/>
  <nd ref="3741545228"/>
  <tag k="highway" v="path"/>
  <tag k="surface" v="compacted"/>
 </way>
 <way id="1250238613" visible="true" version="2" changeset="166107132" timestamp="2025-05-11T12:48:08Z" user="pikappa79" uid="330007">
  <nd ref="9837277561"/>
  <nd ref="9837277560"/>
  <nd ref="9837277559"/>
  <nd ref="9837277558"/>
  <nd ref="9837277557"/>
  <nd ref="9837277556"/>
  <nd ref="9837277555"/>
  <nd ref="9837277554"/>
  <nd ref="9837277553"/>
  <nd ref="9837277552"/>
  <nd ref="9837277551"/>
  <nd ref="9837277550"/>
  <nd ref="9837277549"/>
  <nd ref="9837277548"/>
  <nd ref="9837277547"/>
  <nd ref="9837277546"/>
  <nd ref="9837277545"/>
  <nd ref="9837277544"/>
  <nd ref="9837277543"/>
  <nd ref="9837277542"/>
  <nd ref="9837276800"/>
  <nd ref="9837276801"/>
  <nd ref="9837276802"/>
  <nd ref="9837276803"/>
  <nd ref="9837276804"/>
  <nd ref="9837276805"/>
  <nd ref="9837276806"/>
  <nd ref="9837276807"/>
  <nd ref="9837276808"/>
  <nd ref="9837276809"/>
  <nd ref="9837276810"/>
  <nd ref="9837276811"/>
  <nd ref="9837276812"/>
  <nd ref="9837276813"/>
  <nd ref="9837276814"/>
  <nd ref="9837276821"/>
  <nd ref="9837277614"/>
  <nd ref="9837277615"/>
  <nd ref="9837277616"/>
  <nd ref="9837277617"/>
  <nd ref="9837277618"/>
  <nd ref="9837277619"/>
  <nd ref="9837277620"/>
  <nd ref="9837277621"/>
  <nd ref="9837277622"/>
  <nd ref="9837277623"/>
  <nd ref="9837277624"/>
  <nd ref="9837277625"/>
  <nd ref="9837277626"/>
  <nd ref="9837277627"/>
  <nd ref="9837277628"/>
  <nd ref="9837277632"/>
  <nd ref="9837277633"/>
  <nd ref="9837277634"/>
  <nd ref="9837277635"/>
  <nd ref="9837277636"/>
  <nd ref="9837277637"/>
  <nd ref="9837277638"/>
  <nd ref="9837277639"/>
  <nd ref="9837277640"/>
  <nd ref="9837277641"/>
  <nd ref="9837277642"/>
  <nd ref="9837277643"/>
  <nd ref="9837277644"/>
  <nd ref="9837277645"/>
  <nd ref="9837277646"/>
  <nd ref="9837277647"/>
  <nd ref="9837277648"/>
  <nd ref="9837277649"/>
  <nd ref="9837277650"/>
  <nd ref="9837277651"/>
  <nd ref="9837277652"/>
  <nd ref="9837277653"/>
  <nd ref="9837277654"/>
  <nd ref="9837277655"/>
  <nd ref="9837277656"/>
  <nd ref="9837277657"/>
  <nd ref="9837277658"/>
  <nd ref="9837277659"/>
  <nd ref="9837277660"/>
  <nd ref="9837277661"/>
  <nd ref="9837277662"/>
  <nd ref="9837277663"/>
  <nd ref="9837277664"/>
  <nd ref="9837277665"/>
  <nd ref="9837277666"/>
  <nd ref="12828352312"/>
  <nd ref="12828352311"/>
  <nd ref="12828352310"/>
  <nd ref="12828352309"/>
  <nd ref="12828352308"/>
  <nd ref="9837276269"/>
  <nd ref="9837276270"/>
  <nd ref="9837276271"/>
  <nd ref="9837276272"/>
  <nd ref="9837276273"/>
  <nd ref="9837276274"/>
  <nd ref="9837276275"/>
  <nd ref="9837276276"/>
  <nd ref="9837276277"/>
  <nd ref="9837276278"/>
  <nd ref="9837276279"/>
  <nd ref="9837276280"/>
  <nd ref="9837276281"/>
  <nd ref="9837276282"/>
  <nd ref="9837276679"/>
  <nd ref="9837276678"/>
  <nd ref="9837276677"/>
  <nd ref="12828352291"/>
  <nd ref="12828352209"/>
  <nd ref="12828352210"/>
  <nd ref="9838314985"/>
  <nd ref="9838314984"/>
  <nd ref="9838314983"/>
  <nd ref="9838315011"/>
  <nd ref="9838315012"/>
  <nd ref="9838315013"/>
  <nd ref="9838315014"/>
  <nd ref="9838315015"/>
  <nd ref="9838315016"/>
  <nd ref="9838315017"/>
  <nd ref="9838315018"/>
  <nd ref="9838315019"/>
  <nd ref="9838315020"/>
  <nd ref="9838315021"/>
  <nd ref="9838315022"/>
  <nd ref="9838315023"/>
  <nd ref="9838315024"/>
  <nd ref="9838315025"/>
  <nd ref="9838315026"/>
  <nd ref="9838315027"/>
  <nd ref="9838315028"/>
  <nd ref="9838315029"/>
  <nd ref="9838315030"/>
  <nd ref="9838315010"/>
  <nd ref="9838315009"/>
  <nd ref="9838315008"/>
  <nd ref="12828352217"/>
  <nd ref="12828352216"/>
  <nd ref="12828352215"/>
  <nd ref="12828352214"/>
  <nd ref="12828352213"/>
  <nd ref="12828352212"/>
  <nd ref="12828352211"/>
  <nd ref="12828352218"/>
  <nd ref="9838315007"/>
  <nd ref="9838315006"/>
  <nd ref="9838315005"/>
  <nd ref="9838314996"/>
  <nd ref="9838314991"/>
  <nd ref="9838314990"/>
  <nd ref="9838314989"/>
  <nd ref="9838314988"/>
  <nd ref="9838314987"/>
  <nd ref="9838314986"/>
  <nd ref="12828352290"/>
  <nd ref="9837276676"/>
  <nd ref="9837276675"/>
  <nd ref="9837276674"/>
  <nd ref="9837276673"/>
  <nd ref="9837276672"/>
  <nd ref="9837276671"/>
  <nd ref="9837276670"/>
  <nd ref="9837276669"/>
  <nd ref="9837276668"/>
  <nd ref="9837276667"/>
  <nd ref="9837276666"/>
  <nd ref="9837276665"/>
  <nd ref="9837276664"/>
  <nd ref="9837276663"/>
  <nd ref="9837276662"/>
  <nd ref="9837276661"/>
  <nd ref="9837276660"/>
  <nd ref="9837276659"/>
  <nd ref="9837276658"/>
  <nd ref="9837276657"/>
  <nd ref="9837276656"/>
  <nd ref="9837276655"/>
  <nd ref="9837276654"/>
  <nd ref="9837276653"/>
  <nd ref="9837276652"/>
  <nd ref="9837276651"/>
  <nd ref="9837276650"/>
  <nd ref="9837276649"/>
  <nd ref="9837276648"/>
  <nd ref="9837276647"/>
  <nd ref="9837276646"/>
  <nd ref="9837276645"/>
  <nd ref="9837276644"/>
  <nd ref="9837276643"/>
  <nd ref="9837276642"/>
  <nd ref="9837276641"/>
  <nd ref="9837276640"/>
  <nd ref="9837276639"/>
  <nd ref="9837276638"/>
  <nd ref="9837276637"/>
  <nd ref="9837276636"/>
  <nd ref="9837276635"/>
  <nd ref="9837276634"/>
  <nd ref="9837276633"/>
  <nd ref="9837276632"/>
  <nd ref="9837276631"/>
  <nd ref="9837276630"/>
  <nd ref="9837276629"/>
  <nd ref="9837276628"/>
  <nd ref="9837276627"/>
  <nd ref="9837276626"/>
  <nd ref="9837276625"/>
  <nd ref="9837276624"/>
  <nd ref="9837276623"/>
  <nd ref="9837276622"/>
  <nd ref="9837276621"/>
  <nd ref="9837276620"/>
  <nd ref="4314893855"/>
  <nd ref="4314893853"/>
  <nd ref="4314893852"/>
  <nd ref="4314893851"/>
  <nd ref="9837276330"/>
  <nd ref="4314893847"/>
  <nd ref="9837276329"/>
  <nd ref="4314893846"/>
  <nd ref="4314893844"/>
  <nd ref="4314893843"/>
  <nd ref="4314893842"/>
  <nd ref="9837276365"/>
  <nd ref="9837276366"/>
  <nd ref="9837276367"/>
  <nd ref="9837276368"/>
  <nd ref="9837276369"/>
  <nd ref="9837276370"/>
  <nd ref="9837276371"/>
  <nd ref="9837276372"/>
  <nd ref="9837276373"/>
  <nd ref="9837276374"/>
  <nd ref="9837276375"/>
  <nd ref="9837276376"/>
  <nd ref="9837276377"/>
  <nd ref="9837276378"/>
  <nd ref="9837276379"/>
  <nd ref="9837276380"/>
  <nd ref="9837276381"/>
  <nd ref="9837276382"/>
  <nd ref="9837276383"/>
  <nd ref="9837276384"/>
  <nd ref="9837276385"/>
  <nd ref="9837276386"/>
  <nd ref="9837276387"/>
  <nd ref="9837276388"/>
  <nd ref="9837276389"/>
  <nd ref="9837276410"/>
  <nd ref="9837276411"/>
  <nd ref="9837276412"/>
  <nd ref="9837276413"/>
  <nd ref="9837276414"/>
  <nd ref="9837276415"/>
  <nd ref="9837276416"/>
  <nd ref="12828352155"/>
  <nd ref="9837276417"/>
  <nd ref="9837276418"/>
  <nd ref="9837276419"/>
  <nd ref="9837276420"/>
  <nd ref="9837276421"/>
  <nd ref="9837276422"/>
  <nd ref="9837276423"/>
  <nd ref="9837276424"/>
  <nd ref="9837276425"/>
  <nd ref="9837276426"/>
  <nd ref="9837276427"/>
  <nd ref="9837276428"/>
  <nd ref="9837276429"/>
  <nd ref="9837276430"/>
  <nd ref="9837276431"/>
  <nd ref="9837276432"/>
  <nd ref="9837276433"/>
  <nd ref="9837276434"/>
  <nd ref="9837276435"/>
  <nd ref="9837276436"/>
  <nd ref="9837276437"/>
  <nd ref="9837276438"/>
  <nd ref="9837276439"/>
  <nd ref="9837276440"/>
  <nd ref="9837276441"/>
  <nd ref="9837276442"/>
  <nd ref="9837276443"/>
  <nd ref="9837276444"/>
  <nd ref="9837276445"/>
  <nd ref="9837276446"/>
  <nd ref="10778677109"/>
  <nd ref="10778677108"/>
  <nd ref="10778677107"/>
  <nd ref="9837276447"/>
  <nd ref="9837276448"/>
  <nd ref="9837276449"/>
  <nd ref="9837276450"/>
  <nd ref="9837276451"/>
  <nd ref="9837276452"/>
  <nd ref="9837276453"/>
  <nd ref="9837276454"/>
  <nd ref="9837276455"/>
  <nd ref="9837276456"/>
  <nd ref="9837276457"/>
  <nd ref="9837276458"/>
  <nd ref="9837276459"/>
  <nd ref="9837276460"/>
  <nd ref="9837276461"/>
  <nd ref="9837276462"/>
  <nd ref="9837276463"/>
  <nd ref="9837276464"/>
  <nd ref="9837276465"/>
  <nd ref="9837276466"/>
  <nd ref="10778677105"/>
  <nd ref="10778677106"/>
  <nd ref="9837276467"/>
  <nd ref="9837276468"/>
  <nd ref="9837276469"/>
  <nd ref="9837276470"/>
  <nd ref="9837276471"/>
  <nd ref="9837276472"/>
  <nd ref="9837276473"/>
  <nd ref="9837276474"/>
  <nd ref="9837276475"/>
  <nd ref="9837276476"/>
  <nd ref="9837276477"/>
  <nd ref="9837276478"/>
  <nd ref="9837276479"/>
  <nd ref="9837276480"/>
  <nd ref="9837276481"/>
  <nd ref="9837276482"/>
  <nd ref="9837276483"/>
  <nd ref="9837276484"/>
  <nd ref="9837276485"/>
  <nd ref="9837276486"/>
  <nd ref="9837276487"/>
  <nd ref="9837276488"/>
  <nd ref="9837276489"/>
  <nd ref="9837276490"/>
  <nd ref="9837276491"/>
  <nd ref="12828352200"/>
  <nd ref="9837276492"/>
  <nd ref="9837276493"/>
  <nd ref="9837276494"/>
  <nd ref="9837276495"/>
  <nd ref="9837276496"/>
  <nd ref="12828352201"/>
  <nd ref="9837276497"/>
  <nd ref="9837276498"/>
  <nd ref="9837276499"/>
  <nd ref="9837276500"/>
  <nd ref="9837276501"/>
  <nd ref="9837276502"/>
  <nd ref="9837276503"/>
  <nd ref="12828352199"/>
  <nd ref="9837276058"/>
  <nd ref="9837276057"/>
  <nd ref="9837276056"/>
  <nd ref="9837276055"/>
  <nd ref="9837276054"/>
  <nd ref="9837276053"/>
  <nd ref="9837275812"/>
  <nd ref="9837275811"/>
  <nd ref="9837275810"/>
  <nd ref="9837275809"/>
  <nd ref="9837275808"/>
  <nd ref="9837275807"/>
  <nd ref="9837275806"/>
  <nd ref="9837275805"/>
  <nd ref="9837275804"/>
  <nd ref="9837275803"/>
  <nd ref="9837275802"/>
  <nd ref="9837275801"/>
  <nd ref="9837275800"/>
  <nd ref="9837275799"/>
  <nd ref="9837275798"/>
  <nd ref="9837275797"/>
  <nd ref="9837275796"/>
  <nd ref="9837275795"/>
  <nd ref="9837275794"/>
  <nd ref="9837275793"/>
  <nd ref="9837275792"/>
  <nd ref="9837275791"/>
  <nd ref="9837275790"/>
  <nd ref="9837275789"/>
  <nd ref="9837275788"/>
  <nd ref="3350325115"/>
 </way>
 <way id="1250238626" visible="true" version="4" changeset="166107132" timestamp="2025-05-11T12:48:08Z" user="pikappa79" uid="330007">
  <nd ref="3350325107"/>
  <nd ref="9837276029"/>
  <nd ref="9837276030"/>
  <nd ref="9837276031"/>
  <nd ref="9837276032"/>
  <nd ref="9837276033"/>
  <nd ref="9837276034"/>
  <nd ref="9837276035"/>
  <nd ref="9837276038"/>
  <nd ref="9837276039"/>
  <nd ref="9837276040"/>
  <nd ref="9837276041"/>
  <nd ref="9837276042"/>
  <nd ref="9837276043"/>
  <nd ref="9837276044"/>
  <nd ref="9837276045"/>
  <nd ref="9837276046"/>
  <nd ref="12828352202"/>
  <nd ref="12828352182"/>
  <nd ref="12828352181"/>
  <nd ref="12828352180"/>
  <nd ref="12828352179"/>
  <nd ref="12828352178"/>
  <nd ref="12828352177"/>
  <nd ref="9837276520"/>
  <nd ref="9837276521"/>
  <nd ref="9837276522"/>
  <nd ref="9837276523"/>
  <nd ref="9837276524"/>
  <nd ref="9837276525"/>
  <nd ref="9837276526"/>
  <nd ref="9837276527"/>
  <nd ref="9837276528"/>
  <nd ref="9837276529"/>
  <nd ref="9837276530"/>
  <nd ref="9837276531"/>
  <nd ref="9837276532"/>
  <nd ref="9837276533"/>
  <nd ref="9837276534"/>
  <nd ref="9837276535"/>
  <nd ref="9837276536"/>
  <nd ref="9837276537"/>
  <nd ref="9837276538"/>
  <nd ref="9837276539"/>
  <nd ref="9837276540"/>
  <nd ref="9837276541"/>
  <nd ref="9837276542"/>
  <nd ref="9837276543"/>
  <nd ref="9837276544"/>
  <nd ref="9837276545"/>
  <nd ref="9837276546"/>
  <nd ref="9837276547"/>
  <nd ref="9837276548"/>
  <nd ref="9837276549"/>
  <nd ref="9837276550"/>
  <nd ref="9837276551"/>
  <nd ref="9837276552"/>
  <nd ref="9837276553"/>
  <nd ref="9837276554"/>
  <nd ref="9837276555"/>
  <nd ref="4314893886"/>
  <nd ref="2427907628"/>
  <nd ref="12828352159"/>
  <nd ref="12828352160"/>
  <nd ref="12828352161"/>
  <nd ref="12828352162"/>
  <nd ref="9837276617"/>
  <nd ref="9837276616"/>
  <nd ref="9837276615"/>
  <nd ref="9837276614"/>
  <nd ref="9837276613"/>
  <nd ref="9837276612"/>
  <nd ref="9837276611"/>
  <nd ref="9837276610"/>
  <nd ref="9837276609"/>
  <nd ref="9837276608"/>
  <nd ref="12828352099"/>
  <nd ref="12828352098"/>
  <nd ref="12828352097"/>
  <nd ref="12828352096"/>
  <nd ref="12828352095"/>
  <nd ref="12828352094"/>
  <nd ref="12828352093"/>
  <nd ref="12828352092"/>
  <nd ref="12828352091"/>
  <nd ref="12828352090"/>
 </way>
 <way id="1312637878" visible="true" version="1" changeset="156062971" timestamp="2024-09-01T16:40:38Z" user="Aiman" uid="67550">
  <nd ref="12150047882"/>
  <nd ref="12150047883"/>
  <tag k="amenity" v="bench"/>
  <tag k="armrest" v="no"/>
  <tag k="backrest" v="no"/>
  <tag k="colour" v="brown"/>
  <tag k="material" v="wood"/>
 </way>
 <way id="1316115752" visible="true" version="1" changeset="156723019" timestamp="2024-09-17T10:28:27Z" user="AlexTies" uid="3579653">
  <nd ref="12181873268"/>
  <nd ref="12181873269"/>
  <nd ref="12181873270"/>
  <nd ref="12181873271"/>
  <nd ref="12181873272"/>
  <nd ref="12181873273"/>
  <nd ref="12181873274"/>
  <nd ref="12181873275"/>
  <nd ref="12181873276"/>
  <nd ref="12181873277"/>
  <nd ref="12181873278"/>
  <nd ref="12181873279"/>
  <nd ref="12181873280"/>
  <nd ref="12181873281"/>
  <nd ref="12181873282"/>
  <nd ref="12181873283"/>
  <nd ref="12181873284"/>
  <nd ref="12181873285"/>
  <nd ref="12181873286"/>
  <nd ref="12181873287"/>
  <nd ref="12181873288"/>
  <nd ref="12181873289"/>
  <nd ref="12181873290"/>
  <nd ref="12181873291"/>
  <nd ref="12181873292"/>
  <nd ref="12181873293"/>
  <nd ref="12181873294"/>
  <nd ref="12181873295"/>
  <nd ref="12181873296"/>
  <nd ref="12181873297"/>
  <nd ref="12181873298"/>
  <nd ref="12181873299"/>
  <nd ref="12181873300"/>
  <nd ref="12181873268"/>
  <tag k="natural" v="water"/>
  <tag k="water" v="lake"/>
 </way>
 <way id="1326242074" visible="true" version="2" changeset="176087514" timestamp="2025-12-18T10:20:15Z" user="AlexTies" uid="3579653">
  <nd ref="4176846778"/>
  <nd ref="12270878560"/>
  <nd ref="12270878561"/>
  <nd ref="12270878562"/>
  <nd ref="12270878563"/>
  <nd ref="12270878564"/>
  <nd ref="13386087872"/>
  <nd ref="12270878565"/>
  <tag k="highway" v="footway"/>
 </way>
 <way id="1436884811" visible="true" version="1" changeset="173086218" timestamp="2025-10-10T10:06:27Z" user="AlexTies" uid="3579653">
  <nd ref="4387855954"/>
  <nd ref="4387855953"/>
  <nd ref="4387855955"/>
  <nd ref="2427907608"/>
  <nd ref="3741545229"/>
  <nd ref="29540197"/>
  <tag k="cycleway:both" v="no"/>
  <tag k="highway" v="primary"/>
  <tag k="lanes" v="2"/>
  <tag k="lit" v="no"/>
  <tag k="maxspeed" v="50"/>
  <tag k="name" v="Karerseestraße - Via Carezza"/>
  <tag k="name:de" v="Karerseestraße"/>
  <tag k="name:it" v="Via Carezza"/>
  <tag k="oneway" v="no"/>
  <tag k="ref" v="SS241"/>
  <tag k="smoothness" v="excellent"/>
  <tag k="surface" v="asphalt"/>
 </way>
 <way id="1436884812" visible="true" version="1" changeset="173086218" timestamp="2025-10-10T10:06:27Z" user="AlexTies" uid="3579653">
  <nd ref="29541442"/>
  <nd ref="11010700013"/>
  <nd ref="10291320487"/>
  <nd ref="11010700014"/>
  <tag k="cycleway:both" v="no"/>
  <tag k="highway" v="primary"/>
  <tag k="lanes" v="2"/>
  <tag k="lit" v="no"/>
  <tag k="maxspeed" v="50"/>
  <tag k="name" v="Karerseestraße - Via Carezza"/>
  <tag k="name:de" v="Karerseestraße"/>
  <tag k="name:it" v="Via Carezza"/>
  <tag k="oneway" v="no"/>
  <tag k="ref" v="SS241"/>
  <tag k="smoothness" v="excellent"/>
  <tag k="surface" v="asphalt"/>
 </way>
 <way id="1459516531" visible="true" version="1" changeset="176087514" timestamp="2025-12-18T10:20:15Z" user="AlexTies" uid="3579653">
  <nd ref="299495137"/>
  <nd ref="299495139"/>
  <tag k="highway" v="footway"/>
  <tag k="lit" v="no"/>
  <tag k="smoothness" v="intermediate"/>
  <tag k="surface" v="compacted"/>
 </way>
 <way id="1459516532" visible="true" version="1" changeset="176087514" timestamp="2025-12-18T10:20:15Z" user="AlexTies" uid="3579653">
  <nd ref="299495137"/>
  <nd ref="502268066"/>
  <tag k="highway" v="footway"/>
  <tag k="lit" v="no"/>
  <tag k="smoothness" v="intermediate"/>
  <tag k="surface" v="compacted"/>
 </way>
 <way id="1459516533" visible="true" version="1" changeset="176087514" timestamp="2025-12-18T10:20:15Z" user="AlexTies" uid="3579653">
  <nd ref="13386087862"/>
  <nd ref="13386087863"/>
  <nd ref="13386087864"/>
  <nd ref="13386087865"/>
  <nd ref="13386087866"/>
  <nd ref="13386087867"/>
  <nd ref="13386087868"/>
  <nd ref="13386087869"/>
  <tag k="barrier" v="fence"/>
 </way>
 <way id="1459516538" visible="true" version="1" changeset="176087514" timestamp="2025-12-18T10:20:15Z" user="AlexTies" uid="3579653">
  <nd ref="299495137"/>
  <nd ref="13386087850"/>
  <tag k="highway" v="track"/>
  <tag k="name" v="Perlenweg - Sentiero delle Perle"/>
  <tag k="name:de" v="Perlenweg"/>
  <tag k="name:it" v="Sentiero delle Perle"/>
  <tag k="smoothness" v="bad"/>
  <tag k="surface" v="compacted"/>
  <tag k="tracktype" v="grade2"/>
 </way>
 <way id="1464927975" visible="true" version="2" changeset="183790304" timestamp="2026-06-07T16:46:43Z" user="Marco Tamburini" uid="19653888">
  <nd ref="13436416832"/>
  <nd ref="13436416833"/>
  <nd ref="13436416834"/>
  <nd ref="13436416835"/>
  <nd ref="13436416836"/>
  <nd ref="13436416837"/>
  <nd ref="3978143643"/>
  <tag k="highway" v="footway"/>
  <tag k="lit" v="no"/>
  <tag k="smoothness" v="intermediate"/>
  <tag k="surface" v="compacted"/>
 </way>
 <way id="1464927976" visible="true" version="1" changeset="176921485" timestamp="2026-01-06T22:10:39Z" user="AlexTies" uid="3579653">
  <nd ref="13436416839"/>
  <nd ref="13436416840"/>
  <nd ref="13436416841"/>
  <tag k="barrier" v="fence"/>
 </way>
 <way id="1464927977" visible="true" version="1" changeset="176921485" timestamp="2026-01-06T22:10:39Z" user="AlexTies" uid="3579653">
  <nd ref="13436416842"/>
  <nd ref="13436416843"/>
  <nd ref="13436416844"/>
  <nd ref="13436416845"/>
  <nd ref="13436416846"/>
  <nd ref="13436416847"/>
  <tag k="barrier" v="fence"/>
 </way>
 <way id="1464927978" visible="true" version="1" changeset="176921485" timestamp="2026-01-06T22:10:39Z" user="AlexTies" uid="3579653">
  <nd ref="13436416852"/>
  <nd ref="13436416848"/>
  <nd ref="13436416851"/>
  <nd ref="13436416850"/>
  <nd ref="13436416849"/>
  <tag k="barrier" v="guard_rail"/>
 </way>
 <way id="1464927979" visible="true" version="1" changeset="176921485" timestamp="2026-01-06T22:10:39Z" user="AlexTies" uid="3579653">
  <nd ref="13436416853"/>
  <nd ref="13436416854"/>
  <nd ref="13436416855"/>
  <nd ref="13436416856"/>
  <nd ref="13436416857"/>
  <nd ref="13436416858"/>
  <tag k="barrier" v="guard_rail"/>
 </way>
 <way id="1464927980" visible="true" version="2" changeset="183790304" timestamp="2026-06-07T16:46:43Z" user="Marco Tamburini" uid="19653888">
  <nd ref="13436416859"/>
  <nd ref="13436416860"/>
  <nd ref="13436416861"/>
  <nd ref="13436416862"/>
  <nd ref="13436416863"/>
  <nd ref="13436416864"/>
  <nd ref="13436416865"/>
  <nd ref="13436416866"/>
  <nd ref="13436416867"/>
  <nd ref="13436416876"/>
  <nd ref="13436416868"/>
  <nd ref="13436416875"/>
  <nd ref="13436416869"/>
  <nd ref="13436416870"/>
  <nd ref="13436416871"/>
  <nd ref="13436416872"/>
  <nd ref="13386087850"/>
  <tag k="barrier" v="guard_rail"/>
 </way>
 <way id="1527267638" visible="true" version="1" changeset="183790304" timestamp="2026-06-07T16:46:43Z" user="Marco Tamburini" uid="19653888">
  <nd ref="13917853767"/>
  <nd ref="11010700008"/>
  <nd ref="1338133122"/>
  <tag k="bicycle" v="no"/>
  <tag k="highway" v="footway"/>
  <tag k="lit" v="no"/>
  <tag k="surface" v="wood"/>
 </way>
 <relation id="2113486" visible="true" version="140" changeset="169950990" timestamp="2025-08-04T12:01:40Z" user="wildmaps" uid="4365159">
  <member type="relation" ref="2119132" role="#01"/>
  <member type="relation" ref="2113378" role="#02"/>
  <member type="relation" ref="2128074" role="#03a"/>
  <member type="relation" ref="2113700" role="#03b"/>
  <member type="relation" ref="2114091" role="#04"/>
  <member type="relation" ref="2131103" role="#04.1"/>
  <member type="relation" ref="2131102" role="#04.2"/>
  <member type="relation" ref="2114147" role="#05"/>
  <member type="relation" ref="2115760" role="#06"/>
  <member type="relation" ref="2121864" role="#07a"/>
  <member type="relation" ref="2116473" role="#07b"/>
  <member type="relation" ref="2115422" role="#08"/>
  <member type="relation" ref="2341892" role="#08.1"/>
  <member type="relation" ref="2343751" role="#08.2"/>
  <member type="relation" ref="2115878" role="#09"/>
  <member type="relation" ref="2131372" role="#09.1"/>
  <member type="relation" ref="2131371" role="#09.2"/>
  <member type="relation" ref="2110285" role="#10"/>
  <member type="relation" ref="2110289" role="#10.1"/>
  <member type="relation" ref="2112617" role="#10.2"/>
  <member type="relation" ref="2112619" role="#10.3"/>
  <member type="relation" ref="2111133" role="#10.4"/>
  <member type="relation" ref="2110290" role="#10.5"/>
  <member type="relation" ref="2110286" role="#10.6"/>
  <member type="relation" ref="2110287" role="#10.7"/>
  <member type="relation" ref="2110418" role="#10.8"/>
  <member type="relation" ref="2110288" role="#10.9"/>
  <member type="relation" ref="2121875" role="#11"/>
  <member type="relation" ref="2121939" role="#12"/>
  <member type="relation" ref="2127254" role="#13"/>
  <member type="relation" ref="2133305" role="#14"/>
  <member type="relation" ref="2133678" role="#15"/>
  <member type="relation" ref="2184646" role="#16"/>
  <member type="relation" ref="2247337" role="#17a"/>
  <member type="relation" ref="2247373" role="#17b"/>
  <member type="relation" ref="2247474" role="#18"/>
  <member type="relation" ref="2247685" role="#19"/>
  <member type="relation" ref="2450508" role="#20"/>
  <member type="relation" ref="2247594" role="#21"/>
  <member type="relation" ref="2247622" role="#22"/>
  <member type="relation" ref="2450938" role="#23"/>
  <member type="relation" ref="2450802" role="#24"/>
  <member type="relation" ref="2128682" role="#25"/>
  <member type="relation" ref="2128866" role="#26"/>
  <member type="relation" ref="2128904" role="#27"/>
  <member type="relation" ref="2128915" role="#28"/>
  <member type="relation" ref="2131534" role="#29"/>
  <member type="relation" ref="2127947" role="#30"/>
  <member type="relation" ref="2884516" role="#30.1"/>
  <member type="relation" ref="2884518" role="#30.2"/>
  <member type="relation" ref="2884140" role="#30.3"/>
  <member type="relation" ref="2884519" role="#30.4"/>
  <member type="relation" ref="2884523" role="#30.5"/>
  <member type="relation" ref="2884522" role="#30.6a"/>
  <member type="relation" ref="2884517" role="#30.6b"/>
  <member type="relation" ref="2883935" role="#30.7"/>
  <member type="relation" ref="2884521" role="#30.8"/>
  <member type="relation" ref="2884520" role="#30.9"/>
  <member type="relation" ref="2127978" role="#31"/>
  <member type="relation" ref="2128006" role="#32"/>
  <member type="relation" ref="2127994" role="#33"/>
  <member type="relation" ref="2127484" role="#34"/>
  <member type="relation" ref="2127524" role="#35"/>
  <member type="relation" ref="2129656" role="#36+39+40+42+44"/>
  <member type="relation" ref="2129053" role="#36"/>
  <member type="relation" ref="2129138" role="#37"/>
  <member type="relation" ref="2129147" role="#38"/>
  <member type="relation" ref="2129171" role="#39"/>
  <member type="relation" ref="2129185" role="#40"/>
  <member type="relation" ref="2129328" role="#41"/>
  <member type="relation" ref="2129451" role="#42"/>
  <member type="relation" ref="2129513" role="#43"/>
  <member type="relation" ref="2129638" role="#44"/>
  <member type="relation" ref="2139316" role="#45a+45b+45c+45d"/>
  <member type="relation" ref="2131475" role="#45a"/>
  <member type="relation" ref="2139207" role="#45b"/>
  <member type="relation" ref="2139250" role="#45c"/>
  <member type="relation" ref="2139274" role="#45d"/>
  <member type="relation" ref="2174087" role="#46a"/>
  <member type="relation" ref="2451118" role="#46b"/>
  <member type="relation" ref="2451058" role="#47"/>
  <member type="relation" ref="2139363" role="#48a"/>
  <member type="relation" ref="2506610" role="#48b"/>
  <member type="relation" ref="2171176" role="#48c"/>
  <member type="relation" ref="2507329" role="#49"/>
  <member type="relation" ref="2509205" role="#50"/>
  <member type="relation" ref="2141596" role="#51"/>
  <member type="relation" ref="2139488" role="#52"/>
  <member type="relation" ref="2139682" role="#52.1"/>
  <member type="relation" ref="2139559" role="#52.1.1"/>
  <member type="relation" ref="2545613" role="#52.1.2"/>
  <member type="relation" ref="2545612" role="#52.1.3"/>
  <member type="relation" ref="2545614" role="#52.1.4"/>
  <member type="relation" ref="2539828" role="#52.1.5"/>
  <member type="relation" ref="2139580" role="#52.1.6"/>
  <member type="relation" ref="2139691" role="#52.1.7"/>
  <member type="relation" ref="2139593" role="#52.1.8"/>
  <member type="relation" ref="2139563" role="#52.1.9"/>
  <member type="relation" ref="2139609" role="#52.1.10"/>
  <member type="relation" ref="2139733" role="#52.1.11"/>
  <member type="relation" ref="2139732" role="#52.1.12"/>
  <member type="relation" ref="2139684" role="#52.2"/>
  <member type="relation" ref="2141084" role="#52.2.2"/>
  <member type="relation" ref="2141318" role="#52.2.3"/>
  <member type="relation" ref="2141203" role="#52.2.4"/>
  <member type="relation" ref="2141204" role="#52.2.5"/>
  <member type="relation" ref="2141322" role="#52.2.6"/>
  <member type="relation" ref="2141321" role="#52.2.7"/>
  <member type="relation" ref="2141323" role="#52.2.8"/>
  <member type="relation" ref="2141319" role="#52.2.9"/>
  <member type="relation" ref="2170204" role="#53"/>
  <member type="relation" ref="2513045" role="#54"/>
  <member type="relation" ref="2170766" role="#56"/>
  <member type="relation" ref="2515873" role="#57a+57b"/>
  <member type="relation" ref="2170777" role="#57a"/>
  <member type="relation" ref="2171020" role="#57b"/>
  <member type="relation" ref="2174015" role="#58"/>
  <member type="relation" ref="7727441" role="#59"/>
  <member type="relation" ref="2515928" role="#59.1"/>
  <member type="relation" ref="2513971" role="#60"/>
  <member type="relation" ref="2505682" role="#63"/>
  <member type="relation" ref="2505756" role="#64"/>
  <member type="relation" ref="2505790" role="#65"/>
  <member type="relation" ref="2506037" role="#66"/>
  <member type="relation" ref="2505991" role="#66.1"/>
  <member type="relation" ref="2506103" role="#67"/>
  <member type="relation" ref="2506537" role="#68"/>
  <tag k="name" v="Eastern Alps by Alpine Club classification"/>
  <tag k="name:de" v="Einteilung der Ostalpen auf Basis der Alpenvereinseinteilung"/>
  <tag k="note:extension" v="Subunterteilungen durch Gebietskenner werden mit “.” in der Rolle gekennzeichnet."/>
  <tag k="type" v="classification"/>
  <tag k="wikidata" v="Q1265938"/>
  <tag k="wikipedia" v="de:Alpenvereinseinteilung der Ostalpen"/>
 </relation>
 <relation id="2139563" visible="true" version="62" changeset="181704917" timestamp="2026-04-23T08:09:30Z" user="AlexTies" uid="3579653">
  <member type="way" ref="188616821" role="outer"/>
  <member type="way" ref="159833463" role="outer"/>
  <member type="way" ref="1346949922" role="outer"/>
  <member type="way" ref="1346949938" role="outer"/>
  <member type="way" ref="438794975" role="outer"/>
  <member type="way" ref="661120659" role="outer"/>
  <member type="way" ref="686467419" role="outer"/>
  <member type="way" ref="686467420" role="outer"/>
  <member type="way" ref="229699919" role="outer"/>
  <member type="way" ref="229699911" role="outer"/>
  <member type="way" ref="220555624" role="outer"/>
  <member type="way" ref="220555622" role="outer"/>
  <member type="way" ref="220555627" role="outer"/>
  <member type="way" ref="220555625" role="outer"/>
  <member type="way" ref="722917032" role="outer"/>
  <member type="way" ref="236879809" role="outer"/>
  <member type="way" ref="229699914" role="outer"/>
  <member type="way" ref="123262671" role="outer"/>
  <member type="way" ref="159833539" role="outer"/>
  <member type="way" ref="394986839" role="outer"/>
  <member type="way" ref="318613053" role="outer"/>
  <member type="way" ref="318613052" role="outer"/>
  <member type="way" ref="1385579138" role="outer"/>
  <member type="way" ref="1385579134" role="outer"/>
  <member type="way" ref="318613050" role="outer"/>
  <member type="way" ref="282112728" role="outer"/>
  <member type="way" ref="184018036" role="outer"/>
  <member type="way" ref="884523600" role="outer"/>
  <member type="way" ref="1125398800" role="outer"/>
  <member type="way" ref="1125398801" role="outer"/>
  <member type="way" ref="1436884811" role="outer"/>
  <member type="way" ref="297453071" role="outer"/>
  <member type="way" ref="1125391741" role="outer"/>
  <member type="way" ref="1348796970" role="outer"/>
  <member type="way" ref="1117854745" role="outer"/>
  <member type="way" ref="1502771570" role="outer"/>
  <member type="way" ref="1230108826" role="outer"/>
  <member type="way" ref="1348793322" role="outer"/>
  <member type="way" ref="1348793323" role="outer"/>
  <member type="way" ref="1230108827" role="outer"/>
  <member type="way" ref="1230108820" role="outer"/>
  <member type="way" ref="1230108828" role="outer"/>
  <member type="way" ref="1230108829" role="outer"/>
  <member type="way" ref="1458966478" role="outer"/>
  <member type="way" ref="845857932" role="outer"/>
  <member type="way" ref="845857931" role="outer"/>
  <member type="way" ref="1125391738" role="outer"/>
  <member type="way" ref="300961142" role="outer"/>
  <member type="way" ref="1125388405" role="outer"/>
  <member type="way" ref="847539233" role="outer"/>
  <member type="way" ref="867886080" role="outer"/>
  <member type="way" ref="847539232" role="outer"/>
  <member type="way" ref="1125388404" role="outer"/>
  <member type="way" ref="297453068" role="outer"/>
  <member type="way" ref="885327263" role="outer"/>
  <member type="way" ref="1384931812" role="outer"/>
  <member type="way" ref="1384931810" role="outer"/>
  <member type="way" ref="432396470" role="outer"/>
  <member type="way" ref="432396472" role="outer"/>
  <member type="way" ref="432396473" role="outer"/>
  <member type="way" ref="432396471" role="outer"/>
  <member type="way" ref="1125386712" role="outer"/>
  <member type="way" ref="1125386713" role="outer"/>
  <member type="way" ref="1239469388" role="outer"/>
  <member type="way" ref="1125386714" role="outer"/>
  <member type="way" ref="1125386715" role="outer"/>
  <member type="way" ref="319032392" role="outer"/>
  <member type="way" ref="319032399" role="outer"/>
  <member type="way" ref="140543154" role="outer"/>
  <member type="way" ref="119968771" role="outer"/>
  <member type="way" ref="159839935" role="outer"/>
  <member type="way" ref="159839910" role="outer"/>
  <member type="way" ref="401826269" role="outer"/>
  <member type="way" ref="401826271" role="outer"/>
  <member type="way" ref="1346949903" role="outer"/>
  <tag k="alt_name:de" v="Latemar"/>
  <tag k="boundary" v="yes"/>
  <tag k="name" v="Latemar"/>
  <tag k="name:de" v="Latemar-Gruppe"/>
  <tag k="name:en" v="Latemar"/>
  <tag k="name:it" v="Latemar"/>
  <tag k="note" v="http://forum.openstreetmap.org/viewtopic.php?id"/>
  <tag k="place" v="region"/>
  <tag k="ref:aveo" v="52.1.9"/>
  <tag k="region:type" v="mountain_area"/>
  <tag k="type" v="boundary"/>
  <tag k="wikidata" v="Q174610"/>
  <tag k="wikipedia" v="it:Latemar"/>
 </relation>
 <relation id="2139593" visible="true" version="53" changeset="181704917" timestamp="2026-04-23T08:09:30Z" user="AlexTies" uid="3579653">
  <member type="way" ref="1230108828" role="outer"/>
  <member type="way" ref="1230108820" role="outer"/>
  <member type="way" ref="1230108827" role="outer"/>
  <member type="way" ref="1348793323" role="outer"/>
  <member type="way" ref="1348793322" role="outer"/>
  <member type="way" ref="1230108826" role="outer"/>
  <member type="way" ref="1502771570" role="outer"/>
  <member type="way" ref="1117854745" role="outer"/>
  <member type="way" ref="1348796970" role="outer"/>
  <member type="way" ref="1125391741" role="outer"/>
  <member type="way" ref="297453071" role="outer"/>
  <member type="way" ref="1436884811" role="outer"/>
  <member type="way" ref="1125398801" role="outer"/>
  <member type="way" ref="1125398800" role="outer"/>
  <member type="way" ref="884523600" role="outer"/>
  <member type="way" ref="184018036" role="outer"/>
  <member type="way" ref="282112728" role="outer"/>
  <member type="way" ref="318613050" role="outer"/>
  <member type="way" ref="1385579134" role="outer"/>
  <member type="way" ref="1385579138" role="outer"/>
  <member type="way" ref="318613052" role="outer"/>
  <member type="way" ref="318613053" role="outer"/>
  <member type="way" ref="394986839" role="outer"/>
  <member type="way" ref="119159831" role="outer"/>
  <member type="way" ref="159833531" role="outer"/>
  <member type="way" ref="119156262" role="outer"/>
  <member type="way" ref="173017451" role="outer"/>
  <member type="way" ref="1419942300" role="outer"/>
  <member type="way" ref="219621525" role="outer"/>
  <member type="way" ref="44380713" role="outer"/>
  <member type="way" ref="1348028891" role="outer"/>
  <member type="way" ref="159842314" role="outer"/>
  <member type="way" ref="159842318" role="outer"/>
  <member type="way" ref="1348028921" role="outer"/>
  <member type="way" ref="159842316" role="outer"/>
  <member type="way" ref="159842352" role="outer"/>
  <member type="way" ref="188389332" role="outer"/>
  <member type="way" ref="1348028986" role="outer"/>
  <member type="way" ref="116019152" role="outer"/>
  <member type="way" ref="159842346" role="outer"/>
  <member type="way" ref="401826260" role="outer"/>
  <member type="way" ref="159839910" role="outer"/>
  <member type="way" ref="159839935" role="outer"/>
  <member type="way" ref="119968771" role="outer"/>
  <member type="way" ref="140543154" role="outer"/>
  <member type="way" ref="319032399" role="outer"/>
  <member type="way" ref="319032392" role="outer"/>
  <member type="way" ref="1125386715" role="outer"/>
  <member type="way" ref="1125386714" role="outer"/>
  <member type="way" ref="1239469388" role="outer"/>
  <member type="way" ref="1125386713" role="outer"/>
  <member type="way" ref="1125386712" role="outer"/>
  <member type="way" ref="432396471" role="outer"/>
  <member type="way" ref="432396473" role="outer"/>
  <member type="way" ref="432396472" role="outer"/>
  <member type="way" ref="432396470" role="outer"/>
  <member type="way" ref="1384931810" role="outer"/>
  <member type="way" ref="1384931812" role="outer"/>
  <member type="way" ref="885327263" role="outer"/>
  <member type="way" ref="297453068" role="outer"/>
  <member type="way" ref="1125388404" role="outer"/>
  <member type="way" ref="847539232" role="outer"/>
  <member type="way" ref="867886080" role="outer"/>
  <member type="way" ref="847539233" role="outer"/>
  <member type="way" ref="1125388405" role="outer"/>
  <member type="way" ref="300961142" role="outer"/>
  <member type="way" ref="1125391738" role="outer"/>
  <member type="way" ref="845857931" role="outer"/>
  <member type="way" ref="845857932" role="outer"/>
  <member type="way" ref="1458966478" role="outer"/>
  <member type="way" ref="1230108829" role="outer"/>
  <tag k="alt_name:de" v="Rosengartengruppe"/>
  <tag k="boundary" v="yes"/>
  <tag k="name" v="Rosengarten-Gruppe"/>
  <tag k="name:de" v="Rosengarten-Gruppe"/>
  <tag k="name:en" v="Rosengarten group"/>
  <tag k="name:fr" v="Massif du Catinaccio"/>
  <tag k="name:it" v="Gruppo del Catinaccio"/>
  <tag k="note" v="http://forum.openstreetmap.org/viewtopic.php?id"/>
  <tag k="place" v="region"/>
  <tag k="ref:aveo" v="52.1.8"/>
  <tag k="region:type" v="mountain_area"/>
  <tag k="type" v="boundary"/>
  <tag k="wikidata" v="Q2167183"/>
  <tag k="wikipedia" v="de:Rosengartengruppe"/>
 </relation>
 <relation id="2141325" visible="true" version="12" changeset="169950990" timestamp="2025-08-04T12:01:40Z" user="wildmaps" uid="4365159">
  <member type="relation" ref="2139488" role="#52"/>
  <member type="relation" ref="2139682" role="#52a-h"/>
  <member type="relation" ref="2139559" role="#52a"/>
  <member type="relation" ref="2139580" role="#52b"/>
  <member type="relation" ref="2139593" role="#52c"/>
  <member type="relation" ref="2139563" role="#52d"/>
  <member type="relation" ref="2139691" role="#52e"/>
  <member type="relation" ref="2139609" role="#52f"/>
  <member type="relation" ref="2139733" role="#52g"/>
  <member type="relation" ref="2139732" role="#52h"/>
  <member type="relation" ref="2139684" role="#52i-r"/>
  <member type="relation" ref="2141084" role="#52k"/>
  <member type="relation" ref="2141318" role="#52l"/>
  <member type="relation" ref="2141203" role="#52m"/>
  <member type="relation" ref="2141204" role="#52n"/>
  <member type="relation" ref="2141322" role="#52o"/>
  <member type="relation" ref="2141321" role="#52p"/>
  <member type="relation" ref="2141323" role="#52q"/>
  <member type="relation" ref="2141319" role="#52r"/>
  <tag k="note" v="Einteilung der Dolomiten"/>
  <tag k="type" v="collection"/>
  <tag k="wikipedia" v="de:Alpenvereinseinteilung der Ostalpen"/>
 </relation>
 <relation id="3956467" visible="true" version="70" changeset="182734791" timestamp="2026-05-16T10:17:41Z" user="mike140" uid="2471547">
  <member type="node" ref="635242253" role=""/>
  <member type="node" ref="635242245" role=""/>
  <member type="way" ref="25916964" role=""/>
  <member type="way" ref="888763667" role=""/>
  <member type="way" ref="26821697" role=""/>
  <member type="way" ref="25916991" role=""/>
  <member type="way" ref="26821271" role=""/>
  <member type="way" ref="26821275" role=""/>
  <member type="way" ref="25626094" role=""/>
  <member type="way" ref="263386326" role=""/>
  <member type="way" ref="27526824" role=""/>
  <member type="way" ref="1185784827" role=""/>
  <member type="way" ref="1185784826" role=""/>
  <member type="way" ref="229072820" role=""/>
  <member type="way" ref="229072821" role=""/>
  <member type="way" ref="38590138" role=""/>
  <member type="way" ref="493081277" role=""/>
  <member type="way" ref="116409981" role=""/>
  <member type="way" ref="1462263593" role=""/>
  <member type="way" ref="372623510" role=""/>
  <member type="way" ref="297455442" role=""/>
  <member type="way" ref="266158484" role=""/>
  <member type="way" ref="1190593111" role=""/>
  <member type="way" ref="1190593110" role=""/>
  <member type="way" ref="977867913" role=""/>
  <member type="way" ref="141475230" role=""/>
  <member type="way" ref="116409979" role=""/>
  <member type="way" ref="1078821661" role=""/>
  <member type="way" ref="116387996" role=""/>
  <member type="way" ref="297455441" role=""/>
  <member type="way" ref="116409997" role=""/>
  <member type="way" ref="116409985" role=""/>
  <member type="way" ref="1125355434" role=""/>
  <member type="way" ref="140030182" role=""/>
  <member type="way" ref="38590140" role=""/>
  <member type="way" ref="1052111656" role=""/>
  <member type="way" ref="231750070" role=""/>
  <member type="way" ref="116387687" role=""/>
  <member type="way" ref="231750072" role=""/>
  <member type="way" ref="25626032" role=""/>
  <member type="way" ref="292209084" role=""/>
  <member type="way" ref="1282361554" role=""/>
  <member type="way" ref="1282361553" role=""/>
  <member type="way" ref="26514772" role=""/>
  <member type="way" ref="741963694" role=""/>
  <member type="way" ref="741963693" role=""/>
  <member type="way" ref="203845330" role=""/>
  <member type="way" ref="50228840" role=""/>
  <member type="way" ref="50228838" role=""/>
  <member type="way" ref="491745635" role=""/>
  <member type="way" ref="297453068" role=""/>
  <member type="way" ref="1125388404" role=""/>
  <member type="way" ref="491745632" role=""/>
  <member type="way" ref="119149418" role=""/>
  <member type="way" ref="491738250" role=""/>
  <member type="way" ref="506480443" role=""/>
  <member type="way" ref="1185780049" role=""/>
  <member type="way" ref="1185780050" role=""/>
  <member type="way" ref="119149416" role=""/>
  <member type="way" ref="885090637" role=""/>
  <member type="way" ref="27283619" role=""/>
  <member type="way" ref="885076251" role=""/>
  <member type="way" ref="297448286" role=""/>
  <member type="way" ref="847539230" role=""/>
  <member type="way" ref="297446866" role=""/>
  <member type="way" ref="117230637" role=""/>
  <member type="way" ref="884234081" role=""/>
  <member type="way" ref="884234082" role=""/>
  <member type="way" ref="232754414" role=""/>
  <member type="way" ref="124448759" role=""/>
  <member type="way" ref="885834867" role=""/>
  <member type="way" ref="297446861" role=""/>
  <member type="way" ref="672494708" role=""/>
  <member type="way" ref="884234077" role=""/>
  <member type="way" ref="293714313" role=""/>
  <member type="way" ref="1185107087" role=""/>
  <member type="way" ref="1185318169" role=""/>
  <member type="way" ref="514600207" role=""/>
  <member type="way" ref="514600206" role=""/>
  <member type="way" ref="868145393" role=""/>
  <member type="way" ref="1079254295" role=""/>
  <member type="way" ref="41143101" role=""/>
  <member type="way" ref="1117896004" role=""/>
  <member type="way" ref="1230814625" role=""/>
  <member type="way" ref="1231641952" role=""/>
  <member type="way" ref="710465811" role=""/>
  <member type="way" ref="297444549" role=""/>
  <member type="way" ref="26568444" role=""/>
  <member type="way" ref="26568608" role=""/>
  <member type="way" ref="124450267" role=""/>
  <member type="way" ref="886304859" role=""/>
  <member type="way" ref="886304860" role=""/>
  <member type="way" ref="868132200" role=""/>
  <member type="way" ref="672494709" role=""/>
  <member type="way" ref="672494710" role=""/>
  <member type="way" ref="884366008" role=""/>
  <member type="way" ref="122899744" role=""/>
  <member type="way" ref="885834868" role=""/>
  <member type="way" ref="885327267" role=""/>
  <member type="way" ref="297443144" role=""/>
  <member type="way" ref="297443142" role=""/>
  <member type="way" ref="229073424" role=""/>
  <member type="way" ref="297443141" role=""/>
  <member type="way" ref="297443148" role=""/>
  <member type="way" ref="25916968" role=""/>
  <member type="way" ref="25626080" role=""/>
  <member type="way" ref="297443143" role=""/>
  <member type="way" ref="25916965" role=""/>
  <member type="way" ref="25916967" role=""/>
  <member type="way" ref="1426018025" role=""/>
  <member type="way" ref="297403886" role=""/>
  <member type="way" ref="1127999684" role=""/>
  <member type="way" ref="119355589" role=""/>
  <member type="way" ref="1055961799" role=""/>
  <member type="way" ref="1073905035" role=""/>
  <member type="way" ref="1073905034" role=""/>
  <member type="way" ref="1198779535" role=""/>
  <member type="way" ref="245177507" role=""/>
  <member type="way" ref="884238683" role=""/>
  <member type="way" ref="245177501" role=""/>
  <member type="way" ref="245177495" role=""/>
  <member type="way" ref="884238682" role=""/>
  <member type="way" ref="1125410589" role=""/>
  <member type="way" ref="970119319" role=""/>
  <member type="way" ref="244875673" role=""/>
  <member type="way" ref="884651490" role=""/>
  <member type="way" ref="244875680" role=""/>
  <member type="way" ref="884532204" role=""/>
  <member type="way" ref="244875711" role=""/>
  <member type="way" ref="477632630" role=""/>
  <member type="way" ref="700769241" role=""/>
  <member type="way" ref="1348791352" role=""/>
  <member type="way" ref="700769240" role=""/>
  <member type="way" ref="1348790497" role=""/>
  <member type="way" ref="788126433" role=""/>
  <member type="way" ref="693971497" role=""/>
  <member type="way" ref="693971506" role=""/>
  <member type="way" ref="395092218" role=""/>
  <member type="way" ref="693971505" role=""/>
  <member type="way" ref="1305219243" role=""/>
  <member type="way" ref="1305219245" role=""/>
  <member type="way" ref="1305219242" role=""/>
  <member type="way" ref="693971503" role=""/>
  <member type="way" ref="1055932314" role=""/>
  <member type="way" ref="1055932315" role=""/>
  <member type="way" ref="867854624" role=""/>
  <member type="way" ref="351222843" role=""/>
  <member type="way" ref="885327262" role=""/>
  <member type="way" ref="867858604" role=""/>
  <member type="way" ref="867827564" role=""/>
  <member type="way" ref="160110632" role=""/>
  <member type="way" ref="1055932318" role=""/>
  <member type="way" ref="867827562" role=""/>
  <member type="way" ref="867827560" role=""/>
  <member type="way" ref="783325983" role=""/>
  <member type="way" ref="1088729726" role=""/>
  <member type="way" ref="1088729727" role=""/>
  <member type="way" ref="124427745" role=""/>
  <member type="way" ref="672495801" role=""/>
  <member type="way" ref="672495805" role=""/>
  <member type="way" ref="119152427" role=""/>
  <member type="way" ref="450629313" role=""/>
  <member type="way" ref="119152428" role=""/>
  <member type="way" ref="170035998" role=""/>
  <member type="way" ref="491795802" role=""/>
  <member type="way" ref="1148581725" role=""/>
  <member type="way" ref="491795803" role=""/>
  <member type="way" ref="885327263" role=""/>
  <tag k="ascent" v="1530"/>
  <tag k="distance" v="38"/>
  <tag k="name" v="MTB: Latemar Tour"/>
  <tag k="official_name" v="Latemar MTB Tour"/>
  <tag k="operator" v="Dolomiti Lagorai Bike"/>
  <tag k="ref" v="354"/>
  <tag k="roundtrip" v="yes"/>
  <tag k="route" v="mtb"/>
  <tag k="type" v="route"/>
 </relation>
 <relation id="3957258" visible="true" version="20" changeset="183790304" timestamp="2026-06-07T16:46:43Z" user="Marco Tamburini" uid="19653888">
  <member type="way" ref="884234078" role=""/>
  <member type="way" ref="417056495" role=""/>
  <member type="way" ref="417056500" role=""/>
  <member type="way" ref="394926870" role=""/>
  <member type="way" ref="885090631" role=""/>
  <member type="way" ref="41143376" role=""/>
  <member type="way" ref="885090634" role=""/>
  <member type="way" ref="1459516532" role=""/>
  <member type="way" ref="1459516538" role=""/>
  <member type="way" ref="232754414" role=""/>
  <member type="way" ref="124448759" role=""/>
  <member type="way" ref="885834867" role=""/>
  <member type="way" ref="297446861" role=""/>
  <member type="way" ref="672494708" role=""/>
  <member type="way" ref="124450266" role=""/>
  <member type="way" ref="71565731" role=""/>
  <member type="way" ref="1420173000" role=""/>
  <member type="way" ref="293708054" role=""/>
  <member type="way" ref="293708051" role=""/>
  <member type="way" ref="293708050" role=""/>
  <member type="way" ref="293708053" role=""/>
  <member type="way" ref="293708071" role=""/>
  <member type="way" ref="293708067" role=""/>
  <member type="way" ref="232754426" role=""/>
  <member type="way" ref="50030489" role=""/>
  <member type="way" ref="524514707" role=""/>
  <member type="way" ref="842158052" role=""/>
  <member type="way" ref="842158053" role=""/>
  <member type="way" ref="187025874" role=""/>
  <member type="way" ref="884234076" role=""/>
  <member type="way" ref="686633271" role=""/>
  <member type="way" ref="686633273" role=""/>
  <member type="way" ref="229699901" role=""/>
  <member type="way" ref="229699902" role=""/>
  <member type="way" ref="26286847" role=""/>
  <member type="way" ref="232886924" role=""/>
  <member type="way" ref="885166117" role=""/>
  <member type="way" ref="232886925" role=""/>
  <member type="way" ref="232886922" role=""/>
  <member type="way" ref="232886923" role=""/>
  <member type="way" ref="232886927" role=""/>
  <member type="way" ref="884234073" role=""/>
  <member type="way" ref="884234072" role=""/>
  <member type="way" ref="884234070" role=""/>
  <member type="way" ref="123259029" role=""/>
  <member type="way" ref="695864099" role=""/>
  <member type="way" ref="884441517" role=""/>
  <member type="way" ref="695864098" role=""/>
  <member type="node" ref="13914125099" role="guidepost"/>
  <member type="node" ref="13232878226" role="guidepost"/>
  <tag k="network" v="lwn"/>
  <tag k="osmc:symbol" v="red:red:white_bar:8:black"/>
  <tag k="ref" v="8"/>
  <tag k="route" v="hiking"/>
  <tag k="symbol" v="8 on white red flag"/>
  <tag k="symbol:it" v="8 su bandierina bianca e rossa"/>
  <tag k="type" v="route"/>
 </relation>
 <relation id="3957262" visible="true" version="10" changeset="183790304" timestamp="2026-06-07T16:46:43Z" user="Marco Tamburini" uid="19653888">
  <member type="way" ref="884234078" role=""/>
  <member type="way" ref="417056495" role=""/>
  <member type="way" ref="417056500" role=""/>
  <member type="way" ref="394926870" role=""/>
  <member type="way" ref="885090631" role=""/>
  <member type="way" ref="41143376" role=""/>
  <member type="way" ref="885090634" role=""/>
  <member type="way" ref="1459516532" role=""/>
  <member type="way" ref="1459516538" role=""/>
  <member type="way" ref="884234082" role=""/>
  <member type="way" ref="884234081" role=""/>
  <member type="way" ref="117230637" role=""/>
  <member type="way" ref="297446868" role=""/>
  <member type="way" ref="297446866" role=""/>
  <member type="way" ref="847539230" role=""/>
  <member type="way" ref="297448286" role=""/>
  <member type="way" ref="885076250" role=""/>
  <member type="way" ref="885076249" role=""/>
  <member type="way" ref="885076247" role=""/>
  <member type="way" ref="885076246" role=""/>
  <member type="way" ref="60796548" role=""/>
  <member type="way" ref="282107928" role=""/>
  <member type="node" ref="13914125099" role="guidepost"/>
  <member type="node" ref="13914191251" role="guidepost"/>
  <member type="node" ref="9891336301" role="guidepost"/>
  <member type="node" ref="13415283750" role="guidepost"/>
  <member type="node" ref="13415283749" role="guidepost"/>
  <tag k="network" v="lwn"/>
  <tag k="osmc:symbol" v="red:red:white_bar:12:black"/>
  <tag k="ref" v="12"/>
  <tag k="route" v="hiking"/>
  <tag k="symbol" v="12 on white red flag"/>
  <tag k="symbol:it" v="12 su bandierina bianca e rossa"/>
  <tag k="type" v="route"/>
 </relation>
 <relation id="6565667" visible="true" version="61" changeset="181704917" timestamp="2026-04-23T08:09:30Z" user="AlexTies" uid="3579653">
  <member type="way" ref="84788051" role="forward"/>
  <member type="way" ref="84823449" role="forward"/>
  <member type="way" ref="30274370" role=""/>
  <member type="way" ref="30274443" role=""/>
  <member type="way" ref="33119557" role=""/>
  <member type="way" ref="33119558" role=""/>
  <member type="way" ref="238729531" role=""/>
  <member type="way" ref="1315502819" role=""/>
  <member type="way" ref="614961252" role=""/>
  <member type="way" ref="238731475" role=""/>
  <member type="way" ref="238731474" role=""/>
  <member type="way" ref="238731476" role=""/>
  <member type="way" ref="238731478" role=""/>
  <member type="way" ref="1125428942" role=""/>
  <member type="way" ref="727330071" role=""/>
  <member type="way" ref="219803936" role=""/>
  <member type="way" ref="219803945" role=""/>
  <member type="way" ref="413981563" role=""/>
  <member type="way" ref="413981541" role=""/>
  <member type="way" ref="727330072" role=""/>
  <member type="way" ref="219798939" role=""/>
  <member type="way" ref="413981546" role=""/>
  <member type="way" ref="219798892" role=""/>
  <member type="way" ref="219798920" role=""/>
  <member type="way" ref="413980396" role=""/>
  <member type="way" ref="219798944" role=""/>
  <member type="way" ref="219798904" role=""/>
  <member type="way" ref="1017162126" role=""/>
  <member type="way" ref="413979438" role=""/>
  <member type="way" ref="413979442" role=""/>
  <member type="way" ref="867991545" role=""/>
  <member type="way" ref="229699904" role=""/>
  <member type="way" ref="1125428943" role=""/>
  <member type="way" ref="867991544" role="forward"/>
  <member type="way" ref="329860941" role=""/>
  <member type="way" ref="229699903" role=""/>
  <member type="way" ref="1125428944" role=""/>
  <member type="way" ref="867991542" role=""/>
  <member type="way" ref="958385943" role=""/>
  <member type="way" ref="958386212" role=""/>
  <member type="way" ref="1125428945" role=""/>
  <member type="way" ref="1125428946" role=""/>
  <member type="way" ref="722928119" role=""/>
  <member type="way" ref="220555218" role=""/>
  <member type="way" ref="884361989" role=""/>
  <member type="way" ref="220555220" role=""/>
  <member type="way" ref="236879280" role=""/>
  <member type="way" ref="236879281" role=""/>
  <member type="way" ref="722917031" role=""/>
  <member type="way" ref="884817122" role=""/>
  <member type="way" ref="1125428947" role=""/>
  <member type="way" ref="24934819" role=""/>
  <member type="way" ref="1125428948" role=""/>
  <member type="way" ref="27283606" role=""/>
  <member type="way" ref="318866449" role=""/>
  <member type="way" ref="884750876" role=""/>
  <member type="way" ref="884238687" role=""/>
  <member type="way" ref="318866448" role=""/>
  <member type="way" ref="884238686" role=""/>
  <member type="way" ref="232996229" role=""/>
  <member type="way" ref="232996228" role=""/>
  <member type="way" ref="244869536" role=""/>
  <member type="way" ref="884238682" role=""/>
  <member type="way" ref="1125410589" role=""/>
  <member type="way" ref="970119320" role=""/>
  <member type="way" ref="970119319" role=""/>
  <member type="way" ref="244875673" role=""/>
  <member type="way" ref="884651490" role=""/>
  <member type="way" ref="244875680" role=""/>
  <member type="way" ref="884532204" role=""/>
  <member type="way" ref="244875711" role=""/>
  <member type="way" ref="477632630" role=""/>
  <member type="way" ref="1125410588" role=""/>
  <member type="way" ref="867886072" role=""/>
  <member type="way" ref="303928142" role=""/>
  <member type="way" ref="1302050649" role=""/>
  <member type="way" ref="1302050648" role=""/>
  <member type="way" ref="1125410587" role=""/>
  <member type="way" ref="1125399236" role=""/>
  <member type="way" ref="303928143" role=""/>
  <member type="way" ref="885090630" role=""/>
  <member type="way" ref="672494702" role=""/>
  <member type="way" ref="1125399235" role=""/>
  <member type="way" ref="1384938068" role=""/>
  <member type="way" ref="1384938069" role=""/>
  <member type="way" ref="71709579" role=""/>
  <member type="way" ref="184018035" role=""/>
  <member type="way" ref="1436884812" role=""/>
  <member type="way" ref="884523600" role=""/>
  <member type="way" ref="1125398800" role=""/>
  <member type="way" ref="1125398801" role=""/>
  <member type="way" ref="1436884811" role=""/>
  <member type="way" ref="297453071" role=""/>
  <member type="way" ref="1125391741" role=""/>
  <member type="way" ref="1348796970" role=""/>
  <member type="way" ref="1117854745" role=""/>
  <member type="way" ref="1502771570" role=""/>
  <member type="way" ref="1230108826" role=""/>
  <member type="way" ref="1348793322" role=""/>
  <member type="way" ref="1348793323" role=""/>
  <member type="way" ref="1230108827" role=""/>
  <member type="way" ref="1230108820" role=""/>
  <member type="way" ref="1230108821" role=""/>
  <member type="way" ref="1349079686" role=""/>
  <member type="way" ref="845857932" role=""/>
  <member type="way" ref="1458966478" role=""/>
  <member type="way" ref="1230108829" role=""/>
  <member type="way" ref="1230108828" role=""/>
  <member type="way" ref="845857931" role=""/>
  <member type="way" ref="1125391738" role=""/>
  <member type="way" ref="300961142" role=""/>
  <member type="way" ref="1125388405" role=""/>
  <member type="way" ref="847539233" role=""/>
  <member type="way" ref="867886080" role=""/>
  <member type="way" ref="847539232" role=""/>
  <member type="way" ref="1125388404" role=""/>
  <member type="way" ref="297453068" role=""/>
  <member type="way" ref="885327263" role=""/>
  <member type="way" ref="1384931812" role=""/>
  <member type="way" ref="1384931810" role=""/>
  <member type="way" ref="432396470" role=""/>
  <member type="way" ref="432396472" role=""/>
  <member type="way" ref="432396473" role=""/>
  <member type="way" ref="432396471" role=""/>
  <member type="way" ref="1125386712" role=""/>
  <member type="way" ref="1125386713" role=""/>
  <member type="way" ref="1239469388" role=""/>
  <member type="way" ref="1125386714" role=""/>
  <member type="way" ref="1125386715" role=""/>
  <member type="way" ref="319032392" role=""/>
  <member type="way" ref="319032399" role=""/>
  <member type="way" ref="140543154" role=""/>
  <member type="way" ref="119968771" role=""/>
  <member type="way" ref="119968766" role=""/>
  <member type="way" ref="119968765" role=""/>
  <member type="way" ref="119968774" role=""/>
  <member type="way" ref="304714748" role=""/>
  <member type="way" ref="304714749" role=""/>
  <member type="way" ref="141761569" role=""/>
  <member type="way" ref="119968773" role="forward"/>
  <member type="way" ref="28826047" role="forward"/>
  <member type="way" ref="142702499" role="forward"/>
  <member type="way" ref="142702498" role="forward"/>
  <member type="way" ref="888769347" role="forward"/>
  <member type="way" ref="888769346" role="forward"/>
  <member type="way" ref="888769350" role="forward"/>
  <member type="way" ref="141761567" role="forward"/>
  <member type="way" ref="28826049" role=""/>
  <member type="way" ref="28826046" role=""/>
  <member type="way" ref="1145572916" role=""/>
  <member type="way" ref="1145572917" role=""/>
  <member type="way" ref="1465525203" role=""/>
  <member type="way" ref="1455002923" role=""/>
  <member type="way" ref="1145156302" role=""/>
  <member type="way" ref="1455002921" role=""/>
  <member type="way" ref="1465525202" role=""/>
  <tag k="name" v="Staatsstraße 241 Eggental und Karerpass - Strada Statale 241 della Val d'Ega e del Passo Costalunga"/>
  <tag k="name:de" v="Staatsstraße 241 Eggental und Karerpass"/>
  <tag k="name:it" v="Strada Statale 241 della Val d'Ega e del Passo Costalunga"/>
  <tag k="operator" v="Provincia Autonoma di Bolzano;Provincia Autonoma di Trento"/>
  <tag k="ref" v="SS241"/>
  <tag k="route" v="road"/>
  <tag k="type" v="route"/>
 </relation>
 <relation id="6983435" visible="true" version="121" changeset="181704917" timestamp="2026-04-23T08:09:30Z" user="AlexTies" uid="3579653">
  <member type="node" ref="6128380208" role="stop"/>
  <member type="node" ref="12605016703" role="platform"/>
  <member type="node" ref="7197523362" role="stop"/>
  <member type="node" ref="2426903587" role="platform"/>
  <member type="node" ref="7058625861" role="stop"/>
  <member type="node" ref="2426885081" role="platform"/>
  <member type="node" ref="7197191428" role="stop"/>
  <member type="node" ref="650348433" role="platform"/>
  <member type="node" ref="984553520" role="stop"/>
  <member type="node" ref="4406864378" role="platform"/>
  <member type="node" ref="2290628529" role="stop"/>
  <member type="node" ref="10223171496" role="platform"/>
  <member type="node" ref="10223171490" role="stop"/>
  <member type="node" ref="10223171491" role="platform"/>
  <member type="node" ref="10223171489" role="stop"/>
  <member type="node" ref="10223171488" role="platform"/>
  <member type="node" ref="2289317099" role="stop"/>
  <member type="node" ref="10223171485" role="platform"/>
  <member type="node" ref="10223171484" role="stop"/>
  <member type="node" ref="10223171483" role="platform"/>
  <member type="node" ref="2425250786" role="stop"/>
  <member type="node" ref="12895101717" role="platform"/>
  <member type="node" ref="4693627436" role="stop"/>
  <member type="node" ref="10223171471" role="platform"/>
  <member type="node" ref="10223579124" role="stop"/>
  <member type="node" ref="10223579121" role="platform"/>
  <member type="node" ref="10223579119" role="stop"/>
  <member type="node" ref="3978306682" role="platform"/>
  <member type="node" ref="10223577305" role="stop"/>
  <member type="node" ref="10223577304" role="platform"/>
  <member type="node" ref="11077236208" role="stop"/>
  <member type="node" ref="3979761604" role="platform"/>
  <member type="node" ref="10223577299" role="stop"/>
  <member type="node" ref="10223577300" role="platform"/>
  <member type="node" ref="274584543" role="stop"/>
  <member type="node" ref="10223577297" role="platform"/>
  <member type="node" ref="10223577296" role="stop"/>
  <member type="node" ref="9837273150" role="platform"/>
  <member type="node" ref="10223577294" role="stop"/>
  <member type="node" ref="2860419167" role="platform"/>
  <member type="node" ref="4693627431" role="stop"/>
  <member type="node" ref="1340085952" role="platform"/>
  <member type="node" ref="4693627430" role="stop"/>
  <member type="node" ref="832410310" role="platform"/>
  <member type="node" ref="881910351" role="stop"/>
  <member type="node" ref="2860425518" role="platform"/>
  <member type="node" ref="11407566582" role="stop"/>
  <member type="node" ref="7884985094" role="platform"/>
  <member type="node" ref="8088072641" role="stop"/>
  <member type="node" ref="7884985096" role="platform"/>
  <member type="node" ref="4693627427" role="stop"/>
  <member type="node" ref="10223577271" role="platform"/>
  <member type="node" ref="10223952889" role="stop"/>
  <member type="node" ref="10223952887" role="platform"/>
  <member type="node" ref="10223952878" role="stop"/>
  <member type="node" ref="10223952882" role="platform"/>
  <member type="node" ref="10223952874" role="stop"/>
  <member type="node" ref="10223952877" role="platform"/>
  <member type="node" ref="4194131991" role="stop"/>
  <member type="node" ref="10223952872" role="platform"/>
  <member type="node" ref="10223952869" role="stop"/>
  <member type="node" ref="4290724202" role="platform"/>
  <member type="node" ref="5203749525" role="platform"/>
  <member type="way" ref="755684702" role=""/>
  <member type="way" ref="787885220" role=""/>
  <member type="way" ref="650721452" role=""/>
  <member type="way" ref="776021242" role=""/>
  <member type="way" ref="1360887331" role=""/>
  <member type="way" ref="938046196" role=""/>
  <member type="way" ref="415407684" role=""/>
  <member type="way" ref="938046200" role=""/>
  <member type="way" ref="938046199" role=""/>
  <member type="way" ref="938046198" role=""/>
  <member type="way" ref="32994635" role=""/>
  <member type="way" ref="378358593" role=""/>
  <member type="way" ref="895178114" role=""/>
  <member type="way" ref="1104107262" role=""/>
  <member type="way" ref="86381259" role=""/>
  <member type="way" ref="234903498" role=""/>
  <member type="way" ref="234903503" role=""/>
  <member type="way" ref="141868035" role=""/>
  <member type="way" ref="755016649" role=""/>
  <member type="way" ref="755016648" role=""/>
  <member type="way" ref="29848598" role=""/>
  <member type="way" ref="895228610" role=""/>
  <member type="way" ref="441021514" role=""/>
  <member type="way" ref="51005589" role=""/>
  <member type="way" ref="771047773" role=""/>
  <member type="way" ref="1062018257" role=""/>
  <member type="way" ref="84791824" role=""/>
  <member type="way" ref="84791823" role=""/>
  <member type="way" ref="30273907" role=""/>
  <member type="way" ref="29858798" role=""/>
  <member type="way" ref="755684705" role=""/>
  <member type="way" ref="84788051" role=""/>
  <member type="way" ref="30274370" role=""/>
  <member type="way" ref="30274443" role=""/>
  <member type="way" ref="33119557" role=""/>
  <member type="way" ref="33119558" role=""/>
  <member type="way" ref="238729531" role=""/>
  <member type="way" ref="1315502819" role=""/>
  <member type="way" ref="614961252" role=""/>
  <member type="way" ref="238731475" role=""/>
  <member type="way" ref="238731474" role=""/>
  <member type="way" ref="238731476" role=""/>
  <member type="way" ref="238731478" role=""/>
  <member type="way" ref="1125428942" role=""/>
  <member type="way" ref="727330071" role=""/>
  <member type="way" ref="219803936" role=""/>
  <member type="way" ref="219803945" role=""/>
  <member type="way" ref="413981563" role=""/>
  <member type="way" ref="413981541" role=""/>
  <member type="way" ref="727330072" role=""/>
  <member type="way" ref="219798939" role=""/>
  <member type="way" ref="413981546" role=""/>
  <member type="way" ref="219798892" role=""/>
  <member type="way" ref="219798920" role=""/>
  <member type="way" ref="413980396" role=""/>
  <member type="way" ref="219798944" role=""/>
  <member type="way" ref="219798904" role=""/>
  <member type="way" ref="1017162126" role=""/>
  <member type="way" ref="413979438" role=""/>
  <member type="way" ref="413979442" role=""/>
  <member type="way" ref="867991545" role=""/>
  <member type="way" ref="229699904" role=""/>
  <member type="way" ref="1125428943" role=""/>
  <member type="way" ref="867991544" role=""/>
  <member type="way" ref="329860941" role=""/>
  <member type="way" ref="229699903" role=""/>
  <member type="way" ref="1125428944" role=""/>
  <member type="way" ref="867991542" role=""/>
  <member type="way" ref="958385943" role=""/>
  <member type="way" ref="958386212" role=""/>
  <member type="way" ref="234253077" role=""/>
  <member type="way" ref="958384763" role=""/>
  <member type="way" ref="958386212" role=""/>
  <member type="way" ref="1125428945" role=""/>
  <member type="way" ref="1125428946" role=""/>
  <member type="way" ref="722928119" role=""/>
  <member type="way" ref="220555218" role=""/>
  <member type="way" ref="884361989" role=""/>
  <member type="way" ref="220555220" role=""/>
  <member type="way" ref="236879280" role=""/>
  <member type="way" ref="236879281" role=""/>
  <member type="way" ref="722917031" role=""/>
  <member type="way" ref="884817122" role=""/>
  <member type="way" ref="1125428947" role=""/>
  <member type="way" ref="24934819" role=""/>
  <member type="way" ref="1125428948" role=""/>
  <member type="way" ref="27283606" role=""/>
  <member type="way" ref="318866449" role=""/>
  <member type="way" ref="884750876" role=""/>
  <member type="way" ref="884238687" role=""/>
  <member type="way" ref="318866448" role=""/>
  <member type="way" ref="884238686" role=""/>
  <member type="way" ref="232996229" role=""/>
  <member type="way" ref="232996228" role=""/>
  <member type="way" ref="244869536" role=""/>
  <member type="way" ref="884238682" role=""/>
  <member type="way" ref="1125410589" role=""/>
  <member type="way" ref="970119320" role=""/>
  <member type="way" ref="970119319" role=""/>
  <member type="way" ref="244875673" role=""/>
  <member type="way" ref="884651490" role=""/>
  <member type="way" ref="244875680" role=""/>
  <member type="way" ref="884532204" role=""/>
  <member type="way" ref="244875711" role=""/>
  <member type="way" ref="477632630" role=""/>
  <member type="way" ref="700769241" role=""/>
  <member type="way" ref="1348791352" role=""/>
  <member type="way" ref="700769240" role=""/>
  <member type="way" ref="884531141" role=""/>
  <member type="way" ref="700769241" role=""/>
  <member type="way" ref="1125410588" role=""/>
  <member type="way" ref="867886072" role=""/>
  <member type="way" ref="303928142" role=""/>
  <member type="way" ref="1302050647" role=""/>
  <member type="way" ref="1302050648" role=""/>
  <member type="way" ref="1125410587" role=""/>
  <member type="way" ref="1125399236" role=""/>
  <member type="way" ref="303928143" role=""/>
  <member type="way" ref="885090630" role=""/>
  <member type="way" ref="672494702" role=""/>
  <member type="way" ref="1125399235" role=""/>
  <member type="way" ref="1384938068" role=""/>
  <member type="way" ref="1384938069" role=""/>
  <member type="way" ref="71709579" role=""/>
  <member type="way" ref="184018035" role=""/>
  <member type="way" ref="1436884812" role=""/>
  <member type="way" ref="884523600" role=""/>
  <member type="way" ref="1125398800" role=""/>
  <member type="way" ref="1125398801" role=""/>
  <member type="way" ref="1436884811" role=""/>
  <member type="way" ref="297453071" role=""/>
  <member type="way" ref="1125391741" role=""/>
  <member type="way" ref="74663203" role=""/>
  <member type="way" ref="1502771571" role=""/>
  <member type="way" ref="1079004126" role=""/>
  <member type="way" ref="1117854743" role=""/>
  <member type="way" ref="1502771570" role=""/>
  <member type="way" ref="1230108826" role=""/>
  <member type="way" ref="1348793322" role=""/>
  <member type="way" ref="1230108823" role=""/>
  <member type="way" ref="1348796969" role=""/>
  <member type="way" ref="1349079686" role=""/>
  <member type="way" ref="1230108821" role=""/>
  <member type="way" ref="1230108828" role=""/>
  <member type="way" ref="1230108829" role=""/>
  <member type="way" ref="1458966478" role=""/>
  <member type="way" ref="845857932" role=""/>
  <member type="way" ref="845857931" role=""/>
  <member type="way" ref="1125391738" role=""/>
  <member type="way" ref="300961142" role=""/>
  <member type="way" ref="1125388405" role=""/>
  <member type="way" ref="847539233" role=""/>
  <member type="way" ref="867886080" role=""/>
  <member type="way" ref="847539232" role=""/>
  <member type="way" ref="1125388404" role=""/>
  <member type="way" ref="297453068" role=""/>
  <member type="way" ref="885327263" role=""/>
  <member type="way" ref="1384931812" role=""/>
  <member type="way" ref="1384931810" role=""/>
  <member type="way" ref="432396470" role=""/>
  <member type="way" ref="432396472" role=""/>
  <member type="way" ref="432396473" role=""/>
  <member type="way" ref="432396471" role=""/>
  <member type="way" ref="1125386712" role=""/>
  <member type="way" ref="1125386713" role=""/>
  <member type="way" ref="1239469388" role=""/>
  <member type="way" ref="1125386714" role=""/>
  <member type="way" ref="1125386715" role=""/>
  <member type="way" ref="319032392" role=""/>
  <member type="way" ref="319032399" role=""/>
  <member type="way" ref="140543154" role=""/>
  <member type="way" ref="475298351" role=""/>
  <member type="way" ref="1121059116" role=""/>
  <member type="way" ref="98295523" role=""/>
  <member type="way" ref="1465415795" role=""/>
  <member type="way" ref="362968387" role=""/>
  <member type="way" ref="24445046" role=""/>
  <tag k="from" v="Bolzano"/>
  <tag k="name" v="Bus 180: Bolzano =&gt; Welschnofen =&gt; Karerpass =&gt; Val di Fassa"/>
  <tag k="name:de" v="Bus 180: Bozen =&gt; Welschnofen =&gt; Karerpaß =&gt; Fassatal"/>
  <tag k="official_name:de" v="Bolzano – Welschnofen – Karerpass – Val di Fassa"/>
  <tag k="official_name:it" v="Bolzano - Nova Levante - Passo Costalunga - Val di Fassa"/>
  <tag k="operator" v="Consorzio Alto Adige Autonoleggiatori"/>
  <tag k="public_transport:version" v="2"/>
  <tag k="ref" v="180"/>
  <tag k="route" v="bus"/>
  <tag k="to" v="Val di Fassa"/>
  <tag k="type" v="route"/>
  <tag k="via" v="Welschnofen;Karerpass"/>
 </relation>
 <relation id="7029513" visible="true" version="45" changeset="179074297" timestamp="2026-02-26T08:59:30Z" user="micheleOSM3" uid="3538539">
  <member type="relation" ref="6900863" role=""/>
  <member type="relation" ref="6900853" role=""/>
  <member type="relation" ref="6900797" role=""/>
  <member type="relation" ref="6900798" role=""/>
  <member type="relation" ref="6899864" role=""/>
  <member type="relation" ref="6899726" role=""/>
  <member type="relation" ref="6897292" role=""/>
  <member type="relation" ref="6897278" role=""/>
  <member type="relation" ref="1021024" role=""/>
  <member type="relation" ref="1029221" role=""/>
  <member type="relation" ref="1029179" role=""/>
  <member type="relation" ref="10014677" role=""/>
  <member type="relation" ref="12295344" role=""/>
  <member type="relation" ref="1029244" role=""/>
  <member type="relation" ref="6892714" role=""/>
  <member type="relation" ref="1029260" role=""/>
  <member type="relation" ref="1029261" role=""/>
  <member type="relation" ref="9349718" role=""/>
  <member type="relation" ref="11626828" role=""/>
  <member type="relation" ref="9349748" role=""/>
  <member type="relation" ref="11627625" role=""/>
  <member type="relation" ref="11627481" role=""/>
  <member type="relation" ref="11627687" role=""/>
  <member type="relation" ref="11627759" role=""/>
  <member type="relation" ref="9349878" role=""/>
  <member type="relation" ref="9349887" role=""/>
  <member type="relation" ref="11627974" role=""/>
  <member type="relation" ref="11628074" role=""/>
  <member type="relation" ref="11628130" role=""/>
  <member type="relation" ref="11628199" role=""/>
  <tag k="description" v="Sentiero Italia - Regione Trentino Alto Adige C00"/>
  <tag k="from" v="Rifugio Montozzo “Angelo Bozzi”"/>
  <tag k="network" v="nwn"/>
  <tag k="note" v="Sentiero Italia CAI 2019"/>
  <tag k="note:it" v="Sentiero Italia CAI 2019"/>
  <tag k="osmc:symbol" v="red:red:white_stripe:SI:black"/>
  <tag k="ref" v="SI"/>
  <tag k="route" v="hiking"/>
  <tag k="source" v="survey:CAI"/>
  <tag k="stage" v="C00"/>
  <tag k="to" v="Rifugio Marmolada Pian di Fedaia"/>
  <tag k="type" v="superroute"/>
  <tag k="wikipedia" v="it:Sentiero Italia"/>
 </relation>
 <relation id="7338946" visible="true" version="10" changeset="183790304" timestamp="2026-06-07T16:46:43Z" user="Marco Tamburini" uid="19653888">
  <member type="way" ref="868145388" role=""/>
  <member type="way" ref="119145105" role=""/>
  <member type="way" ref="119148798" role=""/>
  <member type="way" ref="389670525" role=""/>
  <member type="way" ref="884234081" role=""/>
  <member type="way" ref="884234082" role=""/>
  <member type="way" ref="1459516538" role=""/>
  <member type="way" ref="1459516532" role=""/>
  <member type="way" ref="885090634" role=""/>
  <member type="way" ref="41143376" role=""/>
  <member type="way" ref="885090631" role=""/>
  <member type="way" ref="394926870" role=""/>
  <member type="way" ref="417056500" role=""/>
  <member type="way" ref="417056495" role=""/>
  <member type="way" ref="884234078" role=""/>
  <member type="node" ref="13914125099" role="guidepost"/>
  <member type="node" ref="13914191251" role="guidepost"/>
  <member type="node" ref="1341326132" role="guidepost"/>
  <member type="node" ref="9891336295" role="guidepost"/>
  <member type="node" ref="9891336301" role="guidepost"/>
  <member type="node" ref="299495069" role="guidepost"/>
  <tag k="network" v="lwn"/>
  <tag k="osmc:symbol" v="red:red:white_bar:11:black"/>
  <tag k="ref" v="11"/>
  <tag k="route" v="hiking"/>
  <tag k="type" v="route"/>
 </relation>
 <relation id="7338996" visible="true" version="14" changeset="183790304" timestamp="2026-06-07T16:46:43Z" user="Marco Tamburini" uid="19653888">
  <member type="way" ref="232754427" role=""/>
  <member type="way" ref="884523600" role=""/>
  <member type="way" ref="1213834307" role=""/>
  <member type="way" ref="1213834306" role=""/>
  <member type="way" ref="370457098" role=""/>
  <member type="way" ref="884523598" role=""/>
  <member type="way" ref="884523599" role=""/>
  <member type="way" ref="885091449" role=""/>
  <member type="way" ref="672494702" role=""/>
  <member type="way" ref="119141648" role=""/>
  <member type="way" ref="328222044" role=""/>
  <member type="way" ref="520845213" role=""/>
  <member type="way" ref="1072105843" role=""/>
  <member type="way" ref="1072105844" role=""/>
  <member type="way" ref="525186366" role=""/>
  <member type="way" ref="218335763" role=""/>
  <member type="way" ref="218335756" role=""/>
  <member type="way" ref="218335752" role=""/>
  <member type="way" ref="232936308" role=""/>
  <member type="way" ref="232936309" role=""/>
  <member type="way" ref="208620251" role=""/>
  <member type="way" ref="884523597" role=""/>
  <member type="way" ref="884523596" role=""/>
  <member type="way" ref="643067003" role=""/>
  <member type="way" ref="394931075" role=""/>
  <member type="way" ref="643066999" role=""/>
  <member type="node" ref="13415283757" role="guidepost"/>
  <tag k="network" v="lwn"/>
  <tag k="osmc:symbol" v="red:red:white_bar:10A:black"/>
  <tag k="ref" v="10A"/>
  <tag k="route" v="hiking"/>
  <tag k="type" v="route"/>
 </relation>
 <relation id="11627481" visible="true" version="37" changeset="182734791" timestamp="2026-05-16T10:17:41Z" user="mike140" uid="2471547">
  <member type="way" ref="297444549" role=""/>
  <member type="way" ref="1230814625" role=""/>
  <member type="way" ref="1117896004" role=""/>
  <member type="way" ref="41143101" role=""/>
  <member type="way" ref="1079254295" role=""/>
  <member type="way" ref="868145393" role=""/>
  <member type="way" ref="514600206" role=""/>
  <member type="way" ref="514600207" role=""/>
  <member type="way" ref="1185318169" role=""/>
  <member type="way" ref="1185107087" role=""/>
  <member type="way" ref="293714313" role=""/>
  <member type="way" ref="884234077" role=""/>
  <member type="way" ref="672494708" role=""/>
  <member type="way" ref="297446861" role=""/>
  <member type="way" ref="885834867" role=""/>
  <member type="way" ref="124448759" role=""/>
  <member type="way" ref="232754414" role=""/>
  <member type="way" ref="884234082" role=""/>
  <member type="way" ref="884234081" role=""/>
  <member type="way" ref="117230637" role=""/>
  <member type="way" ref="847539229" role=""/>
  <member type="way" ref="27283618" role=""/>
  <member type="way" ref="885090636" role=""/>
  <member type="way" ref="885076247" role=""/>
  <member type="way" ref="885076248" role=""/>
  <member type="way" ref="27283619" role=""/>
  <member type="way" ref="885090637" role=""/>
  <member type="way" ref="119149416" role=""/>
  <member type="way" ref="1185780050" role=""/>
  <member type="way" ref="1185780049" role=""/>
  <member type="way" ref="506480443" role=""/>
  <member type="way" ref="491738250" role=""/>
  <member type="way" ref="119149418" role=""/>
  <member type="way" ref="491745632" role=""/>
  <member type="way" ref="847539232" role=""/>
  <member type="way" ref="39406912" role=""/>
  <member type="way" ref="235519565" role=""/>
  <member type="way" ref="74515649" role=""/>
  <member type="way" ref="1148581726" role=""/>
  <member type="way" ref="1148581725" role=""/>
  <member type="way" ref="491795802" role=""/>
  <member type="way" ref="170035998" role=""/>
  <member type="way" ref="867848189" role=""/>
  <member type="way" ref="867848188" role=""/>
  <member type="way" ref="124427750" role=""/>
  <member type="way" ref="1148583459" role=""/>
  <member type="way" ref="1148583458" role=""/>
  <member type="way" ref="61772702" role=""/>
  <member type="way" ref="672496657" role=""/>
  <member type="way" ref="119968782" role=""/>
  <member type="way" ref="867846085" role=""/>
  <member type="way" ref="491795801" role=""/>
  <member type="way" ref="8590154" role=""/>
  <member type="way" ref="8590153" role=""/>
  <tag k="cai_scale" v="EE"/>
  <tag k="description" v="Sentiero Italia - Tappa C14N"/>
  <tag k="from" v="Obereggen"/>
  <tag k="network" v="nwn"/>
  <tag k="note" v="Sentiero Italia CAI 2019"/>
  <tag k="note:it" v="Sentiero Italia CAI 2019"/>
  <tag k="osmc:symbol" v="red:red:white_stripe:SI:black"/>
  <tag k="ref" v="SI"/>
  <tag k="route" v="hiking"/>
  <tag k="source" v="survey:CAI"/>
  <tag k="stage" v="C14N"/>
  <tag k="to" v="Bivio Rifugio Coronelle"/>
  <tag k="type" v="route"/>
 </relation>
 <relation id="12023674" visible="true" version="15" changeset="183790304" timestamp="2026-06-07T16:46:43Z" user="Marco Tamburini" uid="19653888">
  <member type="way" ref="394926870" role=""/>
  <member type="way" ref="417056500" role=""/>
  <member type="way" ref="417056495" role=""/>
  <member type="way" ref="417056495" role=""/>
  <member type="way" ref="417056500" role=""/>
  <member type="way" ref="394926870" role=""/>
  <member type="way" ref="27283616" role=""/>
  <member type="way" ref="1459516531" role=""/>
  <member type="way" ref="1459516532" role=""/>
  <member type="way" ref="885090634" role=""/>
  <member type="way" ref="885090632" role=""/>
  <member type="way" ref="885090632" role=""/>
  <member type="way" ref="885090634" role=""/>
  <member type="way" ref="1459516532" role=""/>
  <member type="way" ref="1459516531" role=""/>
  <member type="way" ref="27283616" role=""/>
  <member type="way" ref="884234078" role=""/>
  <member type="way" ref="125848099" role=""/>
  <member type="way" ref="847539229" role=""/>
  <member type="way" ref="27283618" role=""/>
  <member type="way" ref="885090636" role=""/>
  <member type="way" ref="885076247" role=""/>
  <member type="way" ref="885076248" role=""/>
  <member type="way" ref="27283619" role=""/>
  <member type="way" ref="885090638" role=""/>
  <member type="way" ref="868142539" role=""/>
  <member type="way" ref="1502771569" role=""/>
  <member type="way" ref="1502771567" role=""/>
  <member type="way" ref="1502771570" role=""/>
  <member type="way" ref="1117854743" role=""/>
  <member type="way" ref="1079004126" role=""/>
  <member type="way" ref="1502771571" role=""/>
  <member type="way" ref="265278143" role=""/>
  <member type="way" ref="265278145" role=""/>
  <member type="way" ref="265278142" role=""/>
  <member type="way" ref="1502771574" role=""/>
  <member type="way" ref="1502771573" role=""/>
  <member type="way" ref="258382632" role=""/>
  <member type="way" ref="1013120617" role=""/>
  <member type="way" ref="867886076" role=""/>
  <member type="way" ref="1013120616" role=""/>
  <member type="way" ref="1013120615" role=""/>
  <member type="way" ref="867886077" role=""/>
  <member type="way" ref="1117854743" role=""/>
  <member type="node" ref="13913781094" role="guidepost"/>
  <member type="node" ref="13914125099" role="guidepost"/>
  <member type="node" ref="12149766826" role="guidepost"/>
  <member type="node" ref="13415283748" role="guidepost"/>
  <member type="node" ref="13415283750" role="guidepost"/>
  <member type="node" ref="13415283749" role="guidepost"/>
  <tag k="network" v="lwn"/>
  <tag k="osmc:symbol" v="red:red:white_bar:10:black"/>
  <tag k="ref" v="10"/>
  <tag k="route" v="hiking"/>
  <tag k="type" v="route"/>
 </relation>
 <relation id="12026319" visible="true" version="29" changeset="186440655" timestamp="2026-07-27T07:43:15Z" user="wabadabawabwab" uid="10208283">
  <member type="node" ref="61100285" role=""/>
  <member type="node" ref="291285957" role=""/>
  <member type="node" ref="1375243562" role=""/>
  <member type="way" ref="1185107087" role=""/>
  <member type="way" ref="293714313" role=""/>
  <member type="way" ref="884234077" role=""/>
  <member type="way" ref="672494708" role=""/>
  <member type="way" ref="297446861" role=""/>
  <member type="way" ref="885834867" role=""/>
  <member type="way" ref="124448759" role=""/>
  <member type="way" ref="232754414" role=""/>
  <member type="way" ref="884234082" role=""/>
  <member type="way" ref="884234081" role=""/>
  <member type="way" ref="389670525" role=""/>
  <member type="way" ref="119148798" role=""/>
  <member type="way" ref="119145105" role=""/>
  <member type="way" ref="885327265" role=""/>
  <member type="way" ref="885327264" role=""/>
  <member type="way" ref="868143649" role=""/>
  <member type="way" ref="110273636" role=""/>
  <member type="way" ref="868132194" role=""/>
  <member type="way" ref="49616475" role=""/>
  <member type="way" ref="119150807" role=""/>
  <member type="way" ref="491738250" role=""/>
  <member type="way" ref="119149418" role=""/>
  <member type="way" ref="491745632" role=""/>
  <member type="way" ref="1125388404" role=""/>
  <member type="way" ref="297453068" role=""/>
  <member type="way" ref="885327263" role=""/>
  <member type="way" ref="491795803" role=""/>
  <member type="way" ref="1148581725" role=""/>
  <member type="way" ref="491795802" role=""/>
  <member type="way" ref="170035998" role=""/>
  <member type="way" ref="119152428" role=""/>
  <member type="way" ref="450629313" role=""/>
  <member type="way" ref="119152427" role=""/>
  <member type="way" ref="672495805" role=""/>
  <member type="way" ref="672495801" role=""/>
  <member type="way" ref="124427745" role=""/>
  <member type="way" ref="1088729727" role=""/>
  <member type="way" ref="1088729726" role=""/>
  <member type="way" ref="783325983" role=""/>
  <member type="way" ref="867827560" role=""/>
  <member type="way" ref="867827561" role=""/>
  <member type="way" ref="394986850" role=""/>
  <member type="way" ref="238153805" role=""/>
  <member type="way" ref="238153806" role=""/>
  <member type="way" ref="867858606" role=""/>
  <member type="way" ref="69546837" role=""/>
  <member type="way" ref="867827563" role=""/>
  <member type="way" ref="867858604" role=""/>
  <member type="way" ref="885327262" role=""/>
  <member type="way" ref="351222843" role=""/>
  <member type="way" ref="867854624" role=""/>
  <member type="way" ref="1055932315" role=""/>
  <member type="way" ref="867827567" role=""/>
  <member type="way" ref="1091186931" role=""/>
  <member type="way" ref="351222853" role=""/>
  <member type="way" ref="345058828" role=""/>
  <member type="way" ref="117231870" role=""/>
  <member type="way" ref="867827568" role=""/>
  <member type="way" ref="810260819" role=""/>
  <member type="way" ref="867827569" role=""/>
  <member type="way" ref="867979819" role=""/>
  <member type="way" ref="1385609026" role=""/>
  <member type="way" ref="124424951" role=""/>
  <member type="way" ref="119844184" role=""/>
  <member type="way" ref="246040729" role=""/>
  <member type="way" ref="867824012" role=""/>
  <member type="way" ref="246035992" role=""/>
  <member type="way" ref="867824014" role=""/>
  <member type="way" ref="867824015" role=""/>
  <member type="way" ref="246035702" role=""/>
  <member type="way" ref="867824016" role=""/>
  <member type="way" ref="246418638" role=""/>
  <member type="way" ref="693967152" role=""/>
  <member type="way" ref="117204199" role=""/>
  <member type="way" ref="672498724" role=""/>
  <member type="way" ref="867793946" role=""/>
  <member type="way" ref="347286527" role=""/>
  <member type="way" ref="683987988" role=""/>
  <member type="way" ref="347280715" role=""/>
  <member type="way" ref="347280727" role=""/>
  <member type="way" ref="347280778" role=""/>
  <member type="way" ref="347280740" role=""/>
  <member type="way" ref="117090356" role=""/>
  <member type="way" ref="117090357" role=""/>
  <member type="way" ref="349880061" role=""/>
  <member type="way" ref="683987990" role=""/>
  <member type="way" ref="25589159" role=""/>
  <member type="way" ref="8599604" role=""/>
  <member type="way" ref="867991565" role=""/>
  <member type="way" ref="44415803" role=""/>
  <member type="way" ref="44415802" role=""/>
  <member type="way" ref="867777677" role=""/>
  <member type="way" ref="867777676" role=""/>
  <member type="way" ref="119844178" role=""/>
  <member type="way" ref="221204009" role=""/>
  <member type="way" ref="867782928" role=""/>
  <member type="way" ref="343255050" role=""/>
  <member type="way" ref="330798878" role=""/>
  <member type="way" ref="330798879" role=""/>
  <member type="way" ref="867782929" role=""/>
  <member type="way" ref="341835542" role=""/>
  <member type="way" ref="867987368" role=""/>
  <member type="way" ref="341835548" role=""/>
  <member type="way" ref="893150528" role=""/>
  <member type="way" ref="221236585" role=""/>
  <member type="way" ref="867987367" role=""/>
  <member type="way" ref="867987366" role=""/>
  <member type="way" ref="164654875" role=""/>
  <member type="way" ref="164654873" role=""/>
  <member type="way" ref="164654872" role=""/>
  <member type="way" ref="867987363" role=""/>
  <member type="way" ref="221374326" role=""/>
  <member type="way" ref="221374312" role=""/>
  <member type="way" ref="221374311" role=""/>
  <member type="way" ref="867987362" role=""/>
  <member type="way" ref="170162904" role=""/>
  <member type="way" ref="221374321" role=""/>
  <member type="way" ref="46609376" role=""/>
  <member type="way" ref="1055719341" role=""/>
  <member type="way" ref="25563813" role=""/>
  <member type="way" ref="801745278" role=""/>
  <member type="way" ref="801745277" role=""/>
  <member type="way" ref="46609377" role=""/>
  <member type="way" ref="164548909" role=""/>
  <member type="way" ref="884883846" role=""/>
  <member type="way" ref="867987360" role=""/>
  <member type="way" ref="25589040" role=""/>
  <member type="way" ref="25589067" role=""/>
  <member type="way" ref="699291958" role=""/>
  <member type="way" ref="884875761" role=""/>
  <member type="way" ref="884836985" role=""/>
  <member type="way" ref="218120012" role=""/>
  <member type="way" ref="222127561" role=""/>
  <member type="way" ref="801745276" role=""/>
  <member type="way" ref="801745275" role=""/>
  <member type="way" ref="884872375" role=""/>
  <member type="way" ref="884872374" role=""/>
  <member type="way" ref="222127565" role=""/>
  <member type="way" ref="128625176" role=""/>
  <member type="way" ref="867979807" role=""/>
  <member type="way" ref="128625174" role=""/>
  <member type="way" ref="867979809" role=""/>
  <member type="way" ref="867979811" role=""/>
  <member type="way" ref="222127567" role=""/>
  <member type="way" ref="219794274" role=""/>
  <member type="way" ref="219794280" role=""/>
  <member type="way" ref="885327271" role=""/>
  <member type="way" ref="219932161" role=""/>
  <member type="way" ref="219932162" role=""/>
  <member type="way" ref="219933354" role=""/>
  <member type="way" ref="293083558" role=""/>
  <member type="way" ref="293083557" role=""/>
  <member type="way" ref="219933353" role=""/>
  <member type="way" ref="220088392" role=""/>
  <member type="way" ref="227009521" role=""/>
  <member type="way" ref="227009523" role=""/>
  <member type="way" ref="885108437" role=""/>
  <member type="way" ref="885108438" role=""/>
  <member type="way" ref="627326983" role=""/>
  <member type="way" ref="220251287" role=""/>
  <member type="way" ref="885826528" role=""/>
  <member type="way" ref="41213542" role=""/>
  <member type="way" ref="27282651" role=""/>
  <member type="way" ref="786607647" role=""/>
  <member type="way" ref="432779617" role=""/>
  <member type="way" ref="320271432" role=""/>
  <member type="way" ref="807818990" role=""/>
  <member type="way" ref="234124201" role=""/>
  <member type="way" ref="419741640" role=""/>
  <member type="way" ref="27282654" role=""/>
  <member type="way" ref="430406525" role=""/>
  <member type="way" ref="695872366" role=""/>
  <member type="way" ref="868000424" role=""/>
  <member type="way" ref="162835619" role=""/>
  <member type="way" ref="868000423" role=""/>
  <member type="way" ref="430406527" role=""/>
  <member type="way" ref="318343411" role=""/>
  <member type="way" ref="885181534" role=""/>
  <member type="way" ref="338177899" role=""/>
  <member type="way" ref="26287156" role=""/>
  <member type="way" ref="885109428" role=""/>
  <member type="way" ref="27282287" role=""/>
  <member type="way" ref="26287110" role=""/>
  <member type="way" ref="885118628" role=""/>
  <member type="way" ref="686262388" role=""/>
  <member type="way" ref="884441516" role=""/>
  <member type="way" ref="885327268" role=""/>
  <member type="way" ref="884441518" role=""/>
  <member type="way" ref="291776133" role=""/>
  <member type="way" ref="884441520" role=""/>
  <member type="way" ref="291776137" role=""/>
  <member type="way" ref="884441522" role=""/>
  <member type="way" ref="884441523" role=""/>
  <member type="way" ref="152255140" role=""/>
  <member type="way" ref="884441524" role=""/>
  <member type="way" ref="107057849" role=""/>
  <member type="way" ref="107057818" role=""/>
  <member type="way" ref="884404030" role=""/>
  <member type="way" ref="107041387" role=""/>
  <member type="way" ref="884404029" role=""/>
  <member type="way" ref="323011240" role=""/>
  <member type="way" ref="884404027" role=""/>
  <member type="way" ref="666205642" role=""/>
  <member type="way" ref="107057819" role=""/>
  <member type="way" ref="884404026" role=""/>
  <member type="way" ref="666247022" role=""/>
  <member type="way" ref="666247023" role=""/>
  <member type="way" ref="107057813" role=""/>
  <member type="way" ref="884404025" role=""/>
  <member type="way" ref="501403033" role=""/>
  <member type="way" ref="1431727206" role=""/>
  <member type="way" ref="884324935" role=""/>
  <member type="way" ref="672492528" role=""/>
  <member type="way" ref="672493514" role=""/>
  <member type="way" ref="36000456" role=""/>
  <member type="way" ref="199509930" role=""/>
  <member type="way" ref="1188497710" role=""/>
  <member type="way" ref="1188497711" role=""/>
  <member type="way" ref="727592205" role=""/>
  <member type="way" ref="1368351777" role=""/>
  <member type="way" ref="847555869" role=""/>
  <member type="way" ref="885834868" role=""/>
  <member type="way" ref="122899744" role=""/>
  <member type="way" ref="885327266" role=""/>
  <member type="way" ref="41140184" role=""/>
  <member type="way" ref="672494709" role=""/>
  <member type="way" ref="868132200" role=""/>
  <member type="way" ref="26568608" role=""/>
  <member type="way" ref="26568444" role=""/>
  <member type="way" ref="297444549" role=""/>
  <member type="way" ref="1230814625" role=""/>
  <member type="way" ref="1231641952" role=""/>
  <member type="way" ref="710465811" role=""/>
  <member type="way" ref="1545017159" role=""/>
  <member type="way" ref="293714300" role=""/>
  <member type="way" ref="293714312" role=""/>
  <member type="way" ref="124450267" role=""/>
  <member type="way" ref="886304859" role=""/>
  <member type="way" ref="886304860" role=""/>
  <member type="node" ref="2423806529" role="guidepost"/>
  <member type="node" ref="13232878226" role="guidepost"/>
  <member type="node" ref="13914191251" role="guidepost"/>
  <member type="node" ref="1341326132" role="guidepost"/>
  <member type="node" ref="9891336295" role="guidepost"/>
  <member type="node" ref="9891336301" role="guidepost"/>
  <member type="node" ref="299495069" role="guidepost"/>
  <tag k="name:de" v="Perlenweg"/>
  <tag k="name:it" v="Sentiero delle perle"/>
  <tag k="network" v="lwn"/>
  <tag k="roundtrip" v="yes"/>
  <tag k="route" v="hiking"/>
  <tag k="type" v="route"/>
 </relation>
 <relation id="12151564" visible="true" version="4" changeset="183790304" timestamp="2026-06-07T16:46:43Z" user="Marco Tamburini" uid="19653888">
  <member type="way" ref="27283616" role=""/>
  <member type="way" ref="1459516531" role=""/>
  <member type="way" ref="1459516532" role=""/>
  <member type="way" ref="885090634" role=""/>
  <member type="way" ref="41143376" role=""/>
  <member type="way" ref="885090631" role=""/>
  <member type="way" ref="884234078" role="approach"/>
  <member type="way" ref="417056495" role="approach"/>
  <member type="way" ref="417056500" role="approach"/>
  <member type="way" ref="394926870" role="approach"/>
  <member type="node" ref="13415283757" role="guidepost"/>
  <tag k="name" v="Rundweg am Karer See"/>
  <tag k="name:en" v="Circular trail around Lake Carezza"/>
  <tag k="name:it" v="Percorso circolare sul Lago di Carezza"/>
  <tag k="network" v="lwn"/>
  <tag k="network:type" v="lwn"/>
  <tag k="operator" v="Besucherzentrum Karer See"/>
  <tag k="roundtrip" v="yes"/>
  <tag k="route" v="foot"/>
  <tag k="type" v="route"/>
 </relation>
 <relation id="12151643" visible="true" version="10" changeset="176167243" timestamp="2025-12-20T06:28:11Z" user="gscholz" uid="109705">
  <member type="way" ref="1125410588" role=""/>
  <member type="way" ref="867886072" role=""/>
  <member type="way" ref="394984162" role=""/>
  <member type="way" ref="394984163" role=""/>
  <member type="way" ref="867886073" role=""/>
  <member type="way" ref="1390564310" role=""/>
  <member type="way" ref="394984160" role=""/>
  <member type="way" ref="232996230" role=""/>
  <member type="way" ref="118821813" role=""/>
  <member type="way" ref="884655021" role=""/>
  <member type="way" ref="885092038" role=""/>
  <member type="way" ref="303928143" role=""/>
  <member type="way" ref="885090630" role=""/>
  <member type="way" ref="885091449" role=""/>
  <member type="way" ref="884523599" role=""/>
  <member type="way" ref="884523598" role=""/>
  <member type="way" ref="370457098" role=""/>
  <member type="way" ref="1213834306" role=""/>
  <member type="way" ref="1213834307" role=""/>
  <member type="way" ref="884523600" role=""/>
  <member type="way" ref="232754427" role=""/>
  <member type="way" ref="1459516538" role=""/>
  <member type="way" ref="884234082" role=""/>
  <member type="way" ref="884234081" role=""/>
  <member type="way" ref="389670525" role=""/>
  <member type="way" ref="119148798" role=""/>
  <member type="way" ref="119145105" role=""/>
  <member type="way" ref="885327265" role=""/>
  <member type="way" ref="1290651790" role=""/>
  <member type="way" ref="232754428" role=""/>
  <member type="way" ref="969491704" role=""/>
  <member type="way" ref="847539231" role=""/>
  <member type="way" ref="506480443" role=""/>
  <member type="way" ref="491738250" role=""/>
  <member type="way" ref="119149418" role=""/>
  <member type="way" ref="491745632" role=""/>
  <member type="way" ref="847539232" role=""/>
  <member type="way" ref="868145388" role="connection"/>
  <tag k="name" v="Sagenweg"/>
  <tag k="network" v="lwn"/>
  <tag k="route" v="hiking"/>
  <tag k="type" v="route"/>
 </relation>
 <relation id="14089216" visible="true" version="17" changeset="182734791" timestamp="2026-05-16T10:17:41Z" user="mike140" uid="2471547">
  <member type="way" ref="395092218" role=""/>
  <member type="way" ref="693971505" role=""/>
  <member type="way" ref="1305219243" role=""/>
  <member type="way" ref="1305219245" role=""/>
  <member type="way" ref="1305219242" role=""/>
  <member type="way" ref="693971503" role=""/>
  <member type="way" ref="1055932314" role=""/>
  <member type="way" ref="1055932315" role=""/>
  <member type="way" ref="867854624" role=""/>
  <member type="way" ref="351222843" role=""/>
  <member type="way" ref="885327262" role=""/>
  <member type="way" ref="867858604" role=""/>
  <member type="way" ref="867827564" role=""/>
  <member type="way" ref="160110632" role=""/>
  <member type="way" ref="1055932318" role=""/>
  <member type="way" ref="867827562" role=""/>
  <member type="way" ref="867827560" role=""/>
  <member type="way" ref="783325983" role=""/>
  <member type="way" ref="1088729726" role=""/>
  <member type="way" ref="1088729727" role=""/>
  <member type="way" ref="124427745" role=""/>
  <member type="way" ref="672495801" role=""/>
  <member type="way" ref="672495805" role=""/>
  <member type="way" ref="119152427" role=""/>
  <member type="way" ref="450629313" role=""/>
  <member type="way" ref="119152428" role=""/>
  <member type="way" ref="170035998" role=""/>
  <member type="way" ref="491795802" role=""/>
  <member type="way" ref="1148581725" role=""/>
  <member type="way" ref="491795803" role=""/>
  <member type="way" ref="885327263" role=""/>
  <member type="way" ref="297453068" role=""/>
  <member type="way" ref="1125388404" role=""/>
  <member type="way" ref="491745632" role=""/>
  <member type="way" ref="119149418" role=""/>
  <member type="way" ref="491738250" role=""/>
  <member type="way" ref="506480443" role=""/>
  <member type="way" ref="1185780049" role=""/>
  <member type="way" ref="1185780050" role=""/>
  <member type="way" ref="119149416" role=""/>
  <member type="way" ref="885090637" role=""/>
  <member type="way" ref="27283619" role=""/>
  <member type="way" ref="885076248" role=""/>
  <member type="way" ref="885076247" role=""/>
  <member type="way" ref="885090636" role=""/>
  <member type="way" ref="27283618" role=""/>
  <member type="way" ref="125848099" role=""/>
  <member type="way" ref="885090632" role=""/>
  <member type="way" ref="885090634" role=""/>
  <member type="way" ref="1459516532" role=""/>
  <member type="way" ref="1459516538" role=""/>
  <member type="way" ref="232754414" role=""/>
  <member type="way" ref="124448759" role=""/>
  <member type="way" ref="885834867" role=""/>
  <member type="way" ref="297446861" role=""/>
  <member type="way" ref="119355589" role=""/>
  <member type="way" ref="1055961799" role=""/>
  <member type="way" ref="1073905035" role=""/>
  <member type="way" ref="50030496" role=""/>
  <member type="way" ref="1198779534" role=""/>
  <member type="way" ref="245177507" role=""/>
  <member type="way" ref="884238683" role=""/>
  <member type="way" ref="245177501" role=""/>
  <member type="way" ref="245177495" role=""/>
  <member type="way" ref="884238682" role=""/>
  <member type="way" ref="1125410589" role=""/>
  <member type="way" ref="970119320" role=""/>
  <member type="way" ref="970119319" role=""/>
  <member type="way" ref="244875673" role=""/>
  <member type="way" ref="884651490" role=""/>
  <member type="way" ref="244875680" role=""/>
  <member type="way" ref="884532204" role=""/>
  <member type="way" ref="244875711" role=""/>
  <member type="way" ref="477632630" role=""/>
  <member type="way" ref="700769241" role=""/>
  <member type="way" ref="1348791352" role=""/>
  <member type="way" ref="700769240" role=""/>
  <member type="way" ref="1348790497" role=""/>
  <member type="way" ref="788126433" role=""/>
  <tag k="from" v="Welschnofen"/>
  <tag k="name" v="Karer See"/>
  <tag k="network" v="lcn"/>
  <tag k="ref" v="356"/>
  <tag k="route" v="mtb"/>
  <tag k="to" v="Welschnofen"/>
  <tag k="type" v="route"/>
  <tag k="via" v="Karer See"/>
 </relation>
 <relation id="14946000" visible="true" version="17" changeset="186440655" timestamp="2026-07-27T07:43:15Z" user="wabadabawabwab" uid="10208283">
  <member type="node" ref="4693627427" role="stop"/>
  <member type="node" ref="1340085954" role="platform"/>
  <member type="node" ref="8088072641" role="stop"/>
  <member type="node" ref="1340085950" role="platform"/>
  <member type="node" ref="11407566582" role="stop"/>
  <member type="node" ref="1340085939" role="platform"/>
  <member type="node" ref="881910351" role="stop"/>
  <member type="node" ref="1340085960" role="platform"/>
  <member type="node" ref="2427907608" role="stop"/>
  <member type="node" ref="2961638168" role="platform"/>
  <member type="node" ref="29541476" role="stop"/>
  <member type="node" ref="2860419184" role="platform"/>
  <member type="node" ref="10223577294" role="stop"/>
  <member type="node" ref="1340085941" role="platform"/>
  <member type="node" ref="10223577296" role="stop"/>
  <member type="node" ref="9837273149" role="platform"/>
  <member type="node" ref="10223577298" role="stop"/>
  <member type="node" ref="9837272931" role="platform"/>
  <member type="node" ref="10223577299" role="stop"/>
  <member type="node" ref="10223577301" role="platform"/>
  <member type="node" ref="11077236208" role="stop"/>
  <member type="node" ref="3979761604" role="platform"/>
  <member type="node" ref="4693627434" role="stop"/>
  <member type="node" ref="3978306681" role="platform"/>
  <member type="node" ref="4387855928" role="stop"/>
  <member type="node" ref="10223579120" role="platform"/>
  <member type="node" ref="10223579126" role="stop"/>
  <member type="node" ref="10223579122" role="platform"/>
  <member type="node" ref="4693627437" role="stop"/>
  <member type="node" ref="10223171472" role="platform"/>
  <member type="node" ref="2425250786" role="stop"/>
  <member type="node" ref="12895101717" role="platform"/>
  <member type="node" ref="4693627436" role="stop"/>
  <member type="node" ref="10223171471" role="platform"/>
  <member type="node" ref="1375214777" role="stop"/>
  <member type="node" ref="6438647813" role="platform"/>
  <member type="node" ref="10224287957" role="stop"/>
  <member type="node" ref="7370161385" role="platform"/>
  <member type="node" ref="10224287950" role="stop"/>
  <member type="node" ref="7370161652" role="platform"/>
  <member type="node" ref="10224287943" role="stop"/>
  <member type="node" ref="10224287944" role="platform"/>
  <member type="node" ref="10224287951" role="stop"/>
  <member type="node" ref="7370161653" role="platform"/>
  <member type="node" ref="10224287918" role="stop"/>
  <member type="node" ref="10224229616" role="platform"/>
  <member type="node" ref="4338063633" role="stop"/>
  <member type="node" ref="10224229597" role="platform"/>
  <member type="node" ref="287938890" role="stop"/>
  <member type="node" ref="7370161532" role="platform"/>
  <member type="node" ref="287938914" role="stop"/>
  <member type="node" ref="489786547" role="platform"/>
  <member type="node" ref="10224229566" role="stop"/>
  <member type="node" ref="6012360370" role="platform"/>
  <member type="node" ref="10224229561" role="stop"/>
  <member type="node" ref="7370214829" role="platform"/>
  <member type="node" ref="1375243907" role="stop"/>
  <member type="node" ref="3613271213" role="platform"/>
  <member type="node" ref="2382614586" role="stop"/>
  <member type="node" ref="2953059768" role="platform"/>
  <member type="node" ref="1375182563" role="stop"/>
  <member type="node" ref="6438654523" role="platform"/>
  <member type="node" ref="1375182610" role="stop"/>
  <member type="node" ref="2953059770" role="platform"/>
  <member type="node" ref="6014964544" role="stop"/>
  <member type="node" ref="2953059769" role="platform"/>
  <member type="node" ref="10223171459" role="stop"/>
  <member type="node" ref="299497148" role="platform"/>
  <member type="node" ref="1375182842" role="stop"/>
  <member type="node" ref="1794530851" role="platform"/>
  <member type="node" ref="10223171446" role="stop"/>
  <member type="node" ref="2663645330" role="platform"/>
  <member type="node" ref="287949116" role="stop"/>
  <member type="node" ref="2952554136" role="platform"/>
  <member type="node" ref="10223171443" role="stop"/>
  <member type="node" ref="2952554135" role="platform"/>
  <member type="node" ref="6487285199" role="stop"/>
  <member type="node" ref="2952554139" role="platform"/>
  <member type="node" ref="4327128779" role="stop"/>
  <member type="node" ref="2952554137" role="platform"/>
  <member type="node" ref="10223171444" role="stop"/>
  <member type="node" ref="2952554138" role="platform"/>
  <member type="node" ref="10223171445" role="stop"/>
  <member type="node" ref="2663645317" role="platform"/>
  <member type="node" ref="12476549719" role="stop"/>
  <member type="node" ref="12476549718" role="platform"/>
  <member type="node" ref="1373145664" role="stop"/>
  <member type="node" ref="10223215496" role="platform"/>
  <member type="node" ref="10223215494" role="stop"/>
  <member type="node" ref="10223215493" role="platform"/>
  <member type="node" ref="10223215460" role="stop"/>
  <member type="node" ref="7355132899" role="platform"/>
  <member type="node" ref="1373145602" role="stop"/>
  <member type="node" ref="3522350487" role="platform"/>
  <member type="node" ref="6210019055" role="stop"/>
  <member type="node" ref="7600840493" role="platform"/>
  <member type="node" ref="7600840503" role="stop"/>
  <member type="node" ref="2953183781" role="platform"/>
  <member type="way" ref="847539232" role=""/>
  <member type="way" ref="867886080" role=""/>
  <member type="way" ref="847539233" role=""/>
  <member type="way" ref="1125388405" role=""/>
  <member type="way" ref="300961142" role=""/>
  <member type="way" ref="1125391738" role=""/>
  <member type="way" ref="845857931" role=""/>
  <member type="way" ref="845857932" role=""/>
  <member type="way" ref="1458966478" role=""/>
  <member type="way" ref="1230108829" role=""/>
  <member type="way" ref="1230108828" role=""/>
  <member type="way" ref="1230108821" role=""/>
  <member type="way" ref="1349079686" role=""/>
  <member type="way" ref="1348796969" role=""/>
  <member type="way" ref="1230108825" role=""/>
  <member type="way" ref="1230108826" role=""/>
  <member type="way" ref="1502771570" role=""/>
  <member type="way" ref="1117854743" role=""/>
  <member type="way" ref="1079004126" role=""/>
  <member type="way" ref="1502771571" role=""/>
  <member type="way" ref="74663203" role=""/>
  <member type="way" ref="1125391741" role=""/>
  <member type="way" ref="297453071" role=""/>
  <member type="way" ref="1436884811" role=""/>
  <member type="way" ref="1125398801" role=""/>
  <member type="way" ref="1125398800" role=""/>
  <member type="way" ref="884523600" role=""/>
  <member type="way" ref="1436884812" role=""/>
  <member type="way" ref="184018035" role=""/>
  <member type="way" ref="71709579" role=""/>
  <member type="way" ref="1384938069" role=""/>
  <member type="way" ref="1384938068" role=""/>
  <member type="way" ref="1125399235" role=""/>
  <member type="way" ref="672494702" role=""/>
  <member type="way" ref="885090630" role=""/>
  <member type="way" ref="303928143" role=""/>
  <member type="way" ref="1125399236" role=""/>
  <member type="way" ref="1125410587" role=""/>
  <member type="way" ref="1302050648" role=""/>
  <member type="way" ref="1302050649" role=""/>
  <member type="way" ref="303928142" role=""/>
  <member type="way" ref="867886072" role=""/>
  <member type="way" ref="1125410588" role=""/>
  <member type="way" ref="700769241" role=""/>
  <member type="way" ref="1348791352" role=""/>
  <member type="way" ref="700769240" role=""/>
  <member type="way" ref="884531141" role=""/>
  <member type="way" ref="700769241" role=""/>
  <member type="way" ref="477632630" role=""/>
  <member type="way" ref="244875711" role=""/>
  <member type="way" ref="884532204" role=""/>
  <member type="way" ref="244875680" role=""/>
  <member type="way" ref="884651490" role=""/>
  <member type="way" ref="244875673" role=""/>
  <member type="way" ref="970119319" role=""/>
  <member type="way" ref="970119320" role=""/>
  <member type="way" ref="1125410589" role=""/>
  <member type="way" ref="884238682" role=""/>
  <member type="way" ref="244869536" role=""/>
  <member type="way" ref="232996228" role=""/>
  <member type="way" ref="232996229" role=""/>
  <member type="way" ref="884238686" role=""/>
  <member type="way" ref="318866448" role=""/>
  <member type="way" ref="884238687" role=""/>
  <member type="way" ref="884750876" role=""/>
  <member type="way" ref="318866449" role=""/>
  <member type="way" ref="27283606" role=""/>
  <member type="way" ref="1125428948" role=""/>
  <member type="way" ref="24934819" role=""/>
  <member type="way" ref="1125428947" role=""/>
  <member type="way" ref="884817122" role=""/>
  <member type="way" ref="722917031" role=""/>
  <member type="way" ref="236879281" role=""/>
  <member type="way" ref="236879280" role=""/>
  <member type="way" ref="220555220" role=""/>
  <member type="way" ref="884361989" role=""/>
  <member type="way" ref="220555218" role=""/>
  <member type="way" ref="722928119" role=""/>
  <member type="way" ref="1125428946" role=""/>
  <member type="way" ref="1125428945" role=""/>
  <member type="way" ref="234253077" role=""/>
  <member type="way" ref="958384763" role=""/>
  <member type="way" ref="958386212" role=""/>
  <member type="way" ref="1125428945" role=""/>
  <member type="way" ref="1125428946" role=""/>
  <member type="way" ref="722928119" role=""/>
  <member type="way" ref="220555218" role=""/>
  <member type="way" ref="884361989" role=""/>
  <member type="way" ref="220555220" role=""/>
  <member type="way" ref="236879280" role=""/>
  <member type="way" ref="123262671" role=""/>
  <member type="way" ref="229699914" role=""/>
  <member type="way" ref="236879809" role=""/>
  <member type="way" ref="722917032" role=""/>
  <member type="way" ref="220555625" role=""/>
  <member type="way" ref="39922075" role=""/>
  <member type="way" ref="485510543" role=""/>
  <member type="way" ref="485510542" role=""/>
  <member type="way" ref="229699892" role=""/>
  <member type="way" ref="1348967949" role=""/>
  <member type="way" ref="788293345" role=""/>
  <member type="way" ref="788293346" role=""/>
  <member type="way" ref="697020005" role=""/>
  <member type="way" ref="788293345" role=""/>
  <member type="way" ref="1348967949" role=""/>
  <member type="way" ref="229699892" role=""/>
  <member type="way" ref="485510542" role=""/>
  <member type="way" ref="485510543" role=""/>
  <member type="way" ref="1117925654" role=""/>
  <member type="way" ref="884361984" role=""/>
  <member type="way" ref="884366822" role=""/>
  <member type="way" ref="884361983" role=""/>
  <member type="way" ref="293708054" role=""/>
  <member type="way" ref="26568719" role=""/>
  <member type="way" ref="886304867" role=""/>
  <member type="way" ref="886304866" role=""/>
  <member type="way" ref="293714300" role=""/>
  <member type="way" ref="1545017159" role=""/>
  <member type="way" ref="710465811" role=""/>
  <member type="way" ref="297444549" role=""/>
  <member type="way" ref="847555873" role=""/>
  <member type="way" ref="1117925653" role=""/>
  <member type="way" ref="1117925652" role=""/>
  <member type="way" ref="700627798" role=""/>
  <member type="way" ref="1117925653" role=""/>
  <member type="way" ref="1117925652" role=""/>
  <member type="way" ref="884361980" role=""/>
  <member type="way" ref="297444550" role=""/>
  <member type="way" ref="884361981" role=""/>
  <member type="way" ref="884234076" role=""/>
  <member type="way" ref="686633271" role=""/>
  <member type="way" ref="686633273" role=""/>
  <member type="way" ref="229699901" role=""/>
  <member type="way" ref="229699902" role=""/>
  <member type="way" ref="229699924" role=""/>
  <member type="way" ref="229699910" role=""/>
  <member type="way" ref="229699909" role=""/>
  <member type="way" ref="229699912" role=""/>
  <member type="way" ref="123266022" role=""/>
  <member type="way" ref="1117925651" role=""/>
  <member type="way" ref="229699898" role=""/>
  <member type="way" ref="229699900" role=""/>
  <member type="way" ref="229699895" role=""/>
  <member type="way" ref="686467828" role=""/>
  <member type="way" ref="686467830" role=""/>
  <member type="way" ref="229699896" role=""/>
  <member type="way" ref="229699894" role=""/>
  <member type="way" ref="686635429" role=""/>
  <member type="way" ref="686635430" role=""/>
  <member type="way" ref="229699897" role=""/>
  <member type="way" ref="884234071" role=""/>
  <member type="way" ref="884234070" role=""/>
  <member type="way" ref="885158802" role=""/>
  <member type="way" ref="1117767150" role=""/>
  <member type="way" ref="885158801" role=""/>
  <member type="way" ref="123259023" role=""/>
  <member type="way" ref="27282287" role=""/>
  <member type="way" ref="885109428" role=""/>
  <member type="way" ref="26287156" role=""/>
  <member type="way" ref="338177899" role=""/>
  <member type="way" ref="885181534" role=""/>
  <member type="way" ref="318343411" role=""/>
  <member type="way" ref="430406527" role=""/>
  <member type="way" ref="868000423" role=""/>
  <member type="way" ref="162835619" role=""/>
  <member type="way" ref="868000424" role=""/>
  <member type="way" ref="695872366" role=""/>
  <member type="way" ref="179148360" role=""/>
  <member type="way" ref="691357688" role=""/>
  <member type="way" ref="868000424" role=""/>
  <member type="way" ref="162835619" role=""/>
  <member type="way" ref="868000423" role=""/>
  <member type="way" ref="430406527" role=""/>
  <member type="way" ref="318343411" role=""/>
  <member type="way" ref="885181534" role=""/>
  <member type="way" ref="338177899" role=""/>
  <member type="way" ref="26287156" role=""/>
  <member type="way" ref="885109428" role=""/>
  <member type="way" ref="27282287" role=""/>
  <member type="way" ref="123021702" role=""/>
  <member type="way" ref="807818988" role=""/>
  <member type="way" ref="338177885" role=""/>
  <member type="way" ref="1426002807" role=""/>
  <member type="way" ref="1426002806" role=""/>
  <member type="way" ref="764568986" role=""/>
  <member type="way" ref="722893700" role=""/>
  <member type="way" ref="885517405" role=""/>
  <member type="way" ref="885517406" role=""/>
  <member type="way" ref="833483009" role=""/>
  <member type="way" ref="1356752920" role=""/>
  <member type="way" ref="1467081765" role=""/>
  <member type="way" ref="722893701" role=""/>
  <member type="way" ref="886010167" role=""/>
  <member type="way" ref="318343409" role=""/>
  <member type="way" ref="885483416" role=""/>
  <member type="way" ref="31988643" role=""/>
  <tag k="from" v="Karerpass"/>
  <tag k="name" v="Bus 184: Karerpass =&gt; Birchabruck =&gt; Obereggen =&gt; Weißenstein"/>
  <tag k="official_name:de" v="Karerpass – Birchabruck – Obereggen – Weißenstein"/>
  <tag k="operator" v="Consorzio Alto Adige Autonoleggiatori"/>
  <tag k="public_transport:version" v="2"/>
  <tag k="ref" v="184"/>
  <tag k="route" v="bus"/>
  <tag k="to" v="Weißenstein"/>
  <tag k="type" v="route"/>
  <tag k="via" v="Birchabruck;Obereggen"/>
 </relation>
 <relation id="16133891" visible="true" version="47" changeset="183790304" timestamp="2026-06-07T16:46:43Z" user="Marco Tamburini" uid="19653888">
  <member type="relation" ref="16148596" role=""/>
  <member type="relation" ref="16148597" role=""/>
  <member type="relation" ref="16148627" role=""/>
  <member type="relation" ref="16148628" role=""/>
  <member type="relation" ref="16148629" role=""/>
  <member type="relation" ref="16148630" role=""/>
  <member type="relation" ref="16148539" role=""/>
  <member type="relation" ref="16148671" role=""/>
  <member type="relation" ref="16150721" role=""/>
  <member type="relation" ref="16151667" role=""/>
  <member type="relation" ref="16206458" role=""/>
  <member type="relation" ref="16206551" role=""/>
  <member type="relation" ref="16206573" role=""/>
  <member type="relation" ref="16206588" role=""/>
  <member type="relation" ref="16213323" role=""/>
  <member type="relation" ref="16213568" role=""/>
  <member type="relation" ref="16213714" role=""/>
  <member type="relation" ref="16213768" role=""/>
  <member type="relation" ref="16213815" role=""/>
  <member type="relation" ref="16214188" role=""/>
  <member type="relation" ref="16216958" role=""/>
  <member type="relation" ref="16216999" role=""/>
  <member type="relation" ref="16217028" role=""/>
  <member type="relation" ref="16217039" role=""/>
  <member type="relation" ref="16217052" role=""/>
  <member type="relation" ref="16217076" role=""/>
  <member type="relation" ref="16217225" role=""/>
  <member type="relation" ref="16226240" role=""/>
  <member type="relation" ref="16226286" role=""/>
  <member type="relation" ref="16226321" role=""/>
  <member type="relation" ref="16226332" role=""/>
  <member type="relation" ref="16226352" role=""/>
  <member type="relation" ref="16226387" role=""/>
  <member type="relation" ref="16226408" role=""/>
  <member type="relation" ref="16226698" role=""/>
  <member type="relation" ref="16226804" role=""/>
  <member type="relation" ref="16226945" role=""/>
  <member type="relation" ref="16227060" role=""/>
  <member type="relation" ref="16229090" role=""/>
  <member type="relation" ref="16229098" role=""/>
  <member type="relation" ref="16229125" role=""/>
  <member type="relation" ref="16229139" role=""/>
  <member type="relation" ref="16229233" role=""/>
  <member type="relation" ref="16237663" role=""/>
  <member type="relation" ref="16237673" role=""/>
  <member type="relation" ref="16237691" role=""/>
  <member type="relation" ref="16237705" role=""/>
  <member type="relation" ref="16237725" role=""/>
  <member type="node" ref="13914191251" role="guidepost"/>
  <tag k="from" v="San Lorenzo Dorsino"/>
  <tag k="name" v="Dolomites World Heritage Geotrail"/>
  <tag k="network" v="nwn"/>
  <tag k="operator" v="Fondazione Dolomiti Dolomiten Dolomites Dolomitis UNESCO"/>
  <tag k="route" v="hiking"/>
  <tag k="to" v="Zoppè di Cadore"/>
  <tag k="type" v="route"/>
  <tag k="website" v="https://dolomitesgeotrail.com/"/>
 </relation>
 <relation id="16148671" visible="true" version="9" changeset="183790304" timestamp="2026-06-07T16:46:43Z" user="Marco Tamburini" uid="19653888">
  <member type="way" ref="672492528" role=""/>
  <member type="way" ref="672493514" role=""/>
  <member type="way" ref="36000456" role=""/>
  <member type="way" ref="199509930" role=""/>
  <member type="way" ref="1188497710" role=""/>
  <member type="way" ref="1188497711" role=""/>
  <member type="way" ref="727592205" role=""/>
  <member type="way" ref="1368351777" role=""/>
  <member type="way" ref="847555869" role=""/>
  <member type="way" ref="885834868" role=""/>
  <member type="way" ref="41140580" role=""/>
  <member type="way" ref="147716804" role=""/>
  <member type="way" ref="884338967" role=""/>
  <member type="way" ref="126220031" role=""/>
  <member type="way" ref="292940013" role=""/>
  <member type="way" ref="292987730" role=""/>
  <member type="way" ref="292941746" role=""/>
  <member type="way" ref="886304868" role=""/>
  <member type="way" ref="886304870" role=""/>
  <member type="way" ref="292941745" role=""/>
  <member type="way" ref="886304875" role=""/>
  <member type="way" ref="170562132" role=""/>
  <member type="way" ref="868145392" role=""/>
  <member type="way" ref="293723241" role=""/>
  <member type="way" ref="293723240" role=""/>
  <member type="way" ref="293714792" role=""/>
  <member type="way" ref="884234077" role=""/>
  <member type="way" ref="672494708" role=""/>
  <member type="way" ref="297446861" role=""/>
  <member type="way" ref="885834867" role=""/>
  <member type="way" ref="124448759" role=""/>
  <member type="way" ref="232754414" role=""/>
  <member type="way" ref="884234082" role=""/>
  <member type="way" ref="884234081" role=""/>
  <member type="way" ref="117230637" role=""/>
  <member type="way" ref="297446868" role=""/>
  <member type="way" ref="297446866" role=""/>
  <member type="way" ref="847539230" role=""/>
  <member type="way" ref="297448286" role=""/>
  <member type="way" ref="885076250" role=""/>
  <member type="way" ref="885076248" role=""/>
  <member type="way" ref="27283619" role=""/>
  <member type="way" ref="885090638" role=""/>
  <member type="way" ref="27283620" role=""/>
  <member type="way" ref="119149416" role=""/>
  <member type="way" ref="1185780050" role=""/>
  <member type="way" ref="1185780049" role=""/>
  <member type="way" ref="506480443" role=""/>
  <member type="way" ref="491738250" role=""/>
  <member type="way" ref="119149418" role=""/>
  <member type="way" ref="491745632" role=""/>
  <member type="node" ref="13914191251" role="guidepost"/>
  <tag k="from" v="Passo di Lavazè - Lavazèjoch"/>
  <tag k="name" v="Dolomites World Heritage Geotrail 8"/>
  <tag k="network" v="nwn"/>
  <tag k="operator" v="Fondazione Dolomiti Dolomiten Dolomites Dolomitis UNESCO"/>
  <tag k="route" v="hiking"/>
  <tag k="to" v="Passo di Costalunga - Karerpass"/>
  <tag k="type" v="route"/>
  <tag k="website" v="https://dolomitesgeotrail.com/"/>
 </relation>
 <relation id="17211493" visible="true" version="7" changeset="166107132" timestamp="2025-05-11T12:48:08Z" user="pikappa79" uid="330007">
  <member type="way" ref="1072106000" role="outer"/>
  <member type="way" ref="1072105998" role="outer"/>
  <member type="way" ref="1072105997" role="outer"/>
  <member type="way" ref="1072105993" role="outer"/>
  <member type="way" ref="1385579146" role="outer"/>
  <member type="way" ref="1073904985" role="outer"/>
  <member type="way" ref="1073904984" role="outer"/>
  <member type="way" ref="1072105973" role="outer"/>
  <tag k="natural" v="scrub"/>
  <tag k="type" v="multipolygon"/>
 </relation>
 <relation id="17211556" visible="true" version="8" changeset="177467117" timestamp="2026-01-20T09:51:52Z" user="AlexTies" uid="3579653">
  <member type="way" ref="1385579148" role="outer"/>
  <member type="way" ref="1253514440" role="outer"/>
  <member type="way" ref="1250231886" role="outer"/>
  <member type="way" ref="1250231883" role="outer"/>
  <member type="way" ref="1250231882" role="outer"/>
  <member type="way" ref="1253514270" role="outer"/>
  <member type="way" ref="1253514262" role="outer"/>
  <member type="way" ref="1250238626" role="outer"/>
  <member type="way" ref="1072105980" role="outer"/>
  <member type="way" ref="1250238613" role="outer"/>
  <member type="way" ref="1250238612" role="outer"/>
  <member type="way" ref="1250238615" role="outer"/>
  <member type="way" ref="1250238611" role="outer"/>
  <member type="way" ref="1253616848" role="outer"/>
  <member type="way" ref="1072106004" role="outer"/>
  <member type="way" ref="1250238616" role="outer"/>
  <member type="way" ref="1250238610" role="outer"/>
  <member type="way" ref="1250238607" role="outer"/>
  <member type="way" ref="1250238606" role="outer"/>
  <member type="way" ref="1072106020" role="outer"/>
  <member type="way" ref="1250238605" role="outer"/>
  <member type="way" ref="1253616843" role="outer"/>
  <member type="way" ref="1385579147" role="outer"/>
  <member type="way" ref="1159052343" role="inner"/>
  <member type="way" ref="1072106006" role="inner"/>
  <member type="way" ref="1072106007" role="inner"/>
  <member type="way" ref="1072106005" role="inner"/>
  <member type="way" ref="1072106002" role="inner"/>
  <member type="way" ref="1072106003" role="inner"/>
  <member type="way" ref="1072106008" role="inner"/>
  <member type="way" ref="1072106009" role="inner"/>
  <member type="way" ref="1072106012" role="inner"/>
  <member type="way" ref="1072106013" role="inner"/>
  <member type="way" ref="1072106011" role="inner"/>
  <member type="way" ref="1072106014" role="inner"/>
  <member type="way" ref="1072106016" role="inner"/>
  <member type="way" ref="1072106017" role="inner"/>
  <member type="way" ref="1072106015" role="inner"/>
  <member type="way" ref="1072106018" role="inner"/>
  <member type="way" ref="1253889078" role="outer"/>
  <member type="way" ref="729980865" role="outer"/>
  <member type="way" ref="1253889075" role="outer"/>
  <member type="way" ref="1253889076" role="outer"/>
  <member type="way" ref="1253889079" role="outer"/>
  <member type="way" ref="1159052341" role="inner"/>
  <member type="way" ref="432439104" role="inner"/>
  <member type="way" ref="25188564" role="inner"/>
  <member type="way" ref="1072106001" role="inner"/>
  <member type="way" ref="1385579151" role="inner"/>
  <member type="way" ref="1072105990" role="inner"/>
  <member type="way" ref="1385579152" role="inner"/>
  <member type="way" ref="1385579150" role="inner"/>
  <member type="way" ref="37571576" role="inner"/>
  <tag k="natural" v="scrub"/>
  <tag k="type" v="multipolygon"/>
 </relation>
 <relation id="17293301" visible="true" version="8" changeset="166107342" timestamp="2025-05-11T12:53:28Z" user="pikappa79" uid="330007">
  <member type="way" ref="1283264826" role="outer"/>
  <member type="way" ref="324617533" role="outer"/>
  <member type="way" ref="788293360" role="outer"/>
  <member type="way" ref="788293358" role="outer"/>
  <member type="way" ref="788293376" role="outer"/>
  <member type="way" ref="1283264823" role="outer"/>
  <member type="way" ref="1283264815" role="outer"/>
  <member type="way" ref="1283264822" role="outer"/>
  <member type="way" ref="1283264816" role="outer"/>
  <member type="way" ref="1283264820" role="outer"/>
  <member type="way" ref="1283264817" role="outer"/>
  <member type="way" ref="1283264819" role="outer"/>
  <member type="way" ref="1250555164" role="outer"/>
  <member type="way" ref="729980849" role="outer"/>
  <member type="way" ref="729980848" role="outer"/>
  <member type="way" ref="729980854" role="outer"/>
  <member type="way" ref="729980814" role="outer"/>
  <member type="way" ref="729980842" role="outer"/>
  <member type="way" ref="729980841" role="outer"/>
  <member type="way" ref="729980840" role="outer"/>
  <member type="way" ref="729980830" role="outer"/>
  <member type="way" ref="729980828" role="outer"/>
  <member type="way" ref="729980827" role="outer"/>
  <member type="way" ref="729980825" role="outer"/>
  <member type="way" ref="729980823" role="outer"/>
  <member type="way" ref="729980829" role="outer"/>
  <member type="way" ref="637752707" role="outer"/>
  <member type="way" ref="1253889085" role="outer"/>
  <member type="way" ref="1250238613" role="outer"/>
  <member type="way" ref="1072105981" role="outer"/>
  <member type="way" ref="1072105979" role="outer"/>
  <member type="way" ref="263392071" role="outer"/>
  <member type="way" ref="1072105950" role="outer"/>
  <member type="way" ref="1072105840" role="outer"/>
  <member type="way" ref="1072105841" role="outer"/>
  <member type="way" ref="1073027260" role="outer"/>
  <member type="way" ref="1073027256" role="outer"/>
  <member type="way" ref="1227686644" role="outer"/>
  <member type="way" ref="1227686643" role="outer"/>
  <member type="way" ref="787692375" role="outer"/>
  <member type="way" ref="787692383" role="outer"/>
  <member type="way" ref="787692376" role="outer"/>
  <member type="way" ref="787692382" role="outer"/>
  <member type="way" ref="787692386" role="outer"/>
  <member type="way" ref="1283264825" role="outer"/>
  <member type="way" ref="1250238626" role="outer"/>
  <member type="way" ref="1252031697" role="outer"/>
  <member type="way" ref="1385579145" role="outer"/>
  <member type="way" ref="1253514260" role="outer"/>
  <member type="way" ref="1253514264" role="outer"/>
  <member type="way" ref="1252031698" role="outer"/>
  <member type="way" ref="1250231884" role="outer"/>
  <member type="way" ref="1250292943" role="outer"/>
  <member type="way" ref="1250238624" role="outer"/>
  <member type="way" ref="263392077" role="outer"/>
  <member type="way" ref="1072105989" role="outer"/>
  <member type="way" ref="1072105982" role="outer"/>
  <member type="way" ref="729980802" role="inner"/>
  <member type="way" ref="729980806" role="inner"/>
  <member type="way" ref="1072239087" role="inner"/>
  <member type="way" ref="788293371" role="inner"/>
  <member type="way" ref="729980805" role="inner"/>
  <member type="way" ref="1072239086" role="inner"/>
  <member type="way" ref="729980810" role="inner"/>
  <member type="way" ref="729980811" role="inner"/>
  <member type="way" ref="729980808" role="inner"/>
  <member type="way" ref="1072239077" role="inner"/>
  <member type="way" ref="1072239076" role="inner"/>
  <member type="way" ref="729980812" role="inner"/>
  <member type="way" ref="1072239079" role="inner"/>
  <member type="way" ref="729980813" role="inner"/>
  <member type="way" ref="1072239097" role="inner"/>
  <member type="way" ref="1072239096" role="inner"/>
  <member type="way" ref="1072239099" role="inner"/>
  <member type="way" ref="729980816" role="inner"/>
  <member type="way" ref="1072105973" role="inner"/>
  <member type="way" ref="729980817" role="inner"/>
  <member type="way" ref="1072239098" role="inner"/>
  <member type="way" ref="1072239101" role="inner"/>
  <member type="way" ref="1072239100" role="inner"/>
  <member type="way" ref="1072239103" role="inner"/>
  <member type="way" ref="1072239102" role="inner"/>
  <member type="way" ref="1072239089" role="inner"/>
  <member type="way" ref="1072239088" role="inner"/>
  <member type="way" ref="1072239091" role="inner"/>
  <member type="way" ref="1072239090" role="inner"/>
  <member type="way" ref="1072239093" role="inner"/>
  <member type="way" ref="1072239092" role="inner"/>
  <member type="way" ref="1072239095" role="inner"/>
  <member type="way" ref="220627769" role="inner"/>
  <member type="way" ref="1072239094" role="inner"/>
  <member type="way" ref="947886146" role="inner"/>
  <member type="way" ref="947886145" role="inner"/>
  <member type="way" ref="947886144" role="inner"/>
  <member type="way" ref="947886143" role="inner"/>
  <member type="way" ref="432439106" role="inner"/>
  <member type="way" ref="49789052" role="inner"/>
  <member type="way" ref="886304887" role="inner"/>
  <member type="way" ref="1072105821" role="inner"/>
  <member type="way" ref="328222041" role="inner"/>
  <member type="way" ref="328222043" role="inner"/>
  <member type="way" ref="1165362606" role="inner"/>
  <member type="way" ref="1165362607" role="inner"/>
  <member type="way" ref="1385579146" role="inner"/>
  <member type="way" ref="1073906408" role="inner"/>
  <member type="way" ref="259752016" role="inner"/>
  <member type="way" ref="435911895" role="inner"/>
  <member type="way" ref="435911894" role="inner"/>
  <member type="way" ref="259752014" role="inner"/>
  <member type="way" ref="259752002" role="inner"/>
  <member type="way" ref="1073908037" role="inner"/>
  <member type="way" ref="815726550" role="inner"/>
  <member type="way" ref="1073908042" role="inner"/>
  <member type="way" ref="1073908043" role="inner"/>
  <member type="way" ref="1073908040" role="inner"/>
  <member type="way" ref="1073908046" role="inner"/>
  <member type="way" ref="238992754" role="inner"/>
  <member type="way" ref="1073904975" role="inner"/>
  <member type="way" ref="1073908044" role="inner"/>
  <member type="way" ref="1073908045" role="inner"/>
  <member type="way" ref="1073904978" role="inner"/>
  <member type="way" ref="238992751" role="inner"/>
  <member type="way" ref="1073904979" role="inner"/>
  <member type="way" ref="238992748" role="inner"/>
  <member type="way" ref="238992749" role="inner"/>
  <member type="way" ref="1073904977" role="inner"/>
  <member type="way" ref="1073904982" role="inner"/>
  <member type="way" ref="1073904983" role="inner"/>
  <member type="way" ref="238992747" role="inner"/>
  <member type="way" ref="1073904980" role="inner"/>
  <member type="way" ref="1073904987" role="inner"/>
  <member type="way" ref="1073904984" role="inner"/>
  <member type="way" ref="1073904985" role="inner"/>
  <member type="way" ref="947883804" role="inner"/>
  <member type="way" ref="947883803" role="inner"/>
  <member type="way" ref="947883802" role="inner"/>
  <member type="way" ref="947883801" role="inner"/>
  <member type="way" ref="1073324152" role="inner"/>
  <member type="way" ref="1073324155" role="inner"/>
  <member type="way" ref="1073324154" role="inner"/>
  <member type="way" ref="1073324157" role="inner"/>
  <member type="way" ref="1073324156" role="inner"/>
  <member type="way" ref="1073324145" role="inner"/>
  <member type="way" ref="1073324144" role="inner"/>
  <member type="way" ref="1073324147" role="inner"/>
  <member type="way" ref="1073324146" role="inner"/>
  <member type="way" ref="1073324149" role="inner"/>
  <member type="way" ref="1073324148" role="inner"/>
  <member type="way" ref="1073324151" role="inner"/>
  <member type="way" ref="1073324150" role="inner"/>
  <member type="way" ref="1073905042" role="inner"/>
  <member type="way" ref="1073905046" role="inner"/>
  <member type="way" ref="1073324143" role="inner"/>
  <member type="way" ref="1073905045" role="inner"/>
  <member type="way" ref="947882471" role="inner"/>
  <member type="way" ref="1073324129" role="inner"/>
  <member type="way" ref="1073324128" role="inner"/>
  <member type="way" ref="947882469" role="inner"/>
  <member type="way" ref="947882466" role="inner"/>
  <member type="way" ref="947882464" role="inner"/>
  <member type="way" ref="1073905058" role="inner"/>
  <member type="way" ref="947882463" role="inner"/>
  <member type="way" ref="1073905057" role="inner"/>
  <member type="way" ref="1073324127" role="inner"/>
  <member type="way" ref="1073324126" role="inner"/>
  <member type="way" ref="1073905066" role="inner"/>
  <member type="way" ref="1073905064" role="inner"/>
  <member type="way" ref="1073905065" role="inner"/>
  <member type="way" ref="1073324116" role="inner"/>
  <member type="way" ref="1073905069" role="inner"/>
  <member type="way" ref="49789234" role="inner"/>
  <member type="way" ref="49789247" role="inner"/>
  <member type="way" ref="1072239113" role="inner"/>
  <member type="way" ref="1072239112" role="inner"/>
  <member type="way" ref="1072239115" role="inner"/>
  <member type="way" ref="1072239114" role="inner"/>
  <member type="way" ref="1072239117" role="inner"/>
  <member type="way" ref="1072239116" role="inner"/>
  <member type="way" ref="1072239119" role="inner"/>
  <member type="way" ref="1072239118" role="inner"/>
  <member type="way" ref="1072239105" role="inner"/>
  <member type="way" ref="1072105999" role="inner"/>
  <member type="way" ref="1072239104" role="inner"/>
  <member type="way" ref="1072105998" role="inner"/>
  <member type="way" ref="1072105997" role="inner"/>
  <member type="way" ref="1072239107" role="inner"/>
  <member type="way" ref="1072239106" role="inner"/>
  <member type="way" ref="1072239109" role="inner"/>
  <member type="way" ref="1072239108" role="inner"/>
  <member type="way" ref="1072239111" role="inner"/>
  <member type="way" ref="1072105993" role="inner"/>
  <member type="way" ref="1072105992" role="inner"/>
  <member type="way" ref="1072239110" role="inner"/>
  <member type="way" ref="1072239132" role="inner"/>
  <member type="way" ref="1072106000" role="inner"/>
  <member type="way" ref="1072239120" role="inner"/>
  <member type="way" ref="1072239123" role="inner"/>
  <member type="way" ref="1072239122" role="inner"/>
  <member type="way" ref="1072239131" role="inner"/>
  <member type="way" ref="124429578" role="inner"/>
  <member type="way" ref="1072239084" role="inner"/>
  <member type="way" ref="1072239081" role="inner"/>
  <member type="way" ref="1072239085" role="inner"/>
  <member type="way" ref="1072239083" role="inner"/>
  <member type="way" ref="1073904994" role="inner"/>
  <member type="way" ref="1073904992" role="inner"/>
  <member type="way" ref="1073904991" role="inner"/>
  <member type="way" ref="1073904988" role="inner"/>
  <member type="way" ref="729980804" role="inner"/>
  <member type="way" ref="1073904989" role="inner"/>
  <member type="way" ref="1073904996" role="inner"/>
  <member type="way" ref="1073904995" role="inner"/>
  <member type="way" ref="1073904998" role="inner"/>
  <member type="way" ref="74712136" role="inner"/>
  <member type="way" ref="1073908039" role="inner"/>
  <member type="way" ref="729980809" role="inner"/>
  <member type="way" ref="394940227" role="inner"/>
  <member type="way" ref="787692378" role="inner"/>
  <member type="way" ref="1073905056" role="inner"/>
  <member type="way" ref="259752007" role="inner"/>
  <member type="way" ref="1073905039" role="inner"/>
  <member type="way" ref="259752005" role="inner"/>
  <member type="way" ref="947882470" role="inner"/>
  <member type="way" ref="1072239139" role="inner"/>
  <member type="way" ref="1385579154" role="inner"/>
  <member type="way" ref="1072239138" role="inner"/>
  <member type="way" ref="947882468" role="inner"/>
  <member type="way" ref="1072239134" role="inner"/>
  <member type="way" ref="947882465" role="inner"/>
  <member type="way" ref="1385579143" role="inner"/>
  <member type="way" ref="1385579142" role="inner"/>
  <member type="way" ref="1385579141" role="inner"/>
  <tag k="landuse" v="forest"/>
  <tag k="type" v="multipolygon"/>
 </relation>
 <relation id="18054420" visible="true" version="2" changeset="165770073" timestamp="2025-05-03T17:27:11Z" user="AlessioMela" uid="1726102">
  <member type="way" ref="25188564" role="outer"/>
  <member type="way" ref="1316115752" role="inner"/>
  <tag k="access" v="no"/>
  <tag k="intermittent" v="yes"/>
  <tag k="name" v="Karer See - Lago di Carezza"/>
  <tag k="name:de" v="Karer See"/>
  <tag k="name:it" v="Lago di Carezza"/>
  <tag k="name:ja" v="カレッツァ湖"/>
  <tag k="name:lld" v="Lach de la Tomera"/>
  <tag k="natural" v="water"/>
  <tag k="type" v="multipolygon"/>
  <tag k="water" v="lake"/>
  <tag k="wikidata" v="Q1416530"/>
  <tag k="wikipedia" v="it:Lago di Carezza"/>
 </relation>
 <relation id="18507362" visible="true" version="15" changeset="181704917" timestamp="2026-04-23T08:09:30Z" user="AlexTies" uid="3579653">
  <member type="node" ref="12476546119" role="platform"/>
  <member type="node" ref="297322849" role="stop"/>
  <member type="node" ref="4290724203" role="platform"/>
  <member type="node" ref="10223952871" role="stop"/>
  <member type="node" ref="10223952873" role="platform"/>
  <member type="node" ref="10223952874" role="stop"/>
  <member type="node" ref="10223952876" role="platform"/>
  <member type="node" ref="10223952878" role="stop"/>
  <member type="node" ref="10223952883" role="platform"/>
  <member type="node" ref="10223952889" role="stop"/>
  <member type="node" ref="10223952888" role="platform"/>
  <member type="node" ref="4693627427" role="stop"/>
  <member type="node" ref="1340085954" role="platform"/>
  <member type="node" ref="8088072641" role="stop"/>
  <member type="node" ref="1340085950" role="platform"/>
  <member type="node" ref="11407566582" role="stop"/>
  <member type="node" ref="1340085939" role="platform"/>
  <member type="node" ref="881910351" role="stop"/>
  <member type="node" ref="1340085960" role="platform"/>
  <member type="node" ref="2427907608" role="stop"/>
  <member type="node" ref="2961638168" role="platform"/>
  <member type="node" ref="29541476" role="stop"/>
  <member type="node" ref="2860419184" role="platform"/>
  <member type="node" ref="10223577294" role="stop"/>
  <member type="node" ref="1340085941" role="platform"/>
  <member type="node" ref="10223577296" role="stop"/>
  <member type="node" ref="9837273149" role="platform"/>
  <member type="node" ref="10223577298" role="stop"/>
  <member type="node" ref="9837272931" role="platform"/>
  <member type="node" ref="10223577299" role="stop"/>
  <member type="node" ref="10223577301" role="platform"/>
  <member type="node" ref="11077236208" role="stop"/>
  <member type="node" ref="3979761604" role="platform"/>
  <member type="node" ref="4693627434" role="stop"/>
  <member type="node" ref="3978306681" role="platform"/>
  <member type="node" ref="4387855928" role="stop"/>
  <member type="node" ref="10223579120" role="platform"/>
  <member type="node" ref="10223579126" role="stop"/>
  <member type="node" ref="10223579122" role="platform"/>
  <member type="node" ref="4693627437" role="stop"/>
  <member type="node" ref="10223171472" role="platform"/>
  <member type="node" ref="29541566" role="stop"/>
  <member type="node" ref="2425447744" role="platform"/>
  <member type="node" ref="10223171481" role="stop"/>
  <member type="node" ref="10223171482" role="platform"/>
  <member type="node" ref="10223171486" role="stop"/>
  <member type="node" ref="10223171487" role="platform"/>
  <member type="node" ref="10223171490" role="stop"/>
  <member type="node" ref="10223171492" role="platform"/>
  <member type="node" ref="2290628383" role="stop"/>
  <member type="node" ref="10223171497" role="platform"/>
  <member type="node" ref="150783891" role="stop"/>
  <member type="node" ref="7329971608" role="platform"/>
  <member type="node" ref="7197191428" role="stop"/>
  <member type="node" ref="2426895040" role="platform"/>
  <member type="node" ref="7197523367" role="stop"/>
  <member type="node" ref="2426885080" role="platform"/>
  <member type="node" ref="2426903588" role="stop"/>
  <member type="node" ref="1741991394" role="platform"/>
  <member type="node" ref="6128380208" role="stop"/>
  <member type="node" ref="12605016703" role="platform"/>
  <member type="way" ref="140543195" role=""/>
  <member type="way" ref="98502428" role=""/>
  <member type="way" ref="888769350" role=""/>
  <member type="way" ref="141761567" role=""/>
  <member type="way" ref="141761569" role=""/>
  <member type="way" ref="304714749" role=""/>
  <member type="way" ref="304714748" role=""/>
  <member type="way" ref="119968774" role=""/>
  <member type="way" ref="119968765" role=""/>
  <member type="way" ref="119968766" role=""/>
  <member type="way" ref="119968771" role=""/>
  <member type="way" ref="140543154" role=""/>
  <member type="way" ref="319032399" role=""/>
  <member type="way" ref="319032392" role=""/>
  <member type="way" ref="1125386715" role=""/>
  <member type="way" ref="1125386714" role=""/>
  <member type="way" ref="1239469388" role=""/>
  <member type="way" ref="1125386713" role=""/>
  <member type="way" ref="1125386712" role=""/>
  <member type="way" ref="432396471" role=""/>
  <member type="way" ref="432396473" role=""/>
  <member type="way" ref="432396472" role=""/>
  <member type="way" ref="432396470" role=""/>
  <member type="way" ref="1384931810" role=""/>
  <member type="way" ref="1384931812" role=""/>
  <member type="way" ref="885327263" role=""/>
  <member type="way" ref="297453068" role=""/>
  <member type="way" ref="1125388404" role=""/>
  <member type="way" ref="847539232" role=""/>
  <member type="way" ref="867886080" role=""/>
  <member type="way" ref="847539233" role=""/>
  <member type="way" ref="1125388405" role=""/>
  <member type="way" ref="300961142" role=""/>
  <member type="way" ref="1125391738" role=""/>
  <member type="way" ref="845857931" role=""/>
  <member type="way" ref="845857932" role=""/>
  <member type="way" ref="1458966478" role=""/>
  <member type="way" ref="1230108829" role=""/>
  <member type="way" ref="1230108828" role=""/>
  <member type="way" ref="1230108821" role=""/>
  <member type="way" ref="1349079686" role=""/>
  <member type="way" ref="1348796969" role=""/>
  <member type="way" ref="1230108825" role=""/>
  <member type="way" ref="1230108826" role=""/>
  <member type="way" ref="1502771570" role=""/>
  <member type="way" ref="1117854743" role=""/>
  <member type="way" ref="1079004126" role=""/>
  <member type="way" ref="1502771571" role=""/>
  <member type="way" ref="74663203" role=""/>
  <member type="way" ref="1125391741" role=""/>
  <member type="way" ref="297453071" role=""/>
  <member type="way" ref="1436884811" role=""/>
  <member type="way" ref="1125398801" role=""/>
  <member type="way" ref="1125398800" role=""/>
  <member type="way" ref="884523600" role=""/>
  <member type="way" ref="1436884812" role=""/>
  <member type="way" ref="184018035" role=""/>
  <member type="way" ref="71709579" role=""/>
  <member type="way" ref="1384938069" role=""/>
  <member type="way" ref="1384938068" role=""/>
  <member type="way" ref="1125399235" role=""/>
  <member type="way" ref="672494702" role=""/>
  <member type="way" ref="885090630" role=""/>
  <member type="way" ref="303928143" role=""/>
  <member type="way" ref="1125399236" role=""/>
  <member type="way" ref="1125410587" role=""/>
  <member type="way" ref="1302050648" role=""/>
  <member type="way" ref="1302050649" role=""/>
  <member type="way" ref="303928142" role=""/>
  <member type="way" ref="867886072" role=""/>
  <member type="way" ref="1125410588" role=""/>
  <member type="way" ref="700769241" role=""/>
  <member type="way" ref="1348791352" role=""/>
  <member type="way" ref="700769240" role=""/>
  <member type="way" ref="884531141" role=""/>
  <member type="way" ref="700769241" role=""/>
  <member type="way" ref="477632630" role=""/>
  <member type="way" ref="244875711" role=""/>
  <member type="way" ref="884532204" role=""/>
  <member type="way" ref="244875680" role=""/>
  <member type="way" ref="884651490" role=""/>
  <member type="way" ref="244875673" role=""/>
  <member type="way" ref="970119319" role=""/>
  <member type="way" ref="970119320" role=""/>
  <member type="way" ref="1125410589" role=""/>
  <member type="way" ref="884238682" role=""/>
  <member type="way" ref="244869536" role=""/>
  <member type="way" ref="232996228" role=""/>
  <member type="way" ref="232996229" role=""/>
  <member type="way" ref="884238686" role=""/>
  <member type="way" ref="318866448" role=""/>
  <member type="way" ref="884238687" role=""/>
  <member type="way" ref="884750876" role=""/>
  <member type="way" ref="318866449" role=""/>
  <member type="way" ref="27283606" role=""/>
  <member type="way" ref="1125428948" role=""/>
  <member type="way" ref="24934819" role=""/>
  <member type="way" ref="1125428947" role=""/>
  <member type="way" ref="884817122" role=""/>
  <member type="way" ref="722917031" role=""/>
  <member type="way" ref="236879281" role=""/>
  <member type="way" ref="236879280" role=""/>
  <member type="way" ref="220555220" role=""/>
  <member type="way" ref="884361989" role=""/>
  <member type="way" ref="220555218" role=""/>
  <member type="way" ref="722928119" role=""/>
  <member type="way" ref="1125428946" role=""/>
  <member type="way" ref="1125428945" role=""/>
  <member type="way" ref="1393051710" role=""/>
  <member type="way" ref="958385943" role=""/>
  <member type="way" ref="867991542" role=""/>
  <member type="way" ref="1125428944" role=""/>
  <member type="way" ref="229699903" role=""/>
  <member type="way" ref="329860941" role=""/>
  <member type="way" ref="867991544" role=""/>
  <member type="way" ref="1125428943" role=""/>
  <member type="way" ref="229699904" role=""/>
  <member type="way" ref="867991545" role=""/>
  <member type="way" ref="413979442" role=""/>
  <member type="way" ref="413979438" role=""/>
  <member type="way" ref="1017162126" role=""/>
  <member type="way" ref="219798904" role=""/>
  <member type="way" ref="219798944" role=""/>
  <member type="way" ref="413980396" role=""/>
  <member type="way" ref="219798920" role=""/>
  <member type="way" ref="219798892" role=""/>
  <member type="way" ref="413981546" role=""/>
  <member type="way" ref="219798939" role=""/>
  <member type="way" ref="727330072" role=""/>
  <member type="way" ref="413981541" role=""/>
  <member type="way" ref="413981563" role=""/>
  <member type="way" ref="219803945" role=""/>
  <member type="way" ref="219803936" role=""/>
  <member type="way" ref="727330071" role=""/>
  <member type="way" ref="1125428942" role=""/>
  <member type="way" ref="238731478" role=""/>
  <member type="way" ref="238731476" role=""/>
  <member type="way" ref="238731474" role=""/>
  <member type="way" ref="238731475" role=""/>
  <member type="way" ref="614961252" role=""/>
  <member type="way" ref="1315502819" role=""/>
  <member type="way" ref="238729531" role=""/>
  <member type="way" ref="33119558" role=""/>
  <member type="way" ref="33119557" role=""/>
  <member type="way" ref="30274443" role=""/>
  <member type="way" ref="30274370" role=""/>
  <member type="way" ref="84823449" role=""/>
  <member type="way" ref="1348798565" role=""/>
  <member type="way" ref="755703996" role=""/>
  <member type="way" ref="755684706" role=""/>
  <member type="way" ref="30273909" role=""/>
  <member type="way" ref="30273907" role=""/>
  <member type="way" ref="84791823" role=""/>
  <member type="way" ref="84791824" role=""/>
  <member type="way" ref="1062018257" role=""/>
  <member type="way" ref="771047773" role=""/>
  <member type="way" ref="51005589" role=""/>
  <member type="way" ref="441021514" role=""/>
  <member type="way" ref="895228610" role=""/>
  <member type="way" ref="29848598" role=""/>
  <member type="way" ref="755016648" role=""/>
  <member type="way" ref="755016649" role=""/>
  <member type="way" ref="141868035" role=""/>
  <member type="way" ref="234903503" role=""/>
  <member type="way" ref="234903498" role=""/>
  <member type="way" ref="86381259" role=""/>
  <member type="way" ref="1104107262" role=""/>
  <member type="way" ref="895178114" role=""/>
  <member type="way" ref="378358593" role=""/>
  <member type="way" ref="32994635" role=""/>
  <member type="way" ref="938046198" role=""/>
  <member type="way" ref="242755383" role=""/>
  <member type="way" ref="653995604" role=""/>
  <member type="way" ref="938046195" role=""/>
  <member type="way" ref="1360887331" role=""/>
  <member type="way" ref="776021242" role=""/>
  <member type="way" ref="50738117" role=""/>
  <member type="way" ref="241570018" role=""/>
  <member type="way" ref="50738118" role=""/>
  <member type="way" ref="779298926" role=""/>
  <member type="way" ref="653980764" role=""/>
  <member type="way" ref="762659757" role=""/>
  <member type="way" ref="653943200" role=""/>
  <member type="way" ref="1005530227" role=""/>
  <tag k="from" v="Val di Fassa"/>
  <tag k="name" v="Bus 180: Val di Fassa =&gt; Karerpass =&gt; Welschnofen =&gt; Bolzano"/>
  <tag k="official_name:de" v="Val di Fassa – Karerpass – Welschnofen – Bolzano"/>
  <tag k="operator" v="Consorzio Alto Adige Autonoleggiatori"/>
  <tag k="public_transport:version" v="2"/>
  <tag k="ref" v="180"/>
  <tag k="route" v="bus"/>
  <tag k="to" v="Bolzano"/>
  <tag k="type" v="route"/>
  <tag k="via" v="Karerpass;Welschnofen"/>
 </relation>
 <relation id="18507363" visible="true" version="1" changeset="161038102" timestamp="2025-01-05T22:13:09Z" user="Marcello Perathoner" uid="8199540">
  <member type="relation" ref="6983435" role=""/>
  <member type="relation" ref="18507362" role=""/>
  <tag k="name" v="Bus 180"/>
  <tag k="operator" v="Consorzio Alto Adige Autonoleggiatori"/>
  <tag k="ref" v="180"/>
  <tag k="route_master" v="bus"/>
  <tag k="type" v="route_master"/>
 </relation>
 <relation id="18509773" visible="true" version="12" changeset="186440655" timestamp="2026-07-27T07:43:15Z" user="wabadabawabwab" uid="10208283">
  <member type="node" ref="7600840503" role="stop"/>
  <member type="node" ref="2953183781" role="platform"/>
  <member type="node" ref="7791875502" role="stop"/>
  <member type="node" ref="7791875501" role="platform"/>
  <member type="node" ref="2314805063" role="stop"/>
  <member type="node" ref="10223215444" role="platform"/>
  <member type="node" ref="10223215460" role="stop"/>
  <member type="node" ref="10223215459" role="platform"/>
  <member type="node" ref="10223215494" role="stop"/>
  <member type="node" ref="10223215492" role="platform"/>
  <member type="node" ref="1373145664" role="stop"/>
  <member type="node" ref="10223215495" role="platform"/>
  <member type="node" ref="12476549719" role="stop"/>
  <member type="node" ref="12476549717" role="platform"/>
  <member type="node" ref="10223171446" role="stop"/>
  <member type="node" ref="2663645330" role="platform"/>
  <member type="node" ref="287949116" role="stop"/>
  <member type="node" ref="2952554136" role="platform"/>
  <member type="node" ref="10223171443" role="stop"/>
  <member type="node" ref="2952554135" role="platform"/>
  <member type="node" ref="6487285199" role="stop"/>
  <member type="node" ref="2952554139" role="platform"/>
  <member type="node" ref="4327128779" role="stop"/>
  <member type="node" ref="2952554137" role="platform"/>
  <member type="node" ref="10223171444" role="stop"/>
  <member type="node" ref="2952554138" role="platform"/>
  <member type="node" ref="10223171445" role="stop"/>
  <member type="node" ref="2663645317" role="platform"/>
  <member type="node" ref="8231482137" role="stop"/>
  <member type="node" ref="1794530845" role="platform"/>
  <member type="node" ref="6014957312" role="stop"/>
  <member type="node" ref="3613269109" role="platform"/>
  <member type="node" ref="6014957327" role="stop"/>
  <member type="node" ref="3613269110" role="platform"/>
  <member type="node" ref="1375182603" role="stop"/>
  <member type="node" ref="6438649943" role="platform"/>
  <member type="node" ref="1375182596" role="stop"/>
  <member type="node" ref="2953059773" role="platform"/>
  <member type="node" ref="10223171466" role="stop"/>
  <member type="node" ref="3613269108" role="platform"/>
  <member type="node" ref="10224229542" role="stop"/>
  <member type="node" ref="10224229540" role="platform"/>
  <member type="node" ref="287938939" role="stop"/>
  <member type="node" ref="10224229550" role="platform"/>
  <member type="node" ref="10224229566" role="stop"/>
  <member type="node" ref="6012360370" role="platform"/>
  <member type="node" ref="922990999" role="stop"/>
  <member type="node" ref="2953836081" role="platform"/>
  <member type="node" ref="287938890" role="stop"/>
  <member type="node" ref="10224229594" role="platform"/>
  <member type="node" ref="4338063633" role="stop"/>
  <member type="node" ref="10224229596" role="platform"/>
  <member type="node" ref="10224287917" role="stop"/>
  <member type="node" ref="10224229615" role="platform"/>
  <member type="node" ref="10224287950" role="stop"/>
  <member type="node" ref="7370161652" role="platform"/>
  <member type="node" ref="10224287943" role="stop"/>
  <member type="node" ref="10224287944" role="platform"/>
  <member type="node" ref="10224287951" role="stop"/>
  <member type="node" ref="7370161653" role="platform"/>
  <member type="node" ref="10224287957" role="stop"/>
  <member type="node" ref="2365969596" role="platform"/>
  <member type="node" ref="1375214777" role="stop"/>
  <member type="node" ref="2953059771" role="platform"/>
  <member type="node" ref="4693627437" role="stop"/>
  <member type="node" ref="10223171472" role="platform"/>
  <member type="node" ref="2425250786" role="stop"/>
  <member type="node" ref="12895101717" role="platform"/>
  <member type="node" ref="4693627436" role="stop"/>
  <member type="node" ref="10223171471" role="platform"/>
  <member type="node" ref="10223579124" role="stop"/>
  <member type="node" ref="10223579121" role="platform"/>
  <member type="node" ref="10223579119" role="stop"/>
  <member type="node" ref="3978306682" role="platform"/>
  <member type="node" ref="10223577305" role="stop"/>
  <member type="node" ref="10223577304" role="platform"/>
  <member type="node" ref="11077236208" role="stop"/>
  <member type="node" ref="3979761604" role="platform"/>
  <member type="node" ref="10223577299" role="stop"/>
  <member type="node" ref="10223577300" role="platform"/>
  <member type="node" ref="274584543" role="stop"/>
  <member type="node" ref="10223577297" role="platform"/>
  <member type="node" ref="10223577296" role="stop"/>
  <member type="node" ref="9837273150" role="platform"/>
  <member type="node" ref="10223577294" role="stop"/>
  <member type="node" ref="2860419167" role="platform"/>
  <member type="node" ref="4693627431" role="stop"/>
  <member type="node" ref="1340085952" role="platform"/>
  <member type="node" ref="4693627430" role="stop"/>
  <member type="node" ref="832410310" role="platform"/>
  <member type="node" ref="881910351" role="stop"/>
  <member type="node" ref="2860425518" role="platform"/>
  <member type="node" ref="11407566582" role="stop"/>
  <member type="node" ref="7884985094" role="platform"/>
  <member type="node" ref="8088072641" role="stop"/>
  <member type="node" ref="7884985096" role="platform"/>
  <member type="node" ref="4693627427" role="stop"/>
  <member type="node" ref="10223577271" role="platform"/>
  <member type="way" ref="813713709" role=""/>
  <member type="way" ref="885181527" role=""/>
  <member type="way" ref="833483008" role=""/>
  <member type="way" ref="885483416" role=""/>
  <member type="way" ref="318343409" role=""/>
  <member type="way" ref="886010167" role=""/>
  <member type="way" ref="722893701" role=""/>
  <member type="way" ref="1467081765" role=""/>
  <member type="way" ref="1356752920" role=""/>
  <member type="way" ref="833483009" role=""/>
  <member type="way" ref="885517406" role=""/>
  <member type="way" ref="885517405" role=""/>
  <member type="way" ref="722893700" role=""/>
  <member type="way" ref="764568986" role=""/>
  <member type="way" ref="1426002806" role=""/>
  <member type="way" ref="1426002807" role=""/>
  <member type="way" ref="338177885" role=""/>
  <member type="way" ref="807818988" role=""/>
  <member type="way" ref="123021702" role=""/>
  <member type="way" ref="27282287" role=""/>
  <member type="way" ref="885109428" role=""/>
  <member type="way" ref="26287156" role=""/>
  <member type="way" ref="338177899" role=""/>
  <member type="way" ref="885181534" role=""/>
  <member type="way" ref="318343411" role=""/>
  <member type="way" ref="430406527" role=""/>
  <member type="way" ref="868000423" role=""/>
  <member type="way" ref="162835619" role=""/>
  <member type="way" ref="868000424" role=""/>
  <member type="way" ref="695872366" role=""/>
  <member type="way" ref="179148360" role=""/>
  <member type="way" ref="691357688" role=""/>
  <member type="way" ref="868000424" role=""/>
  <member type="way" ref="162835619" role=""/>
  <member type="way" ref="868000423" role=""/>
  <member type="way" ref="430406527" role=""/>
  <member type="way" ref="318343411" role=""/>
  <member type="way" ref="885181534" role=""/>
  <member type="way" ref="338177899" role=""/>
  <member type="way" ref="26287156" role=""/>
  <member type="way" ref="885109428" role=""/>
  <member type="way" ref="27282287" role=""/>
  <member type="way" ref="123259023" role=""/>
  <member type="way" ref="885158801" role=""/>
  <member type="way" ref="1117767149" role=""/>
  <member type="way" ref="885158802" role=""/>
  <member type="way" ref="884234070" role=""/>
  <member type="way" ref="884234071" role=""/>
  <member type="way" ref="229699897" role=""/>
  <member type="way" ref="686635430" role=""/>
  <member type="way" ref="686635429" role=""/>
  <member type="way" ref="229699894" role=""/>
  <member type="way" ref="229699896" role=""/>
  <member type="way" ref="686467830" role=""/>
  <member type="way" ref="686467828" role=""/>
  <member type="way" ref="229699895" role=""/>
  <member type="way" ref="229699900" role=""/>
  <member type="way" ref="229699899" role=""/>
  <member type="way" ref="123266022" role=""/>
  <member type="way" ref="229699912" role=""/>
  <member type="way" ref="229699909" role=""/>
  <member type="way" ref="229699910" role=""/>
  <member type="way" ref="229699924" role=""/>
  <member type="way" ref="229699902" role=""/>
  <member type="way" ref="229699901" role=""/>
  <member type="way" ref="686633273" role=""/>
  <member type="way" ref="686633271" role=""/>
  <member type="way" ref="884234076" role=""/>
  <member type="way" ref="884361981" role=""/>
  <member type="way" ref="297444550" role=""/>
  <member type="way" ref="884361980" role=""/>
  <member type="way" ref="700627798" role=""/>
  <member type="way" ref="847555873" role=""/>
  <member type="way" ref="297444549" role=""/>
  <member type="way" ref="1230814625" role=""/>
  <member type="way" ref="1231641952" role=""/>
  <member type="way" ref="1545017159" role=""/>
  <member type="way" ref="293714300" role=""/>
  <member type="way" ref="886304866" role=""/>
  <member type="way" ref="886304867" role=""/>
  <member type="way" ref="26568719" role=""/>
  <member type="way" ref="293708054" role=""/>
  <member type="way" ref="884361983" role=""/>
  <member type="way" ref="884366822" role=""/>
  <member type="way" ref="884361984" role=""/>
  <member type="way" ref="1117925654" role=""/>
  <member type="way" ref="485510543" role=""/>
  <member type="way" ref="485510542" role=""/>
  <member type="way" ref="229699892" role=""/>
  <member type="way" ref="1348967949" role=""/>
  <member type="way" ref="788293345" role=""/>
  <member type="way" ref="788293346" role=""/>
  <member type="way" ref="697020005" role=""/>
  <member type="way" ref="788293345" role=""/>
  <member type="way" ref="1348967949" role=""/>
  <member type="way" ref="229699892" role=""/>
  <member type="way" ref="485510542" role=""/>
  <member type="way" ref="485510543" role=""/>
  <member type="way" ref="39922075" role=""/>
  <member type="way" ref="220555625" role=""/>
  <member type="way" ref="722917032" role=""/>
  <member type="way" ref="236879809" role=""/>
  <member type="way" ref="229699918" role=""/>
  <member type="way" ref="236879281" role=""/>
  <member type="way" ref="236879280" role=""/>
  <member type="way" ref="220555220" role=""/>
  <member type="way" ref="884361989" role=""/>
  <member type="way" ref="220555218" role=""/>
  <member type="way" ref="722928119" role=""/>
  <member type="way" ref="1125428946" role=""/>
  <member type="way" ref="1125428945" role=""/>
  <member type="way" ref="234253077" role=""/>
  <member type="way" ref="958384763" role=""/>
  <member type="way" ref="958386212" role=""/>
  <member type="way" ref="1125428945" role=""/>
  <member type="way" ref="1125428946" role=""/>
  <member type="way" ref="722928119" role=""/>
  <member type="way" ref="220555218" role=""/>
  <member type="way" ref="884361989" role=""/>
  <member type="way" ref="220555220" role=""/>
  <member type="way" ref="236879280" role=""/>
  <member type="way" ref="236879281" role=""/>
  <member type="way" ref="722917031" role=""/>
  <member type="way" ref="884817122" role=""/>
  <member type="way" ref="1125428947" role=""/>
  <member type="way" ref="24934819" role=""/>
  <member type="way" ref="1125428948" role=""/>
  <member type="way" ref="27283606" role=""/>
  <member type="way" ref="318866449" role=""/>
  <member type="way" ref="884750876" role=""/>
  <member type="way" ref="884238687" role=""/>
  <member type="way" ref="318866448" role=""/>
  <member type="way" ref="884238686" role=""/>
  <member type="way" ref="232996229" role=""/>
  <member type="way" ref="232996228" role=""/>
  <member type="way" ref="244869536" role=""/>
  <member type="way" ref="884238682" role=""/>
  <member type="way" ref="1125410589" role=""/>
  <member type="way" ref="970119320" role=""/>
  <member type="way" ref="970119319" role=""/>
  <member type="way" ref="244875673" role=""/>
  <member type="way" ref="884651490" role=""/>
  <member type="way" ref="244875680" role=""/>
  <member type="way" ref="884532204" role=""/>
  <member type="way" ref="244875711" role=""/>
  <member type="way" ref="477632630" role=""/>
  <member type="way" ref="700769241" role=""/>
  <member type="way" ref="1348791352" role=""/>
  <member type="way" ref="700769240" role=""/>
  <member type="way" ref="884531141" role=""/>
  <member type="way" ref="700769241" role=""/>
  <member type="way" ref="1125410588" role=""/>
  <member type="way" ref="867886072" role=""/>
  <member type="way" ref="303928142" role=""/>
  <member type="way" ref="1302050647" role=""/>
  <member type="way" ref="1302050648" role=""/>
  <member type="way" ref="1125410587" role=""/>
  <member type="way" ref="1125399236" role=""/>
  <member type="way" ref="303928143" role=""/>
  <member type="way" ref="885090630" role=""/>
  <member type="way" ref="672494702" role=""/>
  <member type="way" ref="1125399235" role=""/>
  <member type="way" ref="1384938068" role=""/>
  <member type="way" ref="1384938069" role=""/>
  <member type="way" ref="71709579" role=""/>
  <member type="way" ref="184018035" role=""/>
  <member type="way" ref="1436884812" role=""/>
  <member type="way" ref="884523600" role=""/>
  <member type="way" ref="1125398800" role=""/>
  <member type="way" ref="1125398801" role=""/>
  <member type="way" ref="1436884811" role=""/>
  <member type="way" ref="297453071" role=""/>
  <member type="way" ref="1125391741" role=""/>
  <member type="way" ref="74663203" role=""/>
  <member type="way" ref="1502771571" role=""/>
  <member type="way" ref="1079004126" role=""/>
  <member type="way" ref="1117854743" role=""/>
  <member type="way" ref="1502771570" role=""/>
  <member type="way" ref="1230108826" role=""/>
  <member type="way" ref="1348793322" role=""/>
  <member type="way" ref="1230108823" role=""/>
  <member type="way" ref="1348796969" role=""/>
  <member type="way" ref="1349079686" role=""/>
  <member type="way" ref="1230108821" role=""/>
  <member type="way" ref="1230108828" role=""/>
  <member type="way" ref="1230108829" role=""/>
  <member type="way" ref="1458966478" role=""/>
  <member type="way" ref="845857932" role=""/>
  <member type="way" ref="845857931" role=""/>
  <member type="way" ref="1125391738" role=""/>
  <member type="way" ref="300961142" role=""/>
  <member type="way" ref="1125388405" role=""/>
  <member type="way" ref="847539233" role=""/>
  <member type="way" ref="867886080" role=""/>
  <member type="way" ref="847539232" role=""/>
  <tag k="from" v="Weißenstein"/>
  <tag k="name" v="Bus 184: Weißenstein =&gt; Obereggen =&gt; Birchabruck =&gt; Karerpass"/>
  <tag k="official_name:de" v="Weißenstein – Obereggen – Birchabruck – Karerpass"/>
  <tag k="operator" v="Consorzio Alto Adige Autonoleggiatori"/>
  <tag k="public_transport:version" v="2"/>
  <tag k="ref" v="184"/>
  <tag k="route" v="bus"/>
  <tag k="to" v="Karerpass"/>
  <tag k="type" v="route"/>
  <tag k="via" v="Obereggen;Birchabruck"/>
 </relation>
 <relation id="18509786" visible="true" version="1" changeset="161052548" timestamp="2025-01-06T11:05:18Z" user="Marcello Perathoner" uid="8199540">
  <member type="relation" ref="14946000" role=""/>
  <member type="relation" ref="18509773" role=""/>
  <tag k="name" v="Bus 184"/>
  <tag k="operator" v="Consorzio Alto Adige Autonoleggiatori"/>
  <tag k="ref" v="184"/>
  <tag k="route_master" v="bus"/>
  <tag k="type" v="route_master"/>
 </relation>
 <relation id="19117506" visible="true" version="5" changeset="185406853" timestamp="2026-07-09T13:10:36Z" user="AlexTies" uid="3579653">
  <member type="way" ref="37571576" role="outer"/>
  <member type="way" ref="1385579149" role="outer"/>
  <tag k="access" v="yes"/>
  <tag k="amenity" v="parking"/>
  <tag k="capacity" v="280"/>
  <tag k="capacity:disabled" v="6"/>
  <tag k="charge" v="Car/motorcycle: up to 1 hour EUR 5.00;1–2 hours EUR 8.00;2–6 hours EUR 13.00;6–12 hours EUR 18.00;12–24 hours EUR 30.00;Bus/motorhome: up to 3 hours EUR 19.00;3–12 hours EUR 27.00;12–24 hours EUR 40.00"/>
  <tag k="fee" v="yes"/>
  <tag k="name" v="Karersee - Lago di Carezza"/>
  <tag k="name:de" v="Karersee"/>
  <tag k="name:it" v="Lago di Carezza"/>
  <tag k="operator" v="Besucherzentrum Karer See - Centro Visitatori Lago di Carezza"/>
  <tag k="operator:type" v="public/government"/>
  <tag k="orientation" v="perpendicular"/>
  <tag k="parking" v="surface"/>
  <tag k="payment:cash" v="yes"/>
  <tag k="payment:credit_cards" v="yes"/>
  <tag k="supervised" v="yes"/>
  <tag k="surface" v="unpaved"/>
  <tag k="type" v="multipolygon"/>
 </relation>
 <relation id="19974724" visible="true" version="4" changeset="183790304" timestamp="2026-06-07T16:46:43Z" user="Marco Tamburini" uid="19653888">
  <member type="way" ref="27283618" role=""/>
  <member type="way" ref="27283618" role=""/>
  <member type="way" ref="847539229" role=""/>
  <member type="way" ref="125848099" role=""/>
  <member type="way" ref="885090632" role=""/>
  <member type="way" ref="41143376" role=""/>
  <member type="way" ref="885090631" role=""/>
  <member type="way" ref="394926870" role=""/>
  <member type="way" ref="417056500" role=""/>
  <member type="way" ref="417056495" role=""/>
  <member type="way" ref="1326242074" role=""/>
  <member type="way" ref="1459516537" role=""/>
  <member type="way" ref="1459516536" role=""/>
  <member type="way" ref="172263123" role=""/>
  <member type="way" ref="1459516535" role=""/>
  <member type="way" ref="663131281" role=""/>
  <member type="way" ref="1012604391" role=""/>
  <member type="way" ref="1012604390" role=""/>
  <member type="way" ref="663131280" role=""/>
  <member type="way" ref="663131279" role=""/>
  <member type="way" ref="952875943" role=""/>
  <member type="way" ref="952875947" role=""/>
  <member type="way" ref="27283188" role=""/>
  <member type="way" ref="282107927" role=""/>
  <member type="way" ref="282107928" role=""/>
  <member type="way" ref="60796548" role=""/>
  <member type="way" ref="885076246" role=""/>
  <member type="way" ref="885090636" role=""/>
  <member type="node" ref="13914125099" role="guidepost"/>
  <tag k="name" v="Mittlerer Rundweg am Karer See"/>
  <tag k="name:en" v="Medium circular trail around Lake Carezza"/>
  <tag k="name:it" v="Sentiero circolare medio sul Lago di Carezza"/>
  <tag k="network" v="lwn"/>
  <tag k="route" v="hiking"/>
  <tag k="type" v="route"/>
 </relation>
 <relation id="19974725" visible="true" version="4" changeset="183790304" timestamp="2026-06-07T16:46:43Z" user="Marco Tamburini" uid="19653888">
  <member type="way" ref="417056500" role=""/>
  <member type="way" ref="394926870" role=""/>
  <member type="way" ref="27283616" role=""/>
  <member type="way" ref="1459516531" role=""/>
  <member type="way" ref="884234082" role=""/>
  <member type="way" ref="884234081" role=""/>
  <member type="way" ref="117230637" role=""/>
  <member type="way" ref="297446868" role=""/>
  <member type="way" ref="297446866" role=""/>
  <member type="way" ref="847539230" role=""/>
  <member type="way" ref="297448286" role=""/>
  <member type="way" ref="885076250" role=""/>
  <member type="way" ref="885076247" role=""/>
  <member type="way" ref="885076246" role=""/>
  <member type="way" ref="60796548" role=""/>
  <member type="way" ref="282107928" role=""/>
  <member type="way" ref="282107927" role=""/>
  <member type="way" ref="27283188" role=""/>
  <member type="way" ref="952875947" role=""/>
  <member type="way" ref="952875943" role=""/>
  <member type="way" ref="663131279" role=""/>
  <member type="way" ref="663131280" role=""/>
  <member type="way" ref="1012604390" role=""/>
  <member type="way" ref="1012604391" role=""/>
  <member type="way" ref="663131281" role=""/>
  <member type="way" ref="1459516535" role=""/>
  <member type="way" ref="172263123" role=""/>
  <member type="way" ref="1459516536" role=""/>
  <member type="way" ref="1459516537" role=""/>
  <member type="way" ref="1326242074" role=""/>
  <member type="way" ref="417056495" role=""/>
  <member type="way" ref="417056500" role=""/>
  <member type="way" ref="884234082" role=""/>
  <member type="way" ref="1459516536" role=""/>
  <member type="node" ref="13914125099" role="guidepost"/>
  <tag k="name" v="Langer Rundweg am Karer See"/>
  <tag k="name:en" v="Long circular trail around Lake Carezza"/>
  <tag k="name:it" v="Sentiero circolare lungo sul Lago di Carezza"/>
  <tag k="network" v="lwn"/>
  <tag k="network:type" v="lwn"/>
  <tag k="route" v="hiking"/>
  <tag k="type" v="route"/>
 </relation>
 <relation id="20125694" visible="true" version="1" changeset="177554322" timestamp="2026-01-22T08:38:14Z" user="AlexTies" uid="3579653">
  <member type="way" ref="1072105992" role="outer"/>
  <member type="way" ref="1385579143" role="outer"/>
  <member type="way" ref="1385579142" role="outer"/>
  <member type="way" ref="1385579141" role="outer"/>
  <tag k="natural" v="scrub"/>
  <tag k="type" v="multipolygon"/>
 </relation>
</osm>
