<?xml version="1.0" encoding="utf-8" standalone="yes"?>
<gpx version="1.1" creator="GPS Visualizer https://www.gpsvisualizer.com/" xmlns="http://www.topografix.com/GPX/1/1" xmlns:xsi="http://www.w3.org/2001/XMLSchema-instance" xsi:schemaLocation="http://www.topografix.com/GPX/1/1 http://www.topografix.com/GPX/1/1/gpx.xsd">
<name>gir_del_tre</name>
<desc>GIRO DELLE TRE CIME DI LAVAREDO AL MONTE PATERNO</desc>
<trk>
  <name>gir_del_tre</name>
  <desc>GIRO DELLE TRE CIME DI LAVAREDO AL MONTE PATERNO</desc>
  <trkseg>
    <trkpt lat="46.61222805" lon="12.29642111">
      <ele>2312.244</ele>
      <name>trk1_0</name>
    </trkpt>
    <trkpt lat="46.61225042" lon="12.29642573">
      <ele>2312.336</ele>
      <name>trk1_1</name>
    </trkpt>
    <trkpt lat="46.61227279" lon="12.29643035">
      <ele>2312.42</ele>
      <name>trk1_2</name>
    </trkpt>
    <trkpt lat="46.61231294" lon="12.29644259">
      <ele>2312.437</ele>
      <name>trk1_3</name>
    </trkpt>
    <trkpt lat="46.61235309" lon="12.29645482">
      <ele>2312.416</ele>
      <name>trk1_4</name>
    </trkpt>
    <trkpt lat="46.61239333" lon="12.2964638">
      <ele>2312.462</ele>
      <name>trk1_5</name>
    </trkpt>
    <trkpt lat="46.61242898" lon="12.29647576">
      <ele>2312.345</ele>
      <name>trk1_6</name>
    </trkpt>
    <trkpt lat="46.61246473" lon="12.29648446">
      <ele>2312.31</ele>
      <name>trk1_7</name>
    </trkpt>
    <trkpt lat="46.61250039" lon="12.29649642">
      <ele>2312.128</ele>
      <name>trk1_8</name>
    </trkpt>
    <trkpt lat="46.61253614" lon="12.29650512">
      <ele>2311.761</ele>
      <name>trk1_9</name>
    </trkpt>
    <trkpt lat="46.61256955" lon="12.29651695">
      <ele>2311.274</ele>
      <name>trk1_10</name>
    </trkpt>
    <trkpt lat="46.6126053" lon="12.29652565">
      <ele>2310.89</ele>
      <name>trk1_11</name>
    </trkpt>
    <trkpt lat="46.61264095" lon="12.29653761">
      <ele>2310.374</ele>
      <name>trk1_12</name>
    </trkpt>
    <trkpt lat="46.61267886" lon="12.29654971">
      <ele>2309.838</ele>
      <name>trk1_13</name>
    </trkpt>
    <trkpt lat="46.61271676" lon="12.29656181">
      <ele>2309.289</ele>
      <name>trk1_14</name>
    </trkpt>
    <trkpt lat="46.61275691" lon="12.29657404">
      <ele>2308.718</ele>
      <name>trk1_15</name>
    </trkpt>
    <trkpt lat="46.6127993" lon="12.29658641">
      <ele>2308.521</ele>
      <name>trk1_16</name>
    </trkpt>
    <trkpt lat="46.61282157" lon="12.29659429">
      <ele>2308.572</ele>
      <name>trk1_17</name>
    </trkpt>
    <trkpt lat="46.61284609" lon="12.29660231">
      <ele>2308.664</ele>
      <name>trk1_18</name>
    </trkpt>
    <trkpt lat="46.61288175" lon="12.29661428">
      <ele>2308.805</ele>
      <name>trk1_19</name>
    </trkpt>
    <trkpt lat="46.61291516" lon="12.2966261">
      <ele>2308.935</ele>
      <name>trk1_20</name>
    </trkpt>
    <trkpt lat="46.61294847" lon="12.29664118">
      <ele>2308.969</ele>
      <name>trk1_21</name>
    </trkpt>
    <trkpt lat="46.61298862" lon="12.29665342">
      <ele>2309.247</ele>
      <name>trk1_22</name>
    </trkpt>
    <trkpt lat="46.61301557" lon="12.29665506">
      <ele>2309.668</ele>
      <name>trk1_23</name>
    </trkpt>
    <trkpt lat="46.61304047" lon="12.29665004">
      <ele>2310.274</ele>
      <name>trk1_24</name>
    </trkpt>
    <trkpt lat="46.61306546" lon="12.29664176">
      <ele>2311.164</ele>
      <name>trk1_25</name>
    </trkpt>
    <trkpt lat="46.6130882" lon="12.29663335">
      <ele>2312.255</ele>
      <name>trk1_26</name>
    </trkpt>
    <trkpt lat="46.61313388" lon="12.29661">
      <ele>2314.656</ele>
      <name>trk1_27</name>
    </trkpt>
    <trkpt lat="46.61316111" lon="12.29660186">
      <ele>2315.9</ele>
      <name>trk1_28</name>
    </trkpt>
    <trkpt lat="46.61319041" lon="12.29660037">
      <ele>2317.003</ele>
      <name>trk1_29</name>
    </trkpt>
    <trkpt lat="46.61321521" lon="12.29659861">
      <ele>2317.953</ele>
      <name>trk1_30</name>
    </trkpt>
    <trkpt lat="46.61323757" lon="12.29660324">
      <ele>2318.608</ele>
      <name>trk1_31</name>
    </trkpt>
    <trkpt lat="46.61325975" lon="12.29661438">
      <ele>2319.045</ele>
      <name>trk1_32</name>
    </trkpt>
    <trkpt lat="46.6132839" lon="12.29663544">
      <ele>2319.232</ele>
      <name>trk1_33</name>
    </trkpt>
    <trkpt lat="46.61331824" lon="12.29669303">
      <ele>2318.967</ele>
      <name>trk1_34</name>
    </trkpt>
    <trkpt lat="46.61333302" lon="12.29672658">
      <ele>2318.91</ele>
      <name>trk1_35</name>
    </trkpt>
    <trkpt lat="46.61334537" lon="12.29676652">
      <ele>2319.01</ele>
      <name>trk1_36</name>
    </trkpt>
    <trkpt lat="46.61335753" lon="12.29681297">
      <ele>2318.976</ele>
      <name>trk1_37</name>
    </trkpt>
    <trkpt lat="46.61336754" lon="12.29685602">
      <ele>2318.847</ele>
      <name>trk1_38</name>
    </trkpt>
    <trkpt lat="46.61337754" lon="12.29689908">
      <ele>2318.707</ele>
      <name>trk1_39</name>
    </trkpt>
    <trkpt lat="46.61338531" lon="12.296942">
      <ele>2318.414</ele>
      <name>trk1_40</name>
    </trkpt>
    <trkpt lat="46.61339541" lon="12.29698179">
      <ele>2318.23</ele>
      <name>trk1_41</name>
    </trkpt>
    <trkpt lat="46.61340326" lon="12.29702145">
      <ele>2317.866</ele>
      <name>trk1_42</name>
    </trkpt>
    <trkpt lat="46.61340897" lon="12.29705772">
      <ele>2317.418</ele>
      <name>trk1_43</name>
    </trkpt>
    <trkpt lat="46.61341682" lon="12.29709738">
      <ele>2316.995</ele>
      <name>trk1_44</name>
    </trkpt>
    <trkpt lat="46.61342477" lon="12.29713378">
      <ele>2316.62</ele>
      <name>trk1_45</name>
    </trkpt>
    <trkpt lat="46.61343263" lon="12.29717344">
      <ele>2316.134</ele>
      <name>trk1_46</name>
    </trkpt>
    <trkpt lat="46.61344049" lon="12.2972131">
      <ele>2315.616</ele>
      <name>trk1_47</name>
    </trkpt>
    <trkpt lat="46.61345059" lon="12.29725289">
      <ele>2315.422</ele>
      <name>trk1_48</name>
    </trkpt>
    <trkpt lat="46.61346069" lon="12.29729269">
      <ele>2315.288</ele>
      <name>trk1_49</name>
    </trkpt>
    <trkpt lat="46.6134707" lon="12.29733574">
      <ele>2315.087</ele>
      <name>trk1_50</name>
    </trkpt>
    <trkpt lat="46.6134852" lon="12.29737907">
      <ele>2315.087</ele>
      <name>trk1_51</name>
    </trkpt>
    <trkpt lat="46.61349951" lon="12.29742892">
      <ele>2314.954</ele>
      <name>trk1_52</name>
    </trkpt>
    <trkpt lat="46.61352047" lon="12.29748244">
      <ele>2315.053</ele>
      <name>trk1_53</name>
    </trkpt>
    <trkpt lat="46.61354629" lon="12.29752319">
      <ele>2315.735</ele>
      <name>trk1_54</name>
    </trkpt>
    <trkpt lat="46.61356978" lon="12.29756706">
      <ele>2316.377</ele>
      <name>trk1_55</name>
    </trkpt>
    <trkpt lat="46.61359279" lon="12.29762723">
      <ele>2316.799</ele>
      <name>trk1_56</name>
    </trkpt>
    <trkpt lat="46.61359634" lon="12.2976601">
      <ele>2316.61</ele>
      <name>trk1_57</name>
    </trkpt>
    <trkpt lat="46.61360195" lon="12.29769963">
      <ele>2316.439</ele>
      <name>trk1_58</name>
    </trkpt>
    <trkpt lat="46.61360269" lon="12.29775191">
      <ele>2315.913</ele>
      <name>trk1_59</name>
    </trkpt>
    <trkpt lat="46.61360577" lon="12.29780108">
      <ele>2316.016</ele>
      <name>trk1_60</name>
    </trkpt>
    <trkpt lat="46.6136067" lon="12.29784685">
      <ele>2316.544</ele>
      <name>trk1_61</name>
    </trkpt>
    <trkpt lat="46.6136095" lon="12.29790579">
      <ele>2317.305</ele>
      <name>trk1_62</name>
    </trkpt>
    <trkpt lat="46.61362559" lon="12.29797207">
      <ele>2319.021</ele>
      <name>trk1_63</name>
    </trkpt>
    <trkpt lat="46.61363953" lon="12.29803496">
      <ele>2320.612</ele>
      <name>trk1_64</name>
    </trkpt>
    <trkpt lat="46.61364906" lon="12.29809431">
      <ele>2321.719</ele>
      <name>trk1_65</name>
    </trkpt>
    <trkpt lat="46.61365869" lon="12.29815041">
      <ele>2322.708</ele>
      <name>trk1_66</name>
    </trkpt>
    <trkpt lat="46.61366599" lon="12.29820962">
      <ele>2323.556</ele>
      <name>trk1_67</name>
    </trkpt>
    <trkpt lat="46.61367094" lon="12.29827196">
      <ele>2324.267</ele>
      <name>trk1_68</name>
    </trkpt>
    <trkpt lat="46.61367458" lon="12.29830157">
      <ele>2324.682</ele>
      <name>trk1_69</name>
    </trkpt>
    <trkpt lat="46.61367579" lon="12.29833756">
      <ele>2324.958</ele>
      <name>trk1_70</name>
    </trkpt>
    <trkpt lat="46.613677" lon="12.29837355">
      <ele>2325.032</ele>
      <name>trk1_71</name>
    </trkpt>
    <trkpt lat="46.61368037" lon="12.29841294">
      <ele>2325.239</ele>
      <name>trk1_72</name>
    </trkpt>
    <trkpt lat="46.61367679" lon="12.2985368">
      <ele>2325.02</ele>
      <name>trk1_73</name>
    </trkpt>
    <trkpt lat="46.61367342" lon="12.29857578">
      <ele>2324.813</ele>
      <name>trk1_74</name>
    </trkpt>
    <trkpt lat="46.61367014" lon="12.2986115">
      <ele>2324.611</ele>
      <name>trk1_75</name>
    </trkpt>
    <trkpt lat="46.61366676" lon="12.29865047">
      <ele>2324.264</ele>
      <name>trk1_76</name>
    </trkpt>
    <trkpt lat="46.61365805" lon="12.29871851">
      <ele>2323.486</ele>
      <name>trk1_77</name>
    </trkpt>
    <trkpt lat="46.61365252" lon="12.2987541">
      <ele>2323.019</ele>
      <name>trk1_78</name>
    </trkpt>
    <trkpt lat="46.61364268" lon="12.29886125">
      <ele>2322.032</ele>
      <name>trk1_79</name>
    </trkpt>
    <trkpt lat="46.61364033" lon="12.29894274">
      <ele>2321.4</ele>
      <name>trk1_80</name>
    </trkpt>
    <trkpt lat="46.61364135" lon="12.29898525">
      <ele>2321.157</ele>
      <name>trk1_81</name>
    </trkpt>
    <trkpt lat="46.61364452" lon="12.29903115">
      <ele>2321.02</ele>
      <name>trk1_82</name>
    </trkpt>
    <trkpt lat="46.61364732" lon="12.2990901">
      <ele>2320.767</ele>
      <name>trk1_83</name>
    </trkpt>
    <trkpt lat="46.6136548" lon="12.29914279">
      <ele>2320.846</ele>
      <name>trk1_84</name>
    </trkpt>
    <trkpt lat="46.61366995" lon="12.29924167">
      <ele>2320.947</ele>
      <name>trk1_85</name>
    </trkpt>
    <trkpt lat="46.61367986" lon="12.29928799">
      <ele>2321.118</ele>
      <name>trk1_86</name>
    </trkpt>
    <trkpt lat="46.61368968" lon="12.29933756">
      <ele>2321.23</ele>
      <name>trk1_87</name>
    </trkpt>
    <trkpt lat="46.61370165" lon="12.29939053">
      <ele>2321.404</ele>
      <name>trk1_88</name>
    </trkpt>
    <trkpt lat="46.61372503" lon="12.29951603">
      <ele>2320.863</ele>
      <name>trk1_89</name>
    </trkpt>
    <trkpt lat="46.6137369" lon="12.29957226">
      <ele>2320.492</ele>
      <name>trk1_90</name>
    </trkpt>
    <trkpt lat="46.61375103" lon="12.29962863">
      <ele>2320.24</ele>
      <name>trk1_91</name>
    </trkpt>
    <trkpt lat="46.61376524" lon="12.29968174">
      <ele>2320.052</ele>
      <name>trk1_92</name>
    </trkpt>
    <trkpt lat="46.6137818" lon="12.29973172">
      <ele>2320.025</ele>
      <name>trk1_93</name>
    </trkpt>
    <trkpt lat="46.61379621" lon="12.29977831">
      <ele>2319.851</ele>
      <name>trk1_94</name>
    </trkpt>
    <trkpt lat="46.61381286" lon="12.29982504">
      <ele>2319.775</ele>
      <name>trk1_95</name>
    </trkpt>
    <trkpt lat="46.6138296" lon="12.2998685">
      <ele>2319.751</ele>
      <name>trk1_96</name>
    </trkpt>
    <trkpt lat="46.6138485" lon="12.29991537">
      <ele>2319.748</ele>
      <name>trk1_97</name>
    </trkpt>
    <trkpt lat="46.61386515" lon="12.29996209">
      <ele>2319.611</ele>
      <name>trk1_98</name>
    </trkpt>
    <trkpt lat="46.61390295" lon="12.30005582">
      <ele>2319.543</ele>
      <name>trk1_99</name>
    </trkpt>
    <trkpt lat="46.61392175" lon="12.30010594">
      <ele>2319.441</ele>
      <name>trk1_100</name>
    </trkpt>
    <trkpt lat="46.61394046" lon="12.30015932">
      <ele>2319.237</ele>
      <name>trk1_101</name>
    </trkpt>
    <trkpt lat="46.61395907" lon="12.30021596">
      <ele>2318.929</ele>
      <name>trk1_102</name>
    </trkpt>
    <trkpt lat="46.61397975" lon="12.30027926">
      <ele>2318.558</ele>
      <name>trk1_103</name>
    </trkpt>
    <trkpt lat="46.613992" lon="12.30032245">
      <ele>2318.554</ele>
      <name>trk1_104</name>
    </trkpt>
    <trkpt lat="46.61400435" lon="12.30036238">
      <ele>2318.601</ele>
      <name>trk1_105</name>
    </trkpt>
    <trkpt lat="46.61401669" lon="12.30040232">
      <ele>2318.648</ele>
      <name>trk1_106</name>
    </trkpt>
    <trkpt lat="46.61402689" lon="12.30043886">
      <ele>2318.636</ele>
      <name>trk1_107</name>
    </trkpt>
    <trkpt lat="46.61403708" lon="12.30047539">
      <ele>2318.623</ele>
      <name>trk1_108</name>
    </trkpt>
    <trkpt lat="46.61404728" lon="12.30051193">
      <ele>2318.611</ele>
      <name>trk1_109</name>
    </trkpt>
    <trkpt lat="46.61405757" lon="12.30054521">
      <ele>2318.651</ele>
      <name>trk1_110</name>
    </trkpt>
    <trkpt lat="46.61406776" lon="12.30058175">
      <ele>2318.793</ele>
      <name>trk1_111</name>
    </trkpt>
    <trkpt lat="46.61407581" lon="12.30061489">
      <ele>2318.924</ele>
      <name>trk1_112</name>
    </trkpt>
    <trkpt lat="46.614086" lon="12.30065143">
      <ele>2319.144</ele>
      <name>trk1_113</name>
    </trkpt>
    <trkpt lat="46.61409629" lon="12.3006847">
      <ele>2319.405</ele>
      <name>trk1_114</name>
    </trkpt>
    <trkpt lat="46.61410639" lon="12.3007245">
      <ele>2319.614</ele>
      <name>trk1_115</name>
    </trkpt>
    <trkpt lat="46.61411659" lon="12.30076104">
      <ele>2319.863</ele>
      <name>trk1_116</name>
    </trkpt>
    <trkpt lat="46.61412659" lon="12.3008041">
      <ele>2320.062</ele>
      <name>trk1_117</name>
    </trkpt>
    <trkpt lat="46.61413884" lon="12.30084729">
      <ele>2320.392</ele>
      <name>trk1_118</name>
    </trkpt>
    <trkpt lat="46.614151" lon="12.30089374">
      <ele>2320.707</ele>
      <name>trk1_119</name>
    </trkpt>
    <trkpt lat="46.61416747" lon="12.30094699">
      <ele>2321.215</ele>
      <name>trk1_120</name>
    </trkpt>
    <trkpt lat="46.61417906" lon="12.301013">
      <ele>2321.213</ele>
      <name>trk1_121</name>
    </trkpt>
    <trkpt lat="46.61418429" lon="12.30106556">
      <ele>2321.036</ele>
      <name>trk1_122</name>
    </trkpt>
    <trkpt lat="46.61418737" lon="12.30111472">
      <ele>2320.77</ele>
      <name>trk1_123</name>
    </trkpt>
    <trkpt lat="46.61419064" lon="12.30115737">
      <ele>2320.312</ele>
      <name>trk1_124</name>
    </trkpt>
    <trkpt lat="46.61419381" lon="12.30120328">
      <ele>2319.812</ele>
      <name>trk1_125</name>
    </trkpt>
    <trkpt lat="46.61419708" lon="12.30124593">
      <ele>2319.369</ele>
      <name>trk1_126</name>
    </trkpt>
    <trkpt lat="46.61420026" lon="12.30129183">
      <ele>2318.885</ele>
      <name>trk1_127</name>
    </trkpt>
    <trkpt lat="46.61420334" lon="12.301341">
      <ele>2318.36</ele>
      <name>trk1_128</name>
    </trkpt>
    <trkpt lat="46.61421072" lon="12.30139696">
      <ele>2317.97</ele>
      <name>trk1_129</name>
    </trkpt>
    <trkpt lat="46.61421595" lon="12.30144952">
      <ele>2317.613</ele>
      <name>trk1_130</name>
    </trkpt>
    <trkpt lat="46.61422362" lon="12.3014957">
      <ele>2317.433</ele>
      <name>trk1_131</name>
    </trkpt>
    <trkpt lat="46.6142469" lon="12.30162446">
      <ele>2316.966</ele>
      <name>trk1_132</name>
    </trkpt>
    <trkpt lat="46.61425456" lon="12.30167064">
      <ele>2316.749</ele>
      <name>trk1_133</name>
    </trkpt>
    <trkpt lat="46.61425989" lon="12.30171994">
      <ele>2316.389</ele>
      <name>trk1_134</name>
    </trkpt>
    <trkpt lat="46.61426278" lon="12.30177563">
      <ele>2315.854</ele>
      <name>trk1_135</name>
    </trkpt>
    <trkpt lat="46.61426324" lon="12.30183769">
      <ele>2315.137</ele>
      <name>trk1_136</name>
    </trkpt>
    <trkpt lat="46.61425834" lon="12.30200719">
      <ele>2313.32</ele>
      <name>trk1_137</name>
    </trkpt>
    <trkpt lat="46.61425449" lon="12.30206246">
      <ele>2312.867</ele>
      <name>trk1_138</name>
    </trkpt>
    <trkpt lat="46.61425083" lon="12.30211122">
      <ele>2312.46</ele>
      <name>trk1_139</name>
    </trkpt>
    <trkpt lat="46.61424118" lon="12.30221185">
      <ele>2311.535</ele>
      <name>trk1_140</name>
    </trkpt>
    <trkpt lat="46.61423161" lon="12.30230923">
      <ele>2310.966</ele>
      <name>trk1_141</name>
    </trkpt>
    <trkpt lat="46.61422561" lon="12.30236111">
      <ele>2310.652</ele>
      <name>trk1_142</name>
    </trkpt>
    <trkpt lat="46.61420825" lon="12.30265066">
      <ele>2309.335</ele>
      <name>trk1_143</name>
    </trkpt>
    <trkpt lat="46.61420449" lon="12.30270267">
      <ele>2309.004</ele>
      <name>trk1_144</name>
    </trkpt>
    <trkpt lat="46.61419554" lon="12.30301233">
      <ele>2305.906</ele>
      <name>trk1_145</name>
    </trkpt>
    <trkpt lat="46.61419441" lon="12.30305144">
      <ele>2305.441</ele>
      <name>trk1_146</name>
    </trkpt>
    <trkpt lat="46.61419543" lon="12.30309395">
      <ele>2305.435</ele>
      <name>trk1_147</name>
    </trkpt>
    <trkpt lat="46.61419421" lon="12.30313633">
      <ele>2305.359</ele>
      <name>trk1_148</name>
    </trkpt>
    <trkpt lat="46.61419523" lon="12.30317884">
      <ele>2305.394</ele>
      <name>trk1_149</name>
    </trkpt>
    <trkpt lat="46.61419616" lon="12.30322461">
      <ele>2305.422</ele>
      <name>trk1_150</name>
    </trkpt>
    <trkpt lat="46.61419474" lon="12.3032735">
      <ele>2305.336</ele>
      <name>trk1_151</name>
    </trkpt>
    <trkpt lat="46.61419558" lon="12.30332253">
      <ele>2305.357</ele>
      <name>trk1_152</name>
    </trkpt>
    <trkpt lat="46.61419847" lon="12.30337821">
      <ele>2305.83</ele>
      <name>trk1_153</name>
    </trkpt>
    <trkpt lat="46.61419687" lon="12.30343362">
      <ele>2306.175</ele>
      <name>trk1_154</name>
    </trkpt>
    <trkpt lat="46.61419761" lon="12.30348591">
      <ele>2306.608</ele>
      <name>trk1_155</name>
    </trkpt>
    <trkpt lat="46.61419629" lon="12.30353155">
      <ele>2306.89</ele>
      <name>trk1_156</name>
    </trkpt>
    <trkpt lat="46.61419721" lon="12.30357732">
      <ele>2307.283</ele>
      <name>trk1_157</name>
    </trkpt>
    <trkpt lat="46.61419814" lon="12.30362309">
      <ele>2307.716</ele>
      <name>trk1_158</name>
    </trkpt>
    <trkpt lat="46.61419897" lon="12.30367211">
      <ele>2308.287</ele>
      <name>trk1_159</name>
    </trkpt>
    <trkpt lat="46.61419747" lon="12.30372427">
      <ele>2308.775</ele>
      <name>trk1_160</name>
    </trkpt>
    <trkpt lat="46.61420026" lon="12.30378321">
      <ele>2309.552</ele>
      <name>trk1_161</name>
    </trkpt>
    <trkpt lat="46.61419922" lon="12.30381907">
      <ele>2309.887</ele>
      <name>trk1_162</name>
    </trkpt>
    <trkpt lat="46.61419809" lon="12.30385818">
      <ele>2310.252</ele>
      <name>trk1_163</name>
    </trkpt>
    <trkpt lat="46.61419706" lon="12.30389403">
      <ele>2310.606</ele>
      <name>trk1_164</name>
    </trkpt>
    <trkpt lat="46.61419612" lon="12.30392663">
      <ele>2311.028</ele>
      <name>trk1_165</name>
    </trkpt>
    <trkpt lat="46.61419217" lon="12.30398516">
      <ele>2311.672</ele>
      <name>trk1_166</name>
    </trkpt>
    <trkpt lat="46.61418055" lon="12.30407588">
      <ele>2312.392</ele>
      <name>trk1_167</name>
    </trkpt>
    <trkpt lat="46.61417493" lon="12.30411472">
      <ele>2312.668</ele>
      <name>trk1_168</name>
    </trkpt>
    <trkpt lat="46.61416181" lon="12.30417923">
      <ele>2312.947</ele>
      <name>trk1_169</name>
    </trkpt>
    <trkpt lat="46.61414888" lon="12.30423722">
      <ele>2313.262</ele>
      <name>trk1_170</name>
    </trkpt>
    <trkpt lat="46.61413165" lon="12.30428841">
      <ele>2313.23</ele>
      <name>trk1_171</name>
    </trkpt>
    <trkpt lat="46.6141074" lon="12.30434897">
      <ele>2313.008</ele>
      <name>trk1_172</name>
    </trkpt>
    <trkpt lat="46.61408606" lon="12.30438686">
      <ele>2312.551</ele>
      <name>trk1_173</name>
    </trkpt>
    <trkpt lat="46.61402932" lon="12.30448136">
      <ele>2311.246</ele>
      <name>trk1_174</name>
    </trkpt>
    <trkpt lat="46.61398935" lon="12.30454097">
      <ele>2310.259</ele>
      <name>trk1_175</name>
    </trkpt>
    <trkpt lat="46.61396819" lon="12.30457233">
      <ele>2309.782</ele>
      <name>trk1_176</name>
    </trkpt>
    <trkpt lat="46.61394469" lon="12.30460682">
      <ele>2309.286</ele>
      <name>trk1_177</name>
    </trkpt>
    <trkpt lat="46.6139051" lon="12.30465338">
      <ele>2308.301</ele>
      <name>trk1_178</name>
    </trkpt>
    <trkpt lat="46.61386793" lon="12.30469357">
      <ele>2307.655</ele>
      <name>trk1_179</name>
    </trkpt>
    <trkpt lat="46.6138332" lon="12.30472737">
      <ele>2307.303</ele>
      <name>trk1_180</name>
    </trkpt>
    <trkpt lat="46.61379848" lon="12.30476117">
      <ele>2306.954</ele>
      <name>trk1_181</name>
    </trkpt>
    <trkpt lat="46.61376375" lon="12.30479498">
      <ele>2306.727</ele>
      <name>trk1_182</name>
    </trkpt>
    <trkpt lat="46.61372677" lon="12.30482864">
      <ele>2306.557</ele>
      <name>trk1_183</name>
    </trkpt>
    <trkpt lat="46.6136267" lon="12.30494336">
      <ele>2307.491</ele>
      <name>trk1_184</name>
    </trkpt>
    <trkpt lat="46.61360423" lon="12.30502036">
      <ele>2308.878</ele>
      <name>trk1_185</name>
    </trkpt>
    <trkpt lat="46.61359241" lon="12.30511759">
      <ele>2309.163</ele>
      <name>trk1_186</name>
    </trkpt>
    <trkpt lat="46.61359512" lon="12.3051798">
      <ele>2309.736</ele>
      <name>trk1_187</name>
    </trkpt>
    <trkpt lat="46.61360231" lon="12.30524227">
      <ele>2310.451</ele>
      <name>trk1_188</name>
    </trkpt>
    <trkpt lat="46.61361175" lon="12.30530489">
      <ele>2311.216</ele>
      <name>trk1_189</name>
    </trkpt>
    <trkpt lat="46.61362109" lon="12.30537076">
      <ele>2311.993</ele>
      <name>trk1_190</name>
    </trkpt>
    <trkpt lat="46.61362464" lon="12.30540363">
      <ele>2312.344</ele>
      <name>trk1_191</name>
    </trkpt>
    <trkpt lat="46.61362585" lon="12.30543962">
      <ele>2312.643</ele>
      <name>trk1_192</name>
    </trkpt>
    <trkpt lat="46.61362706" lon="12.30547561">
      <ele>2312.941</ele>
      <name>trk1_193</name>
    </trkpt>
    <trkpt lat="46.61362808" lon="12.30551812">
      <ele>2313.28</ele>
      <name>trk1_194</name>
    </trkpt>
    <trkpt lat="46.61362218" lon="12.30556674">
      <ele>2313.36</ele>
      <name>trk1_195</name>
    </trkpt>
    <trkpt lat="46.61361412" lon="12.30561196">
      <ele>2313.1</ele>
      <name>trk1_196</name>
    </trkpt>
    <trkpt lat="46.61360391" lon="12.30565379">
      <ele>2312.767</ele>
      <name>trk1_197</name>
    </trkpt>
    <trkpt lat="46.61358134" lon="12.30573404">
      <ele>2312.035</ele>
      <name>trk1_198</name>
    </trkpt>
    <trkpt lat="46.61356888" lon="12.30577573">
      <ele>2311.632</ele>
      <name>trk1_199</name>
    </trkpt>
    <trkpt lat="46.61354272" lon="12.30597985">
      <ele>2311.312</ele>
      <name>trk1_200</name>
    </trkpt>
    <trkpt lat="46.61353876" lon="12.30611674">
      <ele>2311.641</ele>
      <name>trk1_201</name>
    </trkpt>
    <trkpt lat="46.61354194" lon="12.30616265">
      <ele>2311.62</ele>
      <name>trk1_202</name>
    </trkpt>
    <trkpt lat="46.61354501" lon="12.30621181">
      <ele>2311.582</ele>
      <name>trk1_203</name>
    </trkpt>
    <trkpt lat="46.61355005" lon="12.30627089">
      <ele>2311.573</ele>
      <name>trk1_204</name>
    </trkpt>
    <trkpt lat="46.61354855" lon="12.30632305">
      <ele>2311.382</ele>
      <name>trk1_205</name>
    </trkpt>
    <trkpt lat="46.61354713" lon="12.30637194">
      <ele>2311.204</ele>
      <name>trk1_206</name>
    </trkpt>
    <trkpt lat="46.61354347" lon="12.30642069">
      <ele>2310.965</ele>
      <name>trk1_207</name>
    </trkpt>
    <trkpt lat="46.61353738" lon="12.30647583">
      <ele>2310.647</ele>
      <name>trk1_208</name>
    </trkpt>
    <trkpt lat="46.61352726" lon="12.3065144">
      <ele>2310.27</ele>
      <name>trk1_209</name>
    </trkpt>
    <trkpt lat="46.61351724" lon="12.3065497">
      <ele>2309.913</ele>
      <name>trk1_210</name>
    </trkpt>
    <trkpt lat="46.61349748" lon="12.30661054">
      <ele>2309.256</ele>
      <name>trk1_211</name>
    </trkpt>
    <trkpt lat="46.613472" lon="12.30671347">
      <ele>2308.326</ele>
      <name>trk1_212</name>
    </trkpt>
    <trkpt lat="46.61346955" lon="12.30679822">
      <ele>2307.959</ele>
      <name>trk1_213</name>
    </trkpt>
    <trkpt lat="46.61347749" lon="12.30683462">
      <ele>2308.028</ele>
      <name>trk1_214</name>
    </trkpt>
    <trkpt lat="46.61348535" lon="12.30687428">
      <ele>2308.083</ele>
      <name>trk1_215</name>
    </trkpt>
    <trkpt lat="46.61349301" lon="12.30692046">
      <ele>2308.11</ele>
      <name>trk1_216</name>
    </trkpt>
    <trkpt lat="46.61349599" lon="12.30697288">
      <ele>2308.099</ele>
      <name>trk1_217</name>
    </trkpt>
    <trkpt lat="46.61350141" lon="12.30701893">
      <ele>2308.236</ele>
      <name>trk1_218</name>
    </trkpt>
    <trkpt lat="46.61350458" lon="12.30706483">
      <ele>2308.315</ele>
      <name>trk1_219</name>
    </trkpt>
    <trkpt lat="46.61350972" lon="12.30712065">
      <ele>2308.445</ele>
      <name>trk1_220</name>
    </trkpt>
    <trkpt lat="46.61351083" lon="12.30715991">
      <ele>2308.473</ele>
      <name>trk1_221</name>
    </trkpt>
    <trkpt lat="46.61351204" lon="12.3071959">
      <ele>2308.503</ele>
      <name>trk1_222</name>
    </trkpt>
    <trkpt lat="46.61351783" lon="12.3072289">
      <ele>2308.617</ele>
      <name>trk1_223</name>
    </trkpt>
    <trkpt lat="46.61352784" lon="12.30727196">
      <ele>2308.669</ele>
      <name>trk1_224</name>
    </trkpt>
    <trkpt lat="46.61353756" lon="12.30732479">
      <ele>2308.679</ele>
      <name>trk1_225</name>
    </trkpt>
    <trkpt lat="46.61354981" lon="12.30736799">
      <ele>2308.815</ele>
      <name>trk1_226</name>
    </trkpt>
    <trkpt lat="46.61356421" lon="12.30741458">
      <ele>2309.009</ele>
      <name>trk1_227</name>
    </trkpt>
    <trkpt lat="46.61358516" lon="12.3074681">
      <ele>2309.378</ele>
      <name>trk1_228</name>
    </trkpt>
    <trkpt lat="46.61361276" lon="12.30752529">
      <ele>2310.042</ele>
      <name>trk1_229</name>
    </trkpt>
    <trkpt lat="46.61363596" lon="12.30757895">
      <ele>2310.652</ele>
      <name>trk1_230</name>
    </trkpt>
    <trkpt lat="46.61365915" lon="12.3076326">
      <ele>2311.293</ele>
      <name>trk1_231</name>
    </trkpt>
    <trkpt lat="46.6136802" lon="12.30768287">
      <ele>2311.905</ele>
      <name>trk1_232</name>
    </trkpt>
    <trkpt lat="46.61370125" lon="12.30773313">
      <ele>2312.544</ele>
      <name>trk1_233</name>
    </trkpt>
    <trkpt lat="46.61372229" lon="12.30778339">
      <ele>2313.202</ele>
      <name>trk1_234</name>
    </trkpt>
    <trkpt lat="46.6137454" lon="12.3078403">
      <ele>2313.868</ele>
      <name>trk1_235</name>
    </trkpt>
    <trkpt lat="46.61377271" lon="12.30790727">
      <ele>2314.654</ele>
      <name>trk1_236</name>
    </trkpt>
    <trkpt lat="46.61378739" lon="12.30794409">
      <ele>2315.077</ele>
      <name>trk1_237</name>
    </trkpt>
    <trkpt lat="46.61379983" lon="12.30798076">
      <ele>2315.435</ele>
      <name>trk1_238</name>
    </trkpt>
    <trkpt lat="46.61382265" lon="12.30804746">
      <ele>2316.092</ele>
      <name>trk1_239</name>
    </trkpt>
    <trkpt lat="46.61383303" lon="12.30807748">
      <ele>2316.186</ele>
      <name>trk1_240</name>
    </trkpt>
    <trkpt lat="46.61384322" lon="12.30811402">
      <ele>2316.123</ele>
      <name>trk1_241</name>
    </trkpt>
    <trkpt lat="46.61385342" lon="12.30815055">
      <ele>2316.04</ele>
      <name>trk1_242</name>
    </trkpt>
    <trkpt lat="46.61386557" lon="12.30819701">
      <ele>2315.886</ele>
      <name>trk1_243</name>
    </trkpt>
    <trkpt lat="46.61388428" lon="12.30825039">
      <ele>2315.786</ele>
      <name>trk1_244</name>
    </trkpt>
    <trkpt lat="46.61390102" lon="12.30829386">
      <ele>2315.819</ele>
      <name>trk1_245</name>
    </trkpt>
    <trkpt lat="46.61392244" lon="12.30833108">
      <ele>2316.111</ele>
      <name>trk1_246</name>
    </trkpt>
    <trkpt lat="46.61395276" lon="12.30837211">
      <ele>2316.028</ele>
      <name>trk1_247</name>
    </trkpt>
    <trkpt lat="46.61397671" lon="12.3083997">
      <ele>2316.022</ele>
      <name>trk1_248</name>
    </trkpt>
    <trkpt lat="46.614003" lon="12.30842416">
      <ele>2316.14</ele>
      <name>trk1_249</name>
    </trkpt>
    <trkpt lat="46.61402948" lon="12.3084421">
      <ele>2316.418</ele>
      <name>trk1_250</name>
    </trkpt>
    <trkpt lat="46.61406504" lon="12.30845733">
      <ele>2317.016</ele>
      <name>trk1_251</name>
    </trkpt>
    <trkpt lat="46.61408713" lon="12.30847173">
      <ele>2317.224</ele>
      <name>trk1_252</name>
    </trkpt>
    <trkpt lat="46.61411614" lon="12.30848003">
      <ele>2317.802</ele>
      <name>trk1_253</name>
    </trkpt>
    <trkpt lat="46.61414318" lon="12.30847842">
      <ele>2318.627</ele>
      <name>trk1_254</name>
    </trkpt>
    <trkpt lat="46.61418839" lon="12.30847138">
      <ele>2320.075</ele>
      <name>trk1_255</name>
    </trkpt>
    <trkpt lat="46.61421749" lon="12.30847642">
      <ele>2320.639</ele>
      <name>trk1_256</name>
    </trkpt>
    <trkpt lat="46.61425324" lon="12.30848513">
      <ele>2321.234</ele>
      <name>trk1_257</name>
    </trkpt>
    <trkpt lat="46.61428431" lon="12.30850008">
      <ele>2321.477</ele>
      <name>trk1_258</name>
    </trkpt>
    <trkpt lat="46.61431538" lon="12.30851504">
      <ele>2321.695</ele>
      <name>trk1_259</name>
    </trkpt>
    <trkpt lat="46.6143442" lon="12.30852985">
      <ele>2321.842</ele>
      <name>trk1_260</name>
    </trkpt>
    <trkpt lat="46.61437302" lon="12.30854467">
      <ele>2321.965</ele>
      <name>trk1_261</name>
    </trkpt>
    <trkpt lat="46.61440184" lon="12.30855949">
      <ele>2322.067</ele>
      <name>trk1_262</name>
    </trkpt>
    <trkpt lat="46.61443506" lon="12.30857784">
      <ele>2322.107</ele>
      <name>trk1_263</name>
    </trkpt>
    <trkpt lat="46.61447287" lon="12.30859321">
      <ele>2322.234</ele>
      <name>trk1_264</name>
    </trkpt>
    <trkpt lat="46.61449963" lon="12.30860137">
      <ele>2322.393</ele>
      <name>trk1_265</name>
    </trkpt>
    <trkpt lat="46.6145264" lon="12.30860953">
      <ele>2322.541</ele>
      <name>trk1_266</name>
    </trkpt>
    <trkpt lat="46.61455325" lon="12.30861444">
      <ele>2322.826</ele>
      <name>trk1_267</name>
    </trkpt>
    <trkpt lat="46.61457777" lon="12.30862246">
      <ele>2322.967</ele>
      <name>trk1_268</name>
    </trkpt>
    <trkpt lat="46.61460014" lon="12.30862709">
      <ele>2323.216</ele>
      <name>trk1_269</name>
    </trkpt>
    <trkpt lat="46.61462475" lon="12.30863186">
      <ele>2323.517</ele>
      <name>trk1_270</name>
    </trkpt>
    <trkpt lat="46.61464702" lon="12.30863975">
      <ele>2323.682</ele>
      <name>trk1_271</name>
    </trkpt>
    <trkpt lat="46.61473649" lon="12.30865826">
      <ele>2325.112</ele>
      <name>trk1_272</name>
    </trkpt>
    <trkpt lat="46.61481005" lon="12.30868234">
      <ele>2326.705</ele>
      <name>trk1_273</name>
    </trkpt>
    <trkpt lat="46.61483906" lon="12.30869064">
      <ele>2327.314</ele>
      <name>trk1_274</name>
    </trkpt>
    <trkpt lat="46.61486797" lon="12.3087022">
      <ele>2327.763</ele>
      <name>trk1_275</name>
    </trkpt>
    <trkpt lat="46.61490363" lon="12.30871417">
      <ele>2328.351</ele>
      <name>trk1_276</name>
    </trkpt>
    <trkpt lat="46.61496576" lon="12.30874408">
      <ele>2328.839</ele>
      <name>trk1_277</name>
    </trkpt>
    <trkpt lat="46.61499224" lon="12.30876202">
      <ele>2328.734</ele>
      <name>trk1_278</name>
    </trkpt>
    <trkpt lat="46.61502097" lon="12.3087801">
      <ele>2328.774</ele>
      <name>trk1_279</name>
    </trkpt>
    <trkpt lat="46.6150496" lon="12.30880143">
      <ele>2328.776</ele>
      <name>trk1_280</name>
    </trkpt>
    <trkpt lat="46.61508273" lon="12.30882305">
      <ele>2329.004</ele>
      <name>trk1_281</name>
    </trkpt>
    <trkpt lat="46.615118" lon="12.30884805">
      <ele>2329.272</ele>
      <name>trk1_282</name>
    </trkpt>
    <trkpt lat="46.61515104" lon="12.30887292">
      <ele>2329.572</ele>
      <name>trk1_283</name>
    </trkpt>
    <trkpt lat="46.61517704" lon="12.30890716">
      <ele>2329.455</ele>
      <name>trk1_284</name>
    </trkpt>
    <trkpt lat="46.61520071" lon="12.30894452">
      <ele>2329.324</ele>
      <name>trk1_285</name>
    </trkpt>
    <trkpt lat="46.61521989" lon="12.30898161">
      <ele>2329.093</ele>
      <name>trk1_286</name>
    </trkpt>
    <trkpt lat="46.61523663" lon="12.30902508">
      <ele>2328.648</ele>
      <name>trk1_287</name>
    </trkpt>
    <trkpt lat="46.61525562" lon="12.30906869">
      <ele>2328.385</ele>
      <name>trk1_288</name>
    </trkpt>
    <trkpt lat="46.6152791" lon="12.30911257">
      <ele>2328.436</ele>
      <name>trk1_289</name>
    </trkpt>
    <trkpt lat="46.61530707" lon="12.30915672">
      <ele>2328.836</ele>
      <name>trk1_290</name>
    </trkpt>
    <trkpt lat="46.61533299" lon="12.30919422">
      <ele>2328.91</ele>
      <name>trk1_291</name>
    </trkpt>
    <trkpt lat="46.615359" lon="12.30922846">
      <ele>2329.004</ele>
      <name>trk1_292</name>
    </trkpt>
    <trkpt lat="46.61538061" lon="12.30925917">
      <ele>2329.013</ele>
      <name>trk1_293</name>
    </trkpt>
    <trkpt lat="46.61540446" lon="12.30929001">
      <ele>2329.159</ele>
      <name>trk1_294</name>
    </trkpt>
    <trkpt lat="46.61542842" lon="12.30931759">
      <ele>2329.453</ele>
      <name>trk1_295</name>
    </trkpt>
    <trkpt lat="46.61545461" lon="12.30934531">
      <ele>2329.884</ele>
      <name>trk1_296</name>
    </trkpt>
    <trkpt lat="46.61548306" lon="12.30937317">
      <ele>2330.457</ele>
      <name>trk1_297</name>
    </trkpt>
    <trkpt lat="46.61551815" lon="12.3094047">
      <ele>2331.296</ele>
      <name>trk1_298</name>
    </trkpt>
    <trkpt lat="46.61555333" lon="12.30943297">
      <ele>2332.285</ele>
      <name>trk1_299</name>
    </trkpt>
    <trkpt lat="46.6155886" lon="12.30945798">
      <ele>2332.788</ele>
      <name>trk1_300</name>
    </trkpt>
    <trkpt lat="46.61562164" lon="12.30948285">
      <ele>2333.025</ele>
      <name>trk1_301</name>
    </trkpt>
    <trkpt lat="46.61565251" lon="12.30950432">
      <ele>2333.311</ele>
      <name>trk1_302</name>
    </trkpt>
    <trkpt lat="46.61568564" lon="12.30952594">
      <ele>2333.668</ele>
      <name>trk1_303</name>
    </trkpt>
    <trkpt lat="46.61571427" lon="12.30954727">
      <ele>2333.833</ele>
      <name>trk1_304</name>
    </trkpt>
    <trkpt lat="46.61574524" lon="12.30956549">
      <ele>2334.232</ele>
      <name>trk1_305</name>
    </trkpt>
    <trkpt lat="46.61577397" lon="12.30958357">
      <ele>2334.531</ele>
      <name>trk1_306</name>
    </trkpt>
    <trkpt lat="46.61580495" lon="12.30960178">
      <ele>2334.902</ele>
      <name>trk1_307</name>
    </trkpt>
    <trkpt lat="46.61583601" lon="12.30961674">
      <ele>2335.39</ele>
      <name>trk1_308</name>
    </trkpt>
    <trkpt lat="46.61586699" lon="12.30963496">
      <ele>2335.329</ele>
      <name>trk1_309</name>
    </trkpt>
    <trkpt lat="46.61593342" lon="12.30967166">
      <ele>2335.365</ele>
      <name>trk1_310</name>
    </trkpt>
    <trkpt lat="46.61596889" lon="12.30969015">
      <ele>2335.464</ele>
      <name>trk1_311</name>
    </trkpt>
    <trkpt lat="46.6160066" lon="12.30970878">
      <ele>2335.637</ele>
      <name>trk1_312</name>
    </trkpt>
    <trkpt lat="46.61604646" lon="12.3097308">
      <ele>2335.706</ele>
      <name>trk1_313</name>
    </trkpt>
    <trkpt lat="46.61607978" lon="12.3097459">
      <ele>2335.904</ele>
      <name>trk1_314</name>
    </trkpt>
    <trkpt lat="46.61611103" lon="12.30975433">
      <ele>2336.379</ele>
      <name>trk1_315</name>
    </trkpt>
    <trkpt lat="46.61614004" lon="12.30976263">
      <ele>2336.441</ele>
      <name>trk1_316</name>
    </trkpt>
    <trkpt lat="46.61619825" lon="12.30977272">
      <ele>2336.938</ele>
      <name>trk1_317</name>
    </trkpt>
    <trkpt lat="46.61622726" lon="12.30978102">
      <ele>2337.063</ele>
      <name>trk1_318</name>
    </trkpt>
    <trkpt lat="46.61626077" lon="12.30978959">
      <ele>2337.282</ele>
      <name>trk1_319</name>
    </trkpt>
    <trkpt lat="46.61629633" lon="12.30980482">
      <ele>2337.297</ele>
      <name>trk1_320</name>
    </trkpt>
    <trkpt lat="46.61633619" lon="12.30982684">
      <ele>2337.189</ele>
      <name>trk1_321</name>
    </trkpt>
    <trkpt lat="46.61636913" lon="12.30985498">
      <ele>2336.8</ele>
      <name>trk1_322</name>
    </trkpt>
    <trkpt lat="46.61640431" lon="12.30988324">
      <ele>2336.536</ele>
      <name>trk1_323</name>
    </trkpt>
    <trkpt lat="46.61644623" lon="12.30991192">
      <ele>2336.409</ele>
      <name>trk1_324</name>
    </trkpt>
    <trkpt lat="46.61648637" lon="12.30992417">
      <ele>2336.835</ele>
      <name>trk1_325</name>
    </trkpt>
    <trkpt lat="46.61655787" lon="12.30994159">
      <ele>2337.753</ele>
      <name>trk1_326</name>
    </trkpt>
    <trkpt lat="46.61659998" lon="12.30996375">
      <ele>2337.865</ele>
      <name>trk1_327</name>
    </trkpt>
    <trkpt lat="46.61662206" lon="12.30997816">
      <ele>2337.823</ele>
      <name>trk1_328</name>
    </trkpt>
    <trkpt lat="46.61664405" lon="12.30999583">
      <ele>2337.662</ele>
      <name>trk1_329</name>
    </trkpt>
    <trkpt lat="46.6166812" lon="12.31003402">
      <ele>2337.555</ele>
      <name>trk1_330</name>
    </trkpt>
    <trkpt lat="46.6167161" lon="12.31007206">
      <ele>2337.562</ele>
      <name>trk1_331</name>
    </trkpt>
    <trkpt lat="46.61674631" lon="12.31011636">
      <ele>2337.241</ele>
      <name>trk1_332</name>
    </trkpt>
    <trkpt lat="46.61677663" lon="12.31015739">
      <ele>2336.976</ele>
      <name>trk1_333</name>
    </trkpt>
    <trkpt lat="46.61680909" lon="12.31020182">
      <ele>2336.643</ele>
      <name>trk1_334</name>
    </trkpt>
    <trkpt lat="46.61684371" lon="12.31024965">
      <ele>2336.235</ele>
      <name>trk1_335</name>
    </trkpt>
    <trkpt lat="46.61688506" lon="12.31029789">
      <ele>2335.997</ele>
      <name>trk1_336</name>
    </trkpt>
    <trkpt lat="46.61692651" lon="12.31034287">
      <ele>2335.908</ele>
      <name>trk1_337</name>
    </trkpt>
    <trkpt lat="46.6169658" lon="12.31038445">
      <ele>2335.897</ele>
      <name>trk1_338</name>
    </trkpt>
    <trkpt lat="46.61700295" lon="12.31042263">
      <ele>2335.925</ele>
      <name>trk1_339</name>
    </trkpt>
    <trkpt lat="46.61703794" lon="12.31045742">
      <ele>2335.948</ele>
      <name>trk1_340</name>
    </trkpt>
    <trkpt lat="46.61707284" lon="12.31049547">
      <ele>2335.85</ele>
      <name>trk1_341</name>
    </trkpt>
    <trkpt lat="46.61711233" lon="12.31053054">
      <ele>2335.916</ele>
      <name>trk1_342</name>
    </trkpt>
    <trkpt lat="46.61715172" lon="12.31056886">
      <ele>2335.96</ele>
      <name>trk1_343</name>
    </trkpt>
    <trkpt lat="46.61717595" lon="12.31058666">
      <ele>2336.199</ele>
      <name>trk1_344</name>
    </trkpt>
    <trkpt lat="46.6172" lon="12.31061099">
      <ele>2336.275</ele>
      <name>trk1_345</name>
    </trkpt>
    <trkpt lat="46.61723733" lon="12.31064266">
      <ele>2336.39</ele>
      <name>trk1_346</name>
    </trkpt>
    <trkpt lat="46.61727251" lon="12.31067093">
      <ele>2336.413</ele>
      <name>trk1_347</name>
    </trkpt>
    <trkpt lat="46.6173033" lon="12.31069566">
      <ele>2336.433</ele>
      <name>trk1_348</name>
    </trkpt>
    <trkpt lat="46.61733408" lon="12.3107204">
      <ele>2336.453</ele>
      <name>trk1_349</name>
    </trkpt>
    <trkpt lat="46.61736711" lon="12.31074527">
      <ele>2336.51</ele>
      <name>trk1_350</name>
    </trkpt>
    <trkpt lat="46.61740014" lon="12.31077015">
      <ele>2336.567</ele>
      <name>trk1_351</name>
    </trkpt>
    <trkpt lat="46.61743542" lon="12.31079516">
      <ele>2336.662</ele>
      <name>trk1_352</name>
    </trkpt>
    <trkpt lat="46.61747734" lon="12.31082384">
      <ele>2336.797</ele>
      <name>trk1_353</name>
    </trkpt>
    <trkpt lat="46.61750176" lon="12.31083512">
      <ele>2337.0</ele>
      <name>trk1_354</name>
    </trkpt>
    <trkpt lat="46.61752394" lon="12.31084627">
      <ele>2337.202</ele>
      <name>trk1_355</name>
    </trkpt>
    <trkpt lat="46.61756867" lon="12.31085553">
      <ele>2337.856</ele>
      <name>trk1_356</name>
    </trkpt>
    <trkpt lat="46.61761116" lon="12.31086466">
      <ele>2338.482</ele>
      <name>trk1_357</name>
    </trkpt>
    <trkpt lat="46.61763558" lon="12.31087594">
      <ele>2338.748</ele>
      <name>trk1_358</name>
    </trkpt>
    <trkpt lat="46.61770202" lon="12.31091265">
      <ele>2339.416</ele>
      <name>trk1_359</name>
    </trkpt>
    <trkpt lat="46.61773505" lon="12.31093753">
      <ele>2339.673</ele>
      <name>trk1_360</name>
    </trkpt>
    <trkpt lat="46.61776565" lon="12.31096878">
      <ele>2339.81</ele>
      <name>trk1_361</name>
    </trkpt>
    <trkpt lat="46.61780045" lon="12.31101009">
      <ele>2340.108</ele>
      <name>trk1_362</name>
    </trkpt>
    <trkpt lat="46.61781523" lon="12.31104365">
      <ele>2340.05</ele>
      <name>trk1_363</name>
    </trkpt>
    <trkpt lat="46.61783001" lon="12.3110772">
      <ele>2339.993</ele>
      <name>trk1_364</name>
    </trkpt>
    <trkpt lat="46.61785985" lon="12.31113454">
      <ele>2340.254</ele>
      <name>trk1_365</name>
    </trkpt>
    <trkpt lat="46.61789212" lon="12.31118549">
      <ele>2340.915</ele>
      <name>trk1_366</name>
    </trkpt>
    <trkpt lat="46.61793534" lon="12.31124691">
      <ele>2341.772</ele>
      <name>trk1_367</name>
    </trkpt>
    <trkpt lat="46.61796144" lon="12.31127789">
      <ele>2342.292</ele>
      <name>trk1_368</name>
    </trkpt>
    <trkpt lat="46.6179854" lon="12.31130547">
      <ele>2342.757</ele>
      <name>trk1_369</name>
    </trkpt>
    <trkpt lat="46.61801169" lon="12.31132994">
      <ele>2343.286</ele>
      <name>trk1_370</name>
    </trkpt>
    <trkpt lat="46.61805997" lon="12.31137207">
      <ele>2344.138</ele>
      <name>trk1_371</name>
    </trkpt>
    <trkpt lat="46.61808401" lon="12.31139639">
      <ele>2344.051</ele>
      <name>trk1_372</name>
    </trkpt>
    <trkpt lat="46.61811012" lon="12.31142738">
      <ele>2343.947</ele>
      <name>trk1_373</name>
    </trkpt>
    <trkpt lat="46.61813603" lon="12.31146488">
      <ele>2343.822</ele>
      <name>trk1_374</name>
    </trkpt>
    <trkpt lat="46.61815745" lon="12.31150211">
      <ele>2343.701</ele>
      <name>trk1_375</name>
    </trkpt>
    <trkpt lat="46.61817887" lon="12.31153933">
      <ele>2343.601</ele>
      <name>trk1_376</name>
    </trkpt>
    <trkpt lat="46.61821292" lon="12.31160672">
      <ele>2343.442</ele>
      <name>trk1_377</name>
    </trkpt>
    <trkpt lat="46.61822761" lon="12.31164354">
      <ele>2343.354</ele>
      <name>trk1_378</name>
    </trkpt>
    <trkpt lat="46.61824229" lon="12.31168035">
      <ele>2343.328</ele>
      <name>trk1_379</name>
    </trkpt>
    <trkpt lat="46.61825678" lon="12.31172369">
      <ele>2343.357</ele>
      <name>trk1_380</name>
    </trkpt>
    <trkpt lat="46.61827334" lon="12.31177368">
      <ele>2343.349</ele>
      <name>trk1_381</name>
    </trkpt>
    <trkpt lat="46.61829634" lon="12.31183387">
      <ele>2343.292</ele>
      <name>trk1_382</name>
    </trkpt>
    <trkpt lat="46.61832665" lon="12.3118749">
      <ele>2343.238</ele>
      <name>trk1_383</name>
    </trkpt>
    <trkpt lat="46.6183594" lon="12.31190956">
      <ele>2343.137</ele>
      <name>trk1_384</name>
    </trkpt>
    <trkpt lat="46.61839224" lon="12.31194095">
      <ele>2343.015</ele>
      <name>trk1_385</name>
    </trkpt>
    <trkpt lat="46.61842527" lon="12.31196582">
      <ele>2343.0</ele>
      <name>trk1_386</name>
    </trkpt>
    <trkpt lat="46.61846485" lon="12.31199763">
      <ele>2343.0</ele>
      <name>trk1_387</name>
    </trkpt>
    <trkpt lat="46.61849152" lon="12.31200905">
      <ele>2343.0</ele>
      <name>trk1_388</name>
    </trkpt>
    <trkpt lat="46.61851604" lon="12.31201708">
      <ele>2343.0</ele>
      <name>trk1_389</name>
    </trkpt>
    <trkpt lat="46.61855394" lon="12.31202919">
      <ele>2343.0</ele>
      <name>trk1_390</name>
    </trkpt>
    <trkpt lat="46.61858529" lon="12.31203437">
      <ele>2343.0</ele>
      <name>trk1_391</name>
    </trkpt>
    <trkpt lat="46.61862132" lon="12.31203331">
      <ele>2343.037</ele>
      <name>trk1_392</name>
    </trkpt>
    <trkpt lat="46.61864856" lon="12.31202517">
      <ele>2343.135</ele>
      <name>trk1_393</name>
    </trkpt>
    <trkpt lat="46.61867364" lon="12.31201364">
      <ele>2343.225</ele>
      <name>trk1_394</name>
    </trkpt>
    <trkpt lat="46.61879233" lon="12.31195558">
      <ele>2343.652</ele>
      <name>trk1_395</name>
    </trkpt>
    <trkpt lat="46.61882171" lon="12.31195084">
      <ele>2343.758</ele>
      <name>trk1_396</name>
    </trkpt>
    <trkpt lat="46.61890089" lon="12.31193608">
      <ele>2344.073</ele>
      <name>trk1_397</name>
    </trkpt>
    <trkpt lat="46.61893468" lon="12.31193487">
      <ele>2344.199</ele>
      <name>trk1_398</name>
    </trkpt>
    <trkpt lat="46.61896846" lon="12.31193367">
      <ele>2344.325</ele>
      <name>trk1_399</name>
    </trkpt>
    <trkpt lat="46.61900225" lon="12.31193247">
      <ele>2344.451</ele>
      <name>trk1_400</name>
    </trkpt>
    <trkpt lat="46.61903828" lon="12.3119314">
      <ele>2344.585</ele>
      <name>trk1_401</name>
    </trkpt>
    <trkpt lat="46.61907656" lon="12.31193047">
      <ele>2344.726</ele>
      <name>trk1_402</name>
    </trkpt>
    <trkpt lat="46.61911942" lon="12.31192656">
      <ele>2344.894</ele>
      <name>trk1_403</name>
    </trkpt>
    <trkpt lat="46.61914207" lon="12.31192141">
      <ele>2344.994</ele>
      <name>trk1_404</name>
    </trkpt>
    <trkpt lat="46.61916697" lon="12.3119164">
      <ele>2345.103</ele>
      <name>trk1_405</name>
    </trkpt>
    <trkpt lat="46.61921002" lon="12.31190596">
      <ele>2345.429</ele>
      <name>trk1_406</name>
    </trkpt>
    <trkpt lat="46.61932571" lon="12.31187384">
      <ele>2346.254</ele>
      <name>trk1_407</name>
    </trkpt>
    <trkpt lat="46.61943409" lon="12.31186086">
      <ele>2346.937</ele>
      <name>trk1_408</name>
    </trkpt>
    <trkpt lat="46.61949473" lon="12.31186456">
      <ele>2347.647</ele>
      <name>trk1_409</name>
    </trkpt>
    <trkpt lat="46.61952599" lon="12.311873">
      <ele>2348.032</ele>
      <name>trk1_410</name>
    </trkpt>
    <trkpt lat="46.61955256" lon="12.31188769">
      <ele>2348.327</ele>
      <name>trk1_411</name>
    </trkpt>
    <trkpt lat="46.61960552" lon="12.31192358">
      <ele>2348.827</ele>
      <name>trk1_412</name>
    </trkpt>
    <trkpt lat="46.61963434" lon="12.3119384">
      <ele>2349.081</ele>
      <name>trk1_413</name>
    </trkpt>
    <trkpt lat="46.61966541" lon="12.31195336">
      <ele>2349.386</ele>
      <name>trk1_414</name>
    </trkpt>
    <trkpt lat="46.61970116" lon="12.31196207">
      <ele>2349.773</ele>
      <name>trk1_415</name>
    </trkpt>
    <trkpt lat="46.61972811" lon="12.31196371">
      <ele>2350.065</ele>
      <name>trk1_416</name>
    </trkpt>
    <trkpt lat="46.61975731" lon="12.3119655">
      <ele>2350.389</ele>
      <name>trk1_417</name>
    </trkpt>
    <trkpt lat="46.61980682" lon="12.31196525">
      <ele>2350.936</ele>
      <name>trk1_418</name>
    </trkpt>
    <trkpt lat="46.61983162" lon="12.3119635">
      <ele>2351.209</ele>
      <name>trk1_419</name>
    </trkpt>
    <trkpt lat="46.61985418" lon="12.31196161">
      <ele>2351.455</ele>
      <name>trk1_420</name>
    </trkpt>
    <trkpt lat="46.61987673" lon="12.31195972">
      <ele>2351.699</ele>
      <name>trk1_421</name>
    </trkpt>
    <trkpt lat="46.61989929" lon="12.31195784">
      <ele>2351.943</ele>
      <name>trk1_422</name>
    </trkpt>
    <trkpt lat="46.61996705" lon="12.31194891">
      <ele>2352.658</ele>
      <name>trk1_423</name>
    </trkpt>
    <trkpt lat="46.61999194" lon="12.3119439">
      <ele>2352.921</ele>
      <name>trk1_424</name>
    </trkpt>
    <trkpt lat="46.62010013" lon="12.31193744">
      <ele>2355.255</ele>
      <name>trk1_425</name>
    </trkpt>
    <trkpt lat="46.62013626" lon="12.31193311">
      <ele>2356.086</ele>
      <name>trk1_426</name>
    </trkpt>
    <trkpt lat="46.62017659" lon="12.31193884">
      <ele>2356.882</ele>
      <name>trk1_427</name>
    </trkpt>
    <trkpt lat="46.62021253" lon="12.31194104">
      <ele>2357.63</ele>
      <name>trk1_428</name>
    </trkpt>
    <trkpt lat="46.62024613" lon="12.31194635">
      <ele>2358.311</ele>
      <name>trk1_429</name>
    </trkpt>
    <trkpt lat="46.62027514" lon="12.31195465">
      <ele>2358.907</ele>
      <name>trk1_430</name>
    </trkpt>
    <trkpt lat="46.62030649" lon="12.31195983">
      <ele>2359.662</ele>
      <name>trk1_431</name>
    </trkpt>
    <trkpt lat="46.6203354" lon="12.3119714">
      <ele>2360.335</ele>
      <name>trk1_432</name>
    </trkpt>
    <trkpt lat="46.62036413" lon="12.31198948">
      <ele>2360.964</ele>
      <name>trk1_433</name>
    </trkpt>
    <trkpt lat="46.62039276" lon="12.31201082">
      <ele>2361.56</ele>
      <name>trk1_434</name>
    </trkpt>
    <trkpt lat="46.6204256" lon="12.31204221">
      <ele>2362.186</ele>
      <name>trk1_435</name>
    </trkpt>
    <trkpt lat="46.62046256" lon="12.31208692">
      <ele>2362.802</ele>
      <name>trk1_436</name>
    </trkpt>
    <trkpt lat="46.62048987" lon="12.3121539">
      <ele>2363.015</ele>
      <name>trk1_437</name>
    </trkpt>
    <trkpt lat="46.62049538" lon="12.31219669">
      <ele>2362.864</ele>
      <name>trk1_438</name>
    </trkpt>
    <trkpt lat="46.62049874" lon="12.31223608">
      <ele>2362.833</ele>
      <name>trk1_439</name>
    </trkpt>
    <trkpt lat="46.62049985" lon="12.31227534">
      <ele>2363.026</ele>
      <name>trk1_440</name>
    </trkpt>
    <trkpt lat="46.62050976" lon="12.31232166">
      <ele>2363.428</ele>
      <name>trk1_441</name>
    </trkpt>
    <trkpt lat="46.62052416" lon="12.31236826">
      <ele>2363.907</ele>
      <name>trk1_442</name>
    </trkpt>
    <trkpt lat="46.62056251" lon="12.31244245">
      <ele>2364.968</ele>
      <name>trk1_443</name>
    </trkpt>
    <trkpt lat="46.62057672" lon="12.31249556">
      <ele>2365.517</ele>
      <name>trk1_444</name>
    </trkpt>
    <trkpt lat="46.62057951" lon="12.31255452">
      <ele>2365.996</ele>
      <name>trk1_445</name>
    </trkpt>
    <trkpt lat="46.6205763" lon="12.31266535">
      <ele>2366.713</ele>
      <name>trk1_446</name>
    </trkpt>
    <trkpt lat="46.62058573" lon="12.31272797">
      <ele>2367.402</ele>
      <name>trk1_447</name>
    </trkpt>
    <trkpt lat="46.62059788" lon="12.31277444">
      <ele>2368.043</ele>
      <name>trk1_448</name>
    </trkpt>
    <trkpt lat="46.62061238" lon="12.31281777">
      <ele>2368.834</ele>
      <name>trk1_449</name>
    </trkpt>
    <trkpt lat="46.62062921" lon="12.31285799">
      <ele>2369.646</ele>
      <name>trk1_450</name>
    </trkpt>
    <trkpt lat="46.6206439" lon="12.31289481">
      <ele>2370.356</ele>
      <name>trk1_451</name>
    </trkpt>
    <trkpt lat="46.62065858" lon="12.31293163">
      <ele>2371.052</ele>
      <name>trk1_452</name>
    </trkpt>
    <trkpt lat="46.62067317" lon="12.3129717">
      <ele>2371.763</ele>
      <name>trk1_453</name>
    </trkpt>
    <trkpt lat="46.62068307" lon="12.31301803">
      <ele>2372.411</ele>
      <name>trk1_454</name>
    </trkpt>
    <trkpt lat="46.6206883" lon="12.3130706">
      <ele>2373.004</ele>
      <name>trk1_455</name>
    </trkpt>
    <trkpt lat="46.62068632" lon="12.31313906">
      <ele>2373.585</ele>
      <name>trk1_456</name>
    </trkpt>
    <trkpt lat="46.62068003" lon="12.31320072">
      <ele>2374.022</ele>
      <name>trk1_457</name>
    </trkpt>
    <trkpt lat="46.62066944" lon="12.31325559">
      <ele>2374.325</ele>
      <name>trk1_458</name>
    </trkpt>
    <trkpt lat="46.62065435" lon="12.31331018">
      <ele>2374.558</ele>
      <name>trk1_459</name>
    </trkpt>
    <trkpt lat="46.62063937" lon="12.31336152">
      <ele>2375.056</ele>
      <name>trk1_460</name>
    </trkpt>
    <trkpt lat="46.62062194" lon="12.31341923">
      <ele>2375.902</ele>
      <name>trk1_461</name>
    </trkpt>
    <trkpt lat="46.62060123" lon="12.31351267">
      <ele>2377.483</ele>
      <name>trk1_462</name>
    </trkpt>
    <trkpt lat="46.62058717" lon="12.31360978">
      <ele>2379.314</ele>
      <name>trk1_463</name>
    </trkpt>
    <trkpt lat="46.62058556" lon="12.3136652">
      <ele>2379.929</ele>
      <name>trk1_464</name>
    </trkpt>
    <trkpt lat="46.62058395" lon="12.31372062">
      <ele>2380.53</ele>
      <name>trk1_465</name>
    </trkpt>
    <trkpt lat="46.62057982" lon="12.31378568">
      <ele>2381.202</ele>
      <name>trk1_466</name>
    </trkpt>
    <trkpt lat="46.62057175" lon="12.3138309">
      <ele>2381.595</ele>
      <name>trk1_467</name>
    </trkpt>
    <trkpt lat="46.62056613" lon="12.31386975">
      <ele>2381.943</ele>
      <name>trk1_468</name>
    </trkpt>
    <trkpt lat="46.62055826" lon="12.31390845">
      <ele>2382.251</ele>
      <name>trk1_469</name>
    </trkpt>
    <trkpt lat="46.6205427" lon="12.31397935">
      <ele>2382.776</ele>
      <name>trk1_470</name>
    </trkpt>
    <trkpt lat="46.62052695" lon="12.31405676">
      <ele>2383.423</ele>
      <name>trk1_471</name>
    </trkpt>
    <trkpt lat="46.62052104" lon="12.31410538">
      <ele>2383.911</ele>
      <name>trk1_472</name>
    </trkpt>
    <trkpt lat="46.62051589" lon="12.31412793">
      <ele>2384.113</ele>
      <name>trk1_473</name>
    </trkpt>
    <trkpt lat="46.62051963" lon="12.31415428">
      <ele>2384.467</ele>
      <name>trk1_474</name>
    </trkpt>
    <trkpt lat="46.62053169" lon="12.314204">
      <ele>2385.403</ele>
      <name>trk1_475</name>
    </trkpt>
    <trkpt lat="46.62055535" lon="12.31424137">
      <ele>2386.342</ele>
      <name>trk1_476</name>
    </trkpt>
    <trkpt lat="46.6205837" lon="12.31427249">
      <ele>2387.257</ele>
      <name>trk1_477</name>
    </trkpt>
    <trkpt lat="46.62061869" lon="12.31430729">
      <ele>2388.207</ele>
      <name>trk1_478</name>
    </trkpt>
    <trkpt lat="46.62064498" lon="12.31433175">
      <ele>2388.816</ele>
      <name>trk1_479</name>
    </trkpt>
    <trkpt lat="46.62067137" lon="12.31435296">
      <ele>2389.319</ele>
      <name>trk1_480</name>
    </trkpt>
    <trkpt lat="46.62069551" lon="12.31437403">
      <ele>2389.747</ele>
      <name>trk1_481</name>
    </trkpt>
    <trkpt lat="46.62071974" lon="12.31439184">
      <ele>2390.092</ele>
      <name>trk1_482</name>
    </trkpt>
    <trkpt lat="46.62074407" lon="12.31440638">
      <ele>2390.365</ele>
      <name>trk1_483</name>
    </trkpt>
    <trkpt lat="46.62077065" lon="12.31442107">
      <ele>2390.614</ele>
      <name>trk1_484</name>
    </trkpt>
    <trkpt lat="46.62079947" lon="12.31443589">
      <ele>2390.832</ele>
      <name>trk1_485</name>
    </trkpt>
    <trkpt lat="46.62083268" lon="12.31445425">
      <ele>2391.068</ele>
      <name>trk1_486</name>
    </trkpt>
    <trkpt lat="46.62100128" lon="12.31461477">
      <ele>2394.274</ele>
      <name>trk1_487</name>
    </trkpt>
    <trkpt lat="46.62101587" lon="12.31465485">
      <ele>2394.646</ele>
      <name>trk1_488</name>
    </trkpt>
    <trkpt lat="46.6210371" lon="12.3146986">
      <ele>2395.093</ele>
      <name>trk1_489</name>
    </trkpt>
    <trkpt lat="46.62105178" lon="12.31473542">
      <ele>2395.4</ele>
      <name>trk1_490</name>
    </trkpt>
    <trkpt lat="46.62106422" lon="12.3147721">
      <ele>2395.615</ele>
      <name>trk1_491</name>
    </trkpt>
    <trkpt lat="46.62107451" lon="12.31480539">
      <ele>2395.763</ele>
      <name>trk1_492</name>
    </trkpt>
    <trkpt lat="46.62108245" lon="12.3148418">
      <ele>2395.868</ele>
      <name>trk1_493</name>
    </trkpt>
    <trkpt lat="46.62108815" lon="12.31487807">
      <ele>2395.938</ele>
      <name>trk1_494</name>
    </trkpt>
    <trkpt lat="46.6210916" lon="12.3149142">
      <ele>2395.983</ele>
      <name>trk1_495</name>
    </trkpt>
    <trkpt lat="46.62109037" lon="12.31495658">
      <ele>2396.028</ele>
      <name>trk1_496</name>
    </trkpt>
    <trkpt lat="46.62109139" lon="12.31499909">
      <ele>2396.07</ele>
      <name>trk1_497</name>
    </trkpt>
    <trkpt lat="46.62109408" lon="12.31506131">
      <ele>2395.192</ele>
      <name>trk1_498</name>
    </trkpt>
    <trkpt lat="46.62110586" lon="12.31512081">
      <ele>2394.287</ele>
      <name>trk1_499</name>
    </trkpt>
    <trkpt lat="46.62110716" lon="12.31515354">
      <ele>2393.811</ele>
      <name>trk1_500</name>
    </trkpt>
    <trkpt lat="46.62110612" lon="12.3151894">
      <ele>2393.303</ele>
      <name>trk1_501</name>
    </trkpt>
    <trkpt lat="46.62105853" lon="12.31535631">
      <ele>2391.492</ele>
      <name>trk1_502</name>
    </trkpt>
    <trkpt lat="46.62105056" lon="12.31539827">
      <ele>2391.001</ele>
      <name>trk1_503</name>
    </trkpt>
    <trkpt lat="46.62104164" lon="12.31547284">
      <ele>2390.042</ele>
      <name>trk1_504</name>
    </trkpt>
    <trkpt lat="46.62102748" lon="12.31557321">
      <ele>2388.574</ele>
      <name>trk1_505</name>
    </trkpt>
    <trkpt lat="46.621021" lon="12.31564139">
      <ele>2387.659</ele>
      <name>trk1_506</name>
    </trkpt>
    <trkpt lat="46.62101604" lon="12.31565742">
      <ele>2387.425</ele>
      <name>trk1_507</name>
    </trkpt>
    <trkpt lat="46.62101557" lon="12.31567372">
      <ele>2387.229</ele>
      <name>trk1_508</name>
    </trkpt>
    <trkpt lat="46.62102602" lon="12.31577886">
      <ele>2385.986</ele>
      <name>trk1_509</name>
    </trkpt>
    <trkpt lat="46.62102918" lon="12.31582477">
      <ele>2385.404</ele>
      <name>trk1_510</name>
    </trkpt>
    <trkpt lat="46.62102786" lon="12.31587041">
      <ele>2385.433</ele>
      <name>trk1_511</name>
    </trkpt>
    <trkpt lat="46.62102204" lon="12.31591577">
      <ele>2385.617</ele>
      <name>trk1_512</name>
    </trkpt>
    <trkpt lat="46.621005" lon="12.31596045">
      <ele>2385.84</ele>
      <name>trk1_513</name>
    </trkpt>
    <trkpt lat="46.62094088" lon="12.31599898">
      <ele>2386.209</ele>
      <name>trk1_514</name>
    </trkpt>
    <trkpt lat="46.62093553" lon="12.31602805">
      <ele>2386.333</ele>
      <name>trk1_515</name>
    </trkpt>
    <trkpt lat="46.62093889" lon="12.31606744">
      <ele>2386.463</ele>
      <name>trk1_516</name>
    </trkpt>
    <trkpt lat="46.62091998" lon="12.31609894">
      <ele>2386.644</ele>
      <name>trk1_517</name>
    </trkpt>
    <trkpt lat="46.62091005" lon="12.31613099">
      <ele>2386.445</ele>
      <name>trk1_518</name>
    </trkpt>
    <trkpt lat="46.62087503" lon="12.31617457">
      <ele>2385.845</ele>
      <name>trk1_519</name>
    </trkpt>
    <trkpt lat="46.62080762" lon="12.31624882">
      <ele>2384.797</ele>
      <name>trk1_520</name>
    </trkpt>
    <trkpt lat="46.62056001" lon="12.31648514">
      <ele>2384.522</ele>
      <name>trk1_521</name>
    </trkpt>
    <trkpt lat="46.6204735" lon="12.31659742">
      <ele>2383.002</ele>
      <name>trk1_522</name>
    </trkpt>
    <trkpt lat="46.62040215" lon="12.31673021">
      <ele>2382.982</ele>
      <name>trk1_523</name>
    </trkpt>
    <trkpt lat="46.62038096" lon="12.31683995">
      <ele>2382.916</ele>
      <name>trk1_524</name>
    </trkpt>
    <trkpt lat="46.62032353" lon="12.31703564">
      <ele>2380.614</ele>
      <name>trk1_525</name>
    </trkpt>
    <trkpt lat="46.6203136" lon="12.31706769">
      <ele>2379.617</ele>
      <name>trk1_526</name>
    </trkpt>
    <trkpt lat="46.62030563" lon="12.31710965">
      <ele>2378.173</ele>
      <name>trk1_527</name>
    </trkpt>
    <trkpt lat="46.62029795" lon="12.31714184">
      <ele>2377.036</ele>
      <name>trk1_528</name>
    </trkpt>
    <trkpt lat="46.62029092" lon="12.31715121">
      <ele>2376.727</ele>
      <name>trk1_529</name>
    </trkpt>
    <trkpt lat="46.62029055" lon="12.31716425">
      <ele>2376.229</ele>
      <name>trk1_530</name>
    </trkpt>
    <trkpt lat="46.62026955" lon="12.31726746">
      <ele>2373.447</ele>
      <name>trk1_531</name>
    </trkpt>
    <trkpt lat="46.62025915" lon="12.31731581">
      <ele>2373.029</ele>
      <name>trk1_532</name>
    </trkpt>
    <trkpt lat="46.62024406" lon="12.3173704">
      <ele>2372.896</ele>
      <name>trk1_533</name>
    </trkpt>
    <trkpt lat="46.6202273" lon="12.3174053">
      <ele>2373.438</ele>
      <name>trk1_534</name>
    </trkpt>
    <trkpt lat="46.62020829" lon="12.31744006">
      <ele>2374.244</ele>
      <name>trk1_535</name>
    </trkpt>
    <trkpt lat="46.62017514" lon="12.31749681">
      <ele>2375.927</ele>
      <name>trk1_536</name>
    </trkpt>
    <trkpt lat="46.62013984" lon="12.31755017">
      <ele>2376.496</ele>
      <name>trk1_537</name>
    </trkpt>
    <trkpt lat="46.62010248" lon="12.31759687">
      <ele>2376.204</ele>
      <name>trk1_538</name>
    </trkpt>
    <trkpt lat="46.62002562" lon="12.31768687">
      <ele>2372.298</ele>
      <name>trk1_539</name>
    </trkpt>
    <trkpt lat="46.61986804" lon="12.31792215">
      <ele>2365.285</ele>
      <name>trk1_540</name>
    </trkpt>
    <trkpt lat="46.61977337" lon="12.31808291">
      <ele>2357.735</ele>
      <name>trk1_541</name>
    </trkpt>
    <trkpt lat="46.61970922" lon="12.31819981">
      <ele>2355.571</ele>
      <name>trk1_542</name>
    </trkpt>
    <trkpt lat="46.61967569" lon="12.3182696">
      <ele>2354.133</ele>
      <name>trk1_543</name>
    </trkpt>
    <trkpt lat="46.61963983" lon="12.31834252">
      <ele>2352.406</ele>
      <name>trk1_544</name>
    </trkpt>
    <trkpt lat="46.61962746" lon="12.31838095">
      <ele>2351.642</ele>
      <name>trk1_545</name>
    </trkpt>
    <trkpt lat="46.61961396" lon="12.3184585">
      <ele>2349.847</ele>
      <name>trk1_546</name>
    </trkpt>
    <trkpt lat="46.6196115" lon="12.31854325">
      <ele>2347.819</ele>
      <name>trk1_547</name>
    </trkpt>
    <trkpt lat="46.61961681" lon="12.31859256">
      <ele>2346.772</ele>
      <name>trk1_548</name>
    </trkpt>
    <trkpt lat="46.61962232" lon="12.31863535">
      <ele>2346.088</ele>
      <name>trk1_549</name>
    </trkpt>
    <trkpt lat="46.61962792" lon="12.31867488">
      <ele>2345.619</ele>
      <name>trk1_550</name>
    </trkpt>
    <trkpt lat="46.61963128" lon="12.31871427">
      <ele>2345.114</ele>
      <name>trk1_551</name>
    </trkpt>
    <trkpt lat="46.61963249" lon="12.31875027">
      <ele>2344.604</ele>
      <name>trk1_552</name>
    </trkpt>
    <trkpt lat="46.61963369" lon="12.31878626">
      <ele>2344.101</ele>
      <name>trk1_553</name>
    </trkpt>
    <trkpt lat="46.61963" lon="12.31891339">
      <ele>2341.97</ele>
      <name>trk1_554</name>
    </trkpt>
    <trkpt lat="46.61962437" lon="12.31895224">
      <ele>2341.089</ele>
      <name>trk1_555</name>
    </trkpt>
    <trkpt lat="46.61961425" lon="12.3189908">
      <ele>2340.009</ele>
      <name>trk1_556</name>
    </trkpt>
    <trkpt lat="46.61960207" lon="12.31902271">
      <ele>2338.952</ele>
      <name>trk1_557</name>
    </trkpt>
    <trkpt lat="46.61958521" lon="12.31906087">
      <ele>2337.61</ele>
      <name>trk1_558</name>
    </trkpt>
    <trkpt lat="46.61948769" lon="12.31908756">
      <ele>2332.811</ele>
      <name>trk1_559</name>
    </trkpt>
    <trkpt lat="46.61935758" lon="12.31915144">
      <ele>2327.123</ele>
      <name>trk1_560</name>
    </trkpt>
    <trkpt lat="46.61931554" lon="12.31920439">
      <ele>2324.409</ele>
      <name>trk1_561</name>
    </trkpt>
    <trkpt lat="46.61931488" lon="12.3192272">
      <ele>2323.81</ele>
      <name>trk1_562</name>
    </trkpt>
    <trkpt lat="46.6193158" lon="12.31927298">
      <ele>2322.69</ele>
      <name>trk1_563</name>
    </trkpt>
    <trkpt lat="46.61931672" lon="12.31931875">
      <ele>2321.569</ele>
      <name>trk1_564</name>
    </trkpt>
    <trkpt lat="46.61932223" lon="12.31936154">
      <ele>2320.689</ele>
      <name>trk1_565</name>
    </trkpt>
    <trkpt lat="46.61933204" lon="12.31941112">
      <ele>2319.793</ele>
      <name>trk1_566</name>
    </trkpt>
    <trkpt lat="46.61934036" lon="12.31943449">
      <ele>2319.504</ele>
      <name>trk1_567</name>
    </trkpt>
    <trkpt lat="46.61935561" lon="12.31945175">
      <ele>2319.626</ele>
      <name>trk1_568</name>
    </trkpt>
    <trkpt lat="46.61939752" lon="12.31948044">
      <ele>2320.426</ele>
      <name>trk1_569</name>
    </trkpt>
    <trkpt lat="46.61943738" lon="12.31950247">
      <ele>2321.289</ele>
      <name>trk1_570</name>
    </trkpt>
    <trkpt lat="46.619475" lon="12.31952437">
      <ele>2322.384</ele>
      <name>trk1_571</name>
    </trkpt>
    <trkpt lat="46.61951888" lon="12.31956298">
      <ele>2323.382</ele>
      <name>trk1_572</name>
    </trkpt>
    <trkpt lat="46.61954077" lon="12.31958391">
      <ele>2323.819</ele>
      <name>trk1_573</name>
    </trkpt>
    <trkpt lat="46.61956257" lon="12.3196081">
      <ele>2324.154</ele>
      <name>trk1_574</name>
    </trkpt>
    <trkpt lat="46.61960129" lon="12.31966925">
      <ele>2324.218</ele>
      <name>trk1_575</name>
    </trkpt>
    <trkpt lat="46.61960756" lon="12.31968596">
      <ele>2324.037</ele>
      <name>trk1_576</name>
    </trkpt>
    <trkpt lat="46.61961607" lon="12.31970281">
      <ele>2323.947</ele>
      <name>trk1_577</name>
    </trkpt>
    <trkpt lat="46.61961744" lon="12.31981066">
      <ele>2321.125</ele>
      <name>trk1_578</name>
    </trkpt>
    <trkpt lat="46.61964739" lon="12.31978637">
      <ele>2323.089</ele>
      <name>trk1_579</name>
    </trkpt>
    <trkpt lat="46.61963588" lon="12.31979546">
      <ele>2322.342</ele>
      <name>trk1_580</name>
    </trkpt>
    <trkpt lat="46.61964129" lon="12.31984151">
      <ele>2321.373</ele>
      <name>trk1_581</name>
    </trkpt>
    <trkpt lat="46.61964651" lon="12.31989408">
      <ele>2320.23</ele>
      <name>trk1_582</name>
    </trkpt>
    <trkpt lat="46.61965398" lon="12.31994678">
      <ele>2319.194</ele>
      <name>trk1_583</name>
    </trkpt>
    <trkpt lat="46.61967025" lon="12.32000656">
      <ele>2318.329</ele>
      <name>trk1_584</name>
    </trkpt>
    <trkpt lat="46.61969091" lon="12.32006987">
      <ele>2317.101</ele>
      <name>trk1_585</name>
    </trkpt>
    <trkpt lat="46.6197141" lon="12.32012354">
      <ele>2316.539</ele>
      <name>trk1_586</name>
    </trkpt>
    <trkpt lat="46.61973514" lon="12.32017381">
      <ele>2316.165</ele>
      <name>trk1_587</name>
    </trkpt>
    <trkpt lat="46.61975843" lon="12.32022422">
      <ele>2315.896</ele>
      <name>trk1_588</name>
    </trkpt>
    <trkpt lat="46.61977956" lon="12.32027123">
      <ele>2315.529</ele>
      <name>trk1_589</name>
    </trkpt>
    <trkpt lat="46.61980275" lon="12.3203249">
      <ele>2315.281</ele>
      <name>trk1_590</name>
    </trkpt>
    <trkpt lat="46.6198236" lon="12.32038169">
      <ele>2314.847</ele>
      <name>trk1_591</name>
    </trkpt>
    <trkpt lat="46.61984642" lon="12.3204484">
      <ele>2314.24</ele>
      <name>trk1_592</name>
    </trkpt>
    <trkpt lat="46.61985651" lon="12.3204882">
      <ele>2313.675</ele>
      <name>trk1_593</name>
    </trkpt>
    <trkpt lat="46.61986445" lon="12.32052461">
      <ele>2313.084</ele>
      <name>trk1_594</name>
    </trkpt>
    <trkpt lat="46.61986781" lon="12.320564">
      <ele>2312.16</ele>
      <name>trk1_595</name>
    </trkpt>
    <trkpt lat="46.61987322" lon="12.32061005">
      <ele>2311.252</ele>
      <name>trk1_596</name>
    </trkpt>
    <trkpt lat="46.61987423" lon="12.32065256">
      <ele>2310.186</ele>
      <name>trk1_597</name>
    </trkpt>
    <trkpt lat="46.61987525" lon="12.32069508">
      <ele>2309.124</ele>
      <name>trk1_598</name>
    </trkpt>
    <trkpt lat="46.61987636" lon="12.32073433">
      <ele>2308.157</ele>
      <name>trk1_599</name>
    </trkpt>
    <trkpt lat="46.61987747" lon="12.32077359">
      <ele>2307.194</ele>
      <name>trk1_600</name>
    </trkpt>
    <trkpt lat="46.61987867" lon="12.32080958">
      <ele>2306.326</ele>
      <name>trk1_601</name>
    </trkpt>
    <trkpt lat="46.61987763" lon="12.32084544">
      <ele>2305.363</ele>
      <name>trk1_602</name>
    </trkpt>
    <trkpt lat="46.61987883" lon="12.32088144">
      <ele>2304.651</ele>
      <name>trk1_603</name>
    </trkpt>
    <trkpt lat="46.61987779" lon="12.32091729">
      <ele>2303.791</ele>
      <name>trk1_604</name>
    </trkpt>
    <trkpt lat="46.619879" lon="12.32095329">
      <ele>2303.077</ele>
      <name>trk1_605</name>
    </trkpt>
    <trkpt lat="46.6198802" lon="12.32098928">
      <ele>2302.36</ele>
      <name>trk1_606</name>
    </trkpt>
    <trkpt lat="46.61987916" lon="12.32102514">
      <ele>2301.502</ele>
      <name>trk1_607</name>
    </trkpt>
    <trkpt lat="46.61988036" lon="12.32106114">
      <ele>2300.782</ele>
      <name>trk1_608</name>
    </trkpt>
    <trkpt lat="46.61988147" lon="12.32110039">
      <ele>2299.983</ele>
      <name>trk1_609</name>
    </trkpt>
    <trkpt lat="46.61988483" lon="12.32113979">
      <ele>2299.229</ele>
      <name>trk1_610</name>
    </trkpt>
    <trkpt lat="46.61988584" lon="12.3211823">
      <ele>2298.219</ele>
      <name>trk1_611</name>
    </trkpt>
    <trkpt lat="46.61989125" lon="12.32122835">
      <ele>2297.39</ele>
      <name>trk1_612</name>
    </trkpt>
    <trkpt lat="46.61989423" lon="12.32128078">
      <ele>2296.251</ele>
      <name>trk1_613</name>
    </trkpt>
    <trkpt lat="46.6198973" lon="12.32132995">
      <ele>2295.2</ele>
      <name>trk1_614</name>
    </trkpt>
    <trkpt lat="46.61990363" lon="12.32142178">
      <ele>2293.078</ele>
      <name>trk1_615</name>
    </trkpt>
    <trkpt lat="46.61990914" lon="12.32146457">
      <ele>2292.076</ele>
      <name>trk1_616</name>
    </trkpt>
    <trkpt lat="46.61991455" lon="12.32151062">
      <ele>2290.961</ele>
      <name>trk1_617</name>
    </trkpt>
    <trkpt lat="46.61992436" lon="12.3215602">
      <ele>2289.988</ele>
      <name>trk1_618</name>
    </trkpt>
    <trkpt lat="46.61993623" lon="12.32161644">
      <ele>2288.913</ele>
      <name>trk1_619</name>
    </trkpt>
    <trkpt lat="46.61994819" lon="12.32166942">
      <ele>2287.927</ele>
      <name>trk1_620</name>
    </trkpt>
    <trkpt lat="46.61996034" lon="12.32171589">
      <ele>2287.121</ele>
      <name>trk1_621</name>
    </trkpt>
    <trkpt lat="46.61997483" lon="12.32175923">
      <ele>2286.551</ele>
      <name>trk1_622</name>
    </trkpt>
    <trkpt lat="46.61998941" lon="12.32179931">
      <ele>2286.092</ele>
      <name>trk1_623</name>
    </trkpt>
    <trkpt lat="46.62000615" lon="12.32184278">
      <ele>2285.656</ele>
      <name>trk1_624</name>
    </trkpt>
    <trkpt lat="46.62002073" lon="12.32188286">
      <ele>2285.206</ele>
      <name>trk1_625</name>
    </trkpt>
    <trkpt lat="46.62003738" lon="12.3219296">
      <ele>2284.641</ele>
      <name>trk1_626</name>
    </trkpt>
    <trkpt lat="46.62005598" lon="12.32198626">
      <ele>2283.658</ele>
      <name>trk1_627</name>
    </trkpt>
    <trkpt lat="46.62006588" lon="12.32203258">
      <ele>2282.471</ele>
      <name>trk1_628</name>
    </trkpt>
    <trkpt lat="46.62007363" lon="12.32207551">
      <ele>2281.273</ele>
      <name>trk1_629</name>
    </trkpt>
    <trkpt lat="46.62008373" lon="12.32211531">
      <ele>2280.301</ele>
      <name>trk1_630</name>
    </trkpt>
    <trkpt lat="46.62010028" lon="12.32216531">
      <ele>2279.251</ele>
      <name>trk1_631</name>
    </trkpt>
    <trkpt lat="46.62012122" lon="12.32221884">
      <ele>2278.242</ele>
      <name>trk1_632</name>
    </trkpt>
    <trkpt lat="46.62014011" lon="12.32226572">
      <ele>2277.26</ele>
      <name>trk1_633</name>
    </trkpt>
    <trkpt lat="46.620159" lon="12.32231259">
      <ele>2276.249</ele>
      <name>trk1_634</name>
    </trkpt>
    <trkpt lat="46.62018032" lon="12.32235309">
      <ele>2275.6</ele>
      <name>trk1_635</name>
    </trkpt>
    <trkpt lat="46.62020164" lon="12.32239358">
      <ele>2274.929</ele>
      <name>trk1_636</name>
    </trkpt>
    <trkpt lat="46.62022521" lon="12.32243421">
      <ele>2274.337</ele>
      <name>trk1_637</name>
    </trkpt>
    <trkpt lat="46.62025327" lon="12.32247511">
      <ele>2273.92</ele>
      <name>trk1_638</name>
    </trkpt>
    <trkpt lat="46.62028573" lon="12.32251956">
      <ele>2273.349</ele>
      <name>trk1_639</name>
    </trkpt>
    <trkpt lat="46.62031183" lon="12.32255054">
      <ele>2272.608</ele>
      <name>trk1_640</name>
    </trkpt>
    <trkpt lat="46.62033578" lon="12.32257814">
      <ele>2271.91</ele>
      <name>trk1_641</name>
    </trkpt>
    <trkpt lat="46.62035982" lon="12.32260247">
      <ele>2271.314</ele>
      <name>trk1_642</name>
    </trkpt>
    <trkpt lat="46.62038396" lon="12.32262354">
      <ele>2270.829</ele>
      <name>trk1_643</name>
    </trkpt>
    <trkpt lat="46.62041044" lon="12.32264149">
      <ele>2270.501</ele>
      <name>trk1_644</name>
    </trkpt>
    <trkpt lat="46.62043458" lon="12.32266256">
      <ele>2269.938</ele>
      <name>trk1_645</name>
    </trkpt>
    <trkpt lat="46.62046321" lon="12.32268391">
      <ele>2269.402</ele>
      <name>trk1_646</name>
    </trkpt>
    <trkpt lat="46.62049614" lon="12.32271205">
      <ele>2268.542</ele>
      <name>trk1_647</name>
    </trkpt>
    <trkpt lat="46.62052028" lon="12.32273312">
      <ele>2267.842</ele>
      <name>trk1_648</name>
    </trkpt>
    <trkpt lat="46.62054451" lon="12.32275093">
      <ele>2267.279</ele>
      <name>trk1_649</name>
    </trkpt>
    <trkpt lat="46.62058624" lon="12.32278615">
      <ele>2265.662</ele>
      <name>trk1_650</name>
    </trkpt>
    <trkpt lat="46.62060822" lon="12.32280382">
      <ele>2264.801</ele>
      <name>trk1_651</name>
    </trkpt>
    <trkpt lat="46.62063246" lon="12.32282163">
      <ele>2263.953</ele>
      <name>trk1_652</name>
    </trkpt>
    <trkpt lat="46.62065678" lon="12.32283619">
      <ele>2263.287</ele>
      <name>trk1_653</name>
    </trkpt>
    <trkpt lat="46.62068541" lon="12.32285753">
      <ele>2262.295</ele>
      <name>trk1_654</name>
    </trkpt>
    <trkpt lat="46.62072762" lon="12.32287645">
      <ele>2261.511</ele>
      <name>trk1_655</name>
    </trkpt>
    <trkpt lat="46.62077001" lon="12.32288884">
      <ele>2261.083</ele>
      <name>trk1_656</name>
    </trkpt>
    <trkpt lat="46.62081034" lon="12.32289458">
      <ele>2260.996</ele>
      <name>trk1_657</name>
    </trkpt>
    <trkpt lat="46.62088652" lon="12.32290577">
      <ele>2260.239</ele>
      <name>trk1_658</name>
    </trkpt>
    <trkpt lat="46.62092666" lon="12.32291803">
      <ele>2259.432</ele>
      <name>trk1_659</name>
    </trkpt>
    <trkpt lat="46.62096428" lon="12.32293993">
      <ele>2258.239</ele>
      <name>trk1_660</name>
    </trkpt>
    <trkpt lat="46.62100366" lon="12.32297826">
      <ele>2256.384</ele>
      <name>trk1_661</name>
    </trkpt>
    <trkpt lat="46.62102498" lon="12.32301875">
      <ele>2254.581</ele>
      <name>trk1_662</name>
    </trkpt>
    <trkpt lat="46.62103245" lon="12.32307146">
      <ele>2252.788</ele>
      <name>trk1_663</name>
    </trkpt>
    <trkpt lat="46.62103533" lon="12.32312715">
      <ele>2252.063</ele>
      <name>trk1_664</name>
    </trkpt>
    <trkpt lat="46.62105394" lon="12.32318381">
      <ele>2251.506</ele>
      <name>trk1_665</name>
    </trkpt>
    <trkpt lat="46.62106871" lon="12.32321737">
      <ele>2251.301</ele>
      <name>trk1_666</name>
    </trkpt>
    <trkpt lat="46.62108573" lon="12.32325107">
      <ele>2251.206</ele>
      <name>trk1_667</name>
    </trkpt>
    <trkpt lat="46.62111322" lon="12.32331154">
      <ele>2251.175</ele>
      <name>trk1_668</name>
    </trkpt>
    <trkpt lat="46.62114081" lon="12.32336874">
      <ele>2250.249</ele>
      <name>trk1_669</name>
    </trkpt>
    <trkpt lat="46.62116849" lon="12.32342269">
      <ele>2249.105</ele>
      <name>trk1_670</name>
    </trkpt>
    <trkpt lat="46.62119393" lon="12.3234765">
      <ele>2248.088</ele>
      <name>trk1_671</name>
    </trkpt>
    <trkpt lat="46.62122386" lon="12.32353058">
      <ele>2247.284</ele>
      <name>trk1_672</name>
    </trkpt>
    <trkpt lat="46.62125593" lon="12.32358806">
      <ele>2246.619</ele>
      <name>trk1_673</name>
    </trkpt>
    <trkpt lat="46.62129222" lon="12.3236556">
      <ele>2245.471</ele>
      <name>trk1_674</name>
    </trkpt>
    <trkpt lat="46.62132674" lon="12.3237067">
      <ele>2244.561</ele>
      <name>trk1_675</name>
    </trkpt>
    <trkpt lat="46.62137042" lon="12.32375183">
      <ele>2244.042</ele>
      <name>trk1_676</name>
    </trkpt>
    <trkpt lat="46.62139896" lon="12.32377644">
      <ele>2243.541</ele>
      <name>trk1_677</name>
    </trkpt>
    <trkpt lat="46.62142534" lon="12.32379765">
      <ele>2242.654</ele>
      <name>trk1_678</name>
    </trkpt>
    <trkpt lat="46.6214783" lon="12.32383355">
      <ele>2241.344</ele>
      <name>trk1_679</name>
    </trkpt>
    <trkpt lat="46.62150253" lon="12.32385136">
      <ele>2240.829</ele>
      <name>trk1_680</name>
    </trkpt>
    <trkpt lat="46.62153135" lon="12.32386619">
      <ele>2240.442</ele>
      <name>trk1_681</name>
    </trkpt>
    <trkpt lat="46.62156008" lon="12.32388428">
      <ele>2240.078</ele>
      <name>trk1_682</name>
    </trkpt>
    <trkpt lat="46.62159554" lon="12.32390278">
      <ele>2239.712</ele>
      <name>trk1_683</name>
    </trkpt>
    <trkpt lat="46.6216223" lon="12.32391095">
      <ele>2239.565</ele>
      <name>trk1_684</name>
    </trkpt>
    <trkpt lat="46.62164682" lon="12.32391899">
      <ele>2239.435</ele>
      <name>trk1_685</name>
    </trkpt>
    <trkpt lat="46.62167143" lon="12.32392376">
      <ele>2239.246</ele>
      <name>trk1_686</name>
    </trkpt>
    <trkpt lat="46.6217186" lon="12.32392665">
      <ele>2237.952</ele>
      <name>trk1_687</name>
    </trkpt>
    <trkpt lat="46.62174096" lon="12.32393129">
      <ele>2237.301</ele>
      <name>trk1_688</name>
    </trkpt>
    <trkpt lat="46.62176763" lon="12.32394272">
      <ele>2236.475</ele>
      <name>trk1_689</name>
    </trkpt>
    <trkpt lat="46.62179645" lon="12.32395755">
      <ele>2235.604</ele>
      <name>trk1_690</name>
    </trkpt>
    <trkpt lat="46.62182685" lon="12.32399533">
      <ele>2234.576</ele>
      <name>trk1_691</name>
    </trkpt>
    <trkpt lat="46.62185912" lon="12.32404629">
      <ele>2233.587</ele>
      <name>trk1_692</name>
    </trkpt>
    <trkpt lat="46.62190047" lon="12.32409455">
      <ele>2232.68</ele>
      <name>trk1_693</name>
    </trkpt>
    <trkpt lat="46.62192236" lon="12.32411548">
      <ele>2232.312</ele>
      <name>trk1_694</name>
    </trkpt>
    <trkpt lat="46.6219509" lon="12.32414009">
      <ele>2231.819</ele>
      <name>trk1_695</name>
    </trkpt>
    <trkpt lat="46.62198411" lon="12.32415845">
      <ele>2230.866</ele>
      <name>trk1_696</name>
    </trkpt>
    <trkpt lat="46.62201752" lon="12.3241703">
      <ele>2229.88</ele>
      <name>trk1_697</name>
    </trkpt>
    <trkpt lat="46.62204877" lon="12.32417875">
      <ele>2228.957</ele>
      <name>trk1_698</name>
    </trkpt>
    <trkpt lat="46.62208003" lon="12.32418719">
      <ele>2228.056</ele>
      <name>trk1_699</name>
    </trkpt>
    <trkpt lat="46.62214273" lon="12.32419757">
      <ele>2226.305</ele>
      <name>trk1_700</name>
    </trkpt>
    <trkpt lat="46.62217614" lon="12.32420941">
      <ele>2225.404</ele>
      <name>trk1_701</name>
    </trkpt>
    <trkpt lat="46.62225155" lon="12.32424669">
      <ele>2223.535</ele>
      <name>trk1_702</name>
    </trkpt>
    <trkpt lat="46.62228467" lon="12.32426831">
      <ele>2222.814</ele>
      <name>trk1_703</name>
    </trkpt>
    <trkpt lat="46.62231321" lon="12.32429292">
      <ele>2222.281</ele>
      <name>trk1_704</name>
    </trkpt>
    <trkpt lat="46.62234174" lon="12.32431753">
      <ele>2221.802</ele>
      <name>trk1_705</name>
    </trkpt>
    <trkpt lat="46.62237037" lon="12.32433888">
      <ele>2221.345</ele>
      <name>trk1_706</name>
    </trkpt>
    <trkpt lat="46.62240115" lon="12.32436362">
      <ele>2220.926</ele>
      <name>trk1_707</name>
    </trkpt>
    <trkpt lat="46.62243428" lon="12.32438525">
      <ele>2220.482</ele>
      <name>trk1_708</name>
    </trkpt>
    <trkpt lat="46.62247414" lon="12.32440729">
      <ele>2219.968</ele>
      <name>trk1_709</name>
    </trkpt>
    <trkpt lat="46.62250305" lon="12.32441885">
      <ele>2219.596</ele>
      <name>trk1_710</name>
    </trkpt>
    <trkpt lat="46.62255658" lon="12.3244352">
      <ele>2219.106</ele>
      <name>trk1_711</name>
    </trkpt>
    <trkpt lat="46.62258119" lon="12.32443997">
      <ele>2218.804</ele>
      <name>trk1_712</name>
    </trkpt>
    <trkpt lat="46.62266176" lon="12.32445471">
      <ele>2217.239</ele>
      <name>trk1_713</name>
    </trkpt>
    <trkpt lat="46.62276255" lon="12.32447068">
      <ele>2215.254</ele>
      <name>trk1_714</name>
    </trkpt>
    <trkpt lat="46.62279399" lon="12.32447261">
      <ele>2214.73</ele>
      <name>trk1_715</name>
    </trkpt>
    <trkpt lat="46.62283021" lon="12.32446503">
      <ele>2214.399</ele>
      <name>trk1_716</name>
    </trkpt>
    <trkpt lat="46.6229446" lon="12.32440019">
      <ele>2214.304</ele>
      <name>trk1_717</name>
    </trkpt>
    <trkpt lat="46.62301341" lon="12.32435542">
      <ele>2214.944</ele>
      <name>trk1_718</name>
    </trkpt>
    <trkpt lat="46.62307557" lon="12.32430698">
      <ele>2216.303</ele>
      <name>trk1_719</name>
    </trkpt>
    <trkpt lat="46.62310562" lon="12.32427943">
      <ele>2217.005</ele>
      <name>trk1_720</name>
    </trkpt>
    <trkpt lat="46.62316348" lon="12.32422419">
      <ele>2217.807</ele>
      <name>trk1_721</name>
    </trkpt>
    <trkpt lat="46.62322162" lon="12.32415917">
      <ele>2217.918</ele>
      <name>trk1_722</name>
    </trkpt>
    <trkpt lat="46.62328005" lon="12.32408437">
      <ele>2217.345</ele>
      <name>trk1_723</name>
    </trkpt>
    <trkpt lat="46.62331272" lon="12.32404392">
      <ele>2216.911</ele>
      <name>trk1_724</name>
    </trkpt>
    <trkpt lat="46.6233455" lon="12.32400021">
      <ele>2217.087</ele>
      <name>trk1_725</name>
    </trkpt>
    <trkpt lat="46.62335344" lon="12.32403662">
      <ele>2216.92</ele>
      <name>trk1_726</name>
    </trkpt>
    <trkpt lat="46.62336138" lon="12.32407303">
      <ele>2216.784</ele>
      <name>trk1_727</name>
    </trkpt>
    <trkpt lat="46.62336707" lon="12.3241093">
      <ele>2216.612</ele>
      <name>trk1_728</name>
    </trkpt>
    <trkpt lat="46.62337698" lon="12.32415563">
      <ele>2216.508</ele>
      <name>trk1_729</name>
    </trkpt>
    <trkpt lat="46.62338024" lon="12.32419828">
      <ele>2216.406</ele>
      <name>trk1_730</name>
    </trkpt>
    <trkpt lat="46.62338144" lon="12.32423428">
      <ele>2216.315</ele>
      <name>trk1_731</name>
    </trkpt>
    <trkpt lat="46.62338479" lon="12.32427367">
      <ele>2216.282</ele>
      <name>trk1_732</name>
    </trkpt>
    <trkpt lat="46.6233947" lon="12.32432">
      <ele>2216.436</ele>
      <name>trk1_733</name>
    </trkpt>
    <trkpt lat="46.62340666" lon="12.32437299">
      <ele>2216.633</ele>
      <name>trk1_734</name>
    </trkpt>
    <trkpt lat="46.62342105" lon="12.32441959">
      <ele>2216.931</ele>
      <name>trk1_735</name>
    </trkpt>
    <trkpt lat="46.62343544" lon="12.3244662">
      <ele>2217.045</ele>
      <name>trk1_736</name>
    </trkpt>
    <trkpt lat="46.62345003" lon="12.32450628">
      <ele>2217.02</ele>
      <name>trk1_737</name>
    </trkpt>
    <trkpt lat="46.62346452" lon="12.32454962">
      <ele>2216.936</ele>
      <name>trk1_738</name>
    </trkpt>
    <trkpt lat="46.62347891" lon="12.32459623">
      <ele>2216.791</ele>
      <name>trk1_739</name>
    </trkpt>
    <trkpt lat="46.62349097" lon="12.32464595">
      <ele>2216.519</ele>
      <name>trk1_740</name>
    </trkpt>
    <trkpt lat="46.62350274" lon="12.32470546">
      <ele>2216.097</ele>
      <name>trk1_741</name>
    </trkpt>
    <trkpt lat="46.62350609" lon="12.32474485">
      <ele>2215.751</ele>
      <name>trk1_742</name>
    </trkpt>
    <trkpt lat="46.62350944" lon="12.32478425">
      <ele>2215.462</ele>
      <name>trk1_743</name>
    </trkpt>
    <trkpt lat="46.62351065" lon="12.32482025">
      <ele>2215.146</ele>
      <name>trk1_744</name>
    </trkpt>
    <trkpt lat="46.62351185" lon="12.32485624">
      <ele>2214.832</ele>
      <name>trk1_745</name>
    </trkpt>
    <trkpt lat="46.62351081" lon="12.3248921">
      <ele>2214.447</ele>
      <name>trk1_746</name>
    </trkpt>
    <trkpt lat="46.62350986" lon="12.3249247">
      <ele>2214.095</ele>
      <name>trk1_747</name>
    </trkpt>
    <trkpt lat="46.62350382" lon="12.32505496">
      <ele>2212.787</ele>
      <name>trk1_748</name>
    </trkpt>
    <trkpt lat="46.62350502" lon="12.32509096">
      <ele>2212.603</ele>
      <name>trk1_749</name>
    </trkpt>
    <trkpt lat="46.62350632" lon="12.3251237">
      <ele>2212.446</ele>
      <name>trk1_750</name>
    </trkpt>
    <trkpt lat="46.62351211" lon="12.32515671">
      <ele>2212.47</ele>
      <name>trk1_751</name>
    </trkpt>
    <trkpt lat="46.6235178" lon="12.32519299">
      <ele>2212.479</ele>
      <name>trk1_752</name>
    </trkpt>
    <trkpt lat="46.62352574" lon="12.3252294">
      <ele>2212.593</ele>
      <name>trk1_753</name>
    </trkpt>
    <trkpt lat="46.62353808" lon="12.32526934">
      <ele>2212.891</ele>
      <name>trk1_754</name>
    </trkpt>
    <trkpt lat="46.62355491" lon="12.32530956">
      <ele>2213.297</ele>
      <name>trk1_755</name>
    </trkpt>
    <trkpt lat="46.62358073" lon="12.32535034">
      <ele>2214.108</ele>
      <name>trk1_756</name>
    </trkpt>
    <trkpt lat="46.62360654" lon="12.32539111">
      <ele>2214.973</ele>
      <name>trk1_757</name>
    </trkpt>
    <trkpt lat="46.62363245" lon="12.32542862">
      <ele>2215.612</ele>
      <name>trk1_758</name>
    </trkpt>
    <trkpt lat="46.62365396" lon="12.3254626">
      <ele>2216.109</ele>
      <name>trk1_759</name>
    </trkpt>
    <trkpt lat="46.62367781" lon="12.32549345">
      <ele>2216.741</ele>
      <name>trk1_760</name>
    </trkpt>
    <trkpt lat="46.62370157" lon="12.32552757">
      <ele>2217.392</ele>
      <name>trk1_761</name>
    </trkpt>
    <trkpt lat="46.62377686" lon="12.32564649">
      <ele>2218.847</ele>
      <name>trk1_762</name>
    </trkpt>
    <trkpt lat="46.62381334" lon="12.32570751">
      <ele>2219.841</ele>
      <name>trk1_763</name>
    </trkpt>
    <trkpt lat="46.62384766" lon="12.32576513">
      <ele>2221.089</ele>
      <name>trk1_764</name>
    </trkpt>
    <trkpt lat="46.62387983" lon="12.32581936">
      <ele>2222.538</ele>
      <name>trk1_765</name>
    </trkpt>
    <trkpt lat="46.62390976" lon="12.32587344">
      <ele>2223.111</ele>
      <name>trk1_766</name>
    </trkpt>
    <trkpt lat="46.62393754" lon="12.32592413">
      <ele>2223.541</ele>
      <name>trk1_767</name>
    </trkpt>
    <trkpt lat="46.62396961" lon="12.32598162">
      <ele>2224.37</ele>
      <name>trk1_768</name>
    </trkpt>
    <trkpt lat="46.62400394" lon="12.32603924">
      <ele>2225.672</ele>
      <name>trk1_769</name>
    </trkpt>
    <trkpt lat="46.62404247" lon="12.32610692">
      <ele>2227.537</ele>
      <name>trk1_770</name>
    </trkpt>
    <trkpt lat="46.6241337" lon="12.32637378">
      <ele>2229.466</ele>
      <name>trk1_771</name>
    </trkpt>
    <trkpt lat="46.62413763" lon="12.32639362">
      <ele>2229.432</ele>
      <name>trk1_772</name>
    </trkpt>
    <trkpt lat="46.6241437" lon="12.32641685">
      <ele>2229.76</ele>
      <name>trk1_773</name>
    </trkpt>
    <trkpt lat="46.62414734" lon="12.32644647">
      <ele>2229.956</ele>
      <name>trk1_774</name>
    </trkpt>
    <trkpt lat="46.62415528" lon="12.32648288">
      <ele>2230.385</ele>
      <name>trk1_775</name>
    </trkpt>
    <trkpt lat="46.62415854" lon="12.32652554">
      <ele>2230.561</ele>
      <name>trk1_776</name>
    </trkpt>
    <trkpt lat="46.62416189" lon="12.32656493">
      <ele>2230.742</ele>
      <name>trk1_777</name>
    </trkpt>
    <trkpt lat="46.624163" lon="12.32660419">
      <ele>2230.802</ele>
      <name>trk1_778</name>
    </trkpt>
    <trkpt lat="46.62416831" lon="12.3266535">
      <ele>2231.119</ele>
      <name>trk1_779</name>
    </trkpt>
    <trkpt lat="46.62416895" lon="12.32670906">
      <ele>2231.617</ele>
      <name>trk1_780</name>
    </trkpt>
    <trkpt lat="46.62416977" lon="12.3267581">
      <ele>2232.196</ele>
      <name>trk1_781</name>
    </trkpt>
    <trkpt lat="46.62417069" lon="12.32680388">
      <ele>2232.743</ele>
      <name>trk1_782</name>
    </trkpt>
    <trkpt lat="46.6241716" lon="12.32684966">
      <ele>2233.285</ele>
      <name>trk1_783</name>
    </trkpt>
    <trkpt lat="46.62417252" lon="12.32689543">
      <ele>2233.823</ele>
      <name>trk1_784</name>
    </trkpt>
    <trkpt lat="46.62417569" lon="12.32694135">
      <ele>2234.488</ele>
      <name>trk1_785</name>
    </trkpt>
    <trkpt lat="46.62417875" lon="12.32699053">
      <ele>2234.545</ele>
      <name>trk1_786</name>
    </trkpt>
    <trkpt lat="46.62418603" lon="12.32704976">
      <ele>2234.789</ele>
      <name>trk1_787</name>
    </trkpt>
    <trkpt lat="46.62418948" lon="12.32708589">
      <ele>2234.888</ele>
      <name>trk1_788</name>
    </trkpt>
    <trkpt lat="46.62419761" lon="12.32711579">
      <ele>2235.303</ele>
      <name>trk1_789</name>
    </trkpt>
    <trkpt lat="46.62421611" lon="12.32717571">
      <ele>2236.312</ele>
      <name>trk1_790</name>
    </trkpt>
    <trkpt lat="46.62423696" lon="12.3272325">
      <ele>2237.526</ele>
      <name>trk1_791</name>
    </trkpt>
    <trkpt lat="46.62424509" lon="12.32726239">
      <ele>2237.941</ele>
      <name>trk1_792</name>
    </trkpt>
    <trkpt lat="46.62425518" lon="12.3273022">
      <ele>2238.381</ele>
      <name>trk1_793</name>
    </trkpt>
    <trkpt lat="46.6242605" lon="12.32735152">
      <ele>2238.445</ele>
      <name>trk1_794</name>
    </trkpt>
    <trkpt lat="46.62425907" lon="12.32740042">
      <ele>2238.135</ele>
      <name>trk1_795</name>
    </trkpt>
    <trkpt lat="46.62425999" lon="12.3274462">
      <ele>2237.957</ele>
      <name>trk1_796</name>
    </trkpt>
    <trkpt lat="46.62426961" lon="12.32750231">
      <ele>2238.053</ele>
      <name>trk1_797</name>
    </trkpt>
    <trkpt lat="46.62428213" lon="12.32753573">
      <ele>2238.176</ele>
      <name>trk1_798</name>
    </trkpt>
    <trkpt lat="46.62430355" lon="12.32757297">
      <ele>2238.511</ele>
      <name>trk1_799</name>
    </trkpt>
    <trkpt lat="46.62432936" lon="12.32761374">
      <ele>2238.834</ele>
      <name>trk1_800</name>
    </trkpt>
    <trkpt lat="46.62435527" lon="12.32765126">
      <ele>2239.076</ele>
      <name>trk1_801</name>
    </trkpt>
    <trkpt lat="46.62437912" lon="12.32768211">
      <ele>2239.25</ele>
      <name>trk1_802</name>
    </trkpt>
    <trkpt lat="46.62440063" lon="12.32771609">
      <ele>2239.211</ele>
      <name>trk1_803</name>
    </trkpt>
    <trkpt lat="46.62442449" lon="12.32774695">
      <ele>2239.195</ele>
      <name>trk1_804</name>
    </trkpt>
    <trkpt lat="46.6244459" lon="12.32778419">
      <ele>2239.107</ele>
      <name>trk1_805</name>
    </trkpt>
    <trkpt lat="46.62446722" lon="12.32782469">
      <ele>2240.439</ele>
      <name>trk1_806</name>
    </trkpt>
    <trkpt lat="46.62449051" lon="12.3278751">
      <ele>2241.829</ele>
      <name>trk1_807</name>
    </trkpt>
    <trkpt lat="46.62450499" lon="12.32791845">
      <ele>2242.663</ele>
      <name>trk1_808</name>
    </trkpt>
    <trkpt lat="46.6245104" lon="12.3279645">
      <ele>2242.992</ele>
      <name>trk1_809</name>
    </trkpt>
    <trkpt lat="46.62451132" lon="12.32801028">
      <ele>2243.085</ele>
      <name>trk1_810</name>
    </trkpt>
    <trkpt lat="46.62450961" lon="12.32806896">
      <ele>2243.101</ele>
      <name>trk1_811</name>
    </trkpt>
    <trkpt lat="46.62450341" lon="12.32812737">
      <ele>2243.057</ele>
      <name>trk1_812</name>
    </trkpt>
    <trkpt lat="46.62448607" lon="12.32818182">
      <ele>2242.585</ele>
      <name>trk1_813</name>
    </trkpt>
    <trkpt lat="46.62445798" lon="12.32821929">
      <ele>2241.697</ele>
      <name>trk1_814</name>
    </trkpt>
    <trkpt lat="46.62440237" lon="12.32827466">
      <ele>2240.788</ele>
      <name>trk1_815</name>
    </trkpt>
    <trkpt lat="46.62433654" lon="12.32837186">
      <ele>2240.366</ele>
      <name>trk1_816</name>
    </trkpt>
    <trkpt lat="46.62427482" lon="12.32848238">
      <ele>2239.901</ele>
      <name>trk1_817</name>
    </trkpt>
    <trkpt lat="46.62426039" lon="12.32851416">
      <ele>2239.777</ele>
      <name>trk1_818</name>
    </trkpt>
    <trkpt lat="46.62424353" lon="12.32855231">
      <ele>2239.608</ele>
      <name>trk1_819</name>
    </trkpt>
    <trkpt lat="46.62417637" lon="12.32869515">
      <ele>2238.255</ele>
      <name>trk1_820</name>
    </trkpt>
    <trkpt lat="46.62413926" lon="12.32881045">
      <ele>2237.562</ele>
      <name>trk1_821</name>
    </trkpt>
    <trkpt lat="46.6241162" lon="12.32890701">
      <ele>2237.198</ele>
      <name>trk1_822</name>
    </trkpt>
    <trkpt lat="46.62409876" lon="12.32896472">
      <ele>2237.19</ele>
      <name>trk1_823</name>
    </trkpt>
    <trkpt lat="46.62406795" lon="12.32901835">
      <ele>2236.824</ele>
      <name>trk1_824</name>
    </trkpt>
    <trkpt lat="46.62400905" lon="12.32910945">
      <ele>2235.85</ele>
      <name>trk1_825</name>
    </trkpt>
    <trkpt lat="46.62398469" lon="12.32917327">
      <ele>2235.454</ele>
      <name>trk1_826</name>
    </trkpt>
    <trkpt lat="46.62396773" lon="12.32921468">
      <ele>2235.258</ele>
      <name>trk1_827</name>
    </trkpt>
    <trkpt lat="46.62392293" lon="12.32936216">
      <ele>2234.734</ele>
      <name>trk1_828</name>
    </trkpt>
    <trkpt lat="46.62390708" lon="12.32944283">
      <ele>2234.583</ele>
      <name>trk1_829</name>
    </trkpt>
    <trkpt lat="46.62390116" lon="12.32949146">
      <ele>2234.435</ele>
      <name>trk1_830</name>
    </trkpt>
    <trkpt lat="46.62389936" lon="12.3295534">
      <ele>2234.413</ele>
      <name>trk1_831</name>
    </trkpt>
    <trkpt lat="46.62390663" lon="12.32961263">
      <ele>2234.768</ele>
      <name>trk1_832</name>
    </trkpt>
    <trkpt lat="46.623914" lon="12.3296686">
      <ele>2235.178</ele>
      <name>trk1_833</name>
    </trkpt>
    <trkpt lat="46.62390986" lon="12.32973366">
      <ele>2235.158</ele>
      <name>trk1_834</name>
    </trkpt>
    <trkpt lat="46.62387433" lon="12.32987191">
      <ele>2234.36</ele>
      <name>trk1_835</name>
    </trkpt>
    <trkpt lat="46.62386411" lon="12.32991374">
      <ele>2234.09</ele>
      <name>trk1_836</name>
    </trkpt>
    <trkpt lat="46.62384143" lon="12.32999726">
      <ele>2233.255</ele>
      <name>trk1_837</name>
    </trkpt>
    <trkpt lat="46.62381378" lon="12.3300968">
      <ele>2234.405</ele>
      <name>trk1_838</name>
    </trkpt>
    <trkpt lat="46.62379663" lon="12.33014474">
      <ele>2234.512</ele>
      <name>trk1_839</name>
    </trkpt>
    <trkpt lat="46.62377948" lon="12.33019267">
      <ele>2234.449</ele>
      <name>trk1_840</name>
    </trkpt>
    <trkpt lat="46.62376477" lon="12.33023423">
      <ele>2234.269</ele>
      <name>trk1_841</name>
    </trkpt>
    <trkpt lat="46.62374791" lon="12.33027238">
      <ele>2233.704</ele>
      <name>trk1_842</name>
    </trkpt>
    <trkpt lat="46.6236841" lon="12.33045462">
      <ele>2230.885</ele>
      <name>trk1_843</name>
    </trkpt>
    <trkpt lat="46.62367211" lon="12.33048001">
      <ele>2230.094</ele>
      <name>trk1_844</name>
    </trkpt>
    <trkpt lat="46.62365812" lon="12.33057386">
      <ele>2229.87</ele>
      <name>trk1_845</name>
    </trkpt>
    <trkpt lat="46.62365426" lon="12.33062914">
      <ele>2229.879</ele>
      <name>trk1_846</name>
    </trkpt>
    <trkpt lat="46.62365049" lon="12.33068116">
      <ele>2229.874</ele>
      <name>trk1_847</name>
    </trkpt>
    <trkpt lat="46.62365131" lon="12.3307302">
      <ele>2230.309</ele>
      <name>trk1_848</name>
    </trkpt>
    <trkpt lat="46.62365438" lon="12.33077937">
      <ele>2230.973</ele>
      <name>trk1_849</name>
    </trkpt>
    <trkpt lat="46.62365969" lon="12.33082869">
      <ele>2231.863</ele>
      <name>trk1_850</name>
    </trkpt>
    <trkpt lat="46.62366931" lon="12.3308848">
      <ele>2232.974</ele>
      <name>trk1_851</name>
    </trkpt>
    <trkpt lat="46.62368107" lon="12.3309443">
      <ele>2234.25</ele>
      <name>trk1_852</name>
    </trkpt>
    <trkpt lat="46.62368892" lon="12.33098397">
      <ele>2235.082</ele>
      <name>trk1_853</name>
    </trkpt>
    <trkpt lat="46.62370135" lon="12.33102066">
      <ele>2236.332</ele>
      <name>trk1_854</name>
    </trkpt>
    <trkpt lat="46.62373099" lon="12.33108453">
      <ele>2239.208</ele>
      <name>trk1_855</name>
    </trkpt>
    <trkpt lat="46.62375838" lon="12.33114827">
      <ele>2241.847</ele>
      <name>trk1_856</name>
    </trkpt>
    <trkpt lat="46.62377306" lon="12.33118509">
      <ele>2243.269</ele>
      <name>trk1_857</name>
    </trkpt>
    <trkpt lat="46.62378755" lon="12.33122844">
      <ele>2244.669</ele>
      <name>trk1_858</name>
    </trkpt>
    <trkpt lat="46.62379558" lon="12.33126159">
      <ele>2245.448</ele>
      <name>trk1_859</name>
    </trkpt>
    <trkpt lat="46.62380137" lon="12.3312946">
      <ele>2246.016</ele>
      <name>trk1_860</name>
    </trkpt>
    <trkpt lat="46.62381079" lon="12.33135723">
      <ele>2246.939</ele>
      <name>trk1_861</name>
    </trkpt>
    <trkpt lat="46.62381807" lon="12.33141646">
      <ele>2247.48</ele>
      <name>trk1_862</name>
    </trkpt>
    <trkpt lat="46.62382309" lon="12.33147556">
      <ele>2247.586</ele>
      <name>trk1_863</name>
    </trkpt>
    <trkpt lat="46.62382587" lon="12.33153451">
      <ele>2247.469</ele>
      <name>trk1_864</name>
    </trkpt>
    <trkpt lat="46.62383315" lon="12.33159374">
      <ele>2247.659</ele>
      <name>trk1_865</name>
    </trkpt>
    <trkpt lat="46.62384257" lon="12.33165637">
      <ele>2247.906</ele>
      <name>trk1_866</name>
    </trkpt>
    <trkpt lat="46.62384826" lon="12.33169265">
      <ele>2248.182</ele>
      <name>trk1_867</name>
    </trkpt>
    <trkpt lat="46.6238562" lon="12.33172906">
      <ele>2248.645</ele>
      <name>trk1_868</name>
    </trkpt>
    <trkpt lat="46.6238662" lon="12.33177213">
      <ele>2249.192</ele>
      <name>trk1_869</name>
    </trkpt>
    <trkpt lat="46.62388087" lon="12.33180895">
      <ele>2249.998</ele>
      <name>trk1_870</name>
    </trkpt>
    <trkpt lat="46.62391266" lon="12.33187622">
      <ele>2251.849</ele>
      <name>trk1_871</name>
    </trkpt>
    <trkpt lat="46.62394221" lon="12.33194335">
      <ele>2253.461</ele>
      <name>trk1_872</name>
    </trkpt>
    <trkpt lat="46.62395454" lon="12.3319833">
      <ele>2254.188</ele>
      <name>trk1_873</name>
    </trkpt>
    <trkpt lat="46.62396659" lon="12.33203303">
      <ele>2254.857</ele>
      <name>trk1_874</name>
    </trkpt>
    <trkpt lat="46.62396985" lon="12.33207569">
      <ele>2254.971</ele>
      <name>trk1_875</name>
    </trkpt>
    <trkpt lat="46.62397086" lon="12.3321182">
      <ele>2254.943</ele>
      <name>trk1_876</name>
    </trkpt>
    <trkpt lat="46.62396747" lon="12.33215719">
      <ele>2254.659</ele>
      <name>trk1_877</name>
    </trkpt>
    <trkpt lat="46.62395058" lon="12.33227372">
      <ele>2254.171</ele>
      <name>trk1_878</name>
    </trkpt>
    <trkpt lat="46.62394576" lon="12.3323616">
      <ele>2254.975</ele>
      <name>trk1_879</name>
    </trkpt>
    <trkpt lat="46.62394124" lon="12.3324397">
      <ele>2255.704</ele>
      <name>trk1_880</name>
    </trkpt>
    <trkpt lat="46.6239368" lon="12.33251454">
      <ele>2256.452</ele>
      <name>trk1_881</name>
    </trkpt>
    <trkpt lat="46.62393585" lon="12.33254714">
      <ele>2256.877</ele>
      <name>trk1_882</name>
    </trkpt>
    <trkpt lat="46.62393256" lon="12.33258286">
      <ele>2257.237</ele>
      <name>trk1_883</name>
    </trkpt>
    <trkpt lat="46.62392343" lon="12.33289582">
      <ele>2260.466</ele>
      <name>trk1_884</name>
    </trkpt>
    <trkpt lat="46.62392444" lon="12.33293834">
      <ele>2260.82</ele>
      <name>trk1_885</name>
    </trkpt>
    <trkpt lat="46.62392292" lon="12.3329905">
      <ele>2261.124</ele>
      <name>trk1_886</name>
    </trkpt>
    <trkpt lat="46.62392599" lon="12.33303968">
      <ele>2261.622</ele>
      <name>trk1_887</name>
    </trkpt>
    <trkpt lat="46.62393364" lon="12.33308587">
      <ele>2261.859</ele>
      <name>trk1_888</name>
    </trkpt>
    <trkpt lat="46.62395009" lon="12.33313913">
      <ele>2262.196</ele>
      <name>trk1_889</name>
    </trkpt>
    <trkpt lat="46.62396233" lon="12.33318234">
      <ele>2262.404</ele>
      <name>trk1_890</name>
    </trkpt>
    <trkpt lat="46.62397691" lon="12.33322243">
      <ele>2262.728</ele>
      <name>trk1_891</name>
    </trkpt>
    <trkpt lat="46.62398934" lon="12.33325912">
      <ele>2262.97</ele>
      <name>trk1_892</name>
    </trkpt>
    <trkpt lat="46.62400177" lon="12.3332958">
      <ele>2263.202</ele>
      <name>trk1_893</name>
    </trkpt>
    <trkpt lat="46.6240142" lon="12.33333249">
      <ele>2263.421</ele>
      <name>trk1_894</name>
    </trkpt>
    <trkpt lat="46.62402888" lon="12.33336932">
      <ele>2263.919</ele>
      <name>trk1_895</name>
    </trkpt>
    <trkpt lat="46.62404346" lon="12.3334094">
      <ele>2264.435</ele>
      <name>trk1_896</name>
    </trkpt>
    <trkpt lat="46.6240601" lon="12.33345615">
      <ele>2265.057</ele>
      <name>trk1_897</name>
    </trkpt>
    <trkpt lat="46.62407449" lon="12.33350275">
      <ele>2265.613</ele>
      <name>trk1_898</name>
    </trkpt>
    <trkpt lat="46.62408673" lon="12.33354596">
      <ele>2266.106</ele>
      <name>trk1_899</name>
    </trkpt>
    <trkpt lat="46.62409213" lon="12.33359202">
      <ele>2266.28</ele>
      <name>trk1_900</name>
    </trkpt>
    <trkpt lat="46.62408827" lon="12.3336473">
      <ele>2266.48</ele>
      <name>trk1_901</name>
    </trkpt>
    <trkpt lat="46.62407777" lon="12.33369891">
      <ele>2266.493</ele>
      <name>trk1_902</name>
    </trkpt>
    <trkpt lat="46.62406735" lon="12.33374725">
      <ele>2266.394</ele>
      <name>trk1_903</name>
    </trkpt>
    <trkpt lat="46.62405346" lon="12.33383784">
      <ele>2266.38</ele>
      <name>trk1_904</name>
    </trkpt>
    <trkpt lat="46.62403957" lon="12.33392843">
      <ele>2266.484</ele>
      <name>trk1_905</name>
    </trkpt>
    <trkpt lat="46.62402295" lon="12.33403519">
      <ele>2267.032</ele>
      <name>trk1_906</name>
    </trkpt>
    <trkpt lat="46.62401441" lon="12.33409671">
      <ele>2267.44</ele>
      <name>trk1_907</name>
    </trkpt>
    <trkpt lat="46.62401719" lon="12.33415567">
      <ele>2268.596</ele>
      <name>trk1_908</name>
    </trkpt>
    <trkpt lat="46.62402006" lon="12.33421136">
      <ele>2269.87</ele>
      <name>trk1_909</name>
    </trkpt>
    <trkpt lat="46.62402361" lon="12.33424424">
      <ele>2270.763</ele>
      <name>trk1_910</name>
    </trkpt>
    <trkpt lat="46.62402481" lon="12.33428024">
      <ele>2271.559</ele>
      <name>trk1_911</name>
    </trkpt>
    <trkpt lat="46.62402224" lon="12.33436826">
      <ele>2273.156</ele>
      <name>trk1_912</name>
    </trkpt>
    <trkpt lat="46.62401546" lon="12.33444622">
      <ele>2274.324</ele>
      <name>trk1_913</name>
    </trkpt>
    <trkpt lat="46.62399856" lon="12.33456275">
      <ele>2275.626</ele>
      <name>trk1_914</name>
    </trkpt>
    <trkpt lat="46.6239904" lon="12.33461124">
      <ele>2276.173</ele>
      <name>trk1_915</name>
    </trkpt>
    <trkpt lat="46.62397764" lon="12.33466271">
      <ele>2276.608</ele>
      <name>trk1_916</name>
    </trkpt>
    <trkpt lat="46.62394761" lon="12.33484375">
      <ele>2277.849</ele>
      <name>trk1_917</name>
    </trkpt>
    <trkpt lat="46.62393855" lon="12.33499995">
      <ele>2279.145</ele>
      <name>trk1_918</name>
    </trkpt>
    <trkpt lat="46.62393975" lon="12.33503595">
      <ele>2279.057</ele>
      <name>trk1_919</name>
    </trkpt>
    <trkpt lat="46.62394554" lon="12.33506896">
      <ele>2279.204</ele>
      <name>trk1_920</name>
    </trkpt>
    <trkpt lat="46.62395582" lon="12.33510225">
      <ele>2279.599</ele>
      <name>trk1_921</name>
    </trkpt>
    <trkpt lat="46.62396591" lon="12.33514206">
      <ele>2280.013</ele>
      <name>trk1_922</name>
    </trkpt>
    <trkpt lat="46.62397394" lon="12.33517522">
      <ele>2280.378</ele>
      <name>trk1_923</name>
    </trkpt>
    <trkpt lat="46.62398197" lon="12.33520837">
      <ele>2280.778</ele>
      <name>trk1_924</name>
    </trkpt>
    <trkpt lat="46.62399823" lon="12.33526815">
      <ele>2281.693</ele>
      <name>trk1_925</name>
    </trkpt>
    <trkpt lat="46.62401214" lon="12.33533106">
      <ele>2283.567</ele>
      <name>trk1_926</name>
    </trkpt>
    <trkpt lat="46.62401559" lon="12.3353672">
      <ele>2284.448</ele>
      <name>trk1_927</name>
    </trkpt>
    <trkpt lat="46.62401894" lon="12.33540659">
      <ele>2285.366</ele>
      <name>trk1_928</name>
    </trkpt>
    <trkpt lat="46.62401799" lon="12.33543919">
      <ele>2285.929</ele>
      <name>trk1_929</name>
    </trkpt>
    <trkpt lat="46.62401928" lon="12.33547193">
      <ele>2286.603</ele>
      <name>trk1_930</name>
    </trkpt>
    <trkpt lat="46.62401981" lon="12.33553075">
      <ele>2287.723</ele>
      <name>trk1_931</name>
    </trkpt>
    <trkpt lat="46.62401709" lon="12.33593228">
      <ele>2299.303</ele>
      <name>trk1_932</name>
    </trkpt>
    <trkpt lat="46.62405724" lon="12.33594454">
      <ele>2300.222</ele>
      <name>trk1_933</name>
    </trkpt>
    <trkpt lat="46.6240796" lon="12.33594919">
      <ele>2300.648</ele>
      <name>trk1_934</name>
    </trkpt>
    <trkpt lat="46.62410636" lon="12.33595736">
      <ele>2301.26</ele>
      <name>trk1_935</name>
    </trkpt>
    <trkpt lat="46.6241467" lon="12.33596311">
      <ele>2301.924</ele>
      <name>trk1_936</name>
    </trkpt>
    <trkpt lat="46.62418292" lon="12.33595554">
      <ele>2302.64</ele>
      <name>trk1_937</name>
    </trkpt>
    <trkpt lat="46.62426277" lon="12.33591799">
      <ele>2305.226</ele>
      <name>trk1_938</name>
    </trkpt>
    <trkpt lat="46.62429535" lon="12.33588081">
      <ele>2305.591</ele>
      <name>trk1_939</name>
    </trkpt>
    <trkpt lat="46.62431484" lon="12.33582975">
      <ele>2304.976</ele>
      <name>trk1_940</name>
    </trkpt>
    <trkpt lat="46.62432564" lon="12.33576836">
      <ele>2305.151</ele>
      <name>trk1_941</name>
    </trkpt>
    <trkpt lat="46.62434326" lon="12.33570413">
      <ele>2305.732</ele>
      <name>trk1_942</name>
    </trkpt>
    <trkpt lat="46.62435611" lon="12.3356494">
      <ele>2306.147</ele>
      <name>trk1_943</name>
    </trkpt>
    <trkpt lat="46.62436652" lon="12.33560105">
      <ele>2306.487</ele>
      <name>trk1_944</name>
    </trkpt>
    <trkpt lat="46.62437244" lon="12.33555243">
      <ele>2306.587</ele>
      <name>trk1_945</name>
    </trkpt>
    <trkpt lat="46.62437826" lon="12.33550707">
      <ele>2306.866</ele>
      <name>trk1_946</name>
    </trkpt>
    <trkpt lat="46.62439378" lon="12.33536106">
      <ele>2307.644</ele>
      <name>trk1_947</name>
    </trkpt>
    <trkpt lat="46.62440653" lon="12.33530959">
      <ele>2308.438</ele>
      <name>trk1_948</name>
    </trkpt>
    <trkpt lat="46.62442769" lon="12.33527823">
      <ele>2309.854</ele>
      <name>trk1_949</name>
    </trkpt>
    <trkpt lat="46.62446129" lon="12.33528356">
      <ele>2315.013</ele>
      <name>trk1_950</name>
    </trkpt>
    <trkpt lat="46.62446932" lon="12.33531671">
      <ele>2317.011</ele>
      <name>trk1_951</name>
    </trkpt>
    <trkpt lat="46.62446302" lon="12.33537838">
      <ele>2315.607</ele>
      <name>trk1_952</name>
    </trkpt>
    <trkpt lat="46.62446356" lon="12.3354372">
      <ele>2315.858</ele>
      <name>trk1_953</name>
    </trkpt>
    <trkpt lat="46.62446662" lon="12.33548637">
      <ele>2316.748</ele>
      <name>trk1_954</name>
    </trkpt>
    <trkpt lat="46.62447418" lon="12.33553582">
      <ele>2318.861</ele>
      <name>trk1_955</name>
    </trkpt>
    <trkpt lat="46.62448585" lon="12.33559859">
      <ele>2322.578</ele>
      <name>trk1_956</name>
    </trkpt>
    <trkpt lat="46.62449976" lon="12.3356615">
      <ele>2327.409</ele>
      <name>trk1_957</name>
    </trkpt>
    <trkpt lat="46.62451386" lon="12.33571789">
      <ele>2332.559</ele>
      <name>trk1_958</name>
    </trkpt>
    <trkpt lat="46.62452787" lon="12.33577753">
      <ele>2338.104</ele>
      <name>trk1_959</name>
    </trkpt>
    <trkpt lat="46.62453375" lon="12.33580729">
      <ele>2340.65</ele>
      <name>trk1_960</name>
    </trkpt>
    <trkpt lat="46.62453935" lon="12.33584682">
      <ele>2343.546</ele>
      <name>trk1_961</name>
    </trkpt>
    <trkpt lat="46.62454026" lon="12.3358926">
      <ele>2345.39</ele>
      <name>trk1_962</name>
    </trkpt>
    <trkpt lat="46.62453678" lon="12.33593484">
      <ele>2345.658</ele>
      <name>trk1_963</name>
    </trkpt>
    <trkpt lat="46.62452064" lon="12.3360253">
      <ele>2343.249</ele>
      <name>trk1_964</name>
    </trkpt>
    <trkpt lat="46.62450283" lon="12.33609605">
      <ele>2339.489</ele>
      <name>trk1_965</name>
    </trkpt>
    <trkpt lat="46.6244853" lon="12.33615702">
      <ele>2334.167</ele>
      <name>trk1_966</name>
    </trkpt>
    <trkpt lat="46.62446122" lon="12.33621106">
      <ele>2328.032</ele>
      <name>trk1_967</name>
    </trkpt>
    <trkpt lat="46.62442591" lon="12.33626441">
      <ele>2324.829</ele>
      <name>trk1_968</name>
    </trkpt>
    <trkpt lat="46.62439566" lon="12.33629847">
      <ele>2324.993</ele>
      <name>trk1_969</name>
    </trkpt>
    <trkpt lat="46.62433346" lon="12.33642528">
      <ele>2327.111</ele>
      <name>trk1_970</name>
    </trkpt>
    <trkpt lat="46.62431445" lon="12.33646004">
      <ele>2327.189</ele>
      <name>trk1_971</name>
    </trkpt>
    <trkpt lat="46.62429768" lon="12.33649493">
      <ele>2327.355</ele>
      <name>trk1_972</name>
    </trkpt>
    <trkpt lat="46.6242597" lon="12.33663956">
      <ele>2329.127</ele>
      <name>trk1_973</name>
    </trkpt>
    <trkpt lat="46.62425173" lon="12.33668152">
      <ele>2329.61</ele>
      <name>trk1_974</name>
    </trkpt>
    <trkpt lat="46.62424141" lon="12.33672661">
      <ele>2329.8</ele>
      <name>trk1_975</name>
    </trkpt>
    <trkpt lat="46.62423755" lon="12.33678189">
      <ele>2330.286</ele>
      <name>trk1_976</name>
    </trkpt>
    <trkpt lat="46.62423387" lon="12.33683066">
      <ele>2330.707</ele>
      <name>trk1_977</name>
    </trkpt>
    <trkpt lat="46.62423029" lon="12.33687616">
      <ele>2331.095</ele>
      <name>trk1_978</name>
    </trkpt>
    <trkpt lat="46.62422763" lon="12.33696744">
      <ele>2331.784</ele>
      <name>trk1_979</name>
    </trkpt>
    <trkpt lat="46.62422927" lon="12.33706551">
      <ele>2331.944</ele>
      <name>trk1_980</name>
    </trkpt>
    <trkpt lat="46.62423429" lon="12.33712461">
      <ele>2332.122</ele>
      <name>trk1_981</name>
    </trkpt>
    <trkpt lat="46.62423539" lon="12.33716387">
      <ele>2332.183</ele>
      <name>trk1_982</name>
    </trkpt>
    <trkpt lat="46.6242365" lon="12.33720312">
      <ele>2332.24</ele>
      <name>trk1_983</name>
    </trkpt>
    <trkpt lat="46.6242377" lon="12.33723912">
      <ele>2332.262</ele>
      <name>trk1_984</name>
    </trkpt>
    <trkpt lat="46.62424124" lon="12.337272">
      <ele>2332.281</ele>
      <name>trk1_985</name>
    </trkpt>
    <trkpt lat="46.62425281" lon="12.33733803">
      <ele>2332.321</ele>
      <name>trk1_986</name>
    </trkpt>
    <trkpt lat="46.62428459" lon="12.3374053">
      <ele>2332.383</ele>
      <name>trk1_987</name>
    </trkpt>
    <trkpt lat="46.62430816" lon="12.33744594">
      <ele>2332.301</ele>
      <name>trk1_988</name>
    </trkpt>
    <trkpt lat="46.62432957" lon="12.33748318">
      <ele>2332.117</ele>
      <name>trk1_989</name>
    </trkpt>
    <trkpt lat="46.6243681" lon="12.33755087">
      <ele>2331.418</ele>
      <name>trk1_990</name>
    </trkpt>
    <trkpt lat="46.62438726" lon="12.33758797">
      <ele>2330.929</ele>
      <name>trk1_991</name>
    </trkpt>
    <trkpt lat="46.62440643" lon="12.33762508">
      <ele>2330.384</ele>
      <name>trk1_992</name>
    </trkpt>
    <trkpt lat="46.62442784" lon="12.33766232">
      <ele>2329.767</ele>
      <name>trk1_993</name>
    </trkpt>
    <trkpt lat="46.62445122" lon="12.33770948">
      <ele>2329.13</ele>
      <name>trk1_994</name>
    </trkpt>
    <trkpt lat="46.62448525" lon="12.33777689">
      <ele>2328.894</ele>
      <name>trk1_995</name>
    </trkpt>
    <trkpt lat="46.62456884" lon="12.3379192">
      <ele>2328.704</ele>
      <name>trk1_996</name>
    </trkpt>
    <trkpt lat="46.6245969" lon="12.33796012">
      <ele>2328.603</ele>
      <name>trk1_997</name>
    </trkpt>
    <trkpt lat="46.6246316" lon="12.33800471">
      <ele>2328.491</ele>
      <name>trk1_998</name>
    </trkpt>
    <trkpt lat="46.62466424" lon="12.33804264">
      <ele>2328.378</ele>
      <name>trk1_999</name>
    </trkpt>
    <trkpt lat="46.62469707" lon="12.33807406">
      <ele>2328.317</ele>
      <name>trk1_1000</name>
    </trkpt>
    <trkpt lat="46.62473234" lon="12.33809909">
      <ele>2328.488</ele>
      <name>trk1_1001</name>
    </trkpt>
    <trkpt lat="46.6247765" lon="12.33812793">
      <ele>2329.218</ele>
      <name>trk1_1002</name>
    </trkpt>
    <trkpt lat="46.62484761" lon="12.33815844">
      <ele>2330.809</ele>
      <name>trk1_1003</name>
    </trkpt>
    <trkpt lat="46.62487633" lon="12.33817653">
      <ele>2331.431</ele>
      <name>trk1_1004</name>
    </trkpt>
    <trkpt lat="46.62490664" lon="12.33821759">
      <ele>2331.893</ele>
      <name>trk1_1005</name>
    </trkpt>
    <trkpt lat="46.6249345" lon="12.33826503">
      <ele>2332.308</ele>
      <name>trk1_1006</name>
    </trkpt>
    <trkpt lat="46.62498144" lon="12.33835283">
      <ele>2332.929</ele>
      <name>trk1_1007</name>
    </trkpt>
    <trkpt lat="46.62500677" lon="12.33840991">
      <ele>2332.714</ele>
      <name>trk1_1008</name>
    </trkpt>
    <trkpt lat="46.62501695" lon="12.33844646">
      <ele>2332.51</ele>
      <name>trk1_1009</name>
    </trkpt>
    <trkpt lat="46.62502498" lon="12.33847961">
      <ele>2332.289</ele>
      <name>trk1_1010</name>
    </trkpt>
    <trkpt lat="46.62502843" lon="12.33851575">
      <ele>2331.762</ele>
      <name>trk1_1011</name>
    </trkpt>
    <trkpt lat="46.62503393" lon="12.33855854">
      <ele>2331.242</ele>
      <name>trk1_1012</name>
    </trkpt>
    <trkpt lat="46.62503886" lon="12.3386209">
      <ele>2330.407</ele>
      <name>trk1_1013</name>
    </trkpt>
    <trkpt lat="46.62505726" lon="12.33868408">
      <ele>2330.868</ele>
      <name>trk1_1014</name>
    </trkpt>
    <trkpt lat="46.62507184" lon="12.33872417">
      <ele>2331.329</ele>
      <name>trk1_1015</name>
    </trkpt>
    <trkpt lat="46.62508652" lon="12.338761">
      <ele>2331.82</ele>
      <name>trk1_1016</name>
    </trkpt>
    <trkpt lat="46.6250966" lon="12.33880081">
      <ele>2331.973</ele>
      <name>trk1_1017</name>
    </trkpt>
    <trkpt lat="46.62510191" lon="12.33885013">
      <ele>2331.707</ele>
      <name>trk1_1018</name>
    </trkpt>
    <trkpt lat="46.62509767" lon="12.33891845">
      <ele>2330.834</ele>
      <name>trk1_1019</name>
    </trkpt>
    <trkpt lat="46.6250981" lon="12.33898053">
      <ele>2330.557</ele>
      <name>trk1_1020</name>
    </trkpt>
    <trkpt lat="46.62510313" lon="12.33903963">
      <ele>2330.567</ele>
      <name>trk1_1021</name>
    </trkpt>
    <trkpt lat="46.62510891" lon="12.33907264">
      <ele>2330.744</ele>
      <name>trk1_1022</name>
    </trkpt>
    <trkpt lat="46.62511909" lon="12.33910919">
      <ele>2331.155</ele>
      <name>trk1_1023</name>
    </trkpt>
    <trkpt lat="46.62513329" lon="12.33916232">
      <ele>2331.701</ele>
      <name>trk1_1024</name>
    </trkpt>
    <trkpt lat="46.62514543" lon="12.33920879">
      <ele>2331.9</ele>
      <name>trk1_1025</name>
    </trkpt>
    <trkpt lat="46.62515524" lon="12.33925838">
      <ele>2331.835</ele>
      <name>trk1_1026</name>
    </trkpt>
    <trkpt lat="46.6251669" lon="12.33932115">
      <ele>2331.609</ele>
      <name>trk1_1027</name>
    </trkpt>
    <trkpt lat="46.6251725" lon="12.33936069">
      <ele>2331.333</ele>
      <name>trk1_1028</name>
    </trkpt>
    <trkpt lat="46.62517594" lon="12.33939683">
      <ele>2330.985</ele>
      <name>trk1_1029</name>
    </trkpt>
    <trkpt lat="46.6251748" lon="12.33943595">
      <ele>2330.408</ele>
      <name>trk1_1030</name>
    </trkpt>
    <trkpt lat="46.62517122" lon="12.33948145">
      <ele>2330.215</ele>
      <name>trk1_1031</name>
    </trkpt>
    <trkpt lat="46.62515837" lon="12.33953618">
      <ele>2329.843</ele>
      <name>trk1_1032</name>
    </trkpt>
    <trkpt lat="46.62514418" lon="12.33963655">
      <ele>2329.523</ele>
      <name>trk1_1033</name>
    </trkpt>
    <trkpt lat="46.62514462" lon="12.33969863">
      <ele>2329.645</ele>
      <name>trk1_1034</name>
    </trkpt>
    <trkpt lat="46.6251411" lon="12.33981925">
      <ele>2329.211</ele>
      <name>trk1_1035</name>
    </trkpt>
    <trkpt lat="46.62513479" lon="12.33988091">
      <ele>2328.83</ele>
      <name>trk1_1036</name>
    </trkpt>
    <trkpt lat="46.62512605" lon="12.33994896">
      <ele>2328.419</ele>
      <name>trk1_1037</name>
    </trkpt>
    <trkpt lat="46.62508412" lon="12.34015213">
      <ele>2328.112</ele>
      <name>trk1_1038</name>
    </trkpt>
    <trkpt lat="46.62506081" lon="12.34033358">
      <ele>2328.683</ele>
      <name>trk1_1039</name>
    </trkpt>
    <trkpt lat="46.62505723" lon="12.34037909">
      <ele>2328.852</ele>
      <name>trk1_1040</name>
    </trkpt>
    <trkpt lat="46.62505824" lon="12.34042161">
      <ele>2329.046</ele>
      <name>trk1_1041</name>
    </trkpt>
    <trkpt lat="46.62505934" lon="12.34046086">
      <ele>2329.227</ele>
      <name>trk1_1042</name>
    </trkpt>
    <trkpt lat="46.62506035" lon="12.34050338">
      <ele>2329.423</ele>
      <name>trk1_1043</name>
    </trkpt>
    <trkpt lat="46.6250636" lon="12.34054604">
      <ele>2329.645</ele>
      <name>trk1_1044</name>
    </trkpt>
    <trkpt lat="46.62506901" lon="12.3405921">
      <ele>2329.91</ele>
      <name>trk1_1045</name>
    </trkpt>
    <trkpt lat="46.62507422" lon="12.34064467">
      <ele>2330.208</ele>
      <name>trk1_1046</name>
    </trkpt>
    <trkpt lat="46.62507719" lon="12.34069711">
      <ele>2330.485</ele>
      <name>trk1_1047</name>
    </trkpt>
    <trkpt lat="46.62508331" lon="12.34079546">
      <ele>2331.022</ele>
      <name>trk1_1048</name>
    </trkpt>
    <trkpt lat="46.62508422" lon="12.34084124">
      <ele>2331.25</ele>
      <name>trk1_1049</name>
    </trkpt>
    <trkpt lat="46.62508156" lon="12.34093252">
      <ele>2331.636</ele>
      <name>trk1_1050</name>
    </trkpt>
    <trkpt lat="46.62507563" lon="12.34098115">
      <ele>2331.766</ele>
      <name>trk1_1051</name>
    </trkpt>
    <trkpt lat="46.62506952" lon="12.34103629">
      <ele>2331.915</ele>
      <name>trk1_1052</name>
    </trkpt>
    <trkpt lat="46.62505376" lon="12.3411137">
      <ele>2332.014</ele>
      <name>trk1_1053</name>
    </trkpt>
    <trkpt lat="46.62503613" lon="12.34117793">
      <ele>2332.853</ele>
      <name>trk1_1054</name>
    </trkpt>
    <trkpt lat="46.62499375" lon="12.34131902">
      <ele>2334.652</ele>
      <name>trk1_1055</name>
    </trkpt>
    <trkpt lat="46.62497417" lon="12.34137334">
      <ele>2335.348</ele>
      <name>trk1_1056</name>
    </trkpt>
    <trkpt lat="46.62495701" lon="12.34142127">
      <ele>2336.161</ele>
      <name>trk1_1057</name>
    </trkpt>
    <trkpt lat="46.62493996" lon="12.34146594">
      <ele>2336.957</ele>
      <name>trk1_1058</name>
    </trkpt>
    <trkpt lat="46.62492739" lon="12.34151089">
      <ele>2337.799</ele>
      <name>trk1_1059</name>
    </trkpt>
    <trkpt lat="46.62486739" lon="12.34171621">
      <ele>2341.299</ele>
      <name>trk1_1060</name>
    </trkpt>
    <trkpt lat="46.62483562" lon="12.34180243">
      <ele>2342.581</ele>
      <name>trk1_1061</name>
    </trkpt>
    <trkpt lat="46.62482315" lon="12.34184412">
      <ele>2343.245</ele>
      <name>trk1_1062</name>
    </trkpt>
    <trkpt lat="46.62481264" lon="12.34189573">
      <ele>2344.169</ele>
      <name>trk1_1063</name>
    </trkpt>
    <trkpt lat="46.62480241" lon="12.34193755">
      <ele>2344.865</ele>
      <name>trk1_1064</name>
    </trkpt>
    <trkpt lat="46.62479649" lon="12.34198618">
      <ele>2345.593</ele>
      <name>trk1_1065</name>
    </trkpt>
    <trkpt lat="46.62481996" lon="12.34203008">
      <ele>2347.022</ele>
      <name>trk1_1066</name>
    </trkpt>
    <trkpt lat="46.62485666" lon="12.34200621">
      <ele>2347.6</ele>
      <name>trk1_1067</name>
    </trkpt>
    <trkpt lat="46.62488877" lon="12.34198533">
      <ele>2348.051</ele>
      <name>trk1_1068</name>
    </trkpt>
    <trkpt lat="46.62497865" lon="12.34191249">
      <ele>2348.666</ele>
      <name>trk1_1069</name>
    </trkpt>
    <trkpt lat="46.62504278" lon="12.34187398">
      <ele>2349.378</ele>
      <name>trk1_1070</name>
    </trkpt>
    <trkpt lat="46.62508387" lon="12.34185365">
      <ele>2349.93</ele>
      <name>trk1_1071</name>
    </trkpt>
    <trkpt lat="46.6251361" lon="12.34183727">
      <ele>2350.841</ele>
      <name>trk1_1072</name>
    </trkpt>
    <trkpt lat="46.62516793" lon="12.34182617">
      <ele>2351.341</ele>
      <name>trk1_1073</name>
    </trkpt>
    <trkpt lat="46.62519956" lon="12.34182159">
      <ele>2352.016</ele>
      <name>trk1_1074</name>
    </trkpt>
    <trkpt lat="46.6252679" lon="12.34179314">
      <ele>2352.852</ele>
      <name>trk1_1075</name>
    </trkpt>
    <trkpt lat="46.62529495" lon="12.34179154">
      <ele>2353.259</ele>
      <name>trk1_1076</name>
    </trkpt>
    <trkpt lat="46.62534933" lon="12.34177856">
      <ele>2353.502</ele>
      <name>trk1_1077</name>
    </trkpt>
    <trkpt lat="46.62537413" lon="12.34177682">
      <ele>2353.747</ele>
      <name>trk1_1078</name>
    </trkpt>
    <trkpt lat="46.62539668" lon="12.34177494">
      <ele>2353.959</ele>
      <name>trk1_1079</name>
    </trkpt>
    <trkpt lat="46.62542129" lon="12.34177973">
      <ele>2354.423</ele>
      <name>trk1_1080</name>
    </trkpt>
    <trkpt lat="46.62544356" lon="12.34178763">
      <ele>2354.97</ele>
      <name>trk1_1081</name>
    </trkpt>
    <trkpt lat="46.62547023" lon="12.34179907">
      <ele>2355.699</ele>
      <name>trk1_1082</name>
    </trkpt>
    <trkpt lat="46.62549661" lon="12.34182029">
      <ele>2356.776</ele>
      <name>trk1_1083</name>
    </trkpt>
    <trkpt lat="46.62553374" lon="12.3418585">
      <ele>2358.616</ele>
      <name>trk1_1084</name>
    </trkpt>
    <trkpt lat="46.62557809" lon="12.34188083">
      <ele>2360.053</ele>
      <name>trk1_1085</name>
    </trkpt>
    <trkpt lat="46.6256189" lon="12.34187028">
      <ele>2360.303</ele>
      <name>trk1_1086</name>
    </trkpt>
    <trkpt lat="46.62566382" lon="12.34187305">
      <ele>2361.089</ele>
      <name>trk1_1087</name>
    </trkpt>
    <trkpt lat="46.62569273" lon="12.34188463">
      <ele>2361.928</ele>
      <name>trk1_1088</name>
    </trkpt>
    <trkpt lat="46.6257193" lon="12.34189933">
      <ele>2362.83</ele>
      <name>trk1_1089</name>
    </trkpt>
    <trkpt lat="46.62574606" lon="12.34190751">
      <ele>2363.505</ele>
      <name>trk1_1090</name>
    </trkpt>
    <trkpt lat="46.6257776" lon="12.34190619">
      <ele>2363.93</ele>
      <name>trk1_1091</name>
    </trkpt>
    <trkpt lat="46.62581645" lon="12.34188572">
      <ele>2363.841</ele>
      <name>trk1_1092</name>
    </trkpt>
    <trkpt lat="46.6258846" lon="12.34186379">
      <ele>2364.732</ele>
      <name>trk1_1093</name>
    </trkpt>
    <trkpt lat="46.62592708" lon="12.34187294">
      <ele>2366.133</ele>
      <name>trk1_1094</name>
    </trkpt>
    <trkpt lat="46.62594672" lon="12.34189375">
      <ele>2367.289</ele>
      <name>trk1_1095</name>
    </trkpt>
    <trkpt lat="46.62594577" lon="12.34192635">
      <ele>2368.274</ele>
      <name>trk1_1096</name>
    </trkpt>
    <trkpt lat="46.62591151" lon="12.34194383">
      <ele>2367.951</ele>
      <name>trk1_1097</name>
    </trkpt>
    <trkpt lat="46.62583118" lon="12.34199767">
      <ele>2368.458</ele>
      <name>trk1_1098</name>
    </trkpt>
    <trkpt lat="46.62580366" lon="12.34201557">
      <ele>2368.874</ele>
      <name>trk1_1099</name>
    </trkpt>
    <trkpt lat="46.62575076" lon="12.34205477">
      <ele>2369.856</ele>
      <name>trk1_1100</name>
    </trkpt>
    <trkpt lat="46.62572295" lon="12.34208245">
      <ele>2370.672</ele>
      <name>trk1_1101</name>
    </trkpt>
    <trkpt lat="46.62562165" lon="12.34216112">
      <ele>2372.498</ele>
      <name>trk1_1102</name>
    </trkpt>
    <trkpt lat="46.62559403" lon="12.34218228">
      <ele>2372.947</ele>
      <name>trk1_1103</name>
    </trkpt>
    <trkpt lat="46.62553616" lon="12.3422375">
      <ele>2374.109</ele>
      <name>trk1_1104</name>
    </trkpt>
    <trkpt lat="46.62544485" lon="12.34235925">
      <ele>2376.243</ele>
      <name>trk1_1105</name>
    </trkpt>
    <trkpt lat="46.62539286" lon="12.34244422">
      <ele>2377.755</ele>
      <name>trk1_1106</name>
    </trkpt>
    <trkpt lat="46.62536644" lon="12.34250138">
      <ele>2378.917</ele>
      <name>trk1_1107</name>
    </trkpt>
    <trkpt lat="46.625349" lon="12.34255909">
      <ele>2380.173</ele>
      <name>trk1_1108</name>
    </trkpt>
    <trkpt lat="46.62536788" lon="12.34260598">
      <ele>2382.343</ele>
      <name>trk1_1109</name>
    </trkpt>
    <trkpt lat="46.62541505" lon="12.34260889">
      <ele>2384.165</ele>
      <name>trk1_1110</name>
    </trkpt>
    <trkpt lat="46.62543779" lon="12.34260049">
      <ele>2384.704</ele>
      <name>trk1_1111</name>
    </trkpt>
    <trkpt lat="46.62546288" lon="12.34258897">
      <ele>2385.2</ele>
      <name>trk1_1112</name>
    </trkpt>
    <trkpt lat="46.62552729" lon="12.34254069">
      <ele>2385.651</ele>
      <name>trk1_1113</name>
    </trkpt>
    <trkpt lat="46.62555912" lon="12.34252958">
      <ele>2386.275</ele>
      <name>trk1_1114</name>
    </trkpt>
    <trkpt lat="46.62559974" lon="12.34252556">
      <ele>2387.299</ele>
      <name>trk1_1115</name>
    </trkpt>
    <trkpt lat="46.62563381" lon="12.34251459">
      <ele>2387.846</ele>
      <name>trk1_1116</name>
    </trkpt>
    <trkpt lat="46.62569316" lon="12.34248559">
      <ele>2388.315</ele>
      <name>trk1_1117</name>
    </trkpt>
    <trkpt lat="46.62572948" lon="12.34247476">
      <ele>2388.839</ele>
      <name>trk1_1118</name>
    </trkpt>
    <trkpt lat="46.62578629" lon="12.3424554">
      <ele>2389.479</ele>
      <name>trk1_1119</name>
    </trkpt>
    <trkpt lat="46.62586079" lon="12.34244693">
      <ele>2390.74</ele>
      <name>trk1_1120</name>
    </trkpt>
    <trkpt lat="46.62588774" lon="12.34244859">
      <ele>2391.229</ele>
      <name>trk1_1121</name>
    </trkpt>
    <trkpt lat="46.6259147" lon="12.34245025">
      <ele>2391.717</ele>
      <name>trk1_1122</name>
    </trkpt>
    <trkpt lat="46.62594829" lon="12.34245559">
      <ele>2392.483</ele>
      <name>trk1_1123</name>
    </trkpt>
    <trkpt lat="46.62603813" lon="12.34246112">
      <ele>2394.093</ele>
      <name>trk1_1124</name>
    </trkpt>
    <trkpt lat="46.62607846" lon="12.34246687">
      <ele>2394.965</ele>
      <name>trk1_1125</name>
    </trkpt>
    <trkpt lat="46.62619526" lon="12.34247407">
      <ele>2397.055</ele>
      <name>trk1_1126</name>
    </trkpt>
    <trkpt lat="46.62624037" lon="12.34247032">
      <ele>2397.572</ele>
      <name>trk1_1127</name>
    </trkpt>
    <trkpt lat="46.62626292" lon="12.34246844">
      <ele>2397.833</ele>
      <name>trk1_1128</name>
    </trkpt>
    <trkpt lat="46.62628997" lon="12.34246684">
      <ele>2398.177</ele>
      <name>trk1_1129</name>
    </trkpt>
    <trkpt lat="46.62643214" lon="12.34245274">
      <ele>2400.894</ele>
      <name>trk1_1130</name>
    </trkpt>
    <trkpt lat="46.62645479" lon="12.34244761">
      <ele>2401.625</ele>
      <name>trk1_1131</name>
    </trkpt>
    <trkpt lat="46.62648418" lon="12.34244289">
      <ele>2402.653</ele>
      <name>trk1_1132</name>
    </trkpt>
    <trkpt lat="46.62652059" lon="12.3424288">
      <ele>2403.639</ele>
      <name>trk1_1133</name>
    </trkpt>
    <trkpt lat="46.62658854" lon="12.34241339">
      <ele>2405.925</ele>
      <name>trk1_1134</name>
    </trkpt>
    <trkpt lat="46.6266272" lon="12.34239944">
      <ele>2407.076</ele>
      <name>trk1_1135</name>
    </trkpt>
    <trkpt lat="46.6266639" lon="12.34237558">
      <ele>2407.85</ele>
      <name>trk1_1136</name>
    </trkpt>
    <trkpt lat="46.62670031" lon="12.34236149">
      <ele>2409.45</ele>
      <name>trk1_1137</name>
    </trkpt>
    <trkpt lat="46.6267641" lon="12.34225764">
      <ele>2409.76</ele>
      <name>trk1_1138</name>
    </trkpt>
    <trkpt lat="46.62684361" lon="12.34215476">
      <ele>2413.08</ele>
      <name>trk1_1139</name>
    </trkpt>
    <trkpt lat="46.62686702" lon="12.34212355">
      <ele>2414.168</ele>
      <name>trk1_1140</name>
    </trkpt>
    <trkpt lat="46.62689015" lon="12.34210211">
      <ele>2415.167</ele>
      <name>trk1_1141</name>
    </trkpt>
    <trkpt lat="46.62691328" lon="12.34208067">
      <ele>2416.076</ele>
      <name>trk1_1142</name>
    </trkpt>
    <trkpt lat="46.62693875" lon="12.34205611">
      <ele>2416.964</ele>
      <name>trk1_1143</name>
    </trkpt>
    <trkpt lat="46.6269484" lon="12.34203384">
      <ele>2417.136</ele>
      <name>trk1_1144</name>
    </trkpt>
    <trkpt lat="46.62696207" lon="12.34202815">
      <ele>2417.659</ele>
      <name>trk1_1145</name>
    </trkpt>
    <trkpt lat="46.6269819" lon="12.34204244">
      <ele>2418.684</ele>
      <name>trk1_1146</name>
    </trkpt>
    <trkpt lat="46.62700417" lon="12.34205035">
      <ele>2419.755</ele>
      <name>trk1_1147</name>
    </trkpt>
    <trkpt lat="46.62701812" lon="12.34203487">
      <ele>2420.153</ele>
      <name>trk1_1148</name>
    </trkpt>
    <trkpt lat="46.62702534" lon="12.34201899">
      <ele>2420.243</ele>
      <name>trk1_1149</name>
    </trkpt>
    <trkpt lat="46.62702471" lon="12.34196343">
      <ele>2419.443</ele>
      <name>trk1_1150</name>
    </trkpt>
    <trkpt lat="46.62703642" lon="12.34194782">
      <ele>2419.691</ele>
      <name>trk1_1151</name>
    </trkpt>
    <trkpt lat="46.62705343" lon="12.34198153">
      <ele>2420.873</ele>
      <name>trk1_1152</name>
    </trkpt>
    <trkpt lat="46.62707776" lon="12.34199609">
      <ele>2422.105</ele>
      <name>trk1_1153</name>
    </trkpt>
    <trkpt lat="46.62710088" lon="12.34197465">
      <ele>2422.705</ele>
      <name>trk1_1154</name>
    </trkpt>
    <trkpt lat="46.62715488" lon="12.34197471">
      <ele>2424.908</ele>
      <name>trk1_1155</name>
    </trkpt>
    <trkpt lat="46.62717744" lon="12.34197284">
      <ele>2425.791</ele>
      <name>trk1_1156</name>
    </trkpt>
    <trkpt lat="46.62720018" lon="12.34196444">
      <ele>2426.542</ele>
      <name>trk1_1157</name>
    </trkpt>
    <trkpt lat="46.62722527" lon="12.34195292">
      <ele>2427.229</ele>
      <name>trk1_1158</name>
    </trkpt>
    <trkpt lat="46.62725514" lon="12.3419319">
      <ele>2427.238</ele>
      <name>trk1_1159</name>
    </trkpt>
    <trkpt lat="46.62728453" lon="12.34192718">
      <ele>2427.559</ele>
      <name>trk1_1160</name>
    </trkpt>
    <trkpt lat="46.62731578" lon="12.34193564">
      <ele>2428.167</ele>
      <name>trk1_1161</name>
    </trkpt>
    <trkpt lat="46.62734656" lon="12.3419604">
      <ele>2429.315</ele>
      <name>trk1_1162</name>
    </trkpt>
    <trkpt lat="46.62738809" lon="12.34200215">
      <ele>2431.503</ele>
      <name>trk1_1163</name>
    </trkpt>
    <trkpt lat="46.6274299" lon="12.34203412">
      <ele>2433.617</ele>
      <name>trk1_1164</name>
    </trkpt>
    <trkpt lat="46.6274721" lon="12.34205305">
      <ele>2435.406</ele>
      <name>trk1_1165</name>
    </trkpt>
    <trkpt lat="46.62749681" lon="12.34205457">
      <ele>2436.076</ele>
      <name>trk1_1166</name>
    </trkpt>
    <trkpt lat="46.62752395" lon="12.34204971">
      <ele>2436.26</ele>
      <name>trk1_1167</name>
    </trkpt>
    <trkpt lat="46.62756027" lon="12.34203888">
      <ele>2436.283</ele>
      <name>trk1_1168</name>
    </trkpt>
    <trkpt lat="46.62759396" lon="12.34204096">
      <ele>2436.856</ele>
      <name>trk1_1169</name>
    </trkpt>
    <trkpt lat="46.62762736" lon="12.34205282">
      <ele>2437.828</ele>
      <name>trk1_1170</name>
    </trkpt>
    <trkpt lat="46.62766487" lon="12.34207799">
      <ele>2439.362</ele>
      <name>trk1_1171</name>
    </trkpt>
    <trkpt lat="46.62769575" lon="12.34209949">
      <ele>2440.6</ele>
      <name>trk1_1172</name>
    </trkpt>
    <trkpt lat="46.62771697" lon="12.34214326">
      <ele>2442.533</ele>
      <name>trk1_1173</name>
    </trkpt>
    <trkpt lat="46.62772816" lon="12.34222233">
      <ele>2445.647</ele>
      <name>trk1_1174</name>
    </trkpt>
    <trkpt lat="46.62775769" lon="12.34228947">
      <ele>2448.483</ele>
      <name>trk1_1175</name>
    </trkpt>
    <trkpt lat="46.62779941" lon="12.3423247">
      <ele>2450.476</ele>
      <name>trk1_1176</name>
    </trkpt>
    <trkpt lat="46.62782159" lon="12.34233587">
      <ele>2451.354</ele>
      <name>trk1_1177</name>
    </trkpt>
    <trkpt lat="46.62785059" lon="12.34234419">
      <ele>2452.256</ele>
      <name>trk1_1178</name>
    </trkpt>
    <trkpt lat="46.62788438" lon="12.342343">
      <ele>2452.869</ele>
      <name>trk1_1179</name>
    </trkpt>
    <trkpt lat="46.62791592" lon="12.34234168">
      <ele>2453.431</ele>
      <name>trk1_1180</name>
    </trkpt>
    <trkpt lat="46.62794512" lon="12.34234348">
      <ele>2454.077</ele>
      <name>trk1_1181</name>
    </trkpt>
    <trkpt lat="46.62798311" lon="12.34235235">
      <ele>2455.195</ele>
      <name>trk1_1182</name>
    </trkpt>
    <trkpt lat="46.62801006" lon="12.34235401">
      <ele>2455.797</ele>
      <name>trk1_1183</name>
    </trkpt>
    <trkpt lat="46.62803243" lon="12.34235866">
      <ele>2456.437</ele>
      <name>trk1_1184</name>
    </trkpt>
    <trkpt lat="46.62805469" lon="12.34236656">
      <ele>2457.218</ele>
      <name>trk1_1185</name>
    </trkpt>
    <trkpt lat="46.62808361" lon="12.34237814">
      <ele>2458.802</ele>
      <name>trk1_1186</name>
    </trkpt>
    <trkpt lat="46.62811926" lon="12.34239014">
      <ele>2460.686</ele>
      <name>trk1_1187</name>
    </trkpt>
    <trkpt lat="46.62815911" lon="12.34241219">
      <ele>2463.19</ele>
      <name>trk1_1188</name>
    </trkpt>
    <trkpt lat="46.62817689" lon="12.34241982">
      <ele>2464.215</ele>
      <name>trk1_1189</name>
    </trkpt>
    <trkpt lat="46.62819691" lon="12.34242759">
      <ele>2465.337</ele>
      <name>trk1_1190</name>
    </trkpt>
    <trkpt lat="46.62823051" lon="12.34243292">
      <ele>2466.878</ele>
      <name>trk1_1191</name>
    </trkpt>
    <trkpt lat="46.62825875" lon="12.34246732">
      <ele>2469.549</ele>
      <name>trk1_1192</name>
    </trkpt>
    <trkpt lat="46.62826277" lon="12.3424839">
      <ele>2470.467</ele>
      <name>trk1_1193</name>
    </trkpt>
    <trkpt lat="46.62827128" lon="12.34250076">
      <ele>2471.594</ele>
      <name>trk1_1194</name>
    </trkpt>
    <trkpt lat="46.62828599" lon="12.3424592">
      <ele>2470.241</ele>
      <name>trk1_1195</name>
    </trkpt>
    <trkpt lat="46.62832804" lon="12.34240627">
      <ele>2469.41</ele>
      <name>trk1_1196</name>
    </trkpt>
    <trkpt lat="46.62835733" lon="12.34240481">
      <ele>2471.098</ele>
      <name>trk1_1197</name>
    </trkpt>
    <trkpt lat="46.62839934" lon="12.34243026">
      <ele>2475.072</ele>
      <name>trk1_1198</name>
    </trkpt>
    <trkpt lat="46.62843781" lon="12.34242283">
      <ele>2477.221</ele>
      <name>trk1_1199</name>
    </trkpt>
    <trkpt lat="46.6284617" lon="12.34237531">
      <ele>2476.322</ele>
      <name>trk1_1200</name>
    </trkpt>
    <trkpt lat="46.62851029" lon="12.34232932">
      <ele>2476.942</ele>
      <name>trk1_1201</name>
    </trkpt>
    <trkpt lat="46.62852592" lon="12.34233355">
      <ele>2478.137</ele>
      <name>trk1_1202</name>
    </trkpt>
    <trkpt lat="46.6285319" lon="12.34236004">
      <ele>2479.951</ele>
      <name>trk1_1203</name>
    </trkpt>
    <trkpt lat="46.62853094" lon="12.34239265">
      <ele>2481.668</ele>
      <name>trk1_1204</name>
    </trkpt>
    <trkpt lat="46.62852521" lon="12.34243475">
      <ele>2483.584</ele>
      <name>trk1_1205</name>
    </trkpt>
    <trkpt lat="46.62854036" lon="12.34245528">
      <ele>2485.708</ele>
      <name>trk1_1206</name>
    </trkpt>
    <trkpt lat="46.62856134" lon="12.34243045">
      <ele>2485.724</ele>
      <name>trk1_1207</name>
    </trkpt>
    <trkpt lat="46.62858643" lon="12.34241893">
      <ele>2486.72</ele>
      <name>trk1_1208</name>
    </trkpt>
    <trkpt lat="46.62861189" lon="12.34239437">
      <ele>2486.97</ele>
      <name>trk1_1209</name>
    </trkpt>
    <trkpt lat="46.62863192" lon="12.34240213">
      <ele>2488.808</ele>
      <name>trk1_1210</name>
    </trkpt>
    <trkpt lat="46.62863144" lon="12.34241844">
      <ele>2489.723</ele>
      <name>trk1_1211</name>
    </trkpt>
    <trkpt lat="46.62862638" lon="12.34243772">
      <ele>2490.487</ele>
      <name>trk1_1212</name>
    </trkpt>
    <trkpt lat="46.62860755" lon="12.34246596">
      <ele>2490.8</ele>
      <name>trk1_1213</name>
    </trkpt>
    <trkpt lat="46.62861118" lon="12.34249557">
      <ele>2492.75</ele>
      <name>trk1_1214</name>
    </trkpt>
    <trkpt lat="46.62863317" lon="12.34251326">
      <ele>2495.234</ele>
      <name>trk1_1215</name>
    </trkpt>
    <trkpt lat="46.62865768" lon="12.3425213">
      <ele>2497.349</ele>
      <name>trk1_1216</name>
    </trkpt>
    <trkpt lat="46.62868511" lon="12.34250666">
      <ele>2498.625</ele>
      <name>trk1_1217</name>
    </trkpt>
    <trkpt lat="46.62870834" lon="12.34248196">
      <ele>2498.916</ele>
      <name>trk1_1218</name>
    </trkpt>
    <trkpt lat="46.62872071" lon="12.34244353">
      <ele>2497.478</ele>
      <name>trk1_1219</name>
    </trkpt>
    <trkpt lat="46.62874169" lon="12.3424187">
      <ele>2497.444</ele>
      <name>trk1_1220</name>
    </trkpt>
    <trkpt lat="46.62878531" lon="12.34238872">
      <ele>2498.63</ele>
      <name>trk1_1221</name>
    </trkpt>
    <trkpt lat="46.62880777" lon="12.34239011">
      <ele>2500.27</ele>
      <name>trk1_1222</name>
    </trkpt>
    <trkpt lat="46.628832" lon="12.34240793">
      <ele>2503.074</ele>
      <name>trk1_1223</name>
    </trkpt>
    <trkpt lat="46.6288451" lon="12.3424218">
      <ele>2504.869</ele>
      <name>trk1_1224</name>
    </trkpt>
    <trkpt lat="46.62886034" lon="12.34243907">
      <ele>2507.041</ele>
      <name>trk1_1225</name>
    </trkpt>
    <trkpt lat="46.62905049" lon="12.34247692">
      <ele>2516.642</ele>
      <name>trk1_1226</name>
    </trkpt>
    <trkpt lat="46.6290999" lon="12.34247997">
      <ele>2518.327</ele>
      <name>trk1_1227</name>
    </trkpt>
    <trkpt lat="46.62913397" lon="12.342469">
      <ele>2519.034</ele>
      <name>trk1_1228</name>
    </trkpt>
    <trkpt lat="46.62916131" lon="12.34245762">
      <ele>2519.596</ele>
      <name>trk1_1229</name>
    </trkpt>
    <trkpt lat="46.629223" lon="12.3424255">
      <ele>2521.896</ele>
      <name>trk1_1230</name>
    </trkpt>
    <trkpt lat="46.62926448" lon="12.34239212">
      <ele>2523.175</ele>
      <name>trk1_1231</name>
    </trkpt>
    <trkpt lat="46.62933974" lon="12.34235757">
      <ele>2526.244</ele>
      <name>trk1_1232</name>
    </trkpt>
    <trkpt lat="46.62937214" lon="12.3423269">
      <ele>2527.11</ele>
      <name>trk1_1233</name>
    </trkpt>
    <trkpt lat="46.62939574" lon="12.34228916">
      <ele>2527.298</ele>
      <name>trk1_1234</name>
    </trkpt>
    <trkpt lat="46.6294258" lon="12.34226162">
      <ele>2528.128</ele>
      <name>trk1_1235</name>
    </trkpt>
    <trkpt lat="46.62946054" lon="12.34222783">
      <ele>2528.958</ele>
      <name>trk1_1236</name>
    </trkpt>
    <trkpt lat="46.62949097" lon="12.34218725">
      <ele>2527.345</ele>
      <name>trk1_1237</name>
    </trkpt>
    <trkpt lat="46.62951477" lon="12.34214299">
      <ele>2524.919</ele>
      <name>trk1_1238</name>
    </trkpt>
    <trkpt lat="46.62954912" lon="12.34212224">
      <ele>2525.227</ele>
      <name>trk1_1239</name>
    </trkpt>
    <trkpt lat="46.62961746" lon="12.34209379">
      <ele>2527.177</ele>
      <name>trk1_1240</name>
    </trkpt>
    <trkpt lat="46.62964059" lon="12.34207235">
      <ele>2527.064</ele>
      <name>trk1_1241</name>
    </trkpt>
    <trkpt lat="46.62968627" lon="12.34204904">
      <ele>2528.401</ele>
      <name>trk1_1242</name>
    </trkpt>
    <trkpt lat="46.62971351" lon="12.34204092">
      <ele>2529.669</ele>
      <name>trk1_1243</name>
    </trkpt>
    <trkpt lat="46.62976134" lon="12.342021">
      <ele>2530.287</ele>
      <name>trk1_1244</name>
    </trkpt>
    <trkpt lat="46.62980253" lon="12.34199741">
      <ele>2530.474</ele>
      <name>trk1_1245</name>
    </trkpt>
    <trkpt lat="46.62984372" lon="12.34197382">
      <ele>2530.988</ele>
      <name>trk1_1246</name>
    </trkpt>
    <trkpt lat="46.62986666" lon="12.3419589">
      <ele>2531.345</ele>
      <name>trk1_1247</name>
    </trkpt>
    <trkpt lat="46.62989399" lon="12.34194752">
      <ele>2532.149</ele>
      <name>trk1_1248</name>
    </trkpt>
    <trkpt lat="46.62993743" lon="12.34192407">
      <ele>2532.858</ele>
      <name>trk1_1249</name>
    </trkpt>
    <trkpt lat="46.62997814" lon="12.34191678">
      <ele>2534.3</ele>
      <name>trk1_1250</name>
    </trkpt>
    <trkpt lat="46.63001867" lon="12.34191601">
      <ele>2535.556</ele>
      <name>trk1_1251</name>
    </trkpt>
    <trkpt lat="46.63004113" lon="12.34191739">
      <ele>2535.994</ele>
      <name>trk1_1252</name>
    </trkpt>
    <trkpt lat="46.63006798" lon="12.34192232">
      <ele>2536.703</ele>
      <name>trk1_1253</name>
    </trkpt>
    <trkpt lat="46.63011075" lon="12.34192168">
      <ele>2537.332</ele>
      <name>trk1_1254</name>
    </trkpt>
    <trkpt lat="46.63014903" lon="12.34192078">
      <ele>2537.881</ele>
      <name>trk1_1255</name>
    </trkpt>
    <trkpt lat="46.63018516" lon="12.34191647">
      <ele>2538.223</ele>
      <name>trk1_1256</name>
    </trkpt>
    <trkpt lat="46.63022831" lon="12.3419028">
      <ele>2538.232</ele>
      <name>trk1_1257</name>
    </trkpt>
    <trkpt lat="46.63039016" lon="12.34183112">
      <ele>2538.108</ele>
      <name>trk1_1258</name>
    </trkpt>
    <trkpt lat="46.63043135" lon="12.34180752">
      <ele>2537.652</ele>
      <name>trk1_1259</name>
    </trkpt>
    <trkpt lat="46.63050652" lon="12.34177623">
      <ele>2537.222</ele>
      <name>trk1_1260</name>
    </trkpt>
    <trkpt lat="46.63059693" lon="12.3417622">
      <ele>2538.27</ele>
      <name>trk1_1261</name>
    </trkpt>
    <trkpt lat="46.63063774" lon="12.34175165">
      <ele>2538.741</ele>
      <name>trk1_1262</name>
    </trkpt>
    <trkpt lat="46.6306764" lon="12.3417377">
      <ele>2539.063</ele>
      <name>trk1_1263</name>
    </trkpt>
    <trkpt lat="46.63072198" lon="12.34171765">
      <ele>2539.415</ele>
      <name>trk1_1264</name>
    </trkpt>
    <trkpt lat="46.63075175" lon="12.34169988">
      <ele>2539.54</ele>
      <name>trk1_1265</name>
    </trkpt>
    <trkpt lat="46.63078124" lon="12.3416919">
      <ele>2540.169</ele>
      <name>trk1_1266</name>
    </trkpt>
    <trkpt lat="46.63084413" lon="12.34169578">
      <ele>2542.296</ele>
      <name>trk1_1267</name>
    </trkpt>
    <trkpt lat="46.63088474" lon="12.34169175">
      <ele>2543.098</ele>
      <name>trk1_1268</name>
    </trkpt>
    <trkpt lat="46.63091901" lon="12.34167426">
      <ele>2543.382</ele>
      <name>trk1_1269</name>
    </trkpt>
    <trkpt lat="46.63099446" lon="12.34163318">
      <ele>2543.594</ele>
      <name>trk1_1270</name>
    </trkpt>
    <trkpt lat="46.63102648" lon="12.34161556">
      <ele>2543.588</ele>
      <name>trk1_1271</name>
    </trkpt>
    <trkpt lat="46.63108544" lon="12.34159959">
      <ele>2544.259</ele>
      <name>trk1_1272</name>
    </trkpt>
    <trkpt lat="46.63111249" lon="12.34159799">
      <ele>2544.817</ele>
      <name>trk1_1273</name>
    </trkpt>
    <trkpt lat="46.63114178" lon="12.34159653">
      <ele>2545.408</ele>
      <name>trk1_1274</name>
    </trkpt>
    <trkpt lat="46.63116883" lon="12.34159493">
      <ele>2545.943</ele>
      <name>trk1_1275</name>
    </trkpt>
    <trkpt lat="46.6312365" lon="12.3415893">
      <ele>2547.213</ele>
      <name>trk1_1276</name>
    </trkpt>
    <trkpt lat="46.63128209" lon="12.34156925">
      <ele>2547.35</ele>
      <name>trk1_1277</name>
    </trkpt>
    <trkpt lat="46.63136652" lon="12.34152872">
      <ele>2547.518</ele>
      <name>trk1_1278</name>
    </trkpt>
    <trkpt lat="46.63141641" lon="12.34151546">
      <ele>2546.944</ele>
      <name>trk1_1279</name>
    </trkpt>
    <trkpt lat="46.63144852" lon="12.34149458">
      <ele>2545.688</ele>
      <name>trk1_1280</name>
    </trkpt>
    <trkpt lat="46.63147399" lon="12.34147002">
      <ele>2544.686</ele>
      <name>trk1_1281</name>
    </trkpt>
    <trkpt lat="46.63152569" lon="12.34139481">
      <ele>2543.073</ele>
      <name>trk1_1282</name>
    </trkpt>
    <trkpt lat="46.631533" lon="12.34137566">
      <ele>2542.995</ele>
      <name>trk1_1283</name>
    </trkpt>
    <trkpt lat="46.63153807" lon="12.34135638">
      <ele>2542.983</ele>
      <name>trk1_1284</name>
    </trkpt>
    <trkpt lat="46.63153668" lon="12.3413269">
      <ele>2542.884</ele>
      <name>trk1_1285</name>
    </trkpt>
    <trkpt lat="46.63153744" lon="12.34130081">
      <ele>2542.819</ele>
      <name>trk1_1286</name>
    </trkpt>
    <trkpt lat="46.63152425" lon="12.3412902">
      <ele>2542.592</ele>
      <name>trk1_1287</name>
    </trkpt>
    <trkpt lat="46.63148521" lon="12.34131719">
      <ele>2542.198</ele>
      <name>trk1_1288</name>
    </trkpt>
    <trkpt lat="46.63146872" lon="12.34134231">
      <ele>2542.193</ele>
      <name>trk1_1289</name>
    </trkpt>
    <trkpt lat="46.63145816" lon="12.34131879">
      <ele>2541.867</ele>
      <name>trk1_1290</name>
    </trkpt>
    <trkpt lat="46.63146427" lon="12.34126364">
      <ele>2541.473</ele>
      <name>trk1_1291</name>
    </trkpt>
    <trkpt lat="46.63153981" lon="12.34106579">
      <ele>2543.031</ele>
      <name>trk1_1292</name>
    </trkpt>
    <trkpt lat="46.6315475" lon="12.3410336">
      <ele>2543.685</ele>
      <name>trk1_1293</name>
    </trkpt>
    <trkpt lat="46.63154023" lon="12.34097436">
      <ele>2544.42</ele>
      <name>trk1_1294</name>
    </trkpt>
    <trkpt lat="46.63151227" lon="12.34093017">
      <ele>2544.739</ele>
      <name>trk1_1295</name>
    </trkpt>
    <trkpt lat="46.63149273" lon="12.3409061">
      <ele>2544.964</ele>
      <name>trk1_1296</name>
    </trkpt>
    <trkpt lat="46.63147299" lon="12.34088856">
      <ele>2545.134</ele>
      <name>trk1_1297</name>
    </trkpt>
    <trkpt lat="46.63143997" lon="12.34086366">
      <ele>2545.451</ele>
      <name>trk1_1298</name>
    </trkpt>
    <trkpt lat="46.63141134" lon="12.3408423">
      <ele>2545.841</ele>
      <name>trk1_1299</name>
    </trkpt>
    <trkpt lat="46.63138487" lon="12.34082433">
      <ele>2546.232</ele>
      <name>trk1_1300</name>
    </trkpt>
    <trkpt lat="46.63135839" lon="12.34080637">
      <ele>2546.589</ele>
      <name>trk1_1301</name>
    </trkpt>
    <trkpt lat="46.63133416" lon="12.34078855">
      <ele>2546.991</ele>
      <name>trk1_1302</name>
    </trkpt>
    <trkpt lat="46.63130759" lon="12.34077385">
      <ele>2547.316</ele>
      <name>trk1_1303</name>
    </trkpt>
    <trkpt lat="46.63127896" lon="12.34075248">
      <ele>2547.883</ele>
      <name>trk1_1304</name>
    </trkpt>
    <trkpt lat="46.63124809" lon="12.34073099">
      <ele>2548.494</ele>
      <name>trk1_1305</name>
    </trkpt>
    <trkpt lat="46.6312263" lon="12.34070678">
      <ele>2549.274</ele>
      <name>trk1_1306</name>
    </trkpt>
    <trkpt lat="46.63120656" lon="12.34068923">
      <ele>2549.859</ele>
      <name>trk1_1307</name>
    </trkpt>
    <trkpt lat="46.63117774" lon="12.34067439">
      <ele>2550.362</ele>
      <name>trk1_1308</name>
    </trkpt>
    <trkpt lat="46.63115079" lon="12.34067273">
      <ele>2550.398</ele>
      <name>trk1_1309</name>
    </trkpt>
    <trkpt lat="46.63112609" lon="12.34067121">
      <ele>2550.434</ele>
      <name>trk1_1310</name>
    </trkpt>
    <trkpt lat="46.63109698" lon="12.34066615">
      <ele>2550.61</ele>
      <name>trk1_1311</name>
    </trkpt>
    <trkpt lat="46.63107256" lon="12.34065485">
      <ele>2551.028</ele>
      <name>trk1_1312</name>
    </trkpt>
    <trkpt lat="46.63105039" lon="12.34064368">
      <ele>2551.43</ele>
      <name>trk1_1313</name>
    </trkpt>
    <trkpt lat="46.63101268" lon="12.34062503">
      <ele>2552.072</ele>
      <name>trk1_1314</name>
    </trkpt>
    <trkpt lat="46.63097507" lon="12.34060311">
      <ele>2552.795</ele>
      <name>trk1_1315</name>
    </trkpt>
    <trkpt lat="46.63093072" lon="12.34058079">
      <ele>2553.469</ele>
      <name>trk1_1316</name>
    </trkpt>
    <trkpt lat="46.63091978" lon="12.34057031">
      <ele>2553.8</ele>
      <name>trk1_1317</name>
    </trkpt>
    <trkpt lat="46.63090874" lon="12.3405631">
      <ele>2554.012</ele>
      <name>trk1_1318</name>
    </trkpt>
    <trkpt lat="46.63086711" lon="12.34052461">
      <ele>2555.108</ele>
      <name>trk1_1319</name>
    </trkpt>
    <trkpt lat="46.63083232" lon="12.34048327">
      <ele>2556.055</ele>
      <name>trk1_1320</name>
    </trkpt>
    <trkpt lat="46.6308068" lon="12.3404327">
      <ele>2556.68</ele>
      <name>trk1_1321</name>
    </trkpt>
    <trkpt lat="46.63078156" lon="12.34037236">
      <ele>2557.238</ele>
      <name>trk1_1322</name>
    </trkpt>
    <trkpt lat="46.63075418" lon="12.34030861">
      <ele>2557.407</ele>
      <name>trk1_1323</name>
    </trkpt>
    <trkpt lat="46.63073118" lon="12.3402484">
      <ele>2556.123</ele>
      <name>trk1_1324</name>
    </trkpt>
    <trkpt lat="46.63070342" lon="12.3401977">
      <ele>2553.007</ele>
      <name>trk1_1325</name>
    </trkpt>
    <trkpt lat="46.63070174" lon="12.340178">
      <ele>2552.286</ele>
      <name>trk1_1326</name>
    </trkpt>
    <trkpt lat="46.63070054" lon="12.340142">
      <ele>2551.08</ele>
      <name>trk1_1327</name>
    </trkpt>
    <trkpt lat="46.63071406" lon="12.34006444">
      <ele>2549.944</ele>
      <name>trk1_1328</name>
    </trkpt>
    <trkpt lat="46.63076313" lon="12.34000214">
      <ele>2553.457</ele>
      <name>trk1_1329</name>
    </trkpt>
    <trkpt lat="46.630793" lon="12.33998111">
      <ele>2556.073</ele>
      <name>trk1_1330</name>
    </trkpt>
    <trkpt lat="46.63083581" lon="12.33990209">
      <ele>2557.637</ele>
      <name>trk1_1331</name>
    </trkpt>
    <trkpt lat="46.63101074" lon="12.33969076">
      <ele>2564.264</ele>
      <name>trk1_1332</name>
    </trkpt>
    <trkpt lat="46.63101824" lon="12.33966509">
      <ele>2564.139</ele>
      <name>trk1_1333</name>
    </trkpt>
    <trkpt lat="46.63101479" lon="12.33962895">
      <ele>2562.972</ele>
      <name>trk1_1334</name>
    </trkpt>
    <trkpt lat="46.6310135" lon="12.33959621">
      <ele>2562.057</ele>
      <name>trk1_1335</name>
    </trkpt>
    <trkpt lat="46.63101512" lon="12.33954078">
      <ele>2560.719</ele>
      <name>trk1_1336</name>
    </trkpt>
    <trkpt lat="46.63102329" lon="12.33949229">
      <ele>2559.775</ele>
      <name>trk1_1337</name>
    </trkpt>
    <trkpt lat="46.63102013" lon="12.33944637">
      <ele>2558.431</ele>
      <name>trk1_1338</name>
    </trkpt>
    <trkpt lat="46.63101707" lon="12.33939718">
      <ele>2557.449</ele>
      <name>trk1_1339</name>
    </trkpt>
    <trkpt lat="46.63101998" lon="12.3393745">
      <ele>2557.105</ele>
      <name>trk1_1340</name>
    </trkpt>
    <trkpt lat="46.63101606" lon="12.33935466">
      <ele>2556.672</ele>
      <name>trk1_1341</name>
    </trkpt>
    <trkpt lat="46.63100382" lon="12.33931145">
      <ele>2555.744</ele>
      <name>trk1_1342</name>
    </trkpt>
    <trkpt lat="46.63099364" lon="12.33927489">
      <ele>2555.057</ele>
      <name>trk1_1343</name>
    </trkpt>
    <trkpt lat="46.63095268" lon="12.33921357">
      <ele>2554.054</ele>
      <name>trk1_1344</name>
    </trkpt>
    <trkpt lat="46.63091846" lon="12.33915268">
      <ele>2553.415</ele>
      <name>trk1_1345</name>
    </trkpt>
    <trkpt lat="46.63090015" lon="12.33908622">
      <ele>2552.253</ele>
      <name>trk1_1346</name>
    </trkpt>
    <trkpt lat="46.63088156" lon="12.33902955">
      <ele>2551.423</ele>
      <name>trk1_1347</name>
    </trkpt>
    <trkpt lat="46.63083825" lon="12.33897136">
      <ele>2551.108</ele>
      <name>trk1_1348</name>
    </trkpt>
    <trkpt lat="46.63079682" lon="12.33892635">
      <ele>2550.213</ele>
      <name>trk1_1349</name>
    </trkpt>
    <trkpt lat="46.63075753" lon="12.33888473">
      <ele>2549.629</ele>
      <name>trk1_1350</name>
    </trkpt>
    <trkpt lat="46.63071796" lon="12.3388529">
      <ele>2548.903</ele>
      <name>trk1_1351</name>
    </trkpt>
    <trkpt lat="46.63071161" lon="12.33883944">
      <ele>2548.662</ele>
      <name>trk1_1352</name>
    </trkpt>
    <trkpt lat="46.6307073" lon="12.33883265">
      <ele>2548.551</ele>
      <name>trk1_1353</name>
    </trkpt>
    <trkpt lat="46.63069822" lon="12.33883535">
      <ele>2548.623</ele>
      <name>trk1_1354</name>
    </trkpt>
    <trkpt lat="46.63066482" lon="12.3388235">
      <ele>2548.56</ele>
      <name>trk1_1355</name>
    </trkpt>
    <trkpt lat="46.63063581" lon="12.33881518">
      <ele>2548.599</ele>
      <name>trk1_1356</name>
    </trkpt>
    <trkpt lat="46.6306068" lon="12.33880686">
      <ele>2548.694</ele>
      <name>trk1_1357</name>
    </trkpt>
    <trkpt lat="46.63057555" lon="12.33879841">
      <ele>2548.861</ele>
      <name>trk1_1358</name>
    </trkpt>
    <trkpt lat="46.63053775" lon="12.33878301">
      <ele>2548.57</ele>
      <name>trk1_1359</name>
    </trkpt>
    <trkpt lat="46.63050435" lon="12.33877116">
      <ele>2547.81</ele>
      <name>trk1_1360</name>
    </trkpt>
    <trkpt lat="46.6304685" lon="12.33876569">
      <ele>2547.013</ele>
      <name>trk1_1361</name>
    </trkpt>
    <trkpt lat="46.63043491" lon="12.33876035">
      <ele>2546.297</ele>
      <name>trk1_1362</name>
    </trkpt>
    <trkpt lat="46.63040824" lon="12.33874891">
      <ele>2545.83</ele>
      <name>trk1_1363</name>
    </trkpt>
    <trkpt lat="46.63038841" lon="12.33873463">
      <ele>2545.589</ele>
      <name>trk1_1364</name>
    </trkpt>
    <trkpt lat="46.63035137" lon="12.33869315">
      <ele>2545.492</ele>
      <name>trk1_1365</name>
    </trkpt>
    <trkpt lat="46.63032351" lon="12.33864571">
      <ele>2545.87</ele>
      <name>trk1_1366</name>
    </trkpt>
    <trkpt lat="46.63030501" lon="12.33858578">
      <ele>2545.94</ele>
      <name>trk1_1367</name>
    </trkpt>
    <trkpt lat="46.6302909" lon="12.33852938">
      <ele>2545.134</ele>
      <name>trk1_1368</name>
    </trkpt>
    <trkpt lat="46.63025659" lon="12.33847175">
      <ele>2544.001</ele>
      <name>trk1_1369</name>
    </trkpt>
    <trkpt lat="46.63022423" lon="12.33842403">
      <ele>2543.295</ele>
      <name>trk1_1370</name>
    </trkpt>
    <trkpt lat="46.63019813" lon="12.33839302">
      <ele>2543.171</ele>
      <name>trk1_1371</name>
    </trkpt>
    <trkpt lat="46.630174" lon="12.33837194">
      <ele>2543.281</ele>
      <name>trk1_1372</name>
    </trkpt>
    <trkpt lat="46.63014743" lon="12.33835724">
      <ele>2543.51</ele>
      <name>trk1_1373</name>
    </trkpt>
    <trkpt lat="46.63011871" lon="12.33833914">
      <ele>2544.005</ele>
      <name>trk1_1374</name>
    </trkpt>
    <trkpt lat="46.63007455" lon="12.3383103">
      <ele>2543.871</ele>
      <name>trk1_1375</name>
    </trkpt>
    <trkpt lat="46.63003469" lon="12.33828824">
      <ele>2543.776</ele>
      <name>trk1_1376</name>
    </trkpt>
    <trkpt lat="46.62999689" lon="12.33827285">
      <ele>2543.819</ele>
      <name>trk1_1377</name>
    </trkpt>
    <trkpt lat="46.62997462" lon="12.33826495">
      <ele>2543.035</ele>
      <name>trk1_1378</name>
    </trkpt>
    <trkpt lat="46.62995235" lon="12.33825705">
      <ele>2542.288</ele>
      <name>trk1_1379</name>
    </trkpt>
    <trkpt lat="46.62990996" lon="12.33824464">
      <ele>2540.99</ele>
      <name>trk1_1380</name>
    </trkpt>
    <trkpt lat="46.62987412" lon="12.33823917">
      <ele>2540.002</ele>
      <name>trk1_1381</name>
    </trkpt>
    <trkpt lat="46.62983819" lon="12.33823695">
      <ele>2539.057</ele>
      <name>trk1_1382</name>
    </trkpt>
    <trkpt lat="46.62980029" lon="12.33822482">
      <ele>2538.104</ele>
      <name>trk1_1383</name>
    </trkpt>
    <trkpt lat="46.62977381" lon="12.33820686">
      <ele>2537.547</ele>
      <name>trk1_1384</name>
    </trkpt>
    <trkpt lat="46.62975173" lon="12.33819244">
      <ele>2537.153</ele>
      <name>trk1_1385</name>
    </trkpt>
    <trkpt lat="46.62971216" lon="12.33816061">
      <ele>2536.538</ele>
      <name>trk1_1386</name>
    </trkpt>
    <trkpt lat="46.62967259" lon="12.33812878">
      <ele>2535.76</ele>
      <name>trk1_1387</name>
    </trkpt>
    <trkpt lat="46.62965051" lon="12.33811435">
      <ele>2535.379</ele>
      <name>trk1_1388</name>
    </trkpt>
    <trkpt lat="46.62962609" lon="12.33810305">
      <ele>2534.937</ele>
      <name>trk1_1389</name>
    </trkpt>
    <trkpt lat="46.62959278" lon="12.33808794">
      <ele>2534.42</ele>
      <name>trk1_1390</name>
    </trkpt>
    <trkpt lat="46.62956377" lon="12.33807962">
      <ele>2533.922</ele>
      <name>trk1_1391</name>
    </trkpt>
    <trkpt lat="46.62953692" lon="12.3380747">
      <ele>2533.423</ele>
      <name>trk1_1392</name>
    </trkpt>
    <trkpt lat="46.62951006" lon="12.33806978">
      <ele>2532.951</ele>
      <name>trk1_1393</name>
    </trkpt>
    <trkpt lat="46.6294832" lon="12.33806486">
      <ele>2532.506</ele>
      <name>trk1_1394</name>
    </trkpt>
    <trkpt lat="46.62945859" lon="12.33806008">
      <ele>2532.133</ele>
      <name>trk1_1395</name>
    </trkpt>
    <trkpt lat="46.62940526" lon="12.3380372">
      <ele>2529.43</ele>
      <name>trk1_1396</name>
    </trkpt>
    <trkpt lat="46.62926335" lon="12.33773451">
      <ele>2521.348</ele>
      <name>trk1_1397</name>
    </trkpt>
    <trkpt lat="46.62930606" lon="12.33765875">
      <ele>2521.215</ele>
      <name>trk1_1398</name>
    </trkpt>
    <trkpt lat="46.62929588" lon="12.3376222">
      <ele>2520.888</ele>
      <name>trk1_1399</name>
    </trkpt>
    <trkpt lat="46.62929477" lon="12.33758294">
      <ele>2520.56</ele>
      <name>trk1_1400</name>
    </trkpt>
    <trkpt lat="46.62928693" lon="12.33754326">
      <ele>2520.404</ele>
      <name>trk1_1401</name>
    </trkpt>
    <trkpt lat="46.62927431" lon="12.33751309">
      <ele>2520.569</ele>
      <name>trk1_1402</name>
    </trkpt>
    <trkpt lat="46.62923737" lon="12.33746836">
      <ele>2521.421</ele>
      <name>trk1_1403</name>
    </trkpt>
    <trkpt lat="46.62920988" lon="12.33740787">
      <ele>2521.959</ele>
      <name>trk1_1404</name>
    </trkpt>
    <trkpt lat="46.62921084" lon="12.33737527">
      <ele>2521.691</ele>
      <name>trk1_1405</name>
    </trkpt>
    <trkpt lat="46.62921862" lon="12.33733982">
      <ele>2521.093</ele>
      <name>trk1_1406</name>
    </trkpt>
    <trkpt lat="46.62921818" lon="12.33727774">
      <ele>2520.641</ele>
      <name>trk1_1407</name>
    </trkpt>
    <trkpt lat="46.62923299" lon="12.33723292">
      <ele>2519.512</ele>
      <name>trk1_1408</name>
    </trkpt>
    <trkpt lat="46.6292641" lon="12.33716951">
      <ele>2518.488</ele>
      <name>trk1_1409</name>
    </trkpt>
    <trkpt lat="46.62928191" lon="12.33709875">
      <ele>2518.446</ele>
      <name>trk1_1410</name>
    </trkpt>
    <trkpt lat="46.62930915" lon="12.33709063">
      <ele>2516.946</ele>
      <name>trk1_1411</name>
    </trkpt>
    <trkpt lat="46.62934581" lon="12.33714515">
      <ele>2514.177</ele>
      <name>trk1_1412</name>
    </trkpt>
    <trkpt lat="46.62936918" lon="12.33719231">
      <ele>2512.367</ele>
      <name>trk1_1413</name>
    </trkpt>
    <trkpt lat="46.62939237" lon="12.337246">
      <ele>2511.315</ele>
      <name>trk1_1414</name>
    </trkpt>
    <trkpt lat="46.62941172" lon="12.33727658">
      <ele>2510.999</ele>
      <name>trk1_1415</name>
    </trkpt>
    <trkpt lat="46.62943829" lon="12.33729128">
      <ele>2510.04</ele>
      <name>trk1_1416</name>
    </trkpt>
    <trkpt lat="46.6294673" lon="12.3372996">
      <ele>2509.383</ele>
      <name>trk1_1417</name>
    </trkpt>
    <trkpt lat="46.62950286" lon="12.33731485">
      <ele>2508.932</ele>
      <name>trk1_1418</name>
    </trkpt>
    <trkpt lat="46.62953411" lon="12.33732331">
      <ele>2508.435</ele>
      <name>trk1_1419</name>
    </trkpt>
    <trkpt lat="46.62956331" lon="12.3373251">
      <ele>2507.803</ele>
      <name>trk1_1420</name>
    </trkpt>
    <trkpt lat="46.62959045" lon="12.33732024">
      <ele>2507.007</ele>
      <name>trk1_1421</name>
    </trkpt>
    <trkpt lat="46.62961769" lon="12.33731212">
      <ele>2506.083</ele>
      <name>trk1_1422</name>
    </trkpt>
    <trkpt lat="46.62973639" lon="12.3372541">
      <ele>2501.139</ele>
      <name>trk1_1423</name>
    </trkpt>
    <trkpt lat="46.62977299" lon="12.33723349">
      <ele>2499.935</ele>
      <name>trk1_1424</name>
    </trkpt>
    <trkpt lat="46.62980735" lon="12.33721274">
      <ele>2498.813</ele>
      <name>trk1_1425</name>
    </trkpt>
    <trkpt lat="46.62986483" lon="12.33717055">
      <ele>2496.771</ele>
      <name>trk1_1426</name>
    </trkpt>
    <trkpt lat="46.62995041" lon="12.33709089">
      <ele>2492.368</ele>
      <name>trk1_1427</name>
    </trkpt>
    <trkpt lat="46.62998711" lon="12.33706702">
      <ele>2490.59</ele>
      <name>trk1_1428</name>
    </trkpt>
    <trkpt lat="46.63002849" lon="12.33703691">
      <ele>2488.516</ele>
      <name>trk1_1429</name>
    </trkpt>
    <trkpt lat="46.63015617" lon="12.33697944">
      <ele>2484.121</ele>
      <name>trk1_1430</name>
    </trkpt>
    <trkpt lat="46.63019979" lon="12.33694946">
      <ele>2482.314</ele>
      <name>trk1_1431</name>
    </trkpt>
    <trkpt lat="46.63031505" lon="12.3368553">
      <ele>2477.896</ele>
      <name>trk1_1432</name>
    </trkpt>
    <trkpt lat="46.63034596" lon="12.33679841">
      <ele>2475.812</ele>
      <name>trk1_1433</name>
    </trkpt>
    <trkpt lat="46.63033859" lon="12.33674243">
      <ele>2474.306</ele>
      <name>trk1_1434</name>
    </trkpt>
    <trkpt lat="46.63030528" lon="12.33672732">
      <ele>2474.351</ele>
      <name>trk1_1435</name>
    </trkpt>
    <trkpt lat="46.63027627" lon="12.336719">
      <ele>2474.533</ele>
      <name>trk1_1436</name>
    </trkpt>
    <trkpt lat="46.63025037" lon="12.33668148">
      <ele>2473.915</ele>
      <name>trk1_1437</name>
    </trkpt>
    <trkpt lat="46.63024291" lon="12.33662876">
      <ele>2473.185</ele>
      <name>trk1_1438</name>
    </trkpt>
    <trkpt lat="46.63023554" lon="12.33657278">
      <ele>2472.717</ele>
      <name>trk1_1439</name>
    </trkpt>
    <trkpt lat="46.63023004" lon="12.33652998">
      <ele>2472.398</ele>
      <name>trk1_1440</name>
    </trkpt>
    <trkpt lat="46.63022913" lon="12.3364842">
      <ele>2471.938</ele>
      <name>trk1_1441</name>
    </trkpt>
    <trkpt lat="46.63023056" lon="12.33643529">
      <ele>2471.368</ele>
      <name>trk1_1442</name>
    </trkpt>
    <trkpt lat="46.63023619" lon="12.33639644">
      <ele>2470.731</ele>
      <name>trk1_1443</name>
    </trkpt>
    <trkpt lat="46.63024828" lon="12.33636779">
      <ele>2470.892</ele>
      <name>trk1_1444</name>
    </trkpt>
    <trkpt lat="46.63028798" lon="12.33631797">
      <ele>2470.902</ele>
      <name>trk1_1445</name>
    </trkpt>
    <trkpt lat="46.63033968" lon="12.33624276">
      <ele>2470.908</ele>
      <name>trk1_1446</name>
    </trkpt>
    <trkpt lat="46.63038211" lon="12.33617678">
      <ele>2470.484</ele>
      <name>trk1_1447</name>
    </trkpt>
    <trkpt lat="46.63047193" lon="12.3360288">
      <ele>2469.041</ele>
      <name>trk1_1448</name>
    </trkpt>
    <trkpt lat="46.63058114" lon="12.33583301">
      <ele>2466.815</ele>
      <name>trk1_1449</name>
    </trkpt>
    <trkpt lat="46.63061206" lon="12.33577612">
      <ele>2467.454</ele>
      <name>trk1_1450</name>
    </trkpt>
    <trkpt lat="46.63064034" lon="12.33573213">
      <ele>2467.595</ele>
      <name>trk1_1451</name>
    </trkpt>
    <trkpt lat="46.63067293" lon="12.33569494">
      <ele>2467.145</ele>
      <name>trk1_1452</name>
    </trkpt>
    <trkpt lat="46.63071655" lon="12.33566496">
      <ele>2465.728</ele>
      <name>trk1_1453</name>
    </trkpt>
    <trkpt lat="46.63077638" lon="12.33561964">
      <ele>2463.681</ele>
      <name>trk1_1454</name>
    </trkpt>
    <trkpt lat="46.63080175" lon="12.33559834">
      <ele>2462.785</ele>
      <name>trk1_1455</name>
    </trkpt>
    <trkpt lat="46.63093152" lon="12.33546914">
      <ele>2457.814</ele>
      <name>trk1_1456</name>
    </trkpt>
    <trkpt lat="46.6309611" lon="12.33545789">
      <ele>2456.212</ele>
      <name>trk1_1457</name>
    </trkpt>
    <trkpt lat="46.63099628" lon="12.33548619">
      <ele>2453.864</ele>
      <name>trk1_1458</name>
    </trkpt>
    <trkpt lat="46.63103427" lon="12.33549506">
      <ele>2451.608</ele>
      <name>trk1_1459</name>
    </trkpt>
    <trkpt lat="46.63108201" lon="12.3354784">
      <ele>2448.966</ele>
      <name>trk1_1460</name>
    </trkpt>
    <trkpt lat="46.63110953" lon="12.33546049">
      <ele>2447.435</ele>
      <name>trk1_1461</name>
    </trkpt>
    <trkpt lat="46.6311307" lon="12.33542913">
      <ele>2446.391</ele>
      <name>trk1_1462</name>
    </trkpt>
    <trkpt lat="46.63118186" lon="12.33529509">
      <ele>2444.34</ele>
      <name>trk1_1463</name>
    </trkpt>
    <trkpt lat="46.63121406" lon="12.33527094">
      <ele>2442.726</ele>
      <name>trk1_1464</name>
    </trkpt>
    <trkpt lat="46.63124168" lon="12.33524978">
      <ele>2441.028</ele>
      <name>trk1_1465</name>
    </trkpt>
    <trkpt lat="46.6312562" lon="12.33521474">
      <ele>2439.76</ele>
      <name>trk1_1466</name>
    </trkpt>
    <trkpt lat="46.63126193" lon="12.33517263">
      <ele>2438.82</ele>
      <name>trk1_1467</name>
    </trkpt>
    <trkpt lat="46.63126757" lon="12.33513378">
      <ele>2437.91</ele>
      <name>trk1_1468</name>
    </trkpt>
    <trkpt lat="46.63127086" lon="12.33509806">
      <ele>2437.166</ele>
      <name>trk1_1469</name>
    </trkpt>
    <trkpt lat="46.63127883" lon="12.33505609">
      <ele>2436.023</ele>
      <name>trk1_1470</name>
    </trkpt>
    <trkpt lat="46.63128485" lon="12.3350042">
      <ele>2434.81</ele>
      <name>trk1_1471</name>
    </trkpt>
    <trkpt lat="46.63129282" lon="12.33496222">
      <ele>2434.183</ele>
      <name>trk1_1472</name>
    </trkpt>
    <trkpt lat="46.6313052" lon="12.33492379">
      <ele>2433.314</ele>
      <name>trk1_1473</name>
    </trkpt>
    <trkpt lat="46.6313244" lon="12.33488251">
      <ele>2431.952</ele>
      <name>trk1_1474</name>
    </trkpt>
    <trkpt lat="46.63134886" lon="12.33481542">
      <ele>2430.121</ele>
      <name>trk1_1475</name>
    </trkpt>
    <trkpt lat="46.63137518" lon="12.33476151">
      <ele>2428.115</ele>
      <name>trk1_1476</name>
    </trkpt>
    <trkpt lat="46.63140356" lon="12.33471426">
      <ele>2426.104</ele>
      <name>trk1_1477</name>
    </trkpt>
    <trkpt lat="46.63144542" lon="12.33466784">
      <ele>2423.58</ele>
      <name>trk1_1478</name>
    </trkpt>
    <trkpt lat="46.63147117" lon="12.3346335">
      <ele>2422.059</ele>
      <name>trk1_1479</name>
    </trkpt>
    <trkpt lat="46.63148794" lon="12.3345986">
      <ele>2421.097</ele>
      <name>trk1_1480</name>
    </trkpt>
    <trkpt lat="46.63150256" lon="12.3345603">
      <ele>2420.282</ele>
      <name>trk1_1481</name>
    </trkpt>
    <trkpt lat="46.63151952" lon="12.33451888">
      <ele>2419.35</ele>
      <name>trk1_1482</name>
    </trkpt>
    <trkpt lat="46.63155635" lon="12.33441336">
      <ele>2417.376</ele>
      <name>trk1_1483</name>
    </trkpt>
    <trkpt lat="46.63157799" lon="12.3343657">
      <ele>2416.096</ele>
      <name>trk1_1484</name>
    </trkpt>
    <trkpt lat="46.63160627" lon="12.33432171">
      <ele>2414.325</ele>
      <name>trk1_1485</name>
    </trkpt>
    <trkpt lat="46.6316219" lon="12.33432593">
      <ele>2413.358</ele>
      <name>trk1_1486</name>
    </trkpt>
    <trkpt lat="46.63163872" lon="12.33436616">
      <ele>2412.413</ele>
      <name>trk1_1487</name>
    </trkpt>
    <trkpt lat="46.63165593" lon="12.33439335">
      <ele>2411.456</ele>
      <name>trk1_1488</name>
    </trkpt>
    <trkpt lat="46.63168054" lon="12.33439813">
      <ele>2410.267</ele>
      <name>trk1_1489</name>
    </trkpt>
    <trkpt lat="46.63172006" lon="12.33435483">
      <ele>2408.439</ele>
      <name>trk1_1490</name>
    </trkpt>
    <trkpt lat="46.6317534" lon="12.33429156">
      <ele>2406.671</ele>
      <name>trk1_1491</name>
    </trkpt>
    <trkpt lat="46.63177916" lon="12.33425721">
      <ele>2405.325</ele>
      <name>trk1_1492</name>
    </trkpt>
    <trkpt lat="46.6318107" lon="12.33425588">
      <ele>2403.913</ele>
      <name>trk1_1493</name>
    </trkpt>
    <trkpt lat="46.63184353" lon="12.3342873">
      <ele>2402.71</ele>
      <name>trk1_1494</name>
    </trkpt>
    <trkpt lat="46.63186652" lon="12.33434751">
      <ele>2402.235</ele>
      <name>trk1_1495</name>
    </trkpt>
    <trkpt lat="46.63189113" lon="12.33435229">
      <ele>2401.243</ele>
      <name>trk1_1496</name>
    </trkpt>
    <trkpt lat="46.63192372" lon="12.33431509">
      <ele>2399.493</ele>
      <name>trk1_1497</name>
    </trkpt>
    <trkpt lat="46.63194283" lon="12.33427707">
      <ele>2398.263</ele>
      <name>trk1_1498</name>
    </trkpt>
    <trkpt lat="46.63196539" lon="12.33427519">
      <ele>2397.569</ele>
      <name>trk1_1499</name>
    </trkpt>
    <trkpt lat="46.63197155" lon="12.33429517">
      <ele>2397.607</ele>
      <name>trk1_1500</name>
    </trkpt>
    <trkpt lat="46.63197987" lon="12.33431855">
      <ele>2397.62</ele>
      <name>trk1_1501</name>
    </trkpt>
    <trkpt lat="46.6319955" lon="12.33432277">
      <ele>2397.216</ele>
      <name>trk1_1502</name>
    </trkpt>
    <trkpt lat="46.63201581" lon="12.33432076">
      <ele>2396.609</ele>
      <name>trk1_1503</name>
    </trkpt>
    <trkpt lat="46.63204558" lon="12.33430299">
      <ele>2395.56</ele>
      <name>trk1_1504</name>
    </trkpt>
    <trkpt lat="46.63207161" lon="12.33425886">
      <ele>2394.333</ele>
      <name>trk1_1505</name>
    </trkpt>
    <trkpt lat="46.63209579" lon="12.33420155">
      <ele>2393.018</ele>
      <name>trk1_1506</name>
    </trkpt>
    <trkpt lat="46.63217839" lon="12.33406945">
      <ele>2388.862</ele>
      <name>trk1_1507</name>
    </trkpt>
    <trkpt lat="46.63224002" lon="12.33396218">
      <ele>2385.539</ele>
      <name>trk1_1508</name>
    </trkpt>
    <trkpt lat="46.63227065" lon="12.33391507">
      <ele>2384.091</ele>
      <name>trk1_1509</name>
    </trkpt>
    <trkpt lat="46.6323125" lon="12.33386864">
      <ele>2382.238</ele>
      <name>trk1_1510</name>
    </trkpt>
    <trkpt lat="46.6323363" lon="12.33382438">
      <ele>2380.595</ele>
      <name>trk1_1511</name>
    </trkpt>
    <trkpt lat="46.63236879" lon="12.33379045">
      <ele>2379.013</ele>
      <name>trk1_1512</name>
    </trkpt>
    <trkpt lat="46.6323716" lon="12.33377102">
      <ele>2378.494</ele>
      <name>trk1_1513</name>
    </trkpt>
    <trkpt lat="46.63236515" lon="12.33376083">
      <ele>2378.408</ele>
      <name>trk1_1514</name>
    </trkpt>
    <trkpt lat="46.63234288" lon="12.33375292">
      <ele>2378.746</ele>
      <name>trk1_1515</name>
    </trkpt>
    <trkpt lat="46.63232042" lon="12.33375154">
      <ele>2379.239</ele>
      <name>trk1_1516</name>
    </trkpt>
    <trkpt lat="46.63230078" lon="12.33373074">
      <ele>2379.196</ele>
      <name>trk1_1517</name>
    </trkpt>
    <trkpt lat="46.6322905" lon="12.33369744">
      <ele>2378.624</ele>
      <name>trk1_1518</name>
    </trkpt>
    <trkpt lat="46.63229379" lon="12.33366171">
      <ele>2377.682</ele>
      <name>trk1_1519</name>
    </trkpt>
    <trkpt lat="46.63232618" lon="12.33363104">
      <ele>2376.23</ele>
      <name>trk1_1520</name>
    </trkpt>
    <trkpt lat="46.63244979" lon="12.33348186">
      <ele>2374.228</ele>
      <name>trk1_1521</name>
    </trkpt>
    <trkpt lat="46.63248715" lon="12.33343516">
      <ele>2374.09</ele>
      <name>trk1_1522</name>
    </trkpt>
    <trkpt lat="46.63252451" lon="12.33338846">
      <ele>2372.764</ele>
      <name>trk1_1523</name>
    </trkpt>
    <trkpt lat="46.63256441" lon="12.33333212">
      <ele>2370.794</ele>
      <name>trk1_1524</name>
    </trkpt>
    <trkpt lat="46.63260841" lon="12.33328909">
      <ele>2366.887</ele>
      <name>trk1_1525</name>
    </trkpt>
    <trkpt lat="46.63262528" lon="12.33325093">
      <ele>2364.91</ele>
      <name>trk1_1526</name>
    </trkpt>
    <trkpt lat="46.63262876" lon="12.33320868">
      <ele>2363.69</ele>
      <name>trk1_1527</name>
    </trkpt>
    <trkpt lat="46.63257651" lon="12.33307155">
      <ele>2363.282</ele>
      <name>trk1_1528</name>
    </trkpt>
    <trkpt lat="46.63256006" lon="12.33301828">
      <ele>2362.596</ele>
      <name>trk1_1529</name>
    </trkpt>
    <trkpt lat="46.63254801" lon="12.33296854">
      <ele>2361.739</ele>
      <name>trk1_1530</name>
    </trkpt>
    <trkpt lat="46.63253811" lon="12.33292221">
      <ele>2360.904</ele>
      <name>trk1_1531</name>
    </trkpt>
    <trkpt lat="46.63253037" lon="12.33287927">
      <ele>2360.075</ele>
      <name>trk1_1532</name>
    </trkpt>
    <trkpt lat="46.63252496" lon="12.33283321">
      <ele>2359.033</ele>
      <name>trk1_1533</name>
    </trkpt>
    <trkpt lat="46.63251955" lon="12.33278714">
      <ele>2358.01</ele>
      <name>trk1_1534</name>
    </trkpt>
    <trkpt lat="46.63251199" lon="12.33273768">
      <ele>2357.646</ele>
      <name>trk1_1535</name>
    </trkpt>
    <trkpt lat="46.63250687" lon="12.33268184">
      <ele>2357.173</ele>
      <name>trk1_1536</name>
    </trkpt>
    <trkpt lat="46.63249735" lon="12.33262246">
      <ele>2356.948</ele>
      <name>trk1_1537</name>
    </trkpt>
    <trkpt lat="46.6324898" lon="12.332573">
      <ele>2356.801</ele>
      <name>trk1_1538</name>
    </trkpt>
    <trkpt lat="46.63248673" lon="12.33252382">
      <ele>2356.369</ele>
      <name>trk1_1539</name>
    </trkpt>
    <trkpt lat="46.63251037" lon="12.33240768">
      <ele>2354.968</ele>
      <name>trk1_1540</name>
    </trkpt>
    <trkpt lat="46.63253416" lon="12.33236342">
      <ele>2353.649</ele>
      <name>trk1_1541</name>
    </trkpt>
    <trkpt lat="46.63260401" lon="12.33228278">
      <ele>2349.239</ele>
      <name>trk1_1542</name>
    </trkpt>
    <trkpt lat="46.63263258" lon="12.33222901">
      <ele>2347.429</ele>
      <name>trk1_1543</name>
    </trkpt>
    <trkpt lat="46.63264542" lon="12.33217427">
      <ele>2346.251</ele>
      <name>trk1_1544</name>
    </trkpt>
    <trkpt lat="46.63264948" lon="12.33211246">
      <ele>2345.569</ele>
      <name>trk1_1545</name>
    </trkpt>
    <trkpt lat="46.63265147" lon="12.33204399">
      <ele>2344.986</ele>
      <name>trk1_1546</name>
    </trkpt>
    <trkpt lat="46.6326485" lon="12.33199154">
      <ele>2344.919</ele>
      <name>trk1_1547</name>
    </trkpt>
    <trkpt lat="46.63264534" lon="12.33194562">
      <ele>2344.926</ele>
      <name>trk1_1548</name>
    </trkpt>
    <trkpt lat="46.63264208" lon="12.33190296">
      <ele>2345.143</ele>
      <name>trk1_1549</name>
    </trkpt>
    <trkpt lat="46.63264351" lon="12.33185405">
      <ele>2344.938</ele>
      <name>trk1_1550</name>
    </trkpt>
    <trkpt lat="46.63264503" lon="12.33180188">
      <ele>2344.725</ele>
      <name>trk1_1551</name>
    </trkpt>
    <trkpt lat="46.63266712" lon="12.33158439">
      <ele>2343.713</ele>
      <name>trk1_1552</name>
    </trkpt>
    <trkpt lat="46.63267662" lon="12.33149025">
      <ele>2344.09</ele>
      <name>trk1_1553</name>
    </trkpt>
    <trkpt lat="46.63267776" lon="12.33145113">
      <ele>2344.466</ele>
      <name>trk1_1554</name>
    </trkpt>
    <trkpt lat="46.63270013" lon="12.33122386">
      <ele>2343.258</ele>
      <name>trk1_1555</name>
    </trkpt>
    <trkpt lat="46.63270365" lon="12.33110322">
      <ele>2342.625</ele>
      <name>trk1_1556</name>
    </trkpt>
    <trkpt lat="46.63269657" lon="12.33103745">
      <ele>2341.594</ele>
      <name>trk1_1557</name>
    </trkpt>
    <trkpt lat="46.63269312" lon="12.33100131">
      <ele>2340.994</ele>
      <name>trk1_1558</name>
    </trkpt>
    <trkpt lat="46.63268733" lon="12.33096829">
      <ele>2340.609</ele>
      <name>trk1_1559</name>
    </trkpt>
    <trkpt lat="46.63267117" lon="12.33090524">
      <ele>2340.177</ele>
      <name>trk1_1560</name>
    </trkpt>
    <trkpt lat="46.63265931" lon="12.33084898">
      <ele>2339.612</ele>
      <name>trk1_1561</name>
    </trkpt>
    <trkpt lat="46.63264277" lon="12.33079897">
      <ele>2339.34</ele>
      <name>trk1_1562</name>
    </trkpt>
    <trkpt lat="46.63262837" lon="12.33075236">
      <ele>2338.924</ele>
      <name>trk1_1563</name>
    </trkpt>
    <trkpt lat="46.63261174" lon="12.33070561">
      <ele>2338.578</ele>
      <name>trk1_1564</name>
    </trkpt>
    <trkpt lat="46.63259285" lon="12.33065872">
      <ele>2338.29</ele>
      <name>trk1_1565</name>
    </trkpt>
    <trkpt lat="46.63257182" lon="12.33060843">
      <ele>2337.946</ele>
      <name>trk1_1566</name>
    </trkpt>
    <trkpt lat="46.63255088" lon="12.33055488">
      <ele>2337.417</ele>
      <name>trk1_1567</name>
    </trkpt>
    <trkpt lat="46.6325362" lon="12.33051805">
      <ele>2337.178</ele>
      <name>trk1_1568</name>
    </trkpt>
    <trkpt lat="46.63252367" lon="12.33048462">
      <ele>2336.954</ele>
      <name>trk1_1569</name>
    </trkpt>
    <trkpt lat="46.63250068" lon="12.33042441">
      <ele>2336.657</ele>
      <name>trk1_1570</name>
    </trkpt>
    <trkpt lat="46.63248217" lon="12.33036448">
      <ele>2336.449</ele>
      <name>trk1_1571</name>
    </trkpt>
    <trkpt lat="46.63246582" lon="12.33030795">
      <ele>2336.208</ele>
      <name>trk1_1572</name>
    </trkpt>
    <trkpt lat="46.63244956" lon="12.33024816">
      <ele>2336.04</ele>
      <name>trk1_1573</name>
    </trkpt>
    <trkpt lat="46.63243555" lon="12.3301885">
      <ele>2335.81</ele>
      <name>trk1_1574</name>
    </trkpt>
    <trkpt lat="46.63241948" lon="12.33012219">
      <ele>2335.51</ele>
      <name>trk1_1575</name>
    </trkpt>
    <trkpt lat="46.6324036" lon="12.33004935">
      <ele>2334.973</ele>
      <name>trk1_1576</name>
    </trkpt>
    <trkpt lat="46.63239351" lon="12.33000954">
      <ele>2334.728</ele>
      <name>trk1_1577</name>
    </trkpt>
    <trkpt lat="46.63238333" lon="12.32997298">
      <ele>2334.695</ele>
      <name>trk1_1578</name>
    </trkpt>
    <trkpt lat="46.63237539" lon="12.32993657">
      <ele>2334.587</ele>
      <name>trk1_1579</name>
    </trkpt>
    <trkpt lat="46.63236511" lon="12.32990327">
      <ele>2334.683</ele>
      <name>trk1_1580</name>
    </trkpt>
    <trkpt lat="46.63235119" lon="12.32984036">
      <ele>2334.542</ele>
      <name>trk1_1581</name>
    </trkpt>
    <trkpt lat="46.63233493" lon="12.32978056">
      <ele>2334.622</ele>
      <name>trk1_1582</name>
    </trkpt>
    <trkpt lat="46.63231868" lon="12.32972077">
      <ele>2334.727</ele>
      <name>trk1_1583</name>
    </trkpt>
    <trkpt lat="46.63230251" lon="12.32965772">
      <ele>2334.771</ele>
      <name>trk1_1584</name>
    </trkpt>
    <trkpt lat="46.63229448" lon="12.32962456">
      <ele>2334.743</ele>
      <name>trk1_1585</name>
    </trkpt>
    <trkpt lat="46.6322842" lon="12.32959127">
      <ele>2334.837</ele>
      <name>trk1_1586</name>
    </trkpt>
    <trkpt lat="46.63227626" lon="12.32955485">
      <ele>2334.72</ele>
      <name>trk1_1587</name>
    </trkpt>
    <trkpt lat="46.63226607" lon="12.32951829">
      <ele>2334.72</ele>
      <name>trk1_1588</name>
    </trkpt>
    <trkpt lat="46.63225374" lon="12.32947834">
      <ele>2334.767</ele>
      <name>trk1_1589</name>
    </trkpt>
    <trkpt lat="46.6322458" lon="12.32944192">
      <ele>2334.588</ele>
      <name>trk1_1590</name>
    </trkpt>
    <trkpt lat="46.63223561" lon="12.32940537">
      <ele>2334.392</ele>
      <name>trk1_1591</name>
    </trkpt>
    <trkpt lat="46.63222982" lon="12.32937235">
      <ele>2334.012</ele>
      <name>trk1_1592</name>
    </trkpt>
    <trkpt lat="46.63221591" lon="12.32930944">
      <ele>2333.481</ele>
      <name>trk1_1593</name>
    </trkpt>
    <trkpt lat="46.63220199" lon="12.32924652">
      <ele>2333.015</ele>
      <name>trk1_1594</name>
    </trkpt>
    <trkpt lat="46.63219022" lon="12.329187">
      <ele>2332.505</ele>
      <name>trk1_1595</name>
    </trkpt>
    <trkpt lat="46.6321764" lon="12.32912083">
      <ele>2331.952</ele>
      <name>trk1_1596</name>
    </trkpt>
    <trkpt lat="46.63216837" lon="12.32908767">
      <ele>2331.728</ele>
      <name>trk1_1597</name>
    </trkpt>
    <trkpt lat="46.63216033" lon="12.32905452">
      <ele>2331.498</ele>
      <name>trk1_1598</name>
    </trkpt>
    <trkpt lat="46.63215015" lon="12.32901796">
      <ele>2331.319</ele>
      <name>trk1_1599</name>
    </trkpt>
    <trkpt lat="46.63214221" lon="12.32898154">
      <ele>2330.994</ele>
      <name>trk1_1600</name>
    </trkpt>
    <trkpt lat="46.63212576" lon="12.32892827">
      <ele>2330.803</ele>
      <name>trk1_1601</name>
    </trkpt>
    <trkpt lat="46.63211127" lon="12.32888492">
      <ele>2330.725</ele>
      <name>trk1_1602</name>
    </trkpt>
    <trkpt lat="46.63209893" lon="12.32884497">
      <ele>2330.825</ele>
      <name>trk1_1603</name>
    </trkpt>
    <trkpt lat="46.63208426" lon="12.32880814">
      <ele>2331.134</ele>
      <name>trk1_1604</name>
    </trkpt>
    <trkpt lat="46.63206958" lon="12.32877131">
      <ele>2331.458</ele>
      <name>trk1_1605</name>
    </trkpt>
    <trkpt lat="46.632055" lon="12.32873122">
      <ele>2331.738</ele>
      <name>trk1_1606</name>
    </trkpt>
    <trkpt lat="46.63204275" lon="12.328688">
      <ele>2331.835</ele>
      <name>trk1_1607</name>
    </trkpt>
    <trkpt lat="46.63203061" lon="12.32864153">
      <ele>2331.888</ele>
      <name>trk1_1608</name>
    </trkpt>
    <trkpt lat="46.63201856" lon="12.32859179">
      <ele>2331.868</ele>
      <name>trk1_1609</name>
    </trkpt>
    <trkpt lat="46.63200631" lon="12.32854858">
      <ele>2331.916</ele>
      <name>trk1_1610</name>
    </trkpt>
    <trkpt lat="46.63199632" lon="12.32850551">
      <ele>2331.809</ele>
      <name>trk1_1611</name>
    </trkpt>
    <trkpt lat="46.63198623" lon="12.32846569">
      <ele>2331.753</ele>
      <name>trk1_1612</name>
    </trkpt>
    <trkpt lat="46.63197614" lon="12.32842588">
      <ele>2331.688</ele>
      <name>trk1_1613</name>
    </trkpt>
    <trkpt lat="46.63196605" lon="12.32838606">
      <ele>2331.612</ele>
      <name>trk1_1614</name>
    </trkpt>
    <trkpt lat="46.63195811" lon="12.32834964">
      <ele>2331.454</ele>
      <name>trk1_1615</name>
    </trkpt>
    <trkpt lat="46.63194792" lon="12.32831309">
      <ele>2331.35</ele>
      <name>trk1_1616</name>
    </trkpt>
    <trkpt lat="46.63193998" lon="12.32827667">
      <ele>2331.049</ele>
      <name>trk1_1617</name>
    </trkpt>
    <trkpt lat="46.63193204" lon="12.32824026">
      <ele>2330.749</ele>
      <name>trk1_1618</name>
    </trkpt>
    <trkpt lat="46.63192186" lon="12.3282037">
      <ele>2330.582</ele>
      <name>trk1_1619</name>
    </trkpt>
    <trkpt lat="46.63191401" lon="12.32816402">
      <ele>2330.205</ele>
      <name>trk1_1620</name>
    </trkpt>
    <trkpt lat="46.63190392" lon="12.32812421">
      <ele>2329.963</ele>
      <name>trk1_1621</name>
    </trkpt>
    <trkpt lat="46.63189392" lon="12.32808113">
      <ele>2329.645</ele>
      <name>trk1_1622</name>
    </trkpt>
    <trkpt lat="46.63188393" lon="12.32803806">
      <ele>2329.353</ele>
      <name>trk1_1623</name>
    </trkpt>
    <trkpt lat="46.63187403" lon="12.32799172">
      <ele>2329.047</ele>
      <name>trk1_1624</name>
    </trkpt>
    <trkpt lat="46.63186384" lon="12.32795517">
      <ele>2328.974</ele>
      <name>trk1_1625</name>
    </trkpt>
    <trkpt lat="46.63185581" lon="12.32792201">
      <ele>2328.847</ele>
      <name>trk1_1626</name>
    </trkpt>
    <trkpt lat="46.63184179" lon="12.32786236">
      <ele>2328.623</ele>
      <name>trk1_1627</name>
    </trkpt>
    <trkpt lat="46.63182778" lon="12.3278027">
      <ele>2328.443</ele>
      <name>trk1_1628</name>
    </trkpt>
    <trkpt lat="46.63181582" lon="12.32774971">
      <ele>2328.527</ele>
      <name>trk1_1629</name>
    </trkpt>
    <trkpt lat="46.63180396" lon="12.32769345">
      <ele>2328.859</ele>
      <name>trk1_1630</name>
    </trkpt>
    <trkpt lat="46.63179435" lon="12.32763734">
      <ele>2329.104</ele>
      <name>trk1_1631</name>
    </trkpt>
    <trkpt lat="46.63178267" lon="12.32757456">
      <ele>2329.538</ele>
      <name>trk1_1632</name>
    </trkpt>
    <trkpt lat="46.6317711" lon="12.32750852">
      <ele>2330.035</ele>
      <name>trk1_1633</name>
    </trkpt>
    <trkpt lat="46.63176607" lon="12.32744942">
      <ele>2330.919</ele>
      <name>trk1_1634</name>
    </trkpt>
    <trkpt lat="46.63177432" lon="12.32739767">
      <ele>2330.781</ele>
      <name>trk1_1635</name>
    </trkpt>
    <trkpt lat="46.63180881" lon="12.32729526">
      <ele>2329.342</ele>
      <name>trk1_1636</name>
    </trkpt>
    <trkpt lat="46.63181931" lon="12.32724365">
      <ele>2329.27</ele>
      <name>trk1_1637</name>
    </trkpt>
    <trkpt lat="46.63182738" lon="12.32719841">
      <ele>2328.542</ele>
      <name>trk1_1638</name>
    </trkpt>
    <trkpt lat="46.6318287" lon="12.32715276">
      <ele>2327.562</ele>
      <name>trk1_1639</name>
    </trkpt>
    <trkpt lat="46.63182329" lon="12.3271067">
      <ele>2327.026</ele>
      <name>trk1_1640</name>
    </trkpt>
    <trkpt lat="46.6318132" lon="12.32706689">
      <ele>2326.917</ele>
      <name>trk1_1641</name>
    </trkpt>
    <trkpt lat="46.63180058" lon="12.32703672">
      <ele>2327.155</ele>
      <name>trk1_1642</name>
    </trkpt>
    <trkpt lat="46.63177739" lon="12.32698304">
      <ele>2327.603</ele>
      <name>trk1_1643</name>
    </trkpt>
    <trkpt lat="46.63174962" lon="12.32693234">
      <ele>2328.363</ele>
      <name>trk1_1644</name>
    </trkpt>
    <trkpt lat="46.63172213" lon="12.32687186">
      <ele>2328.838</ele>
      <name>trk1_1645</name>
    </trkpt>
    <trkpt lat="46.63169885" lon="12.32682143">
      <ele>2329.257</ele>
      <name>trk1_1646</name>
    </trkpt>
    <trkpt lat="46.63167987" lon="12.32677781">
      <ele>2329.545</ele>
      <name>trk1_1647</name>
    </trkpt>
    <trkpt lat="46.63166079" lon="12.32673744">
      <ele>2329.878</ele>
      <name>trk1_1648</name>
    </trkpt>
    <trkpt lat="46.63164387" lon="12.32670047">
      <ele>2330.063</ele>
      <name>trk1_1649</name>
    </trkpt>
    <trkpt lat="46.63162704" lon="12.32666025">
      <ele>2330.131</ele>
      <name>trk1_1650</name>
    </trkpt>
    <trkpt lat="46.63161021" lon="12.32662002">
      <ele>2330.179</ele>
      <name>trk1_1651</name>
    </trkpt>
    <trkpt lat="46.63159123" lon="12.32657639">
      <ele>2330.335</ele>
      <name>trk1_1652</name>
    </trkpt>
    <trkpt lat="46.63157459" lon="12.32652964">
      <ele>2330.341</ele>
      <name>trk1_1653</name>
    </trkpt>
    <trkpt lat="46.63156" lon="12.32648955">
      <ele>2330.415</ele>
      <name>trk1_1654</name>
    </trkpt>
    <trkpt lat="46.63153514" lon="12.32641617">
      <ele>2330.544</ele>
      <name>trk1_1655</name>
    </trkpt>
    <trkpt lat="46.63152486" lon="12.32638288">
      <ele>2330.646</ele>
      <name>trk1_1656</name>
    </trkpt>
    <trkpt lat="46.63150654" lon="12.32631643">
      <ele>2331.32</ele>
      <name>trk1_1657</name>
    </trkpt>
    <trkpt lat="46.63149262" lon="12.32625351">
      <ele>2331.748</ele>
      <name>trk1_1658</name>
    </trkpt>
    <trkpt lat="46.63147655" lon="12.3261872">
      <ele>2332.323</ele>
      <name>trk1_1659</name>
    </trkpt>
    <trkpt lat="46.63147076" lon="12.32615419">
      <ele>2332.461</ele>
      <name>trk1_1660</name>
    </trkpt>
    <trkpt lat="46.63146497" lon="12.32612117">
      <ele>2332.605</ele>
      <name>trk1_1661</name>
    </trkpt>
    <trkpt lat="46.63145703" lon="12.32608475">
      <ele>2332.904</ele>
      <name>trk1_1662</name>
    </trkpt>
    <trkpt lat="46.63145143" lon="12.32604521">
      <ele>2333.023</ele>
      <name>trk1_1663</name>
    </trkpt>
    <trkpt lat="46.63144359" lon="12.32600554">
      <ele>2333.301</ele>
      <name>trk1_1664</name>
    </trkpt>
    <trkpt lat="46.63143799" lon="12.325966">
      <ele>2333.42</ele>
      <name>trk1_1665</name>
    </trkpt>
    <trkpt lat="46.63143014" lon="12.32592632">
      <ele>2333.699</ele>
      <name>trk1_1666</name>
    </trkpt>
    <trkpt lat="46.63142669" lon="12.32589018">
      <ele>2333.688</ele>
      <name>trk1_1667</name>
    </trkpt>
    <trkpt lat="46.63142091" lon="12.32585716">
      <ele>2333.866</ele>
      <name>trk1_1668</name>
    </trkpt>
    <trkpt lat="46.6314197" lon="12.32582116">
      <ele>2333.786</ele>
      <name>trk1_1669</name>
    </trkpt>
    <trkpt lat="46.63141701" lon="12.32575893">
      <ele>2334.002</ele>
      <name>trk1_1670</name>
    </trkpt>
    <trkpt lat="46.63141657" lon="12.32569685">
      <ele>2334.056</ele>
      <name>trk1_1671</name>
    </trkpt>
    <trkpt lat="46.63141837" lon="12.3256349">
      <ele>2333.953</ele>
      <name>trk1_1672</name>
    </trkpt>
    <trkpt lat="46.63143558" lon="12.32543018">
      <ele>2333.258</ele>
      <name>trk1_1673</name>
    </trkpt>
    <trkpt lat="46.63144153" lon="12.32530316">
      <ele>2333.308</ele>
      <name>trk1_1674</name>
    </trkpt>
    <trkpt lat="46.63144681" lon="12.32519896">
      <ele>2333.665</ele>
      <name>trk1_1675</name>
    </trkpt>
    <trkpt lat="46.63144833" lon="12.32514679">
      <ele>2333.978</ele>
      <name>trk1_1676</name>
    </trkpt>
    <trkpt lat="46.63145434" lon="12.3250949">
      <ele>2333.995</ele>
      <name>trk1_1677</name>
    </trkpt>
    <trkpt lat="46.63146054" lon="12.32503649">
      <ele>2334.06</ele>
      <name>trk1_1678</name>
    </trkpt>
    <trkpt lat="46.63147132" lon="12.32497509">
      <ele>2334.044</ele>
      <name>trk1_1679</name>
    </trkpt>
    <trkpt lat="46.63147461" lon="12.32493936">
      <ele>2334.386</ele>
      <name>trk1_1680</name>
    </trkpt>
    <trkpt lat="46.6314823" lon="12.32490717">
      <ele>2334.396</ele>
      <name>trk1_1681</name>
    </trkpt>
    <trkpt lat="46.63149308" lon="12.32484577">
      <ele>2334.678</ele>
      <name>trk1_1682</name>
    </trkpt>
    <trkpt lat="46.63150378" lon="12.32478763">
      <ele>2334.929</ele>
      <name>trk1_1683</name>
    </trkpt>
    <trkpt lat="46.63155496" lon="12.3245752">
      <ele>2336.541</ele>
      <name>trk1_1684</name>
    </trkpt>
    <trkpt lat="46.63165982" lon="12.32421907">
      <ele>2338.327</ele>
      <name>trk1_1685</name>
    </trkpt>
    <trkpt lat="46.63169477" lon="12.32410035">
      <ele>2338.664</ele>
      <name>trk1_1686</name>
    </trkpt>
    <trkpt lat="46.63174538" lon="12.32390748">
      <ele>2339.252</ele>
      <name>trk1_1687</name>
    </trkpt>
    <trkpt lat="46.6318169" lon="12.32361463">
      <ele>2337.686</ele>
      <name>trk1_1688</name>
    </trkpt>
    <trkpt lat="46.63186874" lon="12.32337936">
      <ele>2338.122</ele>
      <name>trk1_1689</name>
    </trkpt>
    <trkpt lat="46.63187953" lon="12.32331797">
      <ele>2338.428</ele>
      <name>trk1_1690</name>
    </trkpt>
    <trkpt lat="46.63190063" lon="12.32321147">
      <ele>2338.594</ele>
      <name>trk1_1691</name>
    </trkpt>
    <trkpt lat="46.63193185" lon="12.3230664">
      <ele>2338.66</ele>
      <name>trk1_1692</name>
    </trkpt>
    <trkpt lat="46.63195462" lon="12.3229796">
      <ele>2339.281</ele>
      <name>trk1_1693</name>
    </trkpt>
    <trkpt lat="46.63196493" lon="12.32293451">
      <ele>2339.764</ele>
      <name>trk1_1694</name>
    </trkpt>
    <trkpt lat="46.63197749" lon="12.32288955">
      <ele>2340.09</ele>
      <name>trk1_1695</name>
    </trkpt>
    <trkpt lat="46.6319878" lon="12.32284445">
      <ele>2340.548</ele>
      <name>trk1_1696</name>
    </trkpt>
    <trkpt lat="46.63201526" lon="12.32275141">
      <ele>2340.91</ele>
      <name>trk1_1697</name>
    </trkpt>
    <trkpt lat="46.63206258" lon="12.32259426">
      <ele>2340.929</ele>
      <name>trk1_1698</name>
    </trkpt>
    <trkpt lat="46.63214766" lon="12.32229897">
      <ele>2341.182</ele>
      <name>trk1_1699</name>
    </trkpt>
    <trkpt lat="46.63215769" lon="12.32226365">
      <ele>2341.204</ele>
      <name>trk1_1700</name>
    </trkpt>
    <trkpt lat="46.63216996" lon="12.32222848">
      <ele>2341.086</ele>
      <name>trk1_1701</name>
    </trkpt>
    <trkpt lat="46.6321947" lon="12.3221516">
      <ele>2341.159</ele>
      <name>trk1_1702</name>
    </trkpt>
    <trkpt lat="46.63227039" lon="12.32194719">
      <ele>2341.858</ele>
      <name>trk1_1703</name>
    </trkpt>
    <trkpt lat="46.63228276" lon="12.32190875">
      <ele>2342.284</ele>
      <name>trk1_1704</name>
    </trkpt>
    <trkpt lat="46.63229728" lon="12.32187371">
      <ele>2342.54</ele>
      <name>trk1_1705</name>
    </trkpt>
    <trkpt lat="46.63230955" lon="12.32183853">
      <ele>2342.896</ele>
      <name>trk1_1706</name>
    </trkpt>
    <trkpt lat="46.63232388" lon="12.32181002">
      <ele>2342.996</ele>
      <name>trk1_1707</name>
    </trkpt>
    <trkpt lat="46.63234814" lon="12.32174944">
      <ele>2343.474</ele>
      <name>trk1_1708</name>
    </trkpt>
    <trkpt lat="46.6323767" lon="12.32169566">
      <ele>2343.596</ele>
      <name>trk1_1709</name>
    </trkpt>
    <trkpt lat="46.63240517" lon="12.32164515">
      <ele>2343.584</ele>
      <name>trk1_1710</name>
    </trkpt>
    <trkpt lat="46.63247783" lon="12.32154507">
      <ele>2343.285</ele>
      <name>trk1_1711</name>
    </trkpt>
    <trkpt lat="46.63252212" lon="12.32149226">
      <ele>2343.415</ele>
      <name>trk1_1712</name>
    </trkpt>
    <trkpt lat="46.63255948" lon="12.32144555">
      <ele>2343.699</ele>
      <name>trk1_1713</name>
    </trkpt>
    <trkpt lat="46.63269158" lon="12.32131319">
      <ele>2343.221</ele>
      <name>trk1_1714</name>
    </trkpt>
    <trkpt lat="46.63280466" lon="12.32121559">
      <ele>2342.774</ele>
      <name>trk1_1715</name>
    </trkpt>
    <trkpt lat="46.6328672" lon="12.32115409">
      <ele>2343.158</ele>
      <name>trk1_1716</name>
    </trkpt>
    <trkpt lat="46.6330167" lon="12.32104239">
      <ele>2343.253</ele>
      <name>trk1_1717</name>
    </trkpt>
    <trkpt lat="46.6330533" lon="12.32102177">
      <ele>2342.976</ele>
      <name>trk1_1718</name>
    </trkpt>
    <trkpt lat="46.63308785" lon="12.32099449">
      <ele>2342.754</ele>
      <name>trk1_1719</name>
    </trkpt>
    <trkpt lat="46.63330998" lon="12.3208611">
      <ele>2340.813</ele>
      <name>trk1_1720</name>
    </trkpt>
    <trkpt lat="46.63334003" lon="12.32083354">
      <ele>2340.85</ele>
      <name>trk1_1721</name>
    </trkpt>
    <trkpt lat="46.63336568" lon="12.32080245">
      <ele>2340.844</ele>
      <name>trk1_1722</name>
    </trkpt>
    <trkpt lat="46.63338684" lon="12.32077108">
      <ele>2340.922</ele>
      <name>trk1_1723</name>
    </trkpt>
    <trkpt lat="46.63340585" lon="12.32073632">
      <ele>2341.089</ele>
      <name>trk1_1724</name>
    </trkpt>
    <trkpt lat="46.63344182" lon="12.32066012">
      <ele>2341.531</ele>
      <name>trk1_1725</name>
    </trkpt>
    <trkpt lat="46.63348901" lon="12.32058462">
      <ele>2341.612</ele>
      <name>trk1_1726</name>
    </trkpt>
    <trkpt lat="46.63352011" lon="12.3205212">
      <ele>2341.871</ele>
      <name>trk1_1727</name>
    </trkpt>
    <trkpt lat="46.6335555" lon="12.32046457">
      <ele>2341.974</ele>
      <name>trk1_1728</name>
    </trkpt>
    <trkpt lat="46.63360747" lon="12.32037956">
      <ele>2342.251</ele>
      <name>trk1_1729</name>
    </trkpt>
    <trkpt lat="46.63362883" lon="12.32034167">
      <ele>2342.291</ele>
      <name>trk1_1730</name>
    </trkpt>
    <trkpt lat="46.63364784" lon="12.3203069">
      <ele>2342.3</ele>
      <name>trk1_1731</name>
    </trkpt>
    <trkpt lat="46.63366694" lon="12.32026887">
      <ele>2342.287</ele>
      <name>trk1_1732</name>
    </trkpt>
    <trkpt lat="46.63372707" lon="12.32013537">
      <ele>2341.781</ele>
      <name>trk1_1733</name>
    </trkpt>
    <trkpt lat="46.63375386" lon="12.32006514">
      <ele>2341.671</ele>
      <name>trk1_1734</name>
    </trkpt>
    <trkpt lat="46.63379789" lon="12.31994372">
      <ele>2341.42</ele>
      <name>trk1_1735</name>
    </trkpt>
    <trkpt lat="46.63381747" lon="12.31988938">
      <ele>2341.213</ele>
      <name>trk1_1736</name>
    </trkpt>
    <trkpt lat="46.63387668" lon="12.31971009">
      <ele>2340.608</ele>
      <name>trk1_1737</name>
    </trkpt>
    <trkpt lat="46.63390337" lon="12.31964313">
      <ele>2341.198</ele>
      <name>trk1_1738</name>
    </trkpt>
    <trkpt lat="46.63393146" lon="12.31960565">
      <ele>2341.936</ele>
      <name>trk1_1739</name>
    </trkpt>
    <trkpt lat="46.63397657" lon="12.31960188">
      <ele>2342.28</ele>
      <name>trk1_1740</name>
    </trkpt>
    <trkpt lat="46.63400821" lon="12.31959728">
      <ele>2342.572</ele>
      <name>trk1_1741</name>
    </trkpt>
    <trkpt lat="46.63403722" lon="12.31960559">
      <ele>2342.576</ele>
      <name>trk1_1742</name>
    </trkpt>
    <trkpt lat="46.63406379" lon="12.31962028">
      <ele>2342.392</ele>
      <name>trk1_1743</name>
    </trkpt>
    <trkpt lat="46.63409691" lon="12.31964191">
      <ele>2342.023</ele>
      <name>trk1_1744</name>
    </trkpt>
    <trkpt lat="46.63412358" lon="12.31965334">
      <ele>2341.83</ele>
      <name>trk1_1745</name>
    </trkpt>
    <trkpt lat="46.63417262" lon="12.31966941">
      <ele>2341.698</ele>
      <name>trk1_1746</name>
    </trkpt>
    <trkpt lat="46.63419723" lon="12.31967418">
      <ele>2342.298</ele>
      <name>trk1_1747</name>
    </trkpt>
    <trkpt lat="46.63421959" lon="12.31967882">
      <ele>2342.846</ele>
      <name>trk1_1748</name>
    </trkpt>
    <trkpt lat="46.63424411" lon="12.31968685">
      <ele>2343.386</ele>
      <name>trk1_1749</name>
    </trkpt>
    <trkpt lat="46.63427087" lon="12.31969502">
      <ele>2344.013</ele>
      <name>trk1_1750</name>
    </trkpt>
    <trkpt lat="46.63430203" lon="12.31970673">
      <ele>2344.723</ele>
      <name>trk1_1751</name>
    </trkpt>
    <trkpt lat="46.63433955" lon="12.31973189">
      <ele>2345.497</ele>
      <name>trk1_1752</name>
    </trkpt>
    <trkpt lat="46.63437651" lon="12.31977662">
      <ele>2346.211</ele>
      <name>trk1_1753</name>
    </trkpt>
    <trkpt lat="46.63440083" lon="12.31979117">
      <ele>2346.842</ele>
      <name>trk1_1754</name>
    </trkpt>
    <trkpt lat="46.63442573" lon="12.31978617">
      <ele>2347.703</ele>
      <name>trk1_1755</name>
    </trkpt>
    <trkpt lat="46.63448526" lon="12.31975061">
      <ele>2348.516</ele>
      <name>trk1_1756</name>
    </trkpt>
    <trkpt lat="46.63451063" lon="12.3197293">
      <ele>2348.673</ele>
      <name>trk1_1757</name>
    </trkpt>
    <trkpt lat="46.63453591" lon="12.31971125">
      <ele>2348.855</ele>
      <name>trk1_1758</name>
    </trkpt>
    <trkpt lat="46.63457747" lon="12.3196746">
      <ele>2349.371</ele>
      <name>trk1_1759</name>
    </trkpt>
    <trkpt lat="46.63466987" lon="12.31959206">
      <ele>2350.823</ele>
      <name>trk1_1760</name>
    </trkpt>
    <trkpt lat="46.6347048" lon="12.31955173">
      <ele>2351.668</ele>
      <name>trk1_1761</name>
    </trkpt>
    <trkpt lat="46.63473064" lon="12.31951411">
      <ele>2352.397</ele>
      <name>trk1_1762</name>
    </trkpt>
    <trkpt lat="46.63475218" lon="12.3194697">
      <ele>2353.121</ele>
      <name>trk1_1763</name>
    </trkpt>
    <trkpt lat="46.6347741" lon="12.31941225">
      <ele>2353.599</ele>
      <name>trk1_1764</name>
    </trkpt>
    <trkpt lat="46.63478684" lon="12.31936076">
      <ele>2353.744</ele>
      <name>trk1_1765</name>
    </trkpt>
    <trkpt lat="46.63479715" lon="12.31931566">
      <ele>2353.905</ele>
      <name>trk1_1766</name>
    </trkpt>
    <trkpt lat="46.63480952" lon="12.31927722">
      <ele>2354.038</ele>
      <name>trk1_1767</name>
    </trkpt>
    <trkpt lat="46.63483201" lon="12.3192002">
      <ele>2354.389</ele>
      <name>trk1_1768</name>
    </trkpt>
    <trkpt lat="46.63486357" lon="12.31912047">
      <ele>2354.488</ele>
      <name>trk1_1769</name>
    </trkpt>
    <trkpt lat="46.63488717" lon="12.31908272">
      <ele>2354.349</ele>
      <name>trk1_1770</name>
    </trkpt>
    <trkpt lat="46.6349324" lon="12.31899729">
      <ele>2353.93</ele>
      <name>trk1_1771</name>
    </trkpt>
    <trkpt lat="46.63494945" lon="12.31895261">
      <ele>2353.692</ele>
      <name>trk1_1772</name>
    </trkpt>
    <trkpt lat="46.63495995" lon="12.31890098">
      <ele>2353.464</ele>
      <name>trk1_1773</name>
    </trkpt>
    <trkpt lat="46.63496352" lon="12.31885547">
      <ele>2353.185</ele>
      <name>trk1_1774</name>
    </trkpt>
    <trkpt lat="46.63497702" lon="12.3187779">
      <ele>2352.515</ele>
      <name>trk1_1775</name>
    </trkpt>
    <trkpt lat="46.63498246" lon="12.31874557">
      <ele>2352.223</ele>
      <name>trk1_1776</name>
    </trkpt>
    <trkpt lat="46.63499353" lon="12.31867438">
      <ele>2351.561</ele>
      <name>trk1_1777</name>
    </trkpt>
    <trkpt lat="46.63499916" lon="12.31863553">
      <ele>2351.19</ele>
      <name>trk1_1778</name>
    </trkpt>
    <trkpt lat="46.63500488" lon="12.31859342">
      <ele>2350.738</ele>
      <name>trk1_1779</name>
    </trkpt>
    <trkpt lat="46.63501926" lon="12.31840811">
      <ele>2348.48</ele>
      <name>trk1_1780</name>
    </trkpt>
    <trkpt lat="46.63503596" lon="12.31829807">
      <ele>2347.336</ele>
      <name>trk1_1781</name>
    </trkpt>
    <trkpt lat="46.6350445" lon="12.31823653">
      <ele>2347.143</ele>
      <name>trk1_1782</name>
    </trkpt>
    <trkpt lat="46.6350549" lon="12.31818816">
      <ele>2346.909</ele>
      <name>trk1_1783</name>
    </trkpt>
    <trkpt lat="46.6350697" lon="12.31814334">
      <ele>2346.574</ele>
      <name>trk1_1784</name>
    </trkpt>
    <trkpt lat="46.63513891" lon="12.31800711">
      <ele>2344.564</ele>
      <name>trk1_1785</name>
    </trkpt>
    <trkpt lat="46.63515371" lon="12.31796229">
      <ele>2343.894</ele>
      <name>trk1_1786</name>
    </trkpt>
    <trkpt lat="46.63516421" lon="12.31791067">
      <ele>2343.292</ele>
      <name>trk1_1787</name>
    </trkpt>
    <trkpt lat="46.63517005" lon="12.3177869">
      <ele>2342.235</ele>
      <name>trk1_1788</name>
    </trkpt>
    <trkpt lat="46.63516941" lon="12.31773133">
      <ele>2341.909</ele>
      <name>trk1_1789</name>
    </trkpt>
    <trkpt lat="46.63516672" lon="12.3176691">
      <ele>2341.574</ele>
      <name>trk1_1790</name>
    </trkpt>
    <trkpt lat="46.63516365" lon="12.31761991">
      <ele>2341.299</ele>
      <name>trk1_1791</name>
    </trkpt>
    <trkpt lat="46.63515795" lon="12.31758363">
      <ele>2341.088</ele>
      <name>trk1_1792</name>
    </trkpt>
    <trkpt lat="46.6351501" lon="12.31754396">
      <ele>2340.831</ele>
      <name>trk1_1793</name>
    </trkpt>
    <trkpt lat="46.6351446" lon="12.31750115">
      <ele>2340.528</ele>
      <name>trk1_1794</name>
    </trkpt>
    <trkpt lat="46.63513713" lon="12.31744843">
      <ele>2340.306</ele>
      <name>trk1_1795</name>
    </trkpt>
    <trkpt lat="46.63512947" lon="12.31740223">
      <ele>2340.09</ele>
      <name>trk1_1796</name>
    </trkpt>
    <trkpt lat="46.63511947" lon="12.31735916">
      <ele>2339.852</ele>
      <name>trk1_1797</name>
    </trkpt>
    <trkpt lat="46.63511181" lon="12.31731296">
      <ele>2339.598</ele>
      <name>trk1_1798</name>
    </trkpt>
    <trkpt lat="46.63509985" lon="12.31725996">
      <ele>2339.252</ele>
      <name>trk1_1799</name>
    </trkpt>
    <trkpt lat="46.63507966" lon="12.31718033">
      <ele>2338.774</ele>
      <name>trk1_1800</name>
    </trkpt>
    <trkpt lat="46.63506975" lon="12.31713399">
      <ele>2338.594</ele>
      <name>trk1_1801</name>
    </trkpt>
    <trkpt lat="46.63505975" lon="12.31709092">
      <ele>2338.442</ele>
      <name>trk1_1802</name>
    </trkpt>
    <trkpt lat="46.6350563" lon="12.31705477">
      <ele>2338.364</ele>
      <name>trk1_1803</name>
    </trkpt>
    <trkpt lat="46.63505519" lon="12.31701551">
      <ele>2338.3</ele>
      <name>trk1_1804</name>
    </trkpt>
    <trkpt lat="46.63505408" lon="12.31697624">
      <ele>2338.239</ele>
      <name>trk1_1805</name>
    </trkpt>
    <trkpt lat="46.6350555" lon="12.31692733">
      <ele>2338.224</ele>
      <name>trk1_1806</name>
    </trkpt>
    <trkpt lat="46.63507096" lon="12.31685968">
      <ele>2338.411</ele>
      <name>trk1_1807</name>
    </trkpt>
    <trkpt lat="46.6350721" lon="12.31682055">
      <ele>2338.491</ele>
      <name>trk1_1808</name>
    </trkpt>
    <trkpt lat="46.63506865" lon="12.31678441">
      <ele>2338.532</ele>
      <name>trk1_1809</name>
    </trkpt>
    <trkpt lat="46.63506061" lon="12.31675125">
      <ele>2338.522</ele>
      <name>trk1_1810</name>
    </trkpt>
    <trkpt lat="46.6350594" lon="12.31671525">
      <ele>2338.567</ele>
      <name>trk1_1811</name>
    </trkpt>
    <trkpt lat="46.63506345" lon="12.31665343">
      <ele>2338.638</ele>
      <name>trk1_1812</name>
    </trkpt>
    <trkpt lat="46.63511431" lon="12.31652915">
      <ele>2338.739</ele>
      <name>trk1_1813</name>
    </trkpt>
    <trkpt lat="46.63512658" lon="12.31649397">
      <ele>2338.745</ele>
      <name>trk1_1814</name>
    </trkpt>
    <trkpt lat="46.63513679" lon="12.31645213">
      <ele>2338.705</ele>
      <name>trk1_1815</name>
    </trkpt>
    <trkpt lat="46.63515497" lon="12.31636831">
      <ele>2338.508</ele>
      <name>trk1_1816</name>
    </trkpt>
    <trkpt lat="46.63516949" lon="12.31633327">
      <ele>2338.342</ele>
      <name>trk1_1817</name>
    </trkpt>
    <trkpt lat="46.6351885" lon="12.3162985">
      <ele>2338.153</ele>
      <name>trk1_1818</name>
    </trkpt>
    <trkpt lat="46.63520545" lon="12.31625707">
      <ele>2337.815</ele>
      <name>trk1_1819</name>
    </trkpt>
    <trkpt lat="46.63532878" lon="12.31603922">
      <ele>2336.408</ele>
      <name>trk1_1820</name>
    </trkpt>
    <trkpt lat="46.6353816" lon="12.31592486">
      <ele>2336.369</ele>
      <name>trk1_1821</name>
    </trkpt>
    <trkpt lat="46.63540351" lon="12.3158674">
      <ele>2336.167</ele>
      <name>trk1_1822</name>
    </trkpt>
    <trkpt lat="46.63542337" lon="12.31580328">
      <ele>2336.113</ele>
      <name>trk1_1823</name>
    </trkpt>
    <trkpt lat="46.63543416" lon="12.31574188">
      <ele>2336.371</ele>
      <name>trk1_1824</name>
    </trkpt>
    <trkpt lat="46.63544851" lon="12.31563496">
      <ele>2336.878</ele>
      <name>trk1_1825</name>
    </trkpt>
    <trkpt lat="46.63549386" lon="12.31546787">
      <ele>2338.327</ele>
      <name>trk1_1826</name>
    </trkpt>
    <trkpt lat="46.63553712" lon="12.31537252">
      <ele>2339.273</ele>
      <name>trk1_1827</name>
    </trkpt>
    <trkpt lat="46.63554537" lon="12.31532076">
      <ele>2339.679</ele>
      <name>trk1_1828</name>
    </trkpt>
    <trkpt lat="46.635585" lon="12.31519579">
      <ele>2339.979</ele>
      <name>trk1_1829</name>
    </trkpt>
    <trkpt lat="46.63560243" lon="12.31513806">
      <ele>2340.004</ele>
      <name>trk1_1830</name>
    </trkpt>
    <trkpt lat="46.63567163" lon="12.31500183">
      <ele>2340.673</ele>
      <name>trk1_1831</name>
    </trkpt>
    <trkpt lat="46.63572979" lon="12.31485839">
      <ele>2340.74</ele>
      <name>trk1_1832</name>
    </trkpt>
    <trkpt lat="46.63574019" lon="12.31481003">
      <ele>2340.524</ele>
      <name>trk1_1833</name>
    </trkpt>
    <trkpt lat="46.63574591" lon="12.31476791">
      <ele>2340.286</ele>
      <name>trk1_1834</name>
    </trkpt>
    <trkpt lat="46.63574714" lon="12.31472552">
      <ele>2340.021</ele>
      <name>trk1_1835</name>
    </trkpt>
    <trkpt lat="46.63574847" lon="12.31467987">
      <ele>2340.623</ele>
      <name>trk1_1836</name>
    </trkpt>
    <trkpt lat="46.63574726" lon="12.31464387">
      <ele>2341.148</ele>
      <name>trk1_1837</name>
    </trkpt>
    <trkpt lat="46.63575485" lon="12.31461493">
      <ele>2341.604</ele>
      <name>trk1_1838</name>
    </trkpt>
    <trkpt lat="46.63576057" lon="12.31457282">
      <ele>2342.267</ele>
      <name>trk1_1839</name>
    </trkpt>
    <trkpt lat="46.63578615" lon="12.31446658">
      <ele>2344.133</ele>
      <name>trk1_1840</name>
    </trkpt>
    <trkpt lat="46.63580311" lon="12.31442515">
      <ele>2345.167</ele>
      <name>trk1_1841</name>
    </trkpt>
    <trkpt lat="46.63583306" lon="12.31440085">
      <ele>2346.096</ele>
      <name>trk1_1842</name>
    </trkpt>
    <trkpt lat="46.63586583" lon="12.31435712">
      <ele>2346.973</ele>
      <name>trk1_1843</name>
    </trkpt>
    <trkpt lat="46.63589167" lon="12.31431951">
      <ele>2347.655</ele>
      <name>trk1_1844</name>
    </trkpt>
    <trkpt lat="46.63594813" lon="12.31423476">
      <ele>2348.935</ele>
      <name>trk1_1845</name>
    </trkpt>
    <trkpt lat="46.63597182" lon="12.31419374">
      <ele>2349.469</ele>
      <name>trk1_1846</name>
    </trkpt>
    <trkpt lat="46.63599102" lon="12.31415245">
      <ele>2350.213</ele>
      <name>trk1_1847</name>
    </trkpt>
    <trkpt lat="46.63600563" lon="12.31411414">
      <ele>2351.228</ele>
      <name>trk1_1848</name>
    </trkpt>
    <trkpt lat="46.63601809" lon="12.31407244">
      <ele>2352.284</ele>
      <name>trk1_1849</name>
    </trkpt>
    <trkpt lat="46.63604076" lon="12.3139889">
      <ele>2354.149</ele>
      <name>trk1_1850</name>
    </trkpt>
    <trkpt lat="46.63607261" lon="12.31389938">
      <ele>2355.395</ele>
      <name>trk1_1851</name>
    </trkpt>
    <trkpt lat="46.63608488" lon="12.3138642">
      <ele>2356.119</ele>
      <name>trk1_1852</name>
    </trkpt>
    <trkpt lat="46.6361407" lon="12.31372388">
      <ele>2359.749</ele>
      <name>trk1_1853</name>
    </trkpt>
    <trkpt lat="46.6361716" lon="12.31366697">
      <ele>2361.003</ele>
      <name>trk1_1854</name>
    </trkpt>
    <trkpt lat="46.63619323" lon="12.31361929">
      <ele>2362.05</ele>
      <name>trk1_1855</name>
    </trkpt>
    <trkpt lat="46.63621683" lon="12.31358153">
      <ele>2363.091</ele>
      <name>trk1_1856</name>
    </trkpt>
    <trkpt lat="46.63624042" lon="12.31354378">
      <ele>2364.221</ele>
      <name>trk1_1857</name>
    </trkpt>
    <trkpt lat="46.63627291" lon="12.31350983">
      <ele>2364.802</ele>
      <name>trk1_1858</name>
    </trkpt>
    <trkpt lat="46.63632421" lon="12.31344763">
      <ele>2366.021</ele>
      <name>trk1_1859</name>
    </trkpt>
    <trkpt lat="46.63637121" lon="12.31337864">
      <ele>2367.559</ele>
      <name>trk1_1860</name>
    </trkpt>
    <trkpt lat="46.63649004" lon="12.31316051">
      <ele>2371.248</ele>
      <name>trk1_1861</name>
    </trkpt>
    <trkpt lat="46.63654033" lon="12.31305578">
      <ele>2372.904</ele>
      <name>trk1_1862</name>
    </trkpt>
    <trkpt lat="46.63659052" lon="12.31295432">
      <ele>2373.944</ele>
      <name>trk1_1863</name>
    </trkpt>
    <trkpt lat="46.63660503" lon="12.31291927">
      <ele>2374.409</ele>
      <name>trk1_1864</name>
    </trkpt>
    <trkpt lat="46.63661496" lon="12.31288721">
      <ele>2374.987</ele>
      <name>trk1_1865</name>
    </trkpt>
    <trkpt lat="46.63662489" lon="12.31285515">
      <ele>2375.557</ele>
      <name>trk1_1866</name>
    </trkpt>
    <trkpt lat="46.63663492" lon="12.31281983">
      <ele>2376.22</ele>
      <name>trk1_1867</name>
    </trkpt>
    <trkpt lat="46.63664608" lon="12.31274538">
      <ele>2377.781</ele>
      <name>trk1_1868</name>
    </trkpt>
    <trkpt lat="46.63665451" lon="12.3126871">
      <ele>2378.643</ele>
      <name>trk1_1869</name>
    </trkpt>
    <trkpt lat="46.63666754" lon="12.31262583">
      <ele>2379.233</ele>
      <name>trk1_1870</name>
    </trkpt>
    <trkpt lat="46.63667298" lon="12.3125935">
      <ele>2379.632</ele>
      <name>trk1_1871</name>
    </trkpt>
    <trkpt lat="46.63668291" lon="12.31256144">
      <ele>2379.783</ele>
      <name>trk1_1872</name>
    </trkpt>
    <trkpt lat="46.63669144" lon="12.31249989">
      <ele>2380.665</ele>
      <name>trk1_1873</name>
    </trkpt>
    <trkpt lat="46.6367118" lon="12.31234107">
      <ele>2383.954</ele>
      <name>trk1_1874</name>
    </trkpt>
    <trkpt lat="46.63672697" lon="12.3122832">
      <ele>2384.649</ele>
      <name>trk1_1875</name>
    </trkpt>
    <trkpt lat="46.63674655" lon="12.31222887">
      <ele>2384.933</ele>
      <name>trk1_1876</name>
    </trkpt>
    <trkpt lat="46.63675789" lon="12.31214789">
      <ele>2386.558</ele>
      <name>trk1_1877</name>
    </trkpt>
    <trkpt lat="46.63681142" lon="12.3118539">
      <ele>2391.776</ele>
      <name>trk1_1878</name>
    </trkpt>
    <trkpt lat="46.63681919" lon="12.31181844">
      <ele>2392.384</ele>
      <name>trk1_1879</name>
    </trkpt>
    <trkpt lat="46.63687614" lon="12.31163899">
      <ele>2394.7</ele>
      <name>trk1_1880</name>
    </trkpt>
    <trkpt lat="46.6368887" lon="12.31159403">
      <ele>2395.071</ele>
      <name>trk1_1881</name>
    </trkpt>
    <trkpt lat="46.63689882" lon="12.31155544">
      <ele>2395.549</ele>
      <name>trk1_1882</name>
    </trkpt>
    <trkpt lat="46.63691109" lon="12.31152026">
      <ele>2396.018</ele>
      <name>trk1_1883</name>
    </trkpt>
    <trkpt lat="46.63694555" lon="12.31141783">
      <ele>2398.15</ele>
      <name>trk1_1884</name>
    </trkpt>
    <trkpt lat="46.63695792" lon="12.31137939">
      <ele>2398.948</ele>
      <name>trk1_1885</name>
    </trkpt>
    <trkpt lat="46.63697477" lon="12.31134122">
      <ele>2399.306</ele>
      <name>trk1_1886</name>
    </trkpt>
    <trkpt lat="46.63698752" lon="12.31128973">
      <ele>2399.974</ele>
      <name>trk1_1887</name>
    </trkpt>
    <trkpt lat="46.63699548" lon="12.31124775">
      <ele>2400.578</ele>
      <name>trk1_1888</name>
    </trkpt>
    <trkpt lat="46.63700945" lon="12.31115387">
      <ele>2402.042</ele>
      <name>trk1_1889</name>
    </trkpt>
    <trkpt lat="46.63700609" lon="12.31111447">
      <ele>2402.722</ele>
      <name>trk1_1890</name>
    </trkpt>
    <trkpt lat="46.63699356" lon="12.31108104">
      <ele>2403.148</ele>
      <name>trk1_1891</name>
    </trkpt>
    <trkpt lat="46.6369568" lon="12.31102979">
      <ele>2403.834</ele>
      <name>trk1_1892</name>
    </trkpt>
    <trkpt lat="46.63692639" lon="12.310992">
      <ele>2404.045</ele>
      <name>trk1_1893</name>
    </trkpt>
    <trkpt lat="46.63690038" lon="12.31095775">
      <ele>2403.989</ele>
      <name>trk1_1894</name>
    </trkpt>
    <trkpt lat="46.63687466" lon="12.31091371">
      <ele>2403.915</ele>
      <name>trk1_1895</name>
    </trkpt>
    <trkpt lat="46.6368508" lon="12.31088286">
      <ele>2403.683</ele>
      <name>trk1_1896</name>
    </trkpt>
    <trkpt lat="46.63680997" lon="12.31097183">
      <ele>2402.565</ele>
      <name>trk1_1897</name>
    </trkpt>
    <trkpt lat="46.63677562" lon="12.3109926">
      <ele>2402.027</ele>
      <name>trk1_1898</name>
    </trkpt>
    <trkpt lat="46.63669672" lon="12.31099758">
      <ele>2400.985</ele>
      <name>trk1_1899</name>
    </trkpt>
    <trkpt lat="46.63660414" lon="12.31108666">
      <ele>2398.661</ele>
      <name>trk1_1900</name>
    </trkpt>
    <trkpt lat="46.63656764" lon="12.31110403">
      <ele>2397.41</ele>
      <name>trk1_1901</name>
    </trkpt>
    <trkpt lat="46.63654106" lon="12.31108934">
      <ele>2396.4</ele>
      <name>trk1_1902</name>
    </trkpt>
    <trkpt lat="46.63653331" lon="12.3110464">
      <ele>2395.966</ele>
      <name>trk1_1903</name>
    </trkpt>
    <trkpt lat="46.63654118" lon="12.31100768">
      <ele>2396.11</ele>
      <name>trk1_1904</name>
    </trkpt>
    <trkpt lat="46.63657714" lon="12.31093148">
      <ele>2397.13</ele>
      <name>trk1_1905</name>
    </trkpt>
    <trkpt lat="46.63655936" lon="12.31092386">
      <ele>2396.463</ele>
      <name>trk1_1906</name>
    </trkpt>
    <trkpt lat="46.63652491" lon="12.31094789">
      <ele>2395.309</ele>
      <name>trk1_1907</name>
    </trkpt>
    <trkpt lat="46.63649309" lon="12.31095901">
      <ele>2394.204</ele>
      <name>trk1_1908</name>
    </trkpt>
    <trkpt lat="46.63647006" lon="12.31097721">
      <ele>2393.44</ele>
      <name>trk1_1909</name>
    </trkpt>
    <trkpt lat="46.63641942" lon="12.31101658">
      <ele>2391.759</ele>
      <name>trk1_1910</name>
    </trkpt>
    <trkpt lat="46.63633901" lon="12.31107373">
      <ele>2390.579</ele>
      <name>trk1_1911</name>
    </trkpt>
    <trkpt lat="46.63630241" lon="12.31109437">
      <ele>2390.373</ele>
      <name>trk1_1912</name>
    </trkpt>
    <trkpt lat="46.63625926" lon="12.31110806">
      <ele>2390.071</ele>
      <name>trk1_1913</name>
    </trkpt>
    <trkpt lat="46.63622782" lon="12.31110614">
      <ele>2389.854</ele>
      <name>trk1_1914</name>
    </trkpt>
    <trkpt lat="46.63620311" lon="12.31110464">
      <ele>2389.686</ele>
      <name>trk1_1915</name>
    </trkpt>
    <trkpt lat="46.63614032" lon="12.31109753">
      <ele>2389.293</ele>
      <name>trk1_1916</name>
    </trkpt>
    <trkpt lat="46.63609568" lon="12.31108501">
      <ele>2389.238</ele>
      <name>trk1_1917</name>
    </trkpt>
    <trkpt lat="46.63607107" lon="12.31108024">
      <ele>2389.35</ele>
      <name>trk1_1918</name>
    </trkpt>
    <trkpt lat="46.63604421" lon="12.31107533">
      <ele>2389.467</ele>
      <name>trk1_1919</name>
    </trkpt>
    <trkpt lat="46.63601529" lon="12.31106377">
      <ele>2389.627</ele>
      <name>trk1_1920</name>
    </trkpt>
    <trkpt lat="46.63598843" lon="12.31105886">
      <ele>2389.735</ele>
      <name>trk1_1921</name>
    </trkpt>
    <trkpt lat="46.63596616" lon="12.31105097">
      <ele>2389.842</ele>
      <name>trk1_1922</name>
    </trkpt>
    <trkpt lat="46.6359438" lon="12.31104634">
      <ele>2389.928</ele>
      <name>trk1_1923</name>
    </trkpt>
    <trkpt lat="46.63592143" lon="12.3110417">
      <ele>2390.012</ele>
      <name>trk1_1924</name>
    </trkpt>
    <trkpt lat="46.63589682" lon="12.31103693">
      <ele>2390.1</ele>
      <name>trk1_1925</name>
    </trkpt>
    <trkpt lat="46.6358723" lon="12.3110289">
      <ele>2390.197</ele>
      <name>trk1_1926</name>
    </trkpt>
    <trkpt lat="46.63584544" lon="12.311024">
      <ele>2390.284</ele>
      <name>trk1_1927</name>
    </trkpt>
    <trkpt lat="46.63580969" lon="12.31101528">
      <ele>2389.89</ele>
      <name>trk1_1928</name>
    </trkpt>
    <trkpt lat="46.6357804" lon="12.31101676">
      <ele>2389.322</ele>
      <name>trk1_1929</name>
    </trkpt>
    <trkpt lat="46.63571694" lon="12.31103248">
      <ele>2388.069</ele>
      <name>trk1_1930</name>
    </trkpt>
    <trkpt lat="46.63568521" lon="12.31104035">
      <ele>2387.453</ele>
      <name>trk1_1931</name>
    </trkpt>
    <trkpt lat="46.63566032" lon="12.31104536">
      <ele>2386.975</ele>
      <name>trk1_1932</name>
    </trkpt>
    <trkpt lat="46.63563318" lon="12.31105023">
      <ele>2386.458</ele>
      <name>trk1_1933</name>
    </trkpt>
    <trkpt lat="46.63560388" lon="12.31105171">
      <ele>2385.907</ele>
      <name>trk1_1934</name>
    </trkpt>
    <trkpt lat="46.63557357" lon="12.31101066">
      <ele>2385.348</ele>
      <name>trk1_1935</name>
    </trkpt>
    <trkpt lat="46.63555019" lon="12.3109635">
      <ele>2384.718</ele>
      <name>trk1_1936</name>
    </trkpt>
    <trkpt lat="46.63552342" lon="12.31095534">
      <ele>2383.301</ele>
      <name>trk1_1937</name>
    </trkpt>
    <trkpt lat="46.63550264" lon="12.31097367">
      <ele>2382.241</ele>
      <name>trk1_1938</name>
    </trkpt>
    <trkpt lat="46.63548148" lon="12.31100504">
      <ele>2381.228</ele>
      <name>trk1_1939</name>
    </trkpt>
    <trkpt lat="46.63545798" lon="12.31103954">
      <ele>2380.162</ele>
      <name>trk1_1940</name>
    </trkpt>
    <trkpt lat="46.63541398" lon="12.31108258">
      <ele>2378.217</ele>
      <name>trk1_1941</name>
    </trkpt>
    <trkpt lat="46.63530885" lon="12.31121662">
      <ele>2376.998</ele>
      <name>trk1_1942</name>
    </trkpt>
    <trkpt lat="46.63529388" lon="12.31118958">
      <ele>2375.48</ele>
      <name>trk1_1943</name>
    </trkpt>
    <trkpt lat="46.63530242" lon="12.31112803">
      <ele>2373.73</ele>
      <name>trk1_1944</name>
    </trkpt>
    <trkpt lat="46.63530159" lon="12.31107899">
      <ele>2372.797</ele>
      <name>trk1_1945</name>
    </trkpt>
    <trkpt lat="46.63529627" lon="12.31102966">
      <ele>2372.044</ele>
      <name>trk1_1946</name>
    </trkpt>
    <trkpt lat="46.63528513" lon="12.31102572">
      <ele>2371.446</ele>
      <name>trk1_1947</name>
    </trkpt>
    <trkpt lat="46.63526875" lon="12.31104758">
      <ele>2370.689</ele>
      <name>trk1_1948</name>
    </trkpt>
    <trkpt lat="46.63524075" lon="12.3110818">
      <ele>2369.137</ele>
      <name>trk1_1949</name>
    </trkpt>
    <trkpt lat="46.63521922" lon="12.31112622">
      <ele>2368.55</ele>
      <name>trk1_1950</name>
    </trkpt>
    <trkpt lat="46.63518768" lon="12.31112756">
      <ele>2366.449</ele>
      <name>trk1_1951</name>
    </trkpt>
    <trkpt lat="46.63516382" lon="12.31109671">
      <ele>2364.028</ele>
      <name>trk1_1952</name>
    </trkpt>
    <trkpt lat="46.63514127" lon="12.31109859">
      <ele>2362.505</ele>
      <name>trk1_1953</name>
    </trkpt>
    <trkpt lat="46.63511786" lon="12.31112983">
      <ele>2361.774</ele>
      <name>trk1_1954</name>
    </trkpt>
    <trkpt lat="46.63508088" lon="12.3111635">
      <ele>2360.552</ele>
      <name>trk1_1955</name>
    </trkpt>
    <trkpt lat="46.63505036" lon="12.31120737">
      <ele>2360.194</ele>
      <name>trk1_1956</name>
    </trkpt>
    <trkpt lat="46.63502509" lon="12.31122543">
      <ele>2359.206</ele>
      <name>trk1_1957</name>
    </trkpt>
    <trkpt lat="46.63499981" lon="12.31124348">
      <ele>2358.233</ele>
      <name>trk1_1958</name>
    </trkpt>
    <trkpt lat="46.63492194" lon="12.31129099">
      <ele>2356.304</ele>
      <name>trk1_1959</name>
    </trkpt>
    <trkpt lat="46.63473873" lon="12.31147906">
      <ele>2352.967</ele>
      <name>trk1_1960</name>
    </trkpt>
    <trkpt lat="46.63473594" lon="12.31142009">
      <ele>2350.796</ele>
      <name>trk1_1961</name>
    </trkpt>
    <trkpt lat="46.63476254" lon="12.31135639">
      <ele>2350.29</ele>
      <name>trk1_1962</name>
    </trkpt>
    <trkpt lat="46.63479805" lon="12.3112181">
      <ele>2348.119</ele>
      <name>trk1_1963</name>
    </trkpt>
    <trkpt lat="46.63475426" lon="12.31117623">
      <ele>2345.018</ele>
      <name>trk1_1964</name>
    </trkpt>
    <trkpt lat="46.63472002" lon="12.31111534">
      <ele>2342.082</ele>
      <name>trk1_1965</name>
    </trkpt>
    <trkpt lat="46.6347016" lon="12.31105215">
      <ele>2340.732</ele>
      <name>trk1_1966</name>
    </trkpt>
    <trkpt lat="46.63469217" lon="12.31098951">
      <ele>2339.534</ele>
      <name>trk1_1967</name>
    </trkpt>
    <trkpt lat="46.6346759" lon="12.31092972">
      <ele>2338.344</ele>
      <name>trk1_1968</name>
    </trkpt>
    <trkpt lat="46.63466169" lon="12.31087659">
      <ele>2337.309</ele>
      <name>trk1_1969</name>
    </trkpt>
    <trkpt lat="46.63464514" lon="12.31082658">
      <ele>2336.341</ele>
      <name>trk1_1970</name>
    </trkpt>
    <trkpt lat="46.63463064" lon="12.31078323">
      <ele>2335.56</ele>
      <name>trk1_1971</name>
    </trkpt>
    <trkpt lat="46.63461624" lon="12.31073662">
      <ele>2334.711</ele>
      <name>trk1_1972</name>
    </trkpt>
    <trkpt lat="46.63460418" lon="12.31068689">
      <ele>2333.817</ele>
      <name>trk1_1973</name>
    </trkpt>
    <trkpt lat="46.63458997" lon="12.31063376">
      <ele>2332.832</ele>
      <name>trk1_1974</name>
    </trkpt>
    <trkpt lat="46.6345781" lon="12.3105775">
      <ele>2331.8</ele>
      <name>trk1_1975</name>
    </trkpt>
    <trkpt lat="46.63456829" lon="12.31052791">
      <ele>2330.874</ele>
      <name>trk1_1976</name>
    </trkpt>
    <trkpt lat="46.63456062" lon="12.31048171">
      <ele>2329.993</ele>
      <name>trk1_1977</name>
    </trkpt>
    <trkpt lat="46.63455736" lon="12.31043905">
      <ele>2329.214</ele>
      <name>trk1_1978</name>
    </trkpt>
    <trkpt lat="46.63455625" lon="12.31039978">
      <ele>2328.52</ele>
      <name>trk1_1979</name>
    </trkpt>
    <trkpt lat="46.63455861" lon="12.31031826">
      <ele>2327.161</ele>
      <name>trk1_1980</name>
    </trkpt>
    <trkpt lat="46.63456218" lon="12.31027275">
      <ele>2326.422</ele>
      <name>trk1_1981</name>
    </trkpt>
    <trkpt lat="46.63456584" lon="12.31022398">
      <ele>2325.315</ele>
      <name>trk1_1982</name>
    </trkpt>
    <trkpt lat="46.63457458" lon="12.31007752">
      <ele>2321.855</ele>
      <name>trk1_1983</name>
    </trkpt>
    <trkpt lat="46.63458021" lon="12.31003866">
      <ele>2320.945</ele>
      <name>trk1_1984</name>
    </trkpt>
    <trkpt lat="46.63459165" lon="12.30995443">
      <ele>2319.568</ele>
      <name>trk1_1985</name>
    </trkpt>
    <trkpt lat="46.6346102" lon="12.30985757">
      <ele>2318.655</ele>
      <name>trk1_1986</name>
    </trkpt>
    <trkpt lat="46.63462249" lon="12.309744">
      <ele>2317.517</ele>
      <name>trk1_1987</name>
    </trkpt>
    <trkpt lat="46.63463029" lon="12.30963015">
      <ele>2317.67</ele>
      <name>trk1_1988</name>
    </trkpt>
    <trkpt lat="46.63463255" lon="12.30955189">
      <ele>2317.968</ele>
      <name>trk1_1989</name>
    </trkpt>
    <trkpt lat="46.63464577" lon="12.3094841">
      <ele>2318.307</ele>
      <name>trk1_1990</name>
    </trkpt>
    <trkpt lat="46.63466787" lon="12.30942012">
      <ele>2318.715</ele>
      <name>trk1_1991</name>
    </trkpt>
    <trkpt lat="46.63468539" lon="12.30935912">
      <ele>2319.186</ele>
      <name>trk1_1992</name>
    </trkpt>
    <trkpt lat="46.63468035" lon="12.30930002">
      <ele>2319.425</ele>
      <name>trk1_1993</name>
    </trkpt>
    <trkpt lat="46.63467278" lon="12.30925056">
      <ele>2319.543</ele>
      <name>trk1_1994</name>
    </trkpt>
    <trkpt lat="46.63466512" lon="12.30920436">
      <ele>2319.607</ele>
      <name>trk1_1995</name>
    </trkpt>
    <trkpt lat="46.6346554" lon="12.30915151">
      <ele>2319.585</ele>
      <name>trk1_1996</name>
    </trkpt>
    <trkpt lat="46.63464764" lon="12.30910857">
      <ele>2319.486</ele>
      <name>trk1_1997</name>
    </trkpt>
    <trkpt lat="46.6346397" lon="12.30907215">
      <ele>2319.356</ele>
      <name>trk1_1998</name>
    </trkpt>
    <trkpt lat="46.6346325" lon="12.30900965">
      <ele>2319.262</ele>
      <name>trk1_1999</name>
    </trkpt>
    <trkpt lat="46.63462635" lon="12.30891128">
      <ele>2319.214</ele>
      <name>trk1_2000</name>
    </trkpt>
    <trkpt lat="46.63458836" lon="12.30890243">
      <ele>2318.143</ele>
      <name>trk1_2001</name>
    </trkpt>
    <trkpt lat="46.63455448" lon="12.30890689">
      <ele>2317.182</ele>
      <name>trk1_2002</name>
    </trkpt>
    <trkpt lat="46.6345148" lon="12.30887834">
      <ele>2315.894</ele>
      <name>trk1_2003</name>
    </trkpt>
    <trkpt lat="46.63448468" lon="12.30883077">
      <ele>2314.382</ele>
      <name>trk1_2004</name>
    </trkpt>
    <trkpt lat="46.63446063" lon="12.30880644">
      <ele>2313.313</ele>
      <name>trk1_2005</name>
    </trkpt>
    <trkpt lat="46.63443855" lon="12.30879203">
      <ele>2312.5</ele>
      <name>trk1_2006</name>
    </trkpt>
    <trkpt lat="46.63441413" lon="12.30878074">
      <ele>2311.915</ele>
      <name>trk1_2007</name>
    </trkpt>
    <trkpt lat="46.63438736" lon="12.30877257">
      <ele>2311.35</ele>
      <name>trk1_2008</name>
    </trkpt>
    <trkpt lat="46.63436079" lon="12.30875788">
      <ele>2310.733</ele>
      <name>trk1_2009</name>
    </trkpt>
    <trkpt lat="46.63433627" lon="12.30874986">
      <ele>2310.246</ele>
      <name>trk1_2010</name>
    </trkpt>
    <trkpt lat="46.63429416" lon="12.30872769">
      <ele>2309.374</ele>
      <name>trk1_2011</name>
    </trkpt>
    <trkpt lat="46.63425439" lon="12.3087024">
      <ele>2308.587</ele>
      <name>trk1_2012</name>
    </trkpt>
    <trkpt lat="46.63421276" lon="12.30866392">
      <ele>2307.783</ele>
      <name>trk1_2013</name>
    </trkpt>
    <trkpt lat="46.63417786" lon="12.30862586">
      <ele>2307.18</ele>
      <name>trk1_2014</name>
    </trkpt>
    <trkpt lat="46.63412584" lon="12.30855736">
      <ele>2305.909</ele>
      <name>trk1_2015</name>
    </trkpt>
    <trkpt lat="46.63410002" lon="12.30851659">
      <ele>2305.309</ele>
      <name>trk1_2016</name>
    </trkpt>
    <trkpt lat="46.63405689" lon="12.3084519">
      <ele>2304.703</ele>
      <name>trk1_2017</name>
    </trkpt>
    <trkpt lat="46.63402012" lon="12.30840066">
      <ele>2304.555</ele>
      <name>trk1_2018</name>
    </trkpt>
    <trkpt lat="46.63398345" lon="12.30834616">
      <ele>2304.686</ele>
      <name>trk1_2019</name>
    </trkpt>
    <trkpt lat="46.63396642" lon="12.30831245">
      <ele>2304.637</ele>
      <name>trk1_2020</name>
    </trkpt>
    <trkpt lat="46.6339494" lon="12.30827875">
      <ele>2304.496</ele>
      <name>trk1_2021</name>
    </trkpt>
    <trkpt lat="46.63393022" lon="12.30824165">
      <ele>2304.366</ele>
      <name>trk1_2022</name>
    </trkpt>
    <trkpt lat="46.63391769" lon="12.30820822">
      <ele>2304.187</ele>
      <name>trk1_2023</name>
    </trkpt>
    <trkpt lat="46.63390516" lon="12.30817479">
      <ele>2304.02</ele>
      <name>trk1_2024</name>
    </trkpt>
    <trkpt lat="46.63389272" lon="12.3081381">
      <ele>2303.827</ele>
      <name>trk1_2025</name>
    </trkpt>
    <trkpt lat="46.63386709" lon="12.30809081">
      <ele>2303.713</ele>
      <name>trk1_2026</name>
    </trkpt>
    <trkpt lat="46.6338363" lon="12.30806607">
      <ele>2304.017</ele>
      <name>trk1_2027</name>
    </trkpt>
    <trkpt lat="46.6337984" lon="12.30805395">
      <ele>2304.629</ele>
      <name>trk1_2028</name>
    </trkpt>
    <trkpt lat="46.63375816" lon="12.30804497">
      <ele>2305.369</ele>
      <name>trk1_2029</name>
    </trkpt>
    <trkpt lat="46.63373364" lon="12.30803694">
      <ele>2305.84</ele>
      <name>trk1_2030</name>
    </trkpt>
    <trkpt lat="46.63371109" lon="12.30803883">
      <ele>2306.256</ele>
      <name>trk1_2031</name>
    </trkpt>
    <trkpt lat="46.63366775" lon="12.30805905">
      <ele>2306.958</ele>
      <name>trk1_2032</name>
    </trkpt>
    <trkpt lat="46.6335807" lon="12.30811254">
      <ele>2306.927</ele>
      <name>trk1_2033</name>
    </trkpt>
    <trkpt lat="46.63354888" lon="12.30812366">
      <ele>2306.364</ele>
      <name>trk1_2034</name>
    </trkpt>
    <trkpt lat="46.63351089" lon="12.30811481">
      <ele>2305.864</ele>
      <name>trk1_2035</name>
    </trkpt>
    <trkpt lat="46.63348206" lon="12.30809999">
      <ele>2305.494</ele>
      <name>trk1_2036</name>
    </trkpt>
    <trkpt lat="46.63345343" lon="12.30807864">
      <ele>2305.101</ele>
      <name>trk1_2037</name>
    </trkpt>
    <trkpt lat="46.63342021" lon="12.30806028">
      <ele>2304.56</ele>
      <name>trk1_2038</name>
    </trkpt>
    <trkpt lat="46.63338484" lon="12.30803853">
      <ele>2304.1</ele>
      <name>trk1_2039</name>
    </trkpt>
    <trkpt lat="46.63336997" lon="12.30800822">
      <ele>2304.148</ele>
      <name>trk1_2040</name>
    </trkpt>
    <trkpt lat="46.63337325" lon="12.30797249">
      <ele>2304.573</ele>
      <name>trk1_2041</name>
    </trkpt>
    <trkpt lat="46.63337186" lon="12.30794301">
      <ele>2304.853</ele>
      <name>trk1_2042</name>
    </trkpt>
    <trkpt lat="46.63334202" lon="12.30788566">
      <ele>2304.972</ele>
      <name>trk1_2043</name>
    </trkpt>
    <trkpt lat="46.63331414" lon="12.30783823">
      <ele>2305.086</ele>
      <name>trk1_2044</name>
    </trkpt>
    <trkpt lat="46.63327896" lon="12.30780995">
      <ele>2304.892</ele>
      <name>trk1_2045</name>
    </trkpt>
    <trkpt lat="46.63324039" lon="12.30782067">
      <ele>2304.25</ele>
      <name>trk1_2046</name>
    </trkpt>
    <trkpt lat="46.63320465" lon="12.30781195">
      <ele>2303.835</ele>
      <name>trk1_2047</name>
    </trkpt>
    <trkpt lat="46.63317386" lon="12.30778721">
      <ele>2303.621</ele>
      <name>trk1_2048</name>
    </trkpt>
    <trkpt lat="46.63314102" lon="12.30775581">
      <ele>2302.598</ele>
      <name>trk1_2049</name>
    </trkpt>
    <trkpt lat="46.63310752" lon="12.30774723">
      <ele>2301.869</ele>
      <name>trk1_2050</name>
    </trkpt>
    <trkpt lat="46.63307411" lon="12.3077354">
      <ele>2301.047</ele>
      <name>trk1_2051</name>
    </trkpt>
    <trkpt lat="46.63304519" lon="12.30772383">
      <ele>2300.245</ele>
      <name>trk1_2052</name>
    </trkpt>
    <trkpt lat="46.63302086" lon="12.30770928">
      <ele>2299.341</ele>
      <name>trk1_2053</name>
    </trkpt>
    <trkpt lat="46.63299223" lon="12.30768794">
      <ele>2298.125</ele>
      <name>trk1_2054</name>
    </trkpt>
    <trkpt lat="46.63296126" lon="12.30766972">
      <ele>2296.927</ele>
      <name>trk1_2055</name>
    </trkpt>
    <trkpt lat="46.63293449" lon="12.30766155">
      <ele>2296.109</ele>
      <name>trk1_2056</name>
    </trkpt>
    <trkpt lat="46.63287806" lon="12.30766791">
      <ele>2295.135</ele>
      <name>trk1_2057</name>
    </trkpt>
    <trkpt lat="46.63283978" lon="12.30766884">
      <ele>2294.369</ele>
      <name>trk1_2058</name>
    </trkpt>
    <trkpt lat="46.63280786" lon="12.30768323">
      <ele>2294.211</ele>
      <name>trk1_2059</name>
    </trkpt>
    <trkpt lat="46.63278025" lon="12.30770441">
      <ele>2294.408</ele>
      <name>trk1_2060</name>
    </trkpt>
    <trkpt lat="46.63275216" lon="12.30774189">
      <ele>2294.461</ele>
      <name>trk1_2061</name>
    </trkpt>
    <trkpt lat="46.63272699" lon="12.30775669">
      <ele>2293.808</ele>
      <name>trk1_2062</name>
    </trkpt>
    <trkpt lat="46.63270218" lon="12.30775844">
      <ele>2292.69</ele>
      <name>trk1_2063</name>
    </trkpt>
    <trkpt lat="46.63266625" lon="12.30775625">
      <ele>2290.881</ele>
      <name>trk1_2064</name>
    </trkpt>
    <trkpt lat="46.63263854" lon="12.30778069">
      <ele>2290.526</ele>
      <name>trk1_2065</name>
    </trkpt>
    <trkpt lat="46.63261738" lon="12.30781206">
      <ele>2290.102</ele>
      <name>trk1_2066</name>
    </trkpt>
    <trkpt lat="46.63259875" lon="12.30783379">
      <ele>2289.778</ele>
      <name>trk1_2067</name>
    </trkpt>
    <trkpt lat="46.63256497" lon="12.307835">
      <ele>2288.522</ele>
      <name>trk1_2068</name>
    </trkpt>
    <trkpt lat="46.63251331" lon="12.30783184">
      <ele>2286.457</ele>
      <name>trk1_2069</name>
    </trkpt>
    <trkpt lat="46.63248392" lon="12.30783658">
      <ele>2285.505</ele>
      <name>trk1_2070</name>
    </trkpt>
    <trkpt lat="46.63245481" lon="12.30783154">
      <ele>2284.209</ele>
      <name>trk1_2071</name>
    </trkpt>
    <trkpt lat="46.6324302" lon="12.30782678">
      <ele>2283.089</ele>
      <name>trk1_2072</name>
    </trkpt>
    <trkpt lat="46.63240783" lon="12.30782215">
      <ele>2282.053</ele>
      <name>trk1_2073</name>
    </trkpt>
    <trkpt lat="46.63238098" lon="12.30781724">
      <ele>2280.829</ele>
      <name>trk1_2074</name>
    </trkpt>
    <trkpt lat="46.63238613" lon="12.30779469">
      <ele>2280.15</ele>
      <name>trk1_2075</name>
    </trkpt>
    <trkpt lat="46.63241842" lon="12.30776726">
      <ele>2280.25</ele>
      <name>trk1_2076</name>
    </trkpt>
    <trkpt lat="46.63245793" lon="12.30772394">
      <ele>2279.65</ele>
      <name>trk1_2077</name>
    </trkpt>
    <trkpt lat="46.63250155" lon="12.30769394">
      <ele>2279.854</ele>
      <name>trk1_2078</name>
    </trkpt>
    <trkpt lat="46.63249079" lon="12.30767695">
      <ele>2278.566</ele>
      <name>trk1_2079</name>
    </trkpt>
    <trkpt lat="46.63242809" lon="12.3076666">
      <ele>2275.653</ele>
      <name>trk1_2080</name>
    </trkpt>
    <trkpt lat="46.63240104" lon="12.30766821">
      <ele>2274.699</ele>
      <name>trk1_2081</name>
    </trkpt>
    <trkpt lat="46.63235846" lon="12.30766235">
      <ele>2272.789</ele>
      <name>trk1_2082</name>
    </trkpt>
    <trkpt lat="46.63232458" lon="12.30766682">
      <ele>2271.713</ele>
      <name>trk1_2083</name>
    </trkpt>
    <trkpt lat="46.63225233" lon="12.30767547">
      <ele>2269.364</ele>
      <name>trk1_2084</name>
    </trkpt>
    <trkpt lat="46.63223268" lon="12.30765468">
      <ele>2267.636</ele>
      <name>trk1_2085</name>
    </trkpt>
    <trkpt lat="46.63223587" lon="12.30762221">
      <ele>2266.232</ele>
      <name>trk1_2086</name>
    </trkpt>
    <trkpt lat="46.63226237" lon="12.30756177">
      <ele>2264.368</ele>
      <name>trk1_2087</name>
    </trkpt>
    <trkpt lat="46.63229972" lon="12.30751505">
      <ele>2263.509</ele>
      <name>trk1_2088</name>
    </trkpt>
    <trkpt lat="46.63233024" lon="12.30747118">
      <ele>2262.5</ele>
      <name>trk1_2089</name>
    </trkpt>
    <trkpt lat="46.63235832" lon="12.3074337">
      <ele>2261.68</ele>
      <name>trk1_2090</name>
    </trkpt>
    <trkpt lat="46.63242563" lon="12.30736268">
      <ele>2260.534</ele>
      <name>trk1_2091</name>
    </trkpt>
    <trkpt lat="46.63245662" lon="12.30730251">
      <ele>2258.596</ele>
      <name>trk1_2092</name>
    </trkpt>
    <trkpt lat="46.63246655" lon="12.30727045">
      <ele>2257.326</ele>
      <name>trk1_2093</name>
    </trkpt>
    <trkpt lat="46.63247657" lon="12.30723513">
      <ele>2255.888</ele>
      <name>trk1_2094</name>
    </trkpt>
    <trkpt lat="46.63245702" lon="12.30721107">
      <ele>2254.07</ele>
      <name>trk1_2095</name>
    </trkpt>
    <trkpt lat="46.63241621" lon="12.30722165">
      <ele>2253.259</ele>
      <name>trk1_2096</name>
    </trkpt>
    <trkpt lat="46.63238018" lon="12.30722272">
      <ele>2252.142</ele>
      <name>trk1_2097</name>
    </trkpt>
    <trkpt lat="46.63229155" lon="12.30725324">
      <ele>2250.726</ele>
      <name>trk1_2098</name>
    </trkpt>
    <trkpt lat="46.63224681" lon="12.30724398">
      <ele>2248.822</ele>
      <name>trk1_2099</name>
    </trkpt>
    <trkpt lat="46.63220685" lon="12.30722521">
      <ele>2246.859</ele>
      <name>trk1_2100</name>
    </trkpt>
    <trkpt lat="46.63217158" lon="12.3072002">
      <ele>2245.426</ele>
      <name>trk1_2101</name>
    </trkpt>
    <trkpt lat="46.63214323" lon="12.30716907">
      <ele>2244.154</ele>
      <name>trk1_2102</name>
    </trkpt>
    <trkpt lat="46.63210244" lon="12.30710126">
      <ele>2242.179</ele>
      <name>trk1_2103</name>
    </trkpt>
    <trkpt lat="46.63209478" lon="12.30705506">
      <ele>2241.173</ele>
      <name>trk1_2104</name>
    </trkpt>
    <trkpt lat="46.6320916" lon="12.30700914">
      <ele>2240.224</ele>
      <name>trk1_2105</name>
    </trkpt>
    <trkpt lat="46.6320816" lon="12.30696607">
      <ele>2239.449</ele>
      <name>trk1_2106</name>
    </trkpt>
    <trkpt lat="46.63206458" lon="12.30693237">
      <ele>2239.121</ele>
      <name>trk1_2107</name>
    </trkpt>
    <trkpt lat="46.63204278" lon="12.30690817">
      <ele>2239.146</ele>
      <name>trk1_2108</name>
    </trkpt>
    <trkpt lat="46.63201611" lon="12.30689675">
      <ele>2239.409</ele>
      <name>trk1_2109</name>
    </trkpt>
    <trkpt lat="46.6319827" lon="12.30688491">
      <ele>2239.777</ele>
      <name>trk1_2110</name>
    </trkpt>
    <trkpt lat="46.63195388" lon="12.30687009">
      <ele>2240.052</ele>
      <name>trk1_2111</name>
    </trkpt>
    <trkpt lat="46.63192955" lon="12.30685554">
      <ele>2239.984</ele>
      <name>trk1_2112</name>
    </trkpt>
    <trkpt lat="46.63190082" lon="12.30683746">
      <ele>2239.712</ele>
      <name>trk1_2113</name>
    </trkpt>
    <trkpt lat="46.63187051" lon="12.30679641">
      <ele>2239.294</ele>
      <name>trk1_2114</name>
    </trkpt>
    <trkpt lat="46.63185405" lon="12.30674315">
      <ele>2238.883</ele>
      <name>trk1_2115</name>
    </trkpt>
    <trkpt lat="46.63181718" lon="12.30669517">
      <ele>2238.625</ele>
      <name>trk1_2116</name>
    </trkpt>
    <trkpt lat="46.63179257" lon="12.30669041">
      <ele>2238.663</ele>
      <name>trk1_2117</name>
    </trkpt>
    <trkpt lat="46.63172294" lon="12.30668616">
      <ele>2238.84</ele>
      <name>trk1_2118</name>
    </trkpt>
    <trkpt lat="46.63168457" lon="12.30669035">
      <ele>2238.952</ele>
      <name>trk1_2119</name>
    </trkpt>
    <trkpt lat="46.63165097" lon="12.30668504">
      <ele>2239.283</ele>
      <name>trk1_2120</name>
    </trkpt>
    <trkpt lat="46.63162421" lon="12.30667688">
      <ele>2239.764</ele>
      <name>trk1_2121</name>
    </trkpt>
    <trkpt lat="46.63159773" lon="12.30665893">
      <ele>2240.185</ele>
      <name>trk1_2122</name>
    </trkpt>
    <trkpt lat="46.63156891" lon="12.30664411">
      <ele>2240.597</ele>
      <name>trk1_2123</name>
    </trkpt>
    <trkpt lat="46.63154467" lon="12.3066263">
      <ele>2240.905</ele>
      <name>trk1_2124</name>
    </trkpt>
    <trkpt lat="46.63152259" lon="12.30661189">
      <ele>2241.199</ele>
      <name>trk1_2125</name>
    </trkpt>
    <trkpt lat="46.6314526" lon="12.30654229">
      <ele>2241.958</ele>
      <name>trk1_2126</name>
    </trkpt>
    <trkpt lat="46.63141077" lon="12.30651035">
      <ele>2242.481</ele>
      <name>trk1_2127</name>
    </trkpt>
    <trkpt lat="46.63138644" lon="12.3064958">
      <ele>2242.762</ele>
      <name>trk1_2128</name>
    </trkpt>
    <trkpt lat="46.63136417" lon="12.30648791">
      <ele>2242.63</ele>
      <name>trk1_2129</name>
    </trkpt>
    <trkpt lat="46.63132355" lon="12.30649196">
      <ele>2242.534</ele>
      <name>trk1_2130</name>
    </trkpt>
    <trkpt lat="46.63128022" lon="12.30651219">
      <ele>2242.626</ele>
      <name>trk1_2131</name>
    </trkpt>
    <trkpt lat="46.6312366" lon="12.30654219">
      <ele>2242.915</ele>
      <name>trk1_2132</name>
    </trkpt>
    <trkpt lat="46.63119775" lon="12.30656268">
      <ele>2243.167</ele>
      <name>trk1_2133</name>
    </trkpt>
    <trkpt lat="46.63116125" lon="12.30658006">
      <ele>2243.429</ele>
      <name>trk1_2134</name>
    </trkpt>
    <trkpt lat="46.63111155" lon="12.30658683">
      <ele>2243.563</ele>
      <name>trk1_2135</name>
    </trkpt>
    <trkpt lat="46.6309837" lon="12.30665089">
      <ele>2242.423</ele>
      <name>trk1_2136</name>
    </trkpt>
    <trkpt lat="46.63095899" lon="12.30664938">
      <ele>2241.951</ele>
      <name>trk1_2137</name>
    </trkpt>
    <trkpt lat="46.63093691" lon="12.30663497">
      <ele>2241.294</ele>
      <name>trk1_2138</name>
    </trkpt>
    <trkpt lat="46.63091146" lon="12.30658116">
      <ele>2239.867</ele>
      <name>trk1_2139</name>
    </trkpt>
    <trkpt lat="46.63089051" lon="12.30652762">
      <ele>2238.526</ele>
      <name>trk1_2140</name>
    </trkpt>
    <trkpt lat="46.63085992" lon="12.30649636">
      <ele>2237.413</ele>
      <name>trk1_2141</name>
    </trkpt>
    <trkpt lat="46.63083343" lon="12.30647841">
      <ele>2236.613</ele>
      <name>trk1_2142</name>
    </trkpt>
    <trkpt lat="46.63081144" lon="12.30646074">
      <ele>2234.915</ele>
      <name>trk1_2143</name>
    </trkpt>
    <trkpt lat="46.63079976" lon="12.30639797">
      <ele>2232.996</ele>
      <name>trk1_2144</name>
    </trkpt>
    <trkpt lat="46.63080763" lon="12.30635926">
      <ele>2232.491</ele>
      <name>trk1_2145</name>
    </trkpt>
    <trkpt lat="46.63081765" lon="12.30632394">
      <ele>2232.126</ele>
      <name>trk1_2146</name>
    </trkpt>
    <trkpt lat="46.6308259" lon="12.30627218">
      <ele>2231.168</ele>
      <name>trk1_2147</name>
    </trkpt>
    <trkpt lat="46.6308406" lon="12.30623062">
      <ele>2230.617</ele>
      <name>trk1_2148</name>
    </trkpt>
    <trkpt lat="46.63088114" lon="12.30615143">
      <ele>2229.463</ele>
      <name>trk1_2149</name>
    </trkpt>
    <trkpt lat="46.63091036" lon="12.30607482">
      <ele>2227.832</ele>
      <name>trk1_2150</name>
    </trkpt>
    <trkpt lat="46.63093733" lon="12.30599808">
      <ele>2225.874</ele>
      <name>trk1_2151</name>
    </trkpt>
    <trkpt lat="46.63094811" lon="12.30593667">
      <ele>2224.067</ele>
      <name>trk1_2152</name>
    </trkpt>
    <trkpt lat="46.6309542" lon="12.30588152">
      <ele>2222.361</ele>
      <name>trk1_2153</name>
    </trkpt>
    <trkpt lat="46.63096649" lon="12.30576795">
      <ele>2218.059</ele>
      <name>trk1_2154</name>
    </trkpt>
    <trkpt lat="46.63097717" lon="12.30570981">
      <ele>2215.72</ele>
      <name>trk1_2155</name>
    </trkpt>
    <trkpt lat="46.63099646" lon="12.30566526">
      <ele>2214.413</ele>
      <name>trk1_2156</name>
    </trkpt>
    <trkpt lat="46.63105067" lon="12.30558037">
      <ele>2212.62</ele>
      <name>trk1_2157</name>
    </trkpt>
    <trkpt lat="46.6310722" lon="12.30553596">
      <ele>2211.341</ele>
      <name>trk1_2158</name>
    </trkpt>
    <trkpt lat="46.63109804" lon="12.30549834">
      <ele>2210.561</ele>
      <name>trk1_2159</name>
    </trkpt>
    <trkpt lat="46.63112154" lon="12.30546384">
      <ele>2209.791</ele>
      <name>trk1_2160</name>
    </trkpt>
    <trkpt lat="46.63119849" lon="12.30537054">
      <ele>2208.135</ele>
      <name>trk1_2161</name>
    </trkpt>
    <trkpt lat="46.63122208" lon="12.30533278">
      <ele>2207.166</ele>
      <name>trk1_2162</name>
    </trkpt>
    <trkpt lat="46.63124586" lon="12.30528851">
      <ele>2205.877</ele>
      <name>trk1_2163</name>
    </trkpt>
    <trkpt lat="46.63128191" lon="12.30520905">
      <ele>2203.49</ele>
      <name>trk1_2164</name>
    </trkpt>
    <trkpt lat="46.63131534" lon="12.30514249">
      <ele>2201.527</ele>
      <name>trk1_2165</name>
    </trkpt>
    <trkpt lat="46.63135072" lon="12.30508585">
      <ele>2200.005</ele>
      <name>trk1_2166</name>
    </trkpt>
    <trkpt lat="46.63138602" lon="12.30503248">
      <ele>2198.542</ele>
      <name>trk1_2167</name>
    </trkpt>
    <trkpt lat="46.63156098" lon="12.30481777">
      <ele>2193.891</ele>
      <name>trk1_2168</name>
    </trkpt>
    <trkpt lat="46.63164065" lon="12.3047083">
      <ele>2190.903</ele>
      <name>trk1_2169</name>
    </trkpt>
    <trkpt lat="46.6316619" lon="12.30467367">
      <ele>2190.313</ele>
      <name>trk1_2170</name>
    </trkpt>
    <trkpt lat="46.63168091" lon="12.3046389">
      <ele>2189.675</ele>
      <name>trk1_2171</name>
    </trkpt>
    <trkpt lat="46.63170001" lon="12.30460086">
      <ele>2188.961</ele>
      <name>trk1_2172</name>
    </trkpt>
    <trkpt lat="46.63171929" lon="12.30455631">
      <ele>2188.064</ele>
      <name>trk1_2173</name>
    </trkpt>
    <trkpt lat="46.63173868" lon="12.3045085">
      <ele>2187.09</ele>
      <name>trk1_2174</name>
    </trkpt>
    <trkpt lat="46.63174205" lon="12.30446951">
      <ele>2185.959</ele>
      <name>trk1_2175</name>
    </trkpt>
    <trkpt lat="46.63173635" lon="12.30443323">
      <ele>2184.815</ele>
      <name>trk1_2176</name>
    </trkpt>
    <trkpt lat="46.63170145" lon="12.30439518">
      <ele>2183.226</ele>
      <name>trk1_2177</name>
    </trkpt>
    <trkpt lat="46.63167235" lon="12.30439014">
      <ele>2182.37</ele>
      <name>trk1_2178</name>
    </trkpt>
    <trkpt lat="46.63164764" lon="12.30438863">
      <ele>2181.881</ele>
      <name>trk1_2179</name>
    </trkpt>
    <trkpt lat="46.63162499" lon="12.30439378">
      <ele>2181.575</ele>
      <name>trk1_2180</name>
    </trkpt>
    <trkpt lat="46.63157979" lon="12.30440083">
      <ele>2180.906</ele>
      <name>trk1_2181</name>
    </trkpt>
    <trkpt lat="46.63155723" lon="12.30440272">
      <ele>2180.548</ele>
      <name>trk1_2182</name>
    </trkpt>
    <trkpt lat="46.63153252" lon="12.30440121">
      <ele>2180.113</ele>
      <name>trk1_2183</name>
    </trkpt>
    <trkpt lat="46.63150567" lon="12.30439631">
      <ele>2179.61</ele>
      <name>trk1_2184</name>
    </trkpt>
    <trkpt lat="46.63146561" lon="12.30438081">
      <ele>2178.796</ele>
      <name>trk1_2185</name>
    </trkpt>
    <trkpt lat="46.63142986" lon="12.3043721">
      <ele>2178.14</ele>
      <name>trk1_2186</name>
    </trkpt>
    <trkpt lat="46.63139421" lon="12.30436012">
      <ele>2177.477</ele>
      <name>trk1_2187</name>
    </trkpt>
    <trkpt lat="46.63135846" lon="12.30435141">
      <ele>2176.891</ele>
      <name>trk1_2188</name>
    </trkpt>
    <trkpt lat="46.6313272" lon="12.30434298">
      <ele>2176.36</ele>
      <name>trk1_2189</name>
    </trkpt>
    <trkpt lat="46.6312937" lon="12.3043344">
      <ele>2175.772</ele>
      <name>trk1_2190</name>
    </trkpt>
    <trkpt lat="46.63126479" lon="12.30432284">
      <ele>2175.197</ele>
      <name>trk1_2191</name>
    </trkpt>
    <trkpt lat="46.63123353" lon="12.30431441">
      <ele>2174.6</ele>
      <name>trk1_2192</name>
    </trkpt>
    <trkpt lat="46.63120237" lon="12.30430271">
      <ele>2173.937</ele>
      <name>trk1_2193</name>
    </trkpt>
    <trkpt lat="46.63114472" lon="12.30427307">
      <ele>2172.502</ele>
      <name>trk1_2194</name>
    </trkpt>
    <trkpt lat="46.63111375" lon="12.30425485">
      <ele>2171.635</ele>
      <name>trk1_2195</name>
    </trkpt>
    <trkpt lat="46.63108287" lon="12.30423337">
      <ele>2171.229</ele>
      <name>trk1_2196</name>
    </trkpt>
    <trkpt lat="46.63105433" lon="12.30420877">
      <ele>2170.869</ele>
      <name>trk1_2197</name>
    </trkpt>
    <trkpt lat="46.63102139" lon="12.30418063">
      <ele>2170.526</ele>
      <name>trk1_2198</name>
    </trkpt>
    <trkpt lat="46.63099079" lon="12.30414937">
      <ele>2170.371</ele>
      <name>trk1_2199</name>
    </trkpt>
    <trkpt lat="46.6309515" lon="12.30410778">
      <ele>2170.363</ele>
      <name>trk1_2200</name>
    </trkpt>
    <trkpt lat="46.6309166" lon="12.30406972">
      <ele>2170.351</ele>
      <name>trk1_2201</name>
    </trkpt>
    <trkpt lat="46.63088385" lon="12.30403507">
      <ele>2170.344</ele>
      <name>trk1_2202</name>
    </trkpt>
    <trkpt lat="46.6308511" lon="12.30400041">
      <ele>2170.338</ele>
      <name>trk1_2203</name>
    </trkpt>
    <trkpt lat="46.6308206" lon="12.30396589">
      <ele>2170.323</ele>
      <name>trk1_2204</name>
    </trkpt>
    <trkpt lat="46.63079234" lon="12.30393151">
      <ele>2170.301</ele>
      <name>trk1_2205</name>
    </trkpt>
    <trkpt lat="46.63076399" lon="12.30390038">
      <ele>2170.291</ele>
      <name>trk1_2206</name>
    </trkpt>
    <trkpt lat="46.63073573" lon="12.303866">
      <ele>2170.269</ele>
      <name>trk1_2207</name>
    </trkpt>
    <trkpt lat="46.63070747" lon="12.30383161">
      <ele>2170.247</ele>
      <name>trk1_2208</name>
    </trkpt>
    <trkpt lat="46.63068146" lon="12.30379737">
      <ele>2170.217</ele>
      <name>trk1_2209</name>
    </trkpt>
    <trkpt lat="46.63065321" lon="12.30376298">
      <ele>2170.195</ele>
      <name>trk1_2210</name>
    </trkpt>
    <trkpt lat="46.63059688" lon="12.3036877">
      <ele>2170.127</ele>
      <name>trk1_2211</name>
    </trkpt>
    <trkpt lat="46.63056666" lon="12.30364339">
      <ele>2170.076</ele>
      <name>trk1_2212</name>
    </trkpt>
    <trkpt lat="46.63053644" lon="12.30359909">
      <ele>2170.307</ele>
      <name>trk1_2213</name>
    </trkpt>
    <trkpt lat="46.63050622" lon="12.30355479">
      <ele>2170.757</ele>
      <name>trk1_2214</name>
    </trkpt>
    <trkpt lat="46.63045888" lon="12.30348005">
      <ele>2171.597</ele>
      <name>trk1_2215</name>
    </trkpt>
    <trkpt lat="46.63042034" lon="12.30341238">
      <ele>2172.415</ele>
      <name>trk1_2216</name>
    </trkpt>
    <trkpt lat="46.63040322" lon="12.30338194">
      <ele>2172.822</ele>
      <name>trk1_2217</name>
    </trkpt>
    <trkpt lat="46.63038628" lon="12.30334498">
      <ele>2173.257</ele>
      <name>trk1_2218</name>
    </trkpt>
    <trkpt lat="46.63036711" lon="12.30330788">
      <ele>2174.03</ele>
      <name>trk1_2219</name>
    </trkpt>
    <trkpt lat="46.63035036" lon="12.3032644">
      <ele>2175.023</ele>
      <name>trk1_2220</name>
    </trkpt>
    <trkpt lat="46.63033587" lon="12.30322106">
      <ele>2176.05</ele>
      <name>trk1_2221</name>
    </trkpt>
    <trkpt lat="46.63033026" lon="12.30318152">
      <ele>2176.791</ele>
      <name>trk1_2222</name>
    </trkpt>
    <trkpt lat="46.63032914" lon="12.30314226">
      <ele>2177.382</ele>
      <name>trk1_2223</name>
    </trkpt>
    <trkpt lat="46.63033252" lon="12.30310327">
      <ele>2177.782</ele>
      <name>trk1_2224</name>
    </trkpt>
    <trkpt lat="46.63034039" lon="12.30306456">
      <ele>2177.952</ele>
      <name>trk1_2225</name>
    </trkpt>
    <trkpt lat="46.63035397" lon="12.30298373">
      <ele>2178.702</ele>
      <name>trk1_2226</name>
    </trkpt>
    <trkpt lat="46.63035979" lon="12.30293835">
      <ele>2179.195</ele>
      <name>trk1_2227</name>
    </trkpt>
    <trkpt lat="46.63036524" lon="12.30282764">
      <ele>2180.796</ele>
      <name>trk1_2228</name>
    </trkpt>
    <trkpt lat="46.63036618" lon="12.30279503">
      <ele>2181.296</ele>
      <name>trk1_2229</name>
    </trkpt>
    <trkpt lat="46.63036487" lon="12.30276229">
      <ele>2181.82</ele>
      <name>trk1_2230</name>
    </trkpt>
    <trkpt lat="46.63036357" lon="12.30272955">
      <ele>2182.217</ele>
      <name>trk1_2231</name>
    </trkpt>
    <trkpt lat="46.63036236" lon="12.30269355">
      <ele>2182.641</ele>
      <name>trk1_2232</name>
    </trkpt>
    <trkpt lat="46.630359" lon="12.30265415">
      <ele>2183.234</ele>
      <name>trk1_2233</name>
    </trkpt>
    <trkpt lat="46.63035181" lon="12.30259165">
      <ele>2184.301</ele>
      <name>trk1_2234</name>
    </trkpt>
    <trkpt lat="46.63034442" lon="12.30253567">
      <ele>2185.327</ele>
      <name>trk1_2235</name>
    </trkpt>
    <trkpt lat="46.63033695" lon="12.30248296">
      <ele>2186.363</ele>
      <name>trk1_2236</name>
    </trkpt>
    <trkpt lat="46.63033153" lon="12.3024369">
      <ele>2187.242</ele>
      <name>trk1_2237</name>
    </trkpt>
    <trkpt lat="46.63032396" lon="12.30238745">
      <ele>2188.29</ele>
      <name>trk1_2238</name>
    </trkpt>
    <trkpt lat="46.63031414" lon="12.30233786">
      <ele>2189.471</ele>
      <name>trk1_2239</name>
    </trkpt>
    <trkpt lat="46.63030217" lon="12.30228487">
      <ele>2190.811</ele>
      <name>trk1_2240</name>
    </trkpt>
    <trkpt lat="46.63028805" lon="12.30222848">
      <ele>2192.303</ele>
      <name>trk1_2241</name>
    </trkpt>
    <trkpt lat="46.63027785" lon="12.30219193">
      <ele>2193.323</ele>
      <name>trk1_2242</name>
    </trkpt>
    <trkpt lat="46.63026757" lon="12.30215865">
      <ele>2194.433</ele>
      <name>trk1_2243</name>
    </trkpt>
    <trkpt lat="46.6302468" lon="12.30209859">
      <ele>2196.528</ele>
      <name>trk1_2244</name>
    </trkpt>
    <trkpt lat="46.63022819" lon="12.30204193">
      <ele>2198.348</ele>
      <name>trk1_2245</name>
    </trkpt>
    <trkpt lat="46.63020938" lon="12.30199179">
      <ele>2200.047</ele>
      <name>trk1_2246</name>
    </trkpt>
    <trkpt lat="46.63018843" lon="12.30193826">
      <ele>2201.849</ele>
      <name>trk1_2247</name>
    </trkpt>
    <trkpt lat="46.63016748" lon="12.30188472">
      <ele>2203.707</ele>
      <name>trk1_2248</name>
    </trkpt>
    <trkpt lat="46.63014662" lon="12.30182793">
      <ele>2205.559</ele>
      <name>trk1_2249</name>
    </trkpt>
    <trkpt lat="46.6301237" lon="12.30176448">
      <ele>2207.568</ele>
      <name>trk1_2250</name>
    </trkpt>
    <trkpt lat="46.63011126" lon="12.30172779">
      <ele>2208.663</ele>
      <name>trk1_2251</name>
    </trkpt>
    <trkpt lat="46.63010556" lon="12.30169151">
      <ele>2209.327</ele>
      <name>trk1_2252</name>
    </trkpt>
    <trkpt lat="46.63010286" lon="12.30162929">
      <ele>2210.328</ele>
      <name>trk1_2253</name>
    </trkpt>
    <trkpt lat="46.63010708" lon="12.30156096">
      <ele>2211.203</ele>
      <name>trk1_2254</name>
    </trkpt>
    <trkpt lat="46.6301114" lon="12.30148937">
      <ele>2212.118</ele>
      <name>trk1_2255</name>
    </trkpt>
    <trkpt lat="46.63012192" lon="12.30128097">
      <ele>2215.478</ele>
      <name>trk1_2256</name>
    </trkpt>
    <trkpt lat="46.63012427" lon="12.30119946">
      <ele>2217.111</ele>
      <name>trk1_2257</name>
    </trkpt>
    <trkpt lat="46.63012559" lon="12.30115381">
      <ele>2218.021</ele>
      <name>trk1_2258</name>
    </trkpt>
    <trkpt lat="46.63012242" lon="12.30110789">
      <ele>2219.239</ele>
      <name>trk1_2259</name>
    </trkpt>
    <trkpt lat="46.6301214" lon="12.30106537">
      <ele>2220.011</ele>
      <name>trk1_2260</name>
    </trkpt>
    <trkpt lat="46.63012028" lon="12.30102611">
      <ele>2220.737</ele>
      <name>trk1_2261</name>
    </trkpt>
    <trkpt lat="46.63011907" lon="12.3009901">
      <ele>2221.418</ele>
      <name>trk1_2262</name>
    </trkpt>
    <trkpt lat="46.63011786" lon="12.3009541">
      <ele>2222.1</ele>
      <name>trk1_2263</name>
    </trkpt>
    <trkpt lat="46.63011665" lon="12.3009181">
      <ele>2222.784</ele>
      <name>trk1_2264</name>
    </trkpt>
    <trkpt lat="46.63011759" lon="12.3008855">
      <ele>2223.251</ele>
      <name>trk1_2265</name>
    </trkpt>
    <trkpt lat="46.63011638" lon="12.30084949">
      <ele>2223.935</ele>
      <name>trk1_2266</name>
    </trkpt>
    <trkpt lat="46.63011508" lon="12.30081675">
      <ele>2224.598</ele>
      <name>trk1_2267</name>
    </trkpt>
    <trkpt lat="46.63011922" lon="12.30067329">
      <ele>2226.868</ele>
      <name>trk1_2268</name>
    </trkpt>
    <trkpt lat="46.6301272" lon="12.30055293">
      <ele>2228.421</ele>
      <name>trk1_2269</name>
    </trkpt>
    <trkpt lat="46.63013602" lon="12.30040322">
      <ele>2229.911</ele>
      <name>trk1_2270</name>
    </trkpt>
    <trkpt lat="46.63013978" lon="12.3002728">
      <ele>2231.46</ele>
      <name>trk1_2271</name>
    </trkpt>
    <trkpt lat="46.63013933" lon="12.30021071">
      <ele>2231.829</ele>
      <name>trk1_2272</name>
    </trkpt>
    <trkpt lat="46.63013541" lon="12.30011249">
      <ele>2232.648</ele>
      <name>trk1_2273</name>
    </trkpt>
    <trkpt lat="46.63013196" lon="12.30007635">
      <ele>2233.093</ele>
      <name>trk1_2274</name>
    </trkpt>
    <trkpt lat="46.6301285" lon="12.30004021">
      <ele>2233.536</ele>
      <name>trk1_2275</name>
    </trkpt>
    <trkpt lat="46.63012738" lon="12.30000095">
      <ele>2233.824</ele>
      <name>trk1_2276</name>
    </trkpt>
    <trkpt lat="46.63012168" lon="12.29996468">
      <ele>2234.239</ele>
      <name>trk1_2277</name>
    </trkpt>
    <trkpt lat="46.63011813" lon="12.2999318">
      <ele>2234.495</ele>
      <name>trk1_2278</name>
    </trkpt>
    <trkpt lat="46.63010644" lon="12.29986903">
      <ele>2235.336</ele>
      <name>trk1_2279</name>
    </trkpt>
    <trkpt lat="46.63009232" lon="12.29981264">
      <ele>2236.353</ele>
      <name>trk1_2280</name>
    </trkpt>
    <trkpt lat="46.63007801" lon="12.29976278">
      <ele>2237.383</ele>
      <name>trk1_2281</name>
    </trkpt>
    <trkpt lat="46.63004508" lon="12.29965626">
      <ele>2239.754</ele>
      <name>trk1_2282</name>
    </trkpt>
    <trkpt lat="46.63002881" lon="12.29959648">
      <ele>2240.926</ele>
      <name>trk1_2283</name>
    </trkpt>
    <trkpt lat="46.63001263" lon="12.29953343">
      <ele>2242.091</ele>
      <name>trk1_2284</name>
    </trkpt>
    <trkpt lat="46.62999645" lon="12.29947039">
      <ele>2243.293</ele>
      <name>trk1_2285</name>
    </trkpt>
    <trkpt lat="46.62998223" lon="12.29941727">
      <ele>2244.661</ele>
      <name>trk1_2286</name>
    </trkpt>
    <trkpt lat="46.62996792" lon="12.29936741">
      <ele>2246.179</ele>
      <name>trk1_2287</name>
    </trkpt>
    <trkpt lat="46.62995342" lon="12.29932406">
      <ele>2247.651</ele>
      <name>trk1_2288</name>
    </trkpt>
    <trkpt lat="46.62994117" lon="12.29928086">
      <ele>2248.924</ele>
      <name>trk1_2289</name>
    </trkpt>
    <trkpt lat="46.62992901" lon="12.29923439">
      <ele>2250.197</ele>
      <name>trk1_2290</name>
    </trkpt>
    <trkpt lat="46.62990919" lon="12.29914173">
      <ele>2252.734</ele>
      <name>trk1_2291</name>
    </trkpt>
    <trkpt lat="46.62990592" lon="12.29909907">
      <ele>2253.903</ele>
      <name>trk1_2292</name>
    </trkpt>
    <trkpt lat="46.62991239" lon="12.29903088">
      <ele>2254.924</ele>
      <name>trk1_2293</name>
    </trkpt>
    <trkpt lat="46.62992016" lon="12.29899542">
      <ele>2255.192</ele>
      <name>trk1_2294</name>
    </trkpt>
    <trkpt lat="46.62993074" lon="12.29894054">
      <ele>2255.78</ele>
      <name>trk1_2295</name>
    </trkpt>
    <trkpt lat="46.62996005" lon="12.29886067">
      <ele>2255.562</ele>
      <name>trk1_2296</name>
    </trkpt>
    <trkpt lat="46.62997718" lon="12.29881272">
      <ele>2255.069</ele>
      <name>trk1_2297</name>
    </trkpt>
    <trkpt lat="46.62999235" lon="12.29875485">
      <ele>2254.848</ele>
      <name>trk1_2298</name>
    </trkpt>
    <trkpt lat="46.63000069" lon="12.29869983">
      <ele>2255.001</ele>
      <name>trk1_2299</name>
    </trkpt>
    <trkpt lat="46.62999958" lon="12.29866057">
      <ele>2255.486</ele>
      <name>trk1_2300</name>
    </trkpt>
    <trkpt lat="46.62999837" lon="12.29862456">
      <ele>2255.932</ele>
      <name>trk1_2301</name>
    </trkpt>
    <trkpt lat="46.62999107" lon="12.29856533">
      <ele>2256.402</ele>
      <name>trk1_2302</name>
    </trkpt>
    <trkpt lat="46.6299748" lon="12.29850555">
      <ele>2257.076</ele>
      <name>trk1_2303</name>
    </trkpt>
    <trkpt lat="46.62995637" lon="12.29844237">
      <ele>2257.756</ele>
      <name>trk1_2304</name>
    </trkpt>
    <trkpt lat="46.62993972" lon="12.29839563">
      <ele>2258.316</ele>
      <name>trk1_2305</name>
    </trkpt>
    <trkpt lat="46.62992513" lon="12.29835555">
      <ele>2258.76</ele>
      <name>trk1_2306</name>
    </trkpt>
    <trkpt lat="46.62991269" lon="12.29831886">
      <ele>2258.912</ele>
      <name>trk1_2307</name>
    </trkpt>
    <trkpt lat="46.62990015" lon="12.29828544">
      <ele>2258.87</ele>
      <name>trk1_2308</name>
    </trkpt>
    <trkpt lat="46.62988771" lon="12.29824876">
      <ele>2258.831</ele>
      <name>trk1_2309</name>
    </trkpt>
    <trkpt lat="46.62987527" lon="12.29821207">
      <ele>2258.851</ele>
      <name>trk1_2310</name>
    </trkpt>
    <trkpt lat="46.62986292" lon="12.29817213">
      <ele>2258.885</ele>
      <name>trk1_2311</name>
    </trkpt>
    <trkpt lat="46.62985067" lon="12.29812892">
      <ele>2258.939</ele>
      <name>trk1_2312</name>
    </trkpt>
    <trkpt lat="46.62984066" lon="12.29808585">
      <ele>2258.946</ele>
      <name>trk1_2313</name>
    </trkpt>
    <trkpt lat="46.62984179" lon="12.29804673">
      <ele>2258.535</ele>
      <name>trk1_2314</name>
    </trkpt>
    <trkpt lat="46.62985528" lon="12.29796916">
      <ele>2257.789</ele>
      <name>trk1_2315</name>
    </trkpt>
    <trkpt lat="46.62985725" lon="12.29790069">
      <ele>2257.678</ele>
      <name>trk1_2316</name>
    </trkpt>
    <trkpt lat="46.6298567" lon="12.29784186">
      <ele>2257.689</ele>
      <name>trk1_2317</name>
    </trkpt>
    <trkpt lat="46.6298539" lon="12.2977829">
      <ele>2257.787</ele>
      <name>trk1_2318</name>
    </trkpt>
    <trkpt lat="46.6298526" lon="12.29775016">
      <ele>2257.673</ele>
      <name>trk1_2319</name>
    </trkpt>
    <trkpt lat="46.62984904" lon="12.29771728">
      <ele>2257.604</ele>
      <name>trk1_2320</name>
    </trkpt>
    <trkpt lat="46.62984344" lon="12.29767775">
      <ele>2257.545</ele>
      <name>trk1_2321</name>
    </trkpt>
    <trkpt lat="46.62983764" lon="12.29764473">
      <ele>2257.509</ele>
      <name>trk1_2322</name>
    </trkpt>
    <trkpt lat="46.62982576" lon="12.29758849">
      <ele>2257.444</ele>
      <name>trk1_2323</name>
    </trkpt>
    <trkpt lat="46.62981164" lon="12.2975321">
      <ele>2257.345</ele>
      <name>trk1_2324</name>
    </trkpt>
    <trkpt lat="46.62979546" lon="12.29746906">
      <ele>2257.002</ele>
      <name>trk1_2325</name>
    </trkpt>
    <trkpt lat="46.62978311" lon="12.29742912">
      <ele>2256.72</ele>
      <name>trk1_2326</name>
    </trkpt>
    <trkpt lat="46.62977048" lon="12.29739895">
      <ele>2256.566</ele>
      <name>trk1_2327</name>
    </trkpt>
    <trkpt lat="46.62974054" lon="12.29734487">
      <ele>2256.407</ele>
      <name>trk1_2328</name>
    </trkpt>
    <trkpt lat="46.62970358" lon="12.29730017">
      <ele>2257.196</ele>
      <name>trk1_2329</name>
    </trkpt>
    <trkpt lat="46.6296596" lon="12.29726483">
      <ele>2259.221</ele>
      <name>trk1_2330</name>
    </trkpt>
    <trkpt lat="46.62962909" lon="12.29723031">
      <ele>2260.481</ele>
      <name>trk1_2331</name>
    </trkpt>
    <trkpt lat="46.62961234" lon="12.29718684">
      <ele>2260.488</ele>
      <name>trk1_2332</name>
    </trkpt>
    <trkpt lat="46.62960243" lon="12.29714051">
      <ele>2259.968</ele>
      <name>trk1_2333</name>
    </trkpt>
    <trkpt lat="46.62958821" lon="12.29708738">
      <ele>2259.555</ele>
      <name>trk1_2334</name>
    </trkpt>
    <trkpt lat="46.62957156" lon="12.29704064">
      <ele>2259.457</ele>
      <name>trk1_2335</name>
    </trkpt>
    <trkpt lat="46.62955931" lon="12.29699744">
      <ele>2259.194</ele>
      <name>trk1_2336</name>
    </trkpt>
    <trkpt lat="46.6295493" lon="12.29695437">
      <ele>2258.811</ele>
      <name>trk1_2337</name>
    </trkpt>
    <trkpt lat="46.62954135" lon="12.29691796">
      <ele>2258.655</ele>
      <name>trk1_2338</name>
    </trkpt>
    <trkpt lat="46.62953349" lon="12.29687829">
      <ele>2258.521</ele>
      <name>trk1_2339</name>
    </trkpt>
    <trkpt lat="46.62951348" lon="12.29679215">
      <ele>2258.446</ele>
      <name>trk1_2340</name>
    </trkpt>
    <trkpt lat="46.62949898" lon="12.29674881">
      <ele>2258.707</ele>
      <name>trk1_2341</name>
    </trkpt>
    <trkpt lat="46.62947568" lon="12.2966984">
      <ele>2259.446</ele>
      <name>trk1_2342</name>
    </trkpt>
    <trkpt lat="46.62945435" lon="12.29665791">
      <ele>2260.329</ele>
      <name>trk1_2343</name>
    </trkpt>
    <trkpt lat="46.62943751" lon="12.29661769">
      <ele>2261.131</ele>
      <name>trk1_2344</name>
    </trkpt>
    <trkpt lat="46.62943218" lon="12.29656838">
      <ele>2261.158</ele>
      <name>trk1_2345</name>
    </trkpt>
    <trkpt lat="46.62942938" lon="12.29650942">
      <ele>2261.016</ele>
      <name>trk1_2346</name>
    </trkpt>
    <trkpt lat="46.62942864" lon="12.29645711">
      <ele>2260.814</ele>
      <name>trk1_2347</name>
    </trkpt>
    <trkpt lat="46.6294178" lon="12.296365">
      <ele>2260.994</ele>
      <name>trk1_2348</name>
    </trkpt>
    <trkpt lat="46.62941003" lon="12.29632207">
      <ele>2261.447</ele>
      <name>trk1_2349</name>
    </trkpt>
    <trkpt lat="46.62940237" lon="12.29627588">
      <ele>2261.869</ele>
      <name>trk1_2350</name>
    </trkpt>
    <trkpt lat="46.62939479" lon="12.29622642">
      <ele>2262.256</ele>
      <name>trk1_2351</name>
    </trkpt>
    <trkpt lat="46.62938507" lon="12.29617358">
      <ele>2262.646</ele>
      <name>trk1_2352</name>
    </trkpt>
    <trkpt lat="46.62935971" lon="12.29611651">
      <ele>2263.211</ele>
      <name>trk1_2353</name>
    </trkpt>
    <trkpt lat="46.62932013" lon="12.29608471">
      <ele>2263.853</ele>
      <name>trk1_2354</name>
    </trkpt>
    <trkpt lat="46.62929449" lon="12.29603742">
      <ele>2264.26</ele>
      <name>trk1_2355</name>
    </trkpt>
    <trkpt lat="46.62927091" lon="12.2959968">
      <ele>2264.551</ele>
      <name>trk1_2356</name>
    </trkpt>
    <trkpt lat="46.62925183" lon="12.29595644">
      <ele>2264.729</ele>
      <name>trk1_2357</name>
    </trkpt>
    <trkpt lat="46.62923059" lon="12.29591269">
      <ele>2264.858</ele>
      <name>trk1_2358</name>
    </trkpt>
    <trkpt lat="46.62920083" lon="12.2958521">
      <ele>2264.92</ele>
      <name>trk1_2359</name>
    </trkpt>
    <trkpt lat="46.6291751" lon="12.29580807">
      <ele>2265.248</ele>
      <name>trk1_2360</name>
    </trkpt>
    <trkpt lat="46.62914479" lon="12.29576704">
      <ele>2265.877</ele>
      <name>trk1_2361</name>
    </trkpt>
    <trkpt lat="46.62911241" lon="12.29571934">
      <ele>2266.496</ele>
      <name>trk1_2362</name>
    </trkpt>
    <trkpt lat="46.62908668" lon="12.29567532">
      <ele>2266.915</ele>
      <name>trk1_2363</name>
    </trkpt>
    <trkpt lat="46.62906525" lon="12.29563809">
      <ele>2267.177</ele>
      <name>trk1_2364</name>
    </trkpt>
    <trkpt lat="46.62904832" lon="12.29560113">
      <ele>2267.361</ele>
      <name>trk1_2365</name>
    </trkpt>
    <trkpt lat="46.62902699" lon="12.29556064">
      <ele>2267.479</ele>
      <name>trk1_2366</name>
    </trkpt>
    <trkpt lat="46.62900584" lon="12.29551363">
      <ele>2267.087</ele>
      <name>trk1_2367</name>
    </trkpt>
    <trkpt lat="46.62899583" lon="12.29547056">
      <ele>2266.609</ele>
      <name>trk1_2368</name>
    </trkpt>
    <trkpt lat="46.62898816" lon="12.29542437">
      <ele>2266.043</ele>
      <name>trk1_2369</name>
    </trkpt>
    <trkpt lat="46.62898508" lon="12.29537519">
      <ele>2265.474</ele>
      <name>trk1_2370</name>
    </trkpt>
    <trkpt lat="46.62897966" lon="12.29532914">
      <ele>2264.833</ele>
      <name>trk1_2371</name>
    </trkpt>
    <trkpt lat="46.6289763" lon="12.29528974">
      <ele>2264.283</ele>
      <name>trk1_2372</name>
    </trkpt>
    <trkpt lat="46.62897284" lon="12.2952536">
      <ele>2264.038</ele>
      <name>trk1_2373</name>
    </trkpt>
    <trkpt lat="46.62896938" lon="12.29521747">
      <ele>2263.954</ele>
      <name>trk1_2374</name>
    </trkpt>
    <trkpt lat="46.62896817" lon="12.29518146">
      <ele>2263.954</ele>
      <name>trk1_2375</name>
    </trkpt>
    <trkpt lat="46.62896696" lon="12.29514546">
      <ele>2263.96</ele>
      <name>trk1_2376</name>
    </trkpt>
    <trkpt lat="46.6289635" lon="12.29510933">
      <ele>2263.922</ele>
      <name>trk1_2377</name>
    </trkpt>
    <trkpt lat="46.62896247" lon="12.2950668">
      <ele>2263.961</ele>
      <name>trk1_2378</name>
    </trkpt>
    <trkpt lat="46.62895284" lon="12.29501069">
      <ele>2263.897</ele>
      <name>trk1_2379</name>
    </trkpt>
    <trkpt lat="46.628936" lon="12.29497048">
      <ele>2264.067</ele>
      <name>trk1_2380</name>
    </trkpt>
    <trkpt lat="46.62891457" lon="12.29493325">
      <ele>2264.287</ele>
      <name>trk1_2381</name>
    </trkpt>
    <trkpt lat="46.62889109" lon="12.29488936">
      <ele>2264.619</ele>
      <name>trk1_2382</name>
    </trkpt>
    <trkpt lat="46.62885899" lon="12.29483189">
      <ele>2265.999</ele>
      <name>trk1_2383</name>
    </trkpt>
    <trkpt lat="46.62882868" lon="12.29479085">
      <ele>2266.983</ele>
      <name>trk1_2384</name>
    </trkpt>
    <trkpt lat="46.62879845" lon="12.29474656">
      <ele>2267.797</ele>
      <name>trk1_2385</name>
    </trkpt>
    <trkpt lat="46.62876851" lon="12.29469248">
      <ele>2268.236</ele>
      <name>trk1_2386</name>
    </trkpt>
    <trkpt lat="46.62872977" lon="12.29463134">
      <ele>2268.248</ele>
      <name>trk1_2387</name>
    </trkpt>
    <trkpt lat="46.62870788" lon="12.29461041">
      <ele>2268.186</ele>
      <name>trk1_2388</name>
    </trkpt>
    <trkpt lat="46.62868373" lon="12.29458935">
      <ele>2268.053</ele>
      <name>trk1_2389</name>
    </trkpt>
    <trkpt lat="46.62864864" lon="12.29455782">
      <ele>2267.707</ele>
      <name>trk1_2390</name>
    </trkpt>
    <trkpt lat="46.62862" lon="12.29453649">
      <ele>2267.358</ele>
      <name>trk1_2391</name>
    </trkpt>
    <trkpt lat="46.62858912" lon="12.29451501">
      <ele>2266.62</ele>
      <name>trk1_2392</name>
    </trkpt>
    <trkpt lat="46.62855609" lon="12.29449014">
      <ele>2265.668</ele>
      <name>trk1_2393</name>
    </trkpt>
    <trkpt lat="46.62853204" lon="12.29446582">
      <ele>2264.885</ele>
      <name>trk1_2394</name>
    </trkpt>
    <trkpt lat="46.62851005" lon="12.29444815">
      <ele>2264.234</ele>
      <name>trk1_2395</name>
    </trkpt>
    <trkpt lat="46.62846803" lon="12.29442274">
      <ele>2263.114</ele>
      <name>trk1_2396</name>
    </trkpt>
    <trkpt lat="46.62842367" lon="12.29440045">
      <ele>2262.048</ele>
      <name>trk1_2397</name>
    </trkpt>
    <trkpt lat="46.62840149" lon="12.2943893">
      <ele>2261.534</ele>
      <name>trk1_2398</name>
    </trkpt>
    <trkpt lat="46.62837707" lon="12.29437802">
      <ele>2260.995</ele>
      <name>trk1_2399</name>
    </trkpt>
    <trkpt lat="46.62833505" lon="12.29435261">
      <ele>2260.035</ele>
      <name>trk1_2400</name>
    </trkpt>
    <trkpt lat="46.62829958" lon="12.29433412">
      <ele>2259.735</ele>
      <name>trk1_2401</name>
    </trkpt>
    <trkpt lat="46.62826402" lon="12.2943189">
      <ele>2259.507</ele>
      <name>trk1_2402</name>
    </trkpt>
    <trkpt lat="46.62822406" lon="12.29430014">
      <ele>2259.252</ele>
      <name>trk1_2403</name>
    </trkpt>
    <trkpt lat="46.62819524" lon="12.29428533">
      <ele>2259.069</ele>
      <name>trk1_2404</name>
    </trkpt>
    <trkpt lat="46.6281709" lon="12.29427078">
      <ele>2258.905</ele>
      <name>trk1_2405</name>
    </trkpt>
    <trkpt lat="46.62814648" lon="12.2942595">
      <ele>2258.778</ele>
      <name>trk1_2406</name>
    </trkpt>
    <trkpt lat="46.62812439" lon="12.2942451">
      <ele>2258.635</ele>
      <name>trk1_2407</name>
    </trkpt>
    <trkpt lat="46.62808256" lon="12.29421316">
      <ele>2258.351</ele>
      <name>trk1_2408</name>
    </trkpt>
    <trkpt lat="46.62804111" lon="12.29416818">
      <ele>2258.063</ele>
      <name>trk1_2409</name>
    </trkpt>
    <trkpt lat="46.62801313" lon="12.29412403">
      <ele>2258.566</ele>
      <name>trk1_2410</name>
    </trkpt>
    <trkpt lat="46.6279918" lon="12.29408354">
      <ele>2258.99</ele>
      <name>trk1_2411</name>
    </trkpt>
    <trkpt lat="46.62795727" lon="12.29403245">
      <ele>2259.461</ele>
      <name>trk1_2412</name>
    </trkpt>
    <trkpt lat="46.62792695" lon="12.29399142">
      <ele>2259.771</ele>
      <name>trk1_2413</name>
    </trkpt>
    <trkpt lat="46.62789654" lon="12.29395364">
      <ele>2259.995</ele>
      <name>trk1_2414</name>
    </trkpt>
    <trkpt lat="46.62786641" lon="12.29390609">
      <ele>2260.218</ele>
      <name>trk1_2415</name>
    </trkpt>
    <trkpt lat="46.62784536" lon="12.29385582">
      <ele>2259.793</ele>
      <name>trk1_2416</name>
    </trkpt>
    <trkpt lat="46.62784227" lon="12.29380664">
      <ele>2259.095</ele>
      <name>trk1_2417</name>
    </trkpt>
    <trkpt lat="46.62784602" lon="12.29375461">
      <ele>2258.422</ele>
      <name>trk1_2418</name>
    </trkpt>
    <trkpt lat="46.62784762" lon="12.29369918">
      <ele>2257.695</ele>
      <name>trk1_2419</name>
    </trkpt>
    <trkpt lat="46.62783818" lon="12.29363656">
      <ele>2256.663</ele>
      <name>trk1_2420</name>
    </trkpt>
    <trkpt lat="46.62782386" lon="12.2935867">
      <ele>2255.761</ele>
      <name>trk1_2421</name>
    </trkpt>
    <trkpt lat="46.62780506" lon="12.29353656">
      <ele>2254.947</ele>
      <name>trk1_2422</name>
    </trkpt>
    <trkpt lat="46.62778635" lon="12.29348317">
      <ele>2254.207</ele>
      <name>trk1_2423</name>
    </trkpt>
    <trkpt lat="46.62776745" lon="12.2934363">
      <ele>2253.62</ele>
      <name>trk1_2424</name>
    </trkpt>
    <trkpt lat="46.62775051" lon="12.29339934">
      <ele>2253.129</ele>
      <name>trk1_2425</name>
    </trkpt>
    <trkpt lat="46.62773123" lon="12.29336551">
      <ele>2252.6</ele>
      <name>trk1_2426</name>
    </trkpt>
    <trkpt lat="46.62770981" lon="12.29332828">
      <ele>2251.989</ele>
      <name>trk1_2427</name>
    </trkpt>
    <trkpt lat="46.62767996" lon="12.29327095">
      <ele>2251.221</ele>
      <name>trk1_2428</name>
    </trkpt>
    <trkpt lat="46.62765891" lon="12.29322068">
      <ele>2250.651</ele>
      <name>trk1_2429</name>
    </trkpt>
    <trkpt lat="46.62763785" lon="12.29317041">
      <ele>2250.107</ele>
      <name>trk1_2430</name>
    </trkpt>
    <trkpt lat="46.62761699" lon="12.29311362">
      <ele>2249.561</ele>
      <name>trk1_2431</name>
    </trkpt>
    <trkpt lat="46.62759154" lon="12.29305982">
      <ele>2249.009</ele>
      <name>trk1_2432</name>
    </trkpt>
    <trkpt lat="46.62756796" lon="12.29301919">
      <ele>2248.603</ele>
      <name>trk1_2433</name>
    </trkpt>
    <trkpt lat="46.62754213" lon="12.29297843">
      <ele>2248.177</ele>
      <name>trk1_2434</name>
    </trkpt>
    <trkpt lat="46.6275164" lon="12.29293441">
      <ele>2247.741</ele>
      <name>trk1_2435</name>
    </trkpt>
    <trkpt lat="46.62748861" lon="12.29288374">
      <ele>2247.35</ele>
      <name>trk1_2436</name>
    </trkpt>
    <trkpt lat="46.62746962" lon="12.29284012">
      <ele>2247.175</ele>
      <name>trk1_2437</name>
    </trkpt>
    <trkpt lat="46.62745062" lon="12.29279651">
      <ele>2247.043</ele>
      <name>trk1_2438</name>
    </trkpt>
    <trkpt lat="46.62742957" lon="12.29274624">
      <ele>2246.998</ele>
      <name>trk1_2439</name>
    </trkpt>
    <trkpt lat="46.62741058" lon="12.29270263">
      <ele>2246.922</ele>
      <name>trk1_2440</name>
    </trkpt>
    <trkpt lat="46.62739364" lon="12.29266568">
      <ele>2246.785</ele>
      <name>trk1_2441</name>
    </trkpt>
    <trkpt lat="46.62735275" lon="12.29260114">
      <ele>2246.288</ele>
      <name>trk1_2442</name>
    </trkpt>
    <trkpt lat="46.62731981" lon="12.29257301">
      <ele>2245.824</ele>
      <name>trk1_2443</name>
    </trkpt>
    <trkpt lat="46.62728865" lon="12.29256132">
      <ele>2245.408</ele>
      <name>trk1_2444</name>
    </trkpt>
    <trkpt lat="46.62725711" lon="12.29256268">
      <ele>2245.066</ele>
      <name>trk1_2445</name>
    </trkpt>
    <trkpt lat="46.62722107" lon="12.29256375">
      <ele>2244.674</ele>
      <name>trk1_2446</name>
    </trkpt>
    <trkpt lat="46.62719188" lon="12.29256198">
      <ele>2244.293</ele>
      <name>trk1_2447</name>
    </trkpt>
    <trkpt lat="46.62707667" lon="12.29257785">
      <ele>2242.975</ele>
      <name>trk1_2448</name>
    </trkpt>
    <trkpt lat="46.62702744" lon="12.29256833">
      <ele>2242.289</ele>
      <name>trk1_2449</name>
    </trkpt>
    <trkpt lat="46.62699431" lon="12.29254672">
      <ele>2241.767</ele>
      <name>trk1_2450</name>
    </trkpt>
    <trkpt lat="46.62696801" lon="12.29252227">
      <ele>2241.348</ele>
      <name>trk1_2451</name>
    </trkpt>
    <trkpt lat="46.62694649" lon="12.2924883">
      <ele>2241.063</ele>
      <name>trk1_2452</name>
    </trkpt>
    <trkpt lat="46.6269319" lon="12.29244822">
      <ele>2241.189</ele>
      <name>trk1_2453</name>
    </trkpt>
    <trkpt lat="46.62691964" lon="12.29240502">
      <ele>2241.279</ele>
      <name>trk1_2454</name>
    </trkpt>
    <trkpt lat="46.62691207" lon="12.29235557">
      <ele>2241.334</ele>
      <name>trk1_2455</name>
    </trkpt>
    <trkpt lat="46.62690458" lon="12.29230286">
      <ele>2241.344</ele>
      <name>trk1_2456</name>
    </trkpt>
    <trkpt lat="46.62689925" lon="12.29225355">
      <ele>2241.328</ele>
      <name>trk1_2457</name>
    </trkpt>
    <trkpt lat="46.62689374" lon="12.29221075">
      <ele>2241.21</ele>
      <name>trk1_2458</name>
    </trkpt>
    <trkpt lat="46.62688794" lon="12.29217774">
      <ele>2240.964</ele>
      <name>trk1_2459</name>
    </trkpt>
    <trkpt lat="46.62688083" lon="12.29211199">
      <ele>2240.563</ele>
      <name>trk1_2460</name>
    </trkpt>
    <trkpt lat="46.62686914" lon="12.29204923">
      <ele>2240.177</ele>
      <name>trk1_2461</name>
    </trkpt>
    <trkpt lat="46.62686109" lon="12.29201608">
      <ele>2239.984</ele>
      <name>trk1_2462</name>
    </trkpt>
    <trkpt lat="46.6268508" lon="12.29198279">
      <ele>2239.799</ele>
      <name>trk1_2463</name>
    </trkpt>
    <trkpt lat="46.62681899" lon="12.29191554">
      <ele>2239.179</ele>
      <name>trk1_2464</name>
    </trkpt>
    <trkpt lat="46.62677978" lon="12.2918707">
      <ele>2238.503</ele>
      <name>trk1_2465</name>
    </trkpt>
    <trkpt lat="46.62674282" lon="12.291826">
      <ele>2237.878</ele>
      <name>trk1_2466</name>
    </trkpt>
    <trkpt lat="46.62671306" lon="12.29176541">
      <ele>2237.126</ele>
      <name>trk1_2467</name>
    </trkpt>
    <trkpt lat="46.62669435" lon="12.29171202">
      <ele>2236.506</ele>
      <name>trk1_2468</name>
    </trkpt>
    <trkpt lat="46.62667526" lon="12.29167167">
      <ele>2236.055</ele>
      <name>trk1_2469</name>
    </trkpt>
    <trkpt lat="46.62665374" lon="12.2916377">
      <ele>2235.488</ele>
      <name>trk1_2470</name>
    </trkpt>
    <trkpt lat="46.62662988" lon="12.29160686">
      <ele>2234.981</ele>
      <name>trk1_2471</name>
    </trkpt>
    <trkpt lat="46.62660367" lon="12.29157914">
      <ele>2234.567</ele>
      <name>trk1_2472</name>
    </trkpt>
    <trkpt lat="46.62657747" lon="12.29155142">
      <ele>2234.192</ele>
      <name>trk1_2473</name>
    </trkpt>
    <trkpt lat="46.62654678" lon="12.29152343">
      <ele>2233.867</ele>
      <name>trk1_2474</name>
    </trkpt>
    <trkpt lat="46.62651618" lon="12.29149218">
      <ele>2233.54</ele>
      <name>trk1_2475</name>
    </trkpt>
    <trkpt lat="46.62648782" lon="12.29146107">
      <ele>2233.252</ele>
      <name>trk1_2476</name>
    </trkpt>
    <trkpt lat="46.62646162" lon="12.29143335">
      <ele>2233.04</ele>
      <name>trk1_2477</name>
    </trkpt>
    <trkpt lat="46.62643982" lon="12.29140917">
      <ele>2232.879</ele>
      <name>trk1_2478</name>
    </trkpt>
    <trkpt lat="46.62641801" lon="12.29138498">
      <ele>2232.772</ele>
      <name>trk1_2479</name>
    </trkpt>
    <trkpt lat="46.62639621" lon="12.2913608">
      <ele>2232.838</ele>
      <name>trk1_2480</name>
    </trkpt>
    <trkpt lat="46.62637225" lon="12.29133321">
      <ele>2232.847</ele>
      <name>trk1_2481</name>
    </trkpt>
    <trkpt lat="46.6263482" lon="12.29130889">
      <ele>2232.816</ele>
      <name>trk1_2482</name>
    </trkpt>
    <trkpt lat="46.626322" lon="12.29128118">
      <ele>2232.76</ele>
      <name>trk1_2483</name>
    </trkpt>
    <trkpt lat="46.62629364" lon="12.29125006">
      <ele>2232.672</ele>
      <name>trk1_2484</name>
    </trkpt>
    <trkpt lat="46.62626744" lon="12.29122234">
      <ele>2232.575</ele>
      <name>trk1_2485</name>
    </trkpt>
    <trkpt lat="46.62622393" lon="12.29117071">
      <ele>2232.342</ele>
      <name>trk1_2486</name>
    </trkpt>
    <trkpt lat="46.62618509" lon="12.29111284">
      <ele>2232.011</ele>
      <name>trk1_2487</name>
    </trkpt>
    <trkpt lat="46.62616806" lon="12.29107914">
      <ele>2231.953</ele>
      <name>trk1_2488</name>
    </trkpt>
    <trkpt lat="46.62614888" lon="12.29104205">
      <ele>2231.932</ele>
      <name>trk1_2489</name>
    </trkpt>
    <trkpt lat="46.62612118" lon="12.29098812">
      <ele>2231.968</ele>
      <name>trk1_2490</name>
    </trkpt>
    <trkpt lat="46.62609536" lon="12.29094736">
      <ele>2231.943</ele>
      <name>trk1_2491</name>
    </trkpt>
    <trkpt lat="46.62606944" lon="12.29090986">
      <ele>2231.85</ele>
      <name>trk1_2492</name>
    </trkpt>
    <trkpt lat="46.62604146" lon="12.29086571">
      <ele>2231.749</ele>
      <name>trk1_2493</name>
    </trkpt>
    <trkpt lat="46.62601338" lon="12.29082481">
      <ele>2231.637</ele>
      <name>trk1_2494</name>
    </trkpt>
    <trkpt lat="46.62598709" lon="12.29080036">
      <ele>2231.501</ele>
      <name>trk1_2495</name>
    </trkpt>
    <trkpt lat="46.62595845" lon="12.29077902">
      <ele>2231.343</ele>
      <name>trk1_2496</name>
    </trkpt>
    <trkpt lat="46.62592776" lon="12.29075103">
      <ele>2231.144</ele>
      <name>trk1_2497</name>
    </trkpt>
    <trkpt lat="46.62590165" lon="12.29072006">
      <ele>2230.938</ele>
      <name>trk1_2498</name>
    </trkpt>
    <trkpt lat="46.62588218" lon="12.29069275">
      <ele>2230.759</ele>
      <name>trk1_2499</name>
    </trkpt>
    <trkpt lat="46.62584541" lon="12.29064153">
      <ele>2230.383</ele>
      <name>trk1_2500</name>
    </trkpt>
    <trkpt lat="46.6258062" lon="12.29059669">
      <ele>2230.231</ele>
      <name>trk1_2501</name>
    </trkpt>
    <trkpt lat="46.62578439" lon="12.29057251">
      <ele>2230.226</ele>
      <name>trk1_2502</name>
    </trkpt>
    <trkpt lat="46.62576025" lon="12.29055145">
      <ele>2230.241</ele>
      <name>trk1_2503</name>
    </trkpt>
    <trkpt lat="46.62571823" lon="12.29052604">
      <ele>2230.29</ele>
      <name>trk1_2504</name>
    </trkpt>
    <trkpt lat="46.62568014" lon="12.29052046">
      <ele>2230.438</ele>
      <name>trk1_2505</name>
    </trkpt>
    <trkpt lat="46.62563952" lon="12.29052453">
      <ele>2230.63</ele>
      <name>trk1_2506</name>
    </trkpt>
    <trkpt lat="46.62559666" lon="12.29052846">
      <ele>2230.823</ele>
      <name>trk1_2507</name>
    </trkpt>
    <trkpt lat="46.62556774" lon="12.29051691">
      <ele>2230.944</ele>
      <name>trk1_2508</name>
    </trkpt>
    <trkpt lat="46.62554584" lon="12.29049598">
      <ele>2231.105</ele>
      <name>trk1_2509</name>
    </trkpt>
    <trkpt lat="46.62552638" lon="12.29046868">
      <ele>2231.315</ele>
      <name>trk1_2510</name>
    </trkpt>
    <trkpt lat="46.62550233" lon="12.29044436">
      <ele>2231.575</ele>
      <name>trk1_2511</name>
    </trkpt>
    <trkpt lat="46.62547145" lon="12.29042289">
      <ele>2231.908</ele>
      <name>trk1_2512</name>
    </trkpt>
    <trkpt lat="46.6254152" lon="12.29042274">
      <ele>2232.516</ele>
      <name>trk1_2513</name>
    </trkpt>
    <trkpt lat="46.62538375" lon="12.29042083">
      <ele>2232.856</ele>
      <name>trk1_2514</name>
    </trkpt>
    <trkpt lat="46.6253481" lon="12.29040887">
      <ele>2233.241</ele>
      <name>trk1_2515</name>
    </trkpt>
    <trkpt lat="46.62531927" lon="12.29039406">
      <ele>2233.552</ele>
      <name>trk1_2516</name>
    </trkpt>
    <trkpt lat="46.62529279" lon="12.29037613">
      <ele>2233.838</ele>
      <name>trk1_2517</name>
    </trkpt>
    <trkpt lat="46.62526181" lon="12.29035792">
      <ele>2234.304</ele>
      <name>trk1_2518</name>
    </trkpt>
    <trkpt lat="46.62522428" lon="12.29033278">
      <ele>2235.001</ele>
      <name>trk1_2519</name>
    </trkpt>
    <trkpt lat="46.62519134" lon="12.29030465">
      <ele>2235.586</ele>
      <name>trk1_2520</name>
    </trkpt>
    <trkpt lat="46.62516289" lon="12.2902768">
      <ele>2236.086</ele>
      <name>trk1_2521</name>
    </trkpt>
    <trkpt lat="46.62513669" lon="12.29024908">
      <ele>2237.056</ele>
      <name>trk1_2522</name>
    </trkpt>
    <trkpt lat="46.62510824" lon="12.29022123">
      <ele>2238.07</ele>
      <name>trk1_2523</name>
    </trkpt>
    <trkpt lat="46.6250797" lon="12.29019664">
      <ele>2239.026</ele>
      <name>trk1_2524</name>
    </trkpt>
    <trkpt lat="46.62504657" lon="12.29017503">
      <ele>2240.011</ele>
      <name>trk1_2525</name>
    </trkpt>
    <trkpt lat="46.62501101" lon="12.29015981">
      <ele>2240.925</ele>
      <name>trk1_2526</name>
    </trkpt>
    <trkpt lat="46.62498424" lon="12.29015166">
      <ele>2241.528</ele>
      <name>trk1_2527</name>
    </trkpt>
    <trkpt lat="46.62495954" lon="12.29015016">
      <ele>2241.958</ele>
      <name>trk1_2528</name>
    </trkpt>
    <trkpt lat="46.62482944" lon="12.29021412">
      <ele>2243.075</ele>
      <name>trk1_2529</name>
    </trkpt>
    <trkpt lat="46.62478461" lon="12.29020813">
      <ele>2243.936</ele>
      <name>trk1_2530</name>
    </trkpt>
    <trkpt lat="46.62474952" lon="12.29017661">
      <ele>2245.001</ele>
      <name>trk1_2531</name>
    </trkpt>
    <trkpt lat="46.62471958" lon="12.29012254">
      <ele>2246.228</ele>
      <name>trk1_2532</name>
    </trkpt>
    <trkpt lat="46.62469431" lon="12.29006223">
      <ele>2246.915</ele>
      <name>trk1_2533</name>
    </trkpt>
    <trkpt lat="46.62466895" lon="12.29000517">
      <ele>2247.368</ele>
      <name>trk1_2534</name>
    </trkpt>
    <trkpt lat="46.62464331" lon="12.28995789">
      <ele>2248.424</ele>
      <name>trk1_2535</name>
    </trkpt>
    <trkpt lat="46.62461505" lon="12.28992352">
      <ele>2249.301</ele>
      <name>trk1_2536</name>
    </trkpt>
    <trkpt lat="46.62457724" lon="12.28990816">
      <ele>2249.611</ele>
      <name>trk1_2537</name>
    </trkpt>
    <trkpt lat="46.62453953" lon="12.28988954">
      <ele>2250.118</ele>
      <name>trk1_2538</name>
    </trkpt>
    <trkpt lat="46.62450621" lon="12.28987446">
      <ele>2250.588</ele>
      <name>trk1_2539</name>
    </trkpt>
    <trkpt lat="46.62447729" lon="12.28986291">
      <ele>2250.985</ele>
      <name>trk1_2540</name>
    </trkpt>
    <trkpt lat="46.62444828" lon="12.28985462">
      <ele>2251.286</ele>
      <name>trk1_2541</name>
    </trkpt>
    <trkpt lat="46.62441702" lon="12.28984619">
      <ele>2251.733</ele>
      <name>trk1_2542</name>
    </trkpt>
    <trkpt lat="46.62438801" lon="12.2898379">
      <ele>2252.172</ele>
      <name>trk1_2543</name>
    </trkpt>
    <trkpt lat="46.62435451" lon="12.28982934">
      <ele>2252.622</ele>
      <name>trk1_2544</name>
    </trkpt>
    <trkpt lat="46.62431876" lon="12.28982064">
      <ele>2253.069</ele>
      <name>trk1_2545</name>
    </trkpt>
    <trkpt lat="46.62427421" lon="12.28980487">
      <ele>2253.794</ele>
      <name>trk1_2546</name>
    </trkpt>
    <trkpt lat="46.62423631" lon="12.28979278">
      <ele>2254.333</ele>
      <name>trk1_2547</name>
    </trkpt>
    <trkpt lat="46.62420327" lon="12.28976791">
      <ele>2255.312</ele>
      <name>trk1_2548</name>
    </trkpt>
    <trkpt lat="46.62417745" lon="12.28972715">
      <ele>2256.821</ele>
      <name>trk1_2549</name>
    </trkpt>
    <trkpt lat="46.62414769" lon="12.28966657">
      <ele>2258.484</ele>
      <name>trk1_2550</name>
    </trkpt>
    <trkpt lat="46.62411971" lon="12.28962241">
      <ele>2259.61</ele>
      <name>trk1_2551</name>
    </trkpt>
    <trkpt lat="46.62408471" lon="12.28958763">
      <ele>2260.41</ele>
      <name>trk1_2552</name>
    </trkpt>
    <trkpt lat="46.62404269" lon="12.28956222">
      <ele>2260.896</ele>
      <name>trk1_2553</name>
    </trkpt>
    <trkpt lat="46.62400301" lon="12.28953369">
      <ele>2261.33</ele>
      <name>trk1_2554</name>
    </trkpt>
    <trkpt lat="46.6239726" lon="12.28949592">
      <ele>2261.823</ele>
      <name>trk1_2555</name>
    </trkpt>
    <trkpt lat="46.6239537" lon="12.28944905">
      <ele>2262.401</ele>
      <name>trk1_2556</name>
    </trkpt>
    <trkpt lat="46.62394855" lon="12.28939322">
      <ele>2262.667</ele>
      <name>trk1_2557</name>
    </trkpt>
    <trkpt lat="46.62394088" lon="12.28934704">
      <ele>2262.768</ele>
      <name>trk1_2558</name>
    </trkpt>
    <trkpt lat="46.62392844" lon="12.28931036">
      <ele>2262.697</ele>
      <name>trk1_2559</name>
    </trkpt>
    <trkpt lat="46.62391141" lon="12.28927667">
      <ele>2262.456</ele>
      <name>trk1_2560</name>
    </trkpt>
    <trkpt lat="46.62389447" lon="12.28923972">
      <ele>2262.129</ele>
      <name>trk1_2561</name>
    </trkpt>
    <trkpt lat="46.62388044" lon="12.28918008">
      <ele>2262.026</ele>
      <name>trk1_2562</name>
    </trkpt>
    <trkpt lat="46.62388428" lon="12.28912479">
      <ele>2262.469</ele>
      <name>trk1_2563</name>
    </trkpt>
    <trkpt lat="46.62391021" lon="12.28900553">
      <ele>2264.265</ele>
      <name>trk1_2564</name>
    </trkpt>
    <trkpt lat="46.62392173" lon="12.28891805">
      <ele>2265.419</ele>
      <name>trk1_2565</name>
    </trkpt>
    <trkpt lat="46.62393755" lon="12.28883737">
      <ele>2266.575</ele>
      <name>trk1_2566</name>
    </trkpt>
    <trkpt lat="46.62394354" lon="12.28878548">
      <ele>2267.224</ele>
      <name>trk1_2567</name>
    </trkpt>
    <trkpt lat="46.62394701" lon="12.28874323">
      <ele>2267.719</ele>
      <name>trk1_2568</name>
    </trkpt>
    <trkpt lat="46.62394598" lon="12.28870071">
      <ele>2268.126</ele>
      <name>trk1_2569</name>
    </trkpt>
    <trkpt lat="46.6239428" lon="12.2886548">
      <ele>2268.529</ele>
      <name>trk1_2570</name>
    </trkpt>
    <trkpt lat="46.62393504" lon="12.28861187">
      <ele>2268.823</ele>
      <name>trk1_2571</name>
    </trkpt>
    <trkpt lat="46.62392933" lon="12.2885756">
      <ele>2268.712</ele>
      <name>trk1_2572</name>
    </trkpt>
    <trkpt lat="46.62391773" lon="12.28850958">
      <ele>2268.381</ele>
      <name>trk1_2573</name>
    </trkpt>
    <trkpt lat="46.62390145" lon="12.28844981">
      <ele>2267.803</ele>
      <name>trk1_2574</name>
    </trkpt>
    <trkpt lat="46.62389116" lon="12.28841653">
      <ele>2267.375</ele>
      <name>trk1_2575</name>
    </trkpt>
    <trkpt lat="46.62387862" lon="12.28838311">
      <ele>2267.149</ele>
      <name>trk1_2576</name>
    </trkpt>
    <trkpt lat="46.62386402" lon="12.28834303">
      <ele>2266.949</ele>
      <name>trk1_2577</name>
    </trkpt>
    <trkpt lat="46.62385607" lon="12.28830663">
      <ele>2266.701</ele>
      <name>trk1_2578</name>
    </trkpt>
    <trkpt lat="46.62385252" lon="12.28827375">
      <ele>2266.468</ele>
      <name>trk1_2579</name>
    </trkpt>
    <trkpt lat="46.62385449" lon="12.28820529">
      <ele>2266.011</ele>
      <name>trk1_2580</name>
    </trkpt>
    <trkpt lat="46.6238646" lon="12.28808834">
      <ele>2265.226</ele>
      <name>trk1_2581</name>
    </trkpt>
    <trkpt lat="46.623869" lon="12.28801349">
      <ele>2265.119</ele>
      <name>trk1_2582</name>
    </trkpt>
    <trkpt lat="46.62388838" lon="12.2878873">
      <ele>2265.602</ele>
      <name>trk1_2583</name>
    </trkpt>
    <trkpt lat="46.62389391" lon="12.28785171">
      <ele>2265.813</ele>
      <name>trk1_2584</name>
    </trkpt>
    <trkpt lat="46.62389943" lon="12.28781612">
      <ele>2265.985</ele>
      <name>trk1_2585</name>
    </trkpt>
    <trkpt lat="46.62390543" lon="12.28776423">
      <ele>2265.881</ele>
      <name>trk1_2586</name>
    </trkpt>
    <trkpt lat="46.62392574" lon="12.28768381">
      <ele>2264.664</ele>
      <name>trk1_2587</name>
    </trkpt>
    <trkpt lat="46.62394493" lon="12.28764252">
      <ele>2264.165</ele>
      <name>trk1_2588</name>
    </trkpt>
    <trkpt lat="46.6239687" lon="12.28759824">
      <ele>2263.714</ele>
      <name>trk1_2589</name>
    </trkpt>
    <trkpt lat="46.62400071" lon="12.28758058">
      <ele>2263.827</ele>
      <name>trk1_2590</name>
    </trkpt>
    <trkpt lat="46.62408232" lon="12.2875594">
      <ele>2264.557</ele>
      <name>trk1_2591</name>
    </trkpt>
    <trkpt lat="46.62411433" lon="12.28754175">
      <ele>2264.754</ele>
      <name>trk1_2592</name>
    </trkpt>
    <trkpt lat="46.62414194" lon="12.28752056">
      <ele>2264.879</ele>
      <name>trk1_2593</name>
    </trkpt>
    <trkpt lat="46.62418864" lon="12.28746134">
      <ele>2266.033</ele>
      <name>trk1_2594</name>
    </trkpt>
    <trkpt lat="46.62419473" lon="12.28740619">
      <ele>2266.819</ele>
      <name>trk1_2595</name>
    </trkpt>
    <trkpt lat="46.6241733" lon="12.28736897">
      <ele>2266.975</ele>
      <name>trk1_2596</name>
    </trkpt>
    <trkpt lat="46.62414682" lon="12.28735103">
      <ele>2266.783</ele>
      <name>trk1_2597</name>
    </trkpt>
    <trkpt lat="46.62412014" lon="12.28733962">
      <ele>2266.446</ele>
      <name>trk1_2598</name>
    </trkpt>
    <trkpt lat="46.62409796" lon="12.28732848">
      <ele>2266.175</ele>
      <name>trk1_2599</name>
    </trkpt>
    <trkpt lat="46.62407588" lon="12.28731407">
      <ele>2265.933</ele>
      <name>trk1_2600</name>
    </trkpt>
    <trkpt lat="46.6240362" lon="12.28728554">
      <ele>2265.484</ele>
      <name>trk1_2601</name>
    </trkpt>
    <trkpt lat="46.62400167" lon="12.28723446">
      <ele>2265.312</ele>
      <name>trk1_2602</name>
    </trkpt>
    <trkpt lat="46.62399877" lon="12.28717877">
      <ele>2265.563</ele>
      <name>trk1_2603</name>
    </trkpt>
    <trkpt lat="46.62399568" lon="12.28712959">
      <ele>2265.717</ele>
      <name>trk1_2604</name>
    </trkpt>
    <trkpt lat="46.62395245" lon="12.28706819">
      <ele>2265.228</ele>
      <name>trk1_2605</name>
    </trkpt>
    <trkpt lat="46.62387459" lon="12.28695897">
      <ele>2264.895</ele>
      <name>trk1_2606</name>
    </trkpt>
    <trkpt lat="46.62383285" lon="12.28692378">
      <ele>2264.911</ele>
      <name>trk1_2607</name>
    </trkpt>
    <trkpt lat="46.62378849" lon="12.2869015">
      <ele>2264.79</ele>
      <name>trk1_2608</name>
    </trkpt>
    <trkpt lat="46.62376397" lon="12.28689348">
      <ele>2264.734</ele>
      <name>trk1_2609</name>
    </trkpt>
    <trkpt lat="46.6237372" lon="12.28688533">
      <ele>2264.671</ele>
      <name>trk1_2610</name>
    </trkpt>
    <trkpt lat="46.62369752" lon="12.28685679">
      <ele>2264.467</ele>
      <name>trk1_2611</name>
    </trkpt>
    <trkpt lat="46.62366926" lon="12.28682242">
      <ele>2264.213</ele>
      <name>trk1_2612</name>
    </trkpt>
    <trkpt lat="46.62364568" lon="12.28678181">
      <ele>2263.902</ele>
      <name>trk1_2613</name>
    </trkpt>
    <trkpt lat="46.62362004" lon="12.28673453">
      <ele>2263.513</ele>
      <name>trk1_2614</name>
    </trkpt>
    <trkpt lat="46.62359009" lon="12.28668046">
      <ele>2263.852</ele>
      <name>trk1_2615</name>
    </trkpt>
    <trkpt lat="46.6235667" lon="12.28663333">
      <ele>2264.56</ele>
      <name>trk1_2616</name>
    </trkpt>
    <trkpt lat="46.62354321" lon="12.28658945">
      <ele>2265.309</ele>
      <name>trk1_2617</name>
    </trkpt>
    <trkpt lat="46.62351298" lon="12.28654516">
      <ele>2266.224</ele>
      <name>trk1_2618</name>
    </trkpt>
    <trkpt lat="46.62347405" lon="12.28649055">
      <ele>2267.309</ele>
      <name>trk1_2619</name>
    </trkpt>
    <trkpt lat="46.6234369" lon="12.28645237">
      <ele>2268.304</ele>
      <name>trk1_2620</name>
    </trkpt>
    <trkpt lat="46.62339965" lon="12.28641746">
      <ele>2269.247</ele>
      <name>trk1_2621</name>
    </trkpt>
    <trkpt lat="46.62337766" lon="12.2863998">
      <ele>2269.789</ele>
      <name>trk1_2622</name>
    </trkpt>
    <trkpt lat="46.62335557" lon="12.2863854">
      <ele>2270.389</ele>
      <name>trk1_2623</name>
    </trkpt>
    <trkpt lat="46.62333133" lon="12.2863676">
      <ele>2271.204</ele>
      <name>trk1_2624</name>
    </trkpt>
    <trkpt lat="46.62330925" lon="12.2863532">
      <ele>2271.875</ele>
      <name>trk1_2625</name>
    </trkpt>
    <trkpt lat="46.62326957" lon="12.28632467">
      <ele>2273.122</ele>
      <name>trk1_2626</name>
    </trkpt>
    <trkpt lat="46.62323447" lon="12.28629315">
      <ele>2274.303</ele>
      <name>trk1_2627</name>
    </trkpt>
    <trkpt lat="46.62319273" lon="12.28625796">
      <ele>2275.724</ele>
      <name>trk1_2628</name>
    </trkpt>
    <trkpt lat="46.6231582" lon="12.28620689">
      <ele>2277.137</ele>
      <name>trk1_2629</name>
    </trkpt>
    <trkpt lat="46.62314192" lon="12.28614712">
      <ele>2278.164</ele>
      <name>trk1_2630</name>
    </trkpt>
    <trkpt lat="46.62312807" lon="12.28608096">
      <ele>2279.586</ele>
      <name>trk1_2631</name>
    </trkpt>
    <trkpt lat="46.62310514" lon="12.28601752">
      <ele>2281.75</ele>
      <name>trk1_2632</name>
    </trkpt>
    <trkpt lat="46.62306958" lon="12.28600231">
      <ele>2283.279</ele>
      <name>trk1_2633</name>
    </trkpt>
    <trkpt lat="46.62302859" lon="12.28601942">
      <ele>2283.537</ele>
      <name>trk1_2634</name>
    </trkpt>
    <trkpt lat="46.62300397" lon="12.28601466">
      <ele>2283.866</ele>
      <name>trk1_2635</name>
    </trkpt>
    <trkpt lat="46.6229817" lon="12.28600678">
      <ele>2284.261</ele>
      <name>trk1_2636</name>
    </trkpt>
    <trkpt lat="46.62294398" lon="12.28598817">
      <ele>2285.079</ele>
      <name>trk1_2637</name>
    </trkpt>
    <trkpt lat="46.62290646" lon="12.28596303">
      <ele>2286.091</ele>
      <name>trk1_2638</name>
    </trkpt>
    <trkpt lat="46.62286912" lon="12.28593138">
      <ele>2287.306</ele>
      <name>trk1_2639</name>
    </trkpt>
    <trkpt lat="46.62284067" lon="12.28590353">
      <ele>2288.356</ele>
      <name>trk1_2640</name>
    </trkpt>
    <trkpt lat="46.62281643" lon="12.28588573">
      <ele>2289.1</ele>
      <name>trk1_2641</name>
    </trkpt>
    <trkpt lat="46.62279209" lon="12.2858712">
      <ele>2289.762</ele>
      <name>trk1_2642</name>
    </trkpt>
    <trkpt lat="46.62276299" lon="12.28586617">
      <ele>2290.214</ele>
      <name>trk1_2643</name>
    </trkpt>
    <trkpt lat="46.62273622" lon="12.28585802">
      <ele>2290.738</ele>
      <name>trk1_2644</name>
    </trkpt>
    <trkpt lat="46.62271395" lon="12.28585014">
      <ele>2291.205</ele>
      <name>trk1_2645</name>
    </trkpt>
    <trkpt lat="46.62267183" lon="12.28582799">
      <ele>2292.165</ele>
      <name>trk1_2646</name>
    </trkpt>
    <trkpt lat="46.62263197" lon="12.28580598">
      <ele>2292.612</ele>
      <name>trk1_2647</name>
    </trkpt>
    <trkpt lat="46.62260969" lon="12.2857981">
      <ele>2292.812</ele>
      <name>trk1_2648</name>
    </trkpt>
    <trkpt lat="46.62258498" lon="12.2857966">
      <ele>2293.02</ele>
      <name>trk1_2649</name>
    </trkpt>
    <trkpt lat="46.62256037" lon="12.28579185">
      <ele>2293.212</ele>
      <name>trk1_2650</name>
    </trkpt>
    <trkpt lat="46.62253791" lon="12.28579049">
      <ele>2293.387</ele>
      <name>trk1_2651</name>
    </trkpt>
    <trkpt lat="46.62249757" lon="12.28578478">
      <ele>2293.66</ele>
      <name>trk1_2652</name>
    </trkpt>
    <trkpt lat="46.62235597" lon="12.28577947">
      <ele>2294.146</ele>
      <name>trk1_2653</name>
    </trkpt>
    <trkpt lat="46.62233108" lon="12.28578449">
      <ele>2294.33</ele>
      <name>trk1_2654</name>
    </trkpt>
    <trkpt lat="46.62220595" lon="12.28583243">
      <ele>2295.977</ele>
      <name>trk1_2655</name>
    </trkpt>
    <trkpt lat="46.62210141" lon="12.28586855">
      <ele>2295.339</ele>
      <name>trk1_2656</name>
    </trkpt>
    <trkpt lat="46.62207192" lon="12.28587656">
      <ele>2295.37</ele>
      <name>trk1_2657</name>
    </trkpt>
    <trkpt lat="46.62204029" lon="12.28588118">
      <ele>2295.518</ele>
      <name>trk1_2658</name>
    </trkpt>
    <trkpt lat="46.62200875" lon="12.28588254">
      <ele>2295.726</ele>
      <name>trk1_2659</name>
    </trkpt>
    <trkpt lat="46.62197515" lon="12.28587723">
      <ele>2295.966</ele>
      <name>trk1_2660</name>
    </trkpt>
    <trkpt lat="46.6219394" lon="12.28586854">
      <ele>2296.098</ele>
      <name>trk1_2661</name>
    </trkpt>
    <trkpt lat="46.62191498" lon="12.28585726">
      <ele>2295.868</ele>
      <name>trk1_2662</name>
    </trkpt>
    <trkpt lat="46.6218927" lon="12.28584938">
      <ele>2295.617</ele>
      <name>trk1_2663</name>
    </trkpt>
    <trkpt lat="46.62185255" lon="12.28583715">
      <ele>2295.071</ele>
      <name>trk1_2664</name>
    </trkpt>
    <trkpt lat="46.62181006" lon="12.28582805">
      <ele>2294.379</ele>
      <name>trk1_2665</name>
    </trkpt>
    <trkpt lat="46.6217876" lon="12.28582669">
      <ele>2294.082</ele>
      <name>trk1_2666</name>
    </trkpt>
    <trkpt lat="46.62176514" lon="12.28582533">
      <ele>2293.779</ele>
      <name>trk1_2667</name>
    </trkpt>
    <trkpt lat="46.62173828" lon="12.28582043">
      <ele>2293.288</ele>
      <name>trk1_2668</name>
    </trkpt>
    <trkpt lat="46.62158994" lon="12.28581472">
      <ele>2291.606</ele>
      <name>trk1_2669</name>
    </trkpt>
    <trkpt lat="46.62156308" lon="12.28580982">
      <ele>2291.175</ele>
      <name>trk1_2670</name>
    </trkpt>
    <trkpt lat="46.62141456" lon="12.28581063">
      <ele>2290.056</ele>
      <name>trk1_2671</name>
    </trkpt>
    <trkpt lat="46.62137394" lon="12.2858147">
      <ele>2290.072</ele>
      <name>trk1_2672</name>
    </trkpt>
    <trkpt lat="46.62124254" lon="12.28584593">
      <ele>2291.656</ele>
      <name>trk1_2673</name>
    </trkpt>
    <trkpt lat="46.62119967" lon="12.28584986">
      <ele>2291.852</ele>
      <name>trk1_2674</name>
    </trkpt>
    <trkpt lat="46.62116149" lon="12.28584755">
      <ele>2291.726</ele>
      <name>trk1_2675</name>
    </trkpt>
    <trkpt lat="46.62112574" lon="12.28583885">
      <ele>2291.279</ele>
      <name>trk1_2676</name>
    </trkpt>
    <trkpt lat="46.62109233" lon="12.28582703">
      <ele>2291.225</ele>
      <name>trk1_2677</name>
    </trkpt>
    <trkpt lat="46.62101269" lon="12.28577976">
      <ele>2291.427</ele>
      <name>trk1_2678</name>
    </trkpt>
    <trkpt lat="46.62100613" lon="12.28577283">
      <ele>2291.332</ele>
      <name>trk1_2679</name>
    </trkpt>
    <trkpt lat="46.62100164" lon="12.28577256">
      <ele>2291.438</ele>
      <name>trk1_2680</name>
    </trkpt>
    <trkpt lat="46.6209731" lon="12.28574797">
      <ele>2291.25</ele>
      <name>trk1_2681</name>
    </trkpt>
    <trkpt lat="46.62094895" lon="12.28572691">
      <ele>2291.096</ele>
      <name>trk1_2682</name>
    </trkpt>
    <trkpt lat="46.62090984" lon="12.28567882">
      <ele>2290.356</ele>
      <name>trk1_2683</name>
    </trkpt>
    <trkpt lat="46.62087296" lon="12.28563087">
      <ele>2289.609</ele>
      <name>trk1_2684</name>
    </trkpt>
    <trkpt lat="46.62085116" lon="12.28560669">
      <ele>2289.339</ele>
      <name>trk1_2685</name>
    </trkpt>
    <trkpt lat="46.62082701" lon="12.28558563">
      <ele>2289.27</ele>
      <name>trk1_2686</name>
    </trkpt>
    <trkpt lat="46.62080071" lon="12.28556118">
      <ele>2289.147</ele>
      <name>trk1_2687</name>
    </trkpt>
    <trkpt lat="46.62077648" lon="12.28554339">
      <ele>2289.156</ele>
      <name>trk1_2688</name>
    </trkpt>
    <trkpt lat="46.62073464" lon="12.28551146">
      <ele>2289.096</ele>
      <name>trk1_2689</name>
    </trkpt>
    <trkpt lat="46.6206929" lon="12.28547628">
      <ele>2288.905</ele>
      <name>trk1_2690</name>
    </trkpt>
    <trkpt lat="46.62067091" lon="12.28545862">
      <ele>2288.839</ele>
      <name>trk1_2691</name>
    </trkpt>
    <trkpt lat="46.62064677" lon="12.28543756">
      <ele>2288.7</ele>
      <name>trk1_2692</name>
    </trkpt>
    <trkpt lat="46.62061607" lon="12.28540958">
      <ele>2288.477</ele>
      <name>trk1_2693</name>
    </trkpt>
    <trkpt lat="46.62058753" lon="12.28538499">
      <ele>2288.325</ele>
      <name>trk1_2694</name>
    </trkpt>
    <trkpt lat="46.62056113" lon="12.2853638">
      <ele>2288.246</ele>
      <name>trk1_2695</name>
    </trkpt>
    <trkpt lat="46.62053699" lon="12.28534274">
      <ele>2288.056</ele>
      <name>trk1_2696</name>
    </trkpt>
    <trkpt lat="46.62048402" lon="12.28530688">
      <ele>2287.982</ele>
      <name>trk1_2697</name>
    </trkpt>
    <trkpt lat="46.62045547" lon="12.28528229">
      <ele>2287.707</ele>
      <name>trk1_2698</name>
    </trkpt>
    <trkpt lat="46.62042684" lon="12.28526096">
      <ele>2287.578</ele>
      <name>trk1_2699</name>
    </trkpt>
    <trkpt lat="46.62039165" lon="12.28523271">
      <ele>2287.346</ele>
      <name>trk1_2700</name>
    </trkpt>
    <trkpt lat="46.62036301" lon="12.28521138">
      <ele>2287.223</ele>
      <name>trk1_2701</name>
    </trkpt>
    <trkpt lat="46.62033203" lon="12.28519318">
      <ele>2287.283</ele>
      <name>trk1_2702</name>
    </trkpt>
    <trkpt lat="46.62029881" lon="12.28517484">
      <ele>2287.394</ele>
      <name>trk1_2703</name>
    </trkpt>
    <trkpt lat="46.62026343" lon="12.2851531">
      <ele>2287.481</ele>
      <name>trk1_2704</name>
    </trkpt>
    <trkpt lat="46.62023255" lon="12.28513164">
      <ele>2287.507</ele>
      <name>trk1_2705</name>
    </trkpt>
    <trkpt lat="46.62020607" lon="12.28511371">
      <ele>2287.521</ele>
      <name>trk1_2706</name>
    </trkpt>
    <trkpt lat="46.62017958" lon="12.28509578">
      <ele>2287.511</ele>
      <name>trk1_2707</name>
    </trkpt>
    <trkpt lat="46.62015085" lon="12.28507771">
      <ele>2287.532</ele>
      <name>trk1_2708</name>
    </trkpt>
    <trkpt lat="46.62012436" lon="12.28505978">
      <ele>2287.471</ele>
      <name>trk1_2709</name>
    </trkpt>
    <trkpt lat="46.62009329" lon="12.28504483">
      <ele>2287.639</ele>
      <name>trk1_2710</name>
    </trkpt>
    <trkpt lat="46.62005998" lon="12.28502975">
      <ele>2287.835</ele>
      <name>trk1_2711</name>
    </trkpt>
    <trkpt lat="46.62003555" lon="12.28501848">
      <ele>2287.952</ele>
      <name>trk1_2712</name>
    </trkpt>
    <trkpt lat="46.62001337" lon="12.28500734">
      <ele>2288.004</ele>
      <name>trk1_2713</name>
    </trkpt>
    <trkpt lat="46.61997331" lon="12.28499185">
      <ele>2287.91</ele>
      <name>trk1_2714</name>
    </trkpt>
    <trkpt lat="46.61993326" lon="12.28497636">
      <ele>2287.635</ele>
      <name>trk1_2715</name>
    </trkpt>
    <trkpt lat="46.61989769" lon="12.28496115">
      <ele>2287.338</ele>
      <name>trk1_2716</name>
    </trkpt>
    <trkpt lat="46.6198597" lon="12.28495232">
      <ele>2287.371</ele>
      <name>trk1_2717</name>
    </trkpt>
    <trkpt lat="46.61982179" lon="12.28494022">
      <ele>2287.265</ele>
      <name>trk1_2718</name>
    </trkpt>
    <trkpt lat="46.6197793" lon="12.28493112">
      <ele>2287.357</ele>
      <name>trk1_2719</name>
    </trkpt>
    <trkpt lat="46.61975694" lon="12.2849265">
      <ele>2287.417</ele>
      <name>trk1_2720</name>
    </trkpt>
    <trkpt lat="46.61973448" lon="12.28492514">
      <ele>2287.622</ele>
      <name>trk1_2721</name>
    </trkpt>
    <trkpt lat="46.61970771" lon="12.28491699">
      <ele>2287.33</ele>
      <name>trk1_2722</name>
    </trkpt>
    <trkpt lat="46.61968319" lon="12.28490897">
      <ele>2286.835</ele>
      <name>trk1_2723</name>
    </trkpt>
    <trkpt lat="46.61964098" lon="12.28489009">
      <ele>2285.728</ele>
      <name>trk1_2724</name>
    </trkpt>
    <trkpt lat="46.61959643" lon="12.28487433">
      <ele>2284.708</ele>
      <name>trk1_2725</name>
    </trkpt>
    <trkpt lat="46.61957182" lon="12.28486957">
      <ele>2284.316</ele>
      <name>trk1_2726</name>
    </trkpt>
    <trkpt lat="46.61950434" lon="12.28486875">
      <ele>2283.804</ele>
      <name>trk1_2727</name>
    </trkpt>
    <trkpt lat="46.61947018" lon="12.28488301">
      <ele>2284.274</ele>
      <name>trk1_2728</name>
    </trkpt>
    <trkpt lat="46.6194013" lon="12.28493109">
      <ele>2286.527</ele>
      <name>trk1_2729</name>
    </trkpt>
    <trkpt lat="46.61936489" lon="12.28494522">
      <ele>2287.239</ele>
      <name>trk1_2730</name>
    </trkpt>
    <trkpt lat="46.61933307" lon="12.28495635">
      <ele>2287.8</ele>
      <name>trk1_2731</name>
    </trkpt>
    <trkpt lat="46.61930153" lon="12.28495771">
      <ele>2287.869</ele>
      <name>trk1_2732</name>
    </trkpt>
    <trkpt lat="46.61926559" lon="12.28495553">
      <ele>2287.759</ele>
      <name>trk1_2733</name>
    </trkpt>
    <trkpt lat="46.61922095" lon="12.28494303">
      <ele>2287.129</ele>
      <name>trk1_2734</name>
    </trkpt>
    <trkpt lat="46.61918305" lon="12.28493094">
      <ele>2286.519</ele>
      <name>trk1_2735</name>
    </trkpt>
    <trkpt lat="46.61914505" lon="12.28492211">
      <ele>2286.386</ele>
      <name>trk1_2736</name>
    </trkpt>
    <trkpt lat="46.61910462" lon="12.28491966">
      <ele>2286.844</ele>
      <name>trk1_2737</name>
    </trkpt>
    <trkpt lat="46.61907551" lon="12.28491463">
      <ele>2287.01</ele>
      <name>trk1_2738</name>
    </trkpt>
    <trkpt lat="46.61902816" lon="12.2849183">
      <ele>2287.877</ele>
      <name>trk1_2739</name>
    </trkpt>
    <trkpt lat="46.61900092" lon="12.28492645">
      <ele>2288.68</ele>
      <name>trk1_2740</name>
    </trkpt>
    <trkpt lat="46.61891959" lon="12.28493785">
      <ele>2290.426</ele>
      <name>trk1_2741</name>
    </trkpt>
    <trkpt lat="46.61889685" lon="12.28494627">
      <ele>2291.177</ele>
      <name>trk1_2742</name>
    </trkpt>
    <trkpt lat="46.61887411" lon="12.28495469">
      <ele>2291.823</ele>
      <name>trk1_2743</name>
    </trkpt>
    <trkpt lat="46.61882413" lon="12.28497126">
      <ele>2293.018</ele>
      <name>trk1_2744</name>
    </trkpt>
    <trkpt lat="46.61879671" lon="12.28498592">
      <ele>2293.954</ele>
      <name>trk1_2745</name>
    </trkpt>
    <trkpt lat="46.61876723" lon="12.28499394">
      <ele>2294.571</ele>
      <name>trk1_2746</name>
    </trkpt>
    <trkpt lat="46.61874233" lon="12.28499896">
      <ele>2295.003</ele>
      <name>trk1_2747</name>
    </trkpt>
    <trkpt lat="46.61869498" lon="12.28500262">
      <ele>2295.538</ele>
      <name>trk1_2748</name>
    </trkpt>
    <trkpt lat="46.61867242" lon="12.28500452">
      <ele>2295.803</ele>
      <name>trk1_2749</name>
    </trkpt>
    <trkpt lat="46.61853541" lon="12.28499623">
      <ele>2296.355</ele>
      <name>trk1_2750</name>
    </trkpt>
    <trkpt lat="46.61841093" lon="12.28502135">
      <ele>2298.594</ele>
      <name>trk1_2751</name>
    </trkpt>
    <trkpt lat="46.61838154" lon="12.2850261">
      <ele>2299.062</ele>
      <name>trk1_2752</name>
    </trkpt>
    <trkpt lat="46.61815805" lon="12.28505175">
      <ele>2300.795</ele>
      <name>trk1_2753</name>
    </trkpt>
    <trkpt lat="46.61811977" lon="12.2850527">
      <ele>2300.846</ele>
      <name>trk1_2754</name>
    </trkpt>
    <trkpt lat="46.61807925" lon="12.28505351">
      <ele>2300.89</ele>
      <name>trk1_2755</name>
    </trkpt>
    <trkpt lat="46.61804565" lon="12.28504821">
      <ele>2300.858</ele>
      <name>trk1_2756</name>
    </trkpt>
    <trkpt lat="46.61801645" lon="12.28504645">
      <ele>2301.517</ele>
      <name>trk1_2757</name>
    </trkpt>
    <trkpt lat="46.6179895" lon="12.28504481">
      <ele>2302.13</ele>
      <name>trk1_2758</name>
    </trkpt>
    <trkpt lat="46.61796479" lon="12.28504332">
      <ele>2302.699</ele>
      <name>trk1_2759</name>
    </trkpt>
    <trkpt lat="46.61793784" lon="12.28504169">
      <ele>2303.323</ele>
      <name>trk1_2760</name>
    </trkpt>
    <trkpt lat="46.61791313" lon="12.28504019">
      <ele>2303.901</ele>
      <name>trk1_2761</name>
    </trkpt>
    <trkpt lat="46.61788402" lon="12.28503516">
      <ele>2304.448</ele>
      <name>trk1_2762</name>
    </trkpt>
    <trkpt lat="46.61785482" lon="12.2850334">
      <ele>2305.15</ele>
      <name>trk1_2763</name>
    </trkpt>
    <trkpt lat="46.61782806" lon="12.28502524">
      <ele>2305.543</ele>
      <name>trk1_2764</name>
    </trkpt>
    <trkpt lat="46.61780588" lon="12.28501411">
      <ele>2305.724</ele>
      <name>trk1_2765</name>
    </trkpt>
    <trkpt lat="46.61776638" lon="12.28497906">
      <ele>2305.94</ele>
      <name>trk1_2766</name>
    </trkpt>
    <trkpt lat="46.61773157" lon="12.28493777">
      <ele>2306.516</ele>
      <name>trk1_2767</name>
    </trkpt>
    <trkpt lat="46.61769236" lon="12.28489294">
      <ele>2307.262</ele>
      <name>trk1_2768</name>
    </trkpt>
    <trkpt lat="46.61765951" lon="12.28486156">
      <ele>2308.113</ele>
      <name>trk1_2769</name>
    </trkpt>
    <trkpt lat="46.6176333" lon="12.28483385">
      <ele>2308.73</ele>
      <name>trk1_2770</name>
    </trkpt>
    <trkpt lat="46.61759194" lon="12.28478563">
      <ele>2309.606</ele>
      <name>trk1_2771</name>
    </trkpt>
    <trkpt lat="46.61755525" lon="12.28473117">
      <ele>2310.082</ele>
      <name>trk1_2772</name>
    </trkpt>
    <trkpt lat="46.61753373" lon="12.28469721">
      <ele>2311.046</ele>
      <name>trk1_2773</name>
    </trkpt>
    <trkpt lat="46.61751239" lon="12.28465673">
      <ele>2312.276</ele>
      <name>trk1_2774</name>
    </trkpt>
    <trkpt lat="46.61750743" lon="12.28459439">
      <ele>2312.56</ele>
      <name>trk1_2775</name>
    </trkpt>
    <trkpt lat="46.61750903" lon="12.28453897">
      <ele>2312.458</ele>
      <name>trk1_2776</name>
    </trkpt>
    <trkpt lat="46.61751726" lon="12.28448722">
      <ele>2311.953</ele>
      <name>trk1_2777</name>
    </trkpt>
    <trkpt lat="46.61752569" lon="12.28442896">
      <ele>2311.271</ele>
      <name>trk1_2778</name>
    </trkpt>
    <trkpt lat="46.61752672" lon="12.2843931">
      <ele>2310.846</ele>
      <name>trk1_2779</name>
    </trkpt>
    <trkpt lat="46.61752316" lon="12.28436023">
      <ele>2310.724</ele>
      <name>trk1_2780</name>
    </trkpt>
    <trkpt lat="46.61749949" lon="12.28432288">
      <ele>2311.676</ele>
      <name>trk1_2781</name>
    </trkpt>
    <trkpt lat="46.61746823" lon="12.28431445">
      <ele>2310.864</ele>
      <name>trk1_2782</name>
    </trkpt>
    <trkpt lat="46.61744361" lon="12.2843097">
      <ele>2310.234</ele>
      <name>trk1_2783</name>
    </trkpt>
    <trkpt lat="46.61741675" lon="12.28430481">
      <ele>2309.541</ele>
      <name>trk1_2784</name>
    </trkpt>
    <trkpt lat="46.61738971" lon="12.28430643">
      <ele>2308.932</ele>
      <name>trk1_2785</name>
    </trkpt>
    <trkpt lat="46.61736051" lon="12.28430467">
      <ele>2308.222</ele>
      <name>trk1_2786</name>
    </trkpt>
    <trkpt lat="46.61728826" lon="12.28431336">
      <ele>2306.694</ele>
      <name>trk1_2787</name>
    </trkpt>
    <trkpt lat="46.61725915" lon="12.28430833">
      <ele>2305.92</ele>
      <name>trk1_2788</name>
    </trkpt>
    <trkpt lat="46.61723425" lon="12.28431335">
      <ele>2305.446</ele>
      <name>trk1_2789</name>
    </trkpt>
    <trkpt lat="46.61715873" lon="12.28435776">
      <ele>2304.456</ele>
      <name>trk1_2790</name>
    </trkpt>
    <trkpt lat="46.6170875" lon="12.28440896">
      <ele>2303.777</ele>
      <name>trk1_2791</name>
    </trkpt>
    <trkpt lat="46.61705306" lon="12.284433">
      <ele>2303.465</ele>
      <name>trk1_2792</name>
    </trkpt>
    <trkpt lat="46.61697575" lon="12.28453935">
      <ele>2304.638</ele>
      <name>trk1_2793</name>
    </trkpt>
    <trkpt lat="46.61691557" lon="12.28459775">
      <ele>2304.49</ele>
      <name>trk1_2794</name>
    </trkpt>
    <trkpt lat="46.61688778" lon="12.28462545">
      <ele>2304.439</ele>
      <name>trk1_2795</name>
    </trkpt>
    <trkpt lat="46.61686457" lon="12.28465017">
      <ele>2304.475</ele>
      <name>trk1_2796</name>
    </trkpt>
    <trkpt lat="46.61683911" lon="12.28467475">
      <ele>2304.47</ele>
      <name>trk1_2797</name>
    </trkpt>
    <trkpt lat="46.61678361" lon="12.28472691">
      <ele>2304.541</ele>
      <name>trk1_2798</name>
    </trkpt>
    <trkpt lat="46.61675347" lon="12.28475773">
      <ele>2304.77</ele>
      <name>trk1_2799</name>
    </trkpt>
    <trkpt lat="46.61672352" lon="12.28478204">
      <ele>2304.708</ele>
      <name>trk1_2800</name>
    </trkpt>
    <trkpt lat="46.61665586" lon="12.28486611">
      <ele>2305.467</ele>
      <name>trk1_2801</name>
    </trkpt>
    <trkpt lat="46.61664603" lon="12.28489491">
      <ele>2306.224</ele>
      <name>trk1_2802</name>
    </trkpt>
    <trkpt lat="46.61664715" lon="12.28493416">
      <ele>2307.515</ele>
      <name>trk1_2803</name>
    </trkpt>
    <trkpt lat="46.6166347" lon="12.28497586">
      <ele>2308.642</ele>
      <name>trk1_2804</name>
    </trkpt>
    <trkpt lat="46.61661804" lon="12.2850075">
      <ele>2309.228</ele>
      <name>trk1_2805</name>
    </trkpt>
    <trkpt lat="46.61659914" lon="12.28503901">
      <ele>2309.312</ele>
      <name>trk1_2806</name>
    </trkpt>
    <trkpt lat="46.61652978" lon="12.28518175">
      <ele>2309.831</ele>
      <name>trk1_2807</name>
    </trkpt>
    <trkpt lat="46.61650601" lon="12.28522603">
      <ele>2309.892</ele>
      <name>trk1_2808</name>
    </trkpt>
    <trkpt lat="46.6164754" lon="12.28527316">
      <ele>2309.814</ele>
      <name>trk1_2809</name>
    </trkpt>
    <trkpt lat="46.61639632" lon="12.28536307">
      <ele>2310.335</ele>
      <name>trk1_2810</name>
    </trkpt>
    <trkpt lat="46.61637703" lon="12.28540761">
      <ele>2310.74</ele>
      <name>trk1_2811</name>
    </trkpt>
    <trkpt lat="46.61636262" lon="12.28543939">
      <ele>2310.883</ele>
      <name>trk1_2812</name>
    </trkpt>
    <trkpt lat="46.6163352" lon="12.28553243">
      <ele>2311.921</ele>
      <name>trk1_2813</name>
    </trkpt>
    <trkpt lat="46.61631779" lon="12.28559015">
      <ele>2312.42</ele>
      <name>trk1_2814</name>
    </trkpt>
    <trkpt lat="46.61630786" lon="12.28562221">
      <ele>2312.648</ele>
      <name>trk1_2815</name>
    </trkpt>
    <trkpt lat="46.6162956" lon="12.28565738">
      <ele>2312.833</ele>
      <name>trk1_2816</name>
    </trkpt>
    <trkpt lat="46.61627885" lon="12.28569229">
      <ele>2312.804</ele>
      <name>trk1_2817</name>
    </trkpt>
    <trkpt lat="46.61618638" lon="12.28585649">
      <ele>2311.924</ele>
      <name>trk1_2818</name>
    </trkpt>
    <trkpt lat="46.61617177" lon="12.28589479">
      <ele>2311.869</ele>
      <name>trk1_2819</name>
    </trkpt>
    <trkpt lat="46.61615493" lon="12.28593295">
      <ele>2311.655</ele>
      <name>trk1_2820</name>
    </trkpt>
    <trkpt lat="46.61611992" lon="12.28605491">
      <ele>2311.679</ele>
      <name>trk1_2821</name>
    </trkpt>
    <trkpt lat="46.61606975" lon="12.28615637">
      <ele>2310.73</ele>
      <name>trk1_2822</name>
    </trkpt>
    <trkpt lat="46.61605786" lon="12.28625687">
      <ele>2311.94</ele>
      <name>trk1_2823</name>
    </trkpt>
    <trkpt lat="46.61604981" lon="12.2863021">
      <ele>2312.348</ele>
      <name>trk1_2824</name>
    </trkpt>
    <trkpt lat="46.61603717" lon="12.28635032">
      <ele>2312.579</ele>
      <name>trk1_2825</name>
    </trkpt>
    <trkpt lat="46.6160222" lon="12.28640165">
      <ele>2312.732</ele>
      <name>trk1_2826</name>
    </trkpt>
    <trkpt lat="46.6159915" lon="12.28645204">
      <ele>2312.077</ele>
      <name>trk1_2827</name>
    </trkpt>
    <trkpt lat="46.61592542" lon="12.28655906">
      <ele>2310.911</ele>
      <name>trk1_2828</name>
    </trkpt>
    <trkpt lat="46.61584446" lon="12.28671416">
      <ele>2310.383</ele>
      <name>trk1_2829</name>
    </trkpt>
    <trkpt lat="46.6158278" lon="12.2867458">
      <ele>2310.106</ele>
      <name>trk1_2830</name>
    </trkpt>
    <trkpt lat="46.61582227" lon="12.28678139">
      <ele>2310.392</ele>
      <name>trk1_2831</name>
    </trkpt>
    <trkpt lat="46.61582349" lon="12.28681738">
      <ele>2311.082</ele>
      <name>trk1_2832</name>
    </trkpt>
    <trkpt lat="46.61582901" lon="12.28686016">
      <ele>2312.189</ele>
      <name>trk1_2833</name>
    </trkpt>
    <trkpt lat="46.61583247" lon="12.28689629">
      <ele>2313.072</ele>
      <name>trk1_2834</name>
    </trkpt>
    <trkpt lat="46.61583153" lon="12.28692889">
      <ele>2313.586</ele>
      <name>trk1_2835</name>
    </trkpt>
    <trkpt lat="46.61583293" lon="12.28695836">
      <ele>2314.271</ele>
      <name>trk1_2836</name>
    </trkpt>
    <trkpt lat="46.61583396" lon="12.28700087">
      <ele>2315.263</ele>
      <name>trk1_2837</name>
    </trkpt>
    <trkpt lat="46.61579399" lon="12.28706049">
      <ele>2313.946</ele>
      <name>trk1_2838</name>
    </trkpt>
    <trkpt lat="46.61576498" lon="12.28713057">
      <ele>2314.007</ele>
      <name>trk1_2839</name>
    </trkpt>
    <trkpt lat="46.61573119" lon="12.28721016">
      <ele>2314.48</ele>
      <name>trk1_2840</name>
    </trkpt>
    <trkpt lat="46.61568439" lon="12.28727263">
      <ele>2315.099</ele>
      <name>trk1_2841</name>
    </trkpt>
    <trkpt lat="46.61562477" lon="12.28731147">
      <ele>2314.792</ele>
      <name>trk1_2842</name>
    </trkpt>
    <trkpt lat="46.61559763" lon="12.28731635">
      <ele>2314.046</ele>
      <name>trk1_2843</name>
    </trkpt>
    <trkpt lat="46.6155733" lon="12.28730182">
      <ele>2312.156</ele>
      <name>trk1_2844</name>
    </trkpt>
    <trkpt lat="46.6155471" lon="12.28727411">
      <ele>2309.178</ele>
      <name>trk1_2845</name>
    </trkpt>
    <trkpt lat="46.61552276" lon="12.28725957">
      <ele>2307.122</ele>
      <name>trk1_2846</name>
    </trkpt>
    <trkpt lat="46.61549581" lon="12.28725794">
      <ele>2305.834</ele>
      <name>trk1_2847</name>
    </trkpt>
    <trkpt lat="46.61546839" lon="12.28727261">
      <ele>2305.624</ele>
      <name>trk1_2848</name>
    </trkpt>
    <trkpt lat="46.61542964" lon="12.28728985">
      <ele>2305.076</ele>
      <name>trk1_2849</name>
    </trkpt>
    <trkpt lat="46.61540605" lon="12.28732761">
      <ele>2306.546</ele>
      <name>trk1_2850</name>
    </trkpt>
    <trkpt lat="46.61539108" lon="12.28737894">
      <ele>2309.28</ele>
      <name>trk1_2851</name>
    </trkpt>
    <trkpt lat="46.61537179" lon="12.28742349">
      <ele>2311.349</ele>
      <name>trk1_2852</name>
    </trkpt>
    <trkpt lat="46.61529748" lon="12.28750389">
      <ele>2313.006</ele>
      <name>trk1_2853</name>
    </trkpt>
    <trkpt lat="46.61523823" lon="12.28760805">
      <ele>2312.135</ele>
      <name>trk1_2854</name>
    </trkpt>
    <trkpt lat="46.61515072" lon="12.28775622">
      <ele>2311.446</ele>
      <name>trk1_2855</name>
    </trkpt>
    <trkpt lat="46.61511553" lon="12.28780633">
      <ele>2311.006</ele>
      <name>trk1_2856</name>
    </trkpt>
    <trkpt lat="46.61507827" lon="12.28792815">
      <ele>2311.675</ele>
      <name>trk1_2857</name>
    </trkpt>
    <trkpt lat="46.61506339" lon="12.28797623">
      <ele>2311.865</ele>
      <name>trk1_2858</name>
    </trkpt>
    <trkpt lat="46.61503764" lon="12.28808896">
      <ele>2312.322</ele>
      <name>trk1_2859</name>
    </trkpt>
    <trkpt lat="46.61502482" lon="12.28814369">
      <ele>2312.06</ele>
      <name>trk1_2860</name>
    </trkpt>
    <trkpt lat="46.61501883" lon="12.28819557">
      <ele>2312.127</ele>
      <name>trk1_2861</name>
    </trkpt>
    <trkpt lat="46.6150132" lon="12.28831278">
      <ele>2312.697</ele>
      <name>trk1_2862</name>
    </trkpt>
    <trkpt lat="46.61499822" lon="12.28844249">
      <ele>2312.703</ele>
      <name>trk1_2863</name>
    </trkpt>
    <trkpt lat="46.61500131" lon="12.28849165">
      <ele>2313.222</ele>
      <name>trk1_2864</name>
    </trkpt>
    <trkpt lat="46.61500243" lon="12.2885309">
      <ele>2313.574</ele>
      <name>trk1_2865</name>
    </trkpt>
    <trkpt lat="46.61500364" lon="12.28856689">
      <ele>2313.906</ele>
      <name>trk1_2866</name>
    </trkpt>
    <trkpt lat="46.61500495" lon="12.28859963">
      <ele>2314.221</ele>
      <name>trk1_2867</name>
    </trkpt>
    <trkpt lat="46.6150085" lon="12.28863249">
      <ele>2314.597</ele>
      <name>trk1_2868</name>
    </trkpt>
    <trkpt lat="46.61500757" lon="12.28866509">
      <ele>2314.658</ele>
      <name>trk1_2869</name>
    </trkpt>
    <trkpt lat="46.61500887" lon="12.28869782">
      <ele>2314.855</ele>
      <name>trk1_2870</name>
    </trkpt>
    <trkpt lat="46.61500784" lon="12.28873368">
      <ele>2314.921</ele>
      <name>trk1_2871</name>
    </trkpt>
    <trkpt lat="46.61500887" lon="12.28877619">
      <ele>2315.137</ele>
      <name>trk1_2872</name>
    </trkpt>
    <trkpt lat="46.6150024" lon="12.28892274">
      <ele>2315.387</ele>
      <name>trk1_2873</name>
    </trkpt>
    <trkpt lat="46.61499922" lon="12.2889552">
      <ele>2315.447</ele>
      <name>trk1_2874</name>
    </trkpt>
    <trkpt lat="46.61499594" lon="12.28899092">
      <ele>2315.579</ele>
      <name>trk1_2875</name>
    </trkpt>
    <trkpt lat="46.61499266" lon="12.28902663">
      <ele>2315.714</ele>
      <name>trk1_2876</name>
    </trkpt>
    <trkpt lat="46.6149891" lon="12.28907213">
      <ele>2315.914</ele>
      <name>trk1_2877</name>
    </trkpt>
    <trkpt lat="46.61498339" lon="12.28911424">
      <ele>2316.013</ele>
      <name>trk1_2878</name>
    </trkpt>
    <trkpt lat="46.61497777" lon="12.28915308">
      <ele>2316.098</ele>
      <name>trk1_2879</name>
    </trkpt>
    <trkpt lat="46.61497449" lon="12.2891888">
      <ele>2316.256</ele>
      <name>trk1_2880</name>
    </trkpt>
    <trkpt lat="46.61497122" lon="12.28922452">
      <ele>2316.424</ele>
      <name>trk1_2881</name>
    </trkpt>
    <trkpt lat="46.61496803" lon="12.28925698">
      <ele>2316.574</ele>
      <name>trk1_2882</name>
    </trkpt>
    <trkpt lat="46.61496466" lon="12.28929596">
      <ele>2316.777</ele>
      <name>trk1_2883</name>
    </trkpt>
    <trkpt lat="46.61495548" lon="12.2893803">
      <ele>2317.182</ele>
      <name>trk1_2884</name>
    </trkpt>
    <trkpt lat="46.61493395" lon="12.28942471">
      <ele>2316.922</ele>
      <name>trk1_2885</name>
    </trkpt>
    <trkpt lat="46.61485074" lon="12.28957966">
      <ele>2316.91</ele>
      <name>trk1_2886</name>
    </trkpt>
    <trkpt lat="46.61483118" lon="12.28963398">
      <ele>2317.282</ele>
      <name>trk1_2887</name>
    </trkpt>
    <trkpt lat="46.61481348" lon="12.28970148">
      <ele>2317.951</ele>
      <name>trk1_2888</name>
    </trkpt>
    <trkpt lat="46.61480347" lon="12.28973679">
      <ele>2318.235</ele>
      <name>trk1_2889</name>
    </trkpt>
    <trkpt lat="46.61479345" lon="12.2897721">
      <ele>2318.426</ele>
      <name>trk1_2890</name>
    </trkpt>
    <trkpt lat="46.61477594" lon="12.28983308">
      <ele>2318.705</ele>
      <name>trk1_2891</name>
    </trkpt>
    <trkpt lat="46.61475629" lon="12.28989067">
      <ele>2318.826</ele>
      <name>trk1_2892</name>
    </trkpt>
    <trkpt lat="46.61472746" lon="12.28995422">
      <ele>2318.669</ele>
      <name>trk1_2893</name>
    </trkpt>
    <trkpt lat="46.61468009" lon="12.29003625">
      <ele>2320.108</ele>
      <name>trk1_2894</name>
    </trkpt>
    <trkpt lat="46.61466774" lon="12.29007468">
      <ele>2320.933</ele>
      <name>trk1_2895</name>
    </trkpt>
    <trkpt lat="46.61464677" lon="12.29009953">
      <ele>2321.606</ele>
      <name>trk1_2896</name>
    </trkpt>
    <trkpt lat="46.61461935" lon="12.2901142">
      <ele>2322.167</ele>
      <name>trk1_2897</name>
    </trkpt>
    <trkpt lat="46.61459211" lon="12.29012234">
      <ele>2322.607</ele>
      <name>trk1_2898</name>
    </trkpt>
    <trkpt lat="46.61457143" lon="12.29013742">
      <ele>2323.102</ele>
      <name>trk1_2899</name>
    </trkpt>
    <trkpt lat="46.61455402" lon="12.29019513">
      <ele>2324.329</ele>
      <name>trk1_2900</name>
    </trkpt>
    <trkpt lat="46.61454793" lon="12.29025027">
      <ele>2325.387</ele>
      <name>trk1_2901</name>
    </trkpt>
    <trkpt lat="46.61452397" lon="12.29030107">
      <ele>2326.62</ele>
      <name>trk1_2902</name>
    </trkpt>
    <trkpt lat="46.61449121" lon="12.29034479">
      <ele>2327.902</ele>
      <name>trk1_2903</name>
    </trkpt>
    <trkpt lat="46.6144738" lon="12.29040251">
      <ele>2329.33</ele>
      <name>trk1_2904</name>
    </trkpt>
    <trkpt lat="46.61446387" lon="12.29043456">
      <ele>2330.137</ele>
      <name>trk1_2905</name>
    </trkpt>
    <trkpt lat="46.61445844" lon="12.29046689">
      <ele>2330.899</ele>
      <name>trk1_2906</name>
    </trkpt>
    <trkpt lat="46.61443504" lon="12.29057649">
      <ele>2332.836</ele>
      <name>trk1_2907</name>
    </trkpt>
    <trkpt lat="46.61442736" lon="12.29060867">
      <ele>2332.749</ele>
      <name>trk1_2908</name>
    </trkpt>
    <trkpt lat="46.61441959" lon="12.29064412">
      <ele>2332.664</ele>
      <name>trk1_2909</name>
    </trkpt>
    <trkpt lat="46.61438963" lon="12.29074679">
      <ele>2332.171</ele>
      <name>trk1_2910</name>
    </trkpt>
    <trkpt lat="46.61437259" lon="12.29079147">
      <ele>2331.819</ele>
      <name>trk1_2911</name>
    </trkpt>
    <trkpt lat="46.61434863" lon="12.29084226">
      <ele>2331.252</ele>
      <name>trk1_2912</name>
    </trkpt>
    <trkpt lat="46.61432738" lon="12.29087689">
      <ele>2330.695</ele>
      <name>trk1_2913</name>
    </trkpt>
    <trkpt lat="46.61431063" lon="12.29091179">
      <ele>2330.282</ele>
      <name>trk1_2914</name>
    </trkpt>
    <trkpt lat="46.61430061" lon="12.2909471">
      <ele>2330.07</ele>
      <name>trk1_2915</name>
    </trkpt>
    <trkpt lat="46.61429471" lon="12.29099572">
      <ele>2330.003</ele>
      <name>trk1_2916</name>
    </trkpt>
    <trkpt lat="46.61427973" lon="12.29104706">
      <ele>2329.712</ele>
      <name>trk1_2917</name>
    </trkpt>
    <trkpt lat="46.61427645" lon="12.29108278">
      <ele>2329.705</ele>
      <name>trk1_2918</name>
    </trkpt>
    <trkpt lat="46.61427093" lon="12.29111836">
      <ele>2329.706</ele>
      <name>trk1_2919</name>
    </trkpt>
    <trkpt lat="46.61426231" lon="12.29118314">
      <ele>2330.188</ele>
      <name>trk1_2920</name>
    </trkpt>
    <trkpt lat="46.61425164" lon="12.29124127">
      <ele>2330.547</ele>
      <name>trk1_2921</name>
    </trkpt>
    <trkpt lat="46.61423881" lon="12.291296">
      <ele>2330.815</ele>
      <name>trk1_2922</name>
    </trkpt>
    <trkpt lat="46.61422608" lon="12.29134747">
      <ele>2331.05</ele>
      <name>trk1_2923</name>
    </trkpt>
    <trkpt lat="46.61418798" lon="12.29149863">
      <ele>2331.753</ele>
      <name>trk1_2924</name>
    </trkpt>
    <trkpt lat="46.6141802" lon="12.29153407">
      <ele>2331.934</ele>
      <name>trk1_2925</name>
    </trkpt>
    <trkpt lat="46.61416766" lon="12.29157903">
      <ele>2332.081</ele>
      <name>trk1_2926</name>
    </trkpt>
    <trkpt lat="46.61415296" lon="12.29162058">
      <ele>2332.075</ele>
      <name>trk1_2927</name>
    </trkpt>
    <trkpt lat="46.6141406" lon="12.29165902">
      <ele>2332.078</ele>
      <name>trk1_2928</name>
    </trkpt>
    <trkpt lat="46.61411383" lon="12.29172923">
      <ele>2331.696</ele>
      <name>trk1_2929</name>
    </trkpt>
    <trkpt lat="46.61409932" lon="12.29176427">
      <ele>2331.436</ele>
      <name>trk1_2930</name>
    </trkpt>
    <trkpt lat="46.61407863" lon="12.2918577">
      <ele>2331.305</ele>
      <name>trk1_2931</name>
    </trkpt>
    <trkpt lat="46.61406833" lon="12.29190279">
      <ele>2331.213</ele>
      <name>trk1_2932</name>
    </trkpt>
    <trkpt lat="46.61406487" lon="12.29194503">
      <ele>2331.344</ele>
      <name>trk1_2933</name>
    </trkpt>
    <trkpt lat="46.61405466" lon="12.29198686">
      <ele>2331.579</ele>
      <name>trk1_2934</name>
    </trkpt>
    <trkpt lat="46.61403987" lon="12.29203167">
      <ele>2331.691</ele>
      <name>trk1_2935</name>
    </trkpt>
    <trkpt lat="46.61400243" lon="12.29208165">
      <ele>2331.063</ele>
      <name>trk1_2936</name>
    </trkpt>
    <trkpt lat="46.61398258" lon="12.29214575">
      <ele>2331.272</ele>
      <name>trk1_2937</name>
    </trkpt>
    <trkpt lat="46.6139734" lon="12.29223009">
      <ele>2332.184</ele>
      <name>trk1_2938</name>
    </trkpt>
    <trkpt lat="46.61396563" lon="12.29226553">
      <ele>2332.542</ele>
      <name>trk1_2939</name>
    </trkpt>
    <trkpt lat="46.61395103" lon="12.29230383">
      <ele>2332.706</ele>
      <name>trk1_2940</name>
    </trkpt>
    <trkpt lat="46.61388504" lon="12.29240758">
      <ele>2332.216</ele>
      <name>trk1_2941</name>
    </trkpt>
    <trkpt lat="46.61386575" lon="12.29245212">
      <ele>2332.403</ele>
      <name>trk1_2942</name>
    </trkpt>
    <trkpt lat="46.61383449" lon="12.29252206">
      <ele>2332.635</ele>
      <name>trk1_2943</name>
    </trkpt>
    <trkpt lat="46.61382672" lon="12.2925575">
      <ele>2333.021</ele>
      <name>trk1_2944</name>
    </trkpt>
    <trkpt lat="46.6138195" lon="12.29265176">
      <ele>2334.483</ele>
      <name>trk1_2945</name>
    </trkpt>
    <trkpt lat="46.61381594" lon="12.29269725">
      <ele>2335.187</ele>
      <name>trk1_2946</name>
    </trkpt>
    <trkpt lat="46.61381247" lon="12.29273949">
      <ele>2335.835</ele>
      <name>trk1_2947</name>
    </trkpt>
    <trkpt lat="46.61380657" lon="12.29278811">
      <ele>2336.471</ele>
      <name>trk1_2948</name>
    </trkpt>
    <trkpt lat="46.61373272" lon="12.29293057">
      <ele>2335.831</ele>
      <name>trk1_2949</name>
    </trkpt>
    <trkpt lat="46.61370192" lon="12.29298421">
      <ele>2335.415</ele>
      <name>trk1_2950</name>
    </trkpt>
    <trkpt lat="46.613692" lon="12.29301626">
      <ele>2335.446</ele>
      <name>trk1_2951</name>
    </trkpt>
    <trkpt lat="46.61367973" lon="12.29305143">
      <ele>2335.422</ele>
      <name>trk1_2952</name>
    </trkpt>
    <trkpt lat="46.61364855" lon="12.29319647">
      <ele>2336.377</ele>
      <name>trk1_2953</name>
    </trkpt>
    <trkpt lat="46.61362365" lon="12.29327986">
      <ele>2336.681</ele>
      <name>trk1_2954</name>
    </trkpt>
    <trkpt lat="46.61360904" lon="12.29331815">
      <ele>2336.707</ele>
      <name>trk1_2955</name>
    </trkpt>
    <trkpt lat="46.61358985" lon="12.29335943">
      <ele>2336.524</ele>
      <name>trk1_2956</name>
    </trkpt>
    <trkpt lat="46.61356608" lon="12.2934037">
      <ele>2336.18</ele>
      <name>trk1_2957</name>
    </trkpt>
    <trkpt lat="46.61349054" lon="12.29352646">
      <ele>2335.047</ele>
      <name>trk1_2958</name>
    </trkpt>
    <trkpt lat="46.613453" lon="12.29357969">
      <ele>2334.473</ele>
      <name>trk1_2959</name>
    </trkpt>
    <trkpt lat="46.6134297" lon="12.29360767">
      <ele>2334.077</ele>
      <name>trk1_2960</name>
    </trkpt>
    <trkpt lat="46.61340414" lon="12.2936355">
      <ele>2333.58</ele>
      <name>trk1_2961</name>
    </trkpt>
    <trkpt lat="46.61333984" lon="12.29368058">
      <ele>2331.967</ele>
      <name>trk1_2962</name>
    </trkpt>
    <trkpt lat="46.61331429" lon="12.29370841">
      <ele>2331.434</ele>
      <name>trk1_2963</name>
    </trkpt>
    <trkpt lat="46.61330175" lon="12.29375336">
      <ele>2331.513</ele>
      <name>trk1_2964</name>
    </trkpt>
    <trkpt lat="46.6132935" lon="12.29380511">
      <ele>2331.805</ele>
      <name>trk1_2965</name>
    </trkpt>
    <trkpt lat="46.613292" lon="12.29385726">
      <ele>2332.319</ele>
      <name>trk1_2966</name>
    </trkpt>
    <trkpt lat="46.61328395" lon="12.29390248">
      <ele>2332.555</ele>
      <name>trk1_2967</name>
    </trkpt>
    <trkpt lat="46.61326897" lon="12.29395382">
      <ele>2332.67</ele>
      <name>trk1_2968</name>
    </trkpt>
    <trkpt lat="46.61321983" lon="12.2940194">
      <ele>2331.924</ele>
      <name>trk1_2969</name>
    </trkpt>
    <trkpt lat="46.61319446" lon="12.29404072">
      <ele>2331.414</ele>
      <name>trk1_2970</name>
    </trkpt>
    <trkpt lat="46.6131691" lon="12.29406204">
      <ele>2330.917</ele>
      <name>trk1_2971</name>
    </trkpt>
    <trkpt lat="46.61314158" lon="12.29407996">
      <ele>2330.326</ele>
      <name>trk1_2972</name>
    </trkpt>
    <trkpt lat="46.61308841" lon="12.29412897">
      <ele>2329.419</ele>
      <name>trk1_2973</name>
    </trkpt>
    <trkpt lat="46.61306267" lon="12.29416333">
      <ele>2329.157</ele>
      <name>trk1_2974</name>
    </trkpt>
    <trkpt lat="46.6129716" lon="12.29427861">
      <ele>2328.777</ele>
      <name>trk1_2975</name>
    </trkpt>
    <trkpt lat="46.61292985" lon="12.29432179">
      <ele>2328.372</ele>
      <name>trk1_2976</name>
    </trkpt>
    <trkpt lat="46.61285572" lon="12.29439565">
      <ele>2327.493</ele>
      <name>trk1_2977</name>
    </trkpt>
    <trkpt lat="46.61281604" lon="12.29444548">
      <ele>2327.121</ele>
      <name>trk1_2978</name>
    </trkpt>
    <trkpt lat="46.61276886" lon="12.29452098">
      <ele>2327.112</ele>
      <name>trk1_2979</name>
    </trkpt>
    <trkpt lat="46.61281604" lon="12.29444548">
      <ele>2327.121</ele>
      <name>trk1_2980</name>
    </trkpt>
    <trkpt lat="46.61274461" lon="12.29458155">
      <ele>2327.454</ele>
      <name>trk1_2981</name>
    </trkpt>
    <trkpt lat="46.61271606" lon="12.29463532">
      <ele>2327.506</ele>
      <name>trk1_2982</name>
    </trkpt>
    <trkpt lat="46.61268994" lon="12.29468272">
      <ele>2327.488</ele>
      <name>trk1_2983</name>
    </trkpt>
    <trkpt lat="46.61263322" lon="12.29477723">
      <ele>2327.013</ele>
      <name>trk1_2984</name>
    </trkpt>
    <trkpt lat="46.61260701" lon="12.29482788">
      <ele>2326.842</ele>
      <name>trk1_2985</name>
    </trkpt>
    <trkpt lat="46.61257846" lon="12.29488165">
      <ele>2326.676</ele>
      <name>trk1_2986</name>
    </trkpt>
    <trkpt lat="46.61255178" lon="12.2949486">
      <ele>2326.786</ele>
      <name>trk1_2987</name>
    </trkpt>
    <trkpt lat="46.61245039" lon="12.29518733">
      <ele>2326.715</ele>
      <name>trk1_2988</name>
    </trkpt>
    <trkpt lat="46.61242867" lon="12.29523825">
      <ele>2326.739</ele>
      <name>trk1_2989</name>
    </trkpt>
    <trkpt lat="46.61232887" lon="12.29549993">
      <ele>2327.701</ele>
      <name>trk1_2990</name>
    </trkpt>
    <trkpt lat="46.61220585" lon="12.29586469">
      <ele>2323.832</ele>
      <name>trk1_2991</name>
    </trkpt>
  </trkseg>
</trk>
</gpx>