{"type":"FeatureCollection","features":[{"type":"Feature","properties":{"addr:city":"Kastelruth - Castelrotto","addr:city:de":"Kastelruth","addr:city:it":"Castelrotto","addr:hamlet":"Seiser Alm - Alpe di Siusi","addr:hamlet:de":"Seiser Alm","addr:hamlet:it":"Alpe di Siusi","addr:housenumber":"14","addr:postcode":"39040","addr:street":"Compatsch","amenity":"restaurant","name":"Huber Schwaige","phone":"+393351409753","website":"https://www.huberschwaige.it","@id":"node/2755692404","kind":"refreshment"},"geometry":{"type":"Point","coordinates":[11.6138637,46.5406829]}},{"type":"Feature","properties":{"addr:city":"Kastelruth - Castelrotto","addr:city:de":"Kastelruth","addr:city:it":"Castelrotto","addr:hamlet":"Seiser Alm - Alpe di Siusi","addr:hamlet:de":"Seiser Alm","addr:hamlet:it":"Alpe di Siusi","addr:housenumber":"17","addr:postcode":"39040","addr:street":"Saltria","amenity":"restaurant","cuisine":"regional","name":"Tuene Hütte- Baita Tuene","name:de":"Tuene Hütte","name:it":"Baita Tuene","@id":"node/2755693152","kind":"refreshment"},"geometry":{"type":"Point","coordinates":[11.6394644,46.5377234]}},{"type":"Feature","properties":{"addr:city":"Kastelruth - Castelrotto","addr:city:de":"Kastelruth","addr:city:it":"Castelrotto","addr:hamlet":"Seiser Alm - Alpe di Siusi","addr:hamlet:de":"Seiser Alm","addr:hamlet:it":"Alpe di Siusi","addr:housenumber":"44","addr:postcode":"39040","addr:street":"Compatsch","amenity":"restaurant","cuisine":"pizza","name":"Restaurant Pizzeria Almstüberl","@id":"node/2755698501","kind":"refreshment"},"geometry":{"type":"Point","coordinates":[11.6183454,46.5403773]}},{"type":"Feature","properties":{"addr:city":"Kastelruth - Castelrotto","addr:city:de":"Kastelruth","addr:city:it":"Castelrotto","addr:hamlet":"Seiser Alm - Alpe di Siusi","addr:hamlet:de":"Seiser Alm","addr:hamlet:it":"Alpe di Siusi","addr:housenumber":"62/2","addr:postcode":"39040","addr:street":"Compatsch","amenity":"restaurant","cuisine":"italian","delivery":"no","email":"info@restaurant-seiseralm.com","internet_access":"no","name":"Nordic Bar","opening_hours":"08:00-18:00","outdoor_seating":"yes","phone":"+390471729010","smoking":"outside","takeaway":"yes","website":"https://www.restaurant-seiseralm.com/","wheelchair":"yes","@id":"node/2755699101","kind":"refreshment"},"geometry":{"type":"Point","coordinates":[11.6178968,46.5421954]}},{"type":"Feature","properties":{"amenity":"restaurant","name":"Zentral Restaurant","@id":"node/5802096853","kind":"refreshment"},"geometry":{"type":"Point","coordinates":[11.6185784,46.5404494]}},{"type":"Feature","properties":{"amenity":"restaurant","cuisine":"international","delivery":"no","name":"Alpina Chalet","operator":"Alpina Dolomites","outdoor_seating":"yes","reservation":"yes","smoking":"outside","takeaway":"no","wikimedia_commons":"File:Alpina Chalet von der Seiser Alm aus 2022-10-13.jpg","@id":"node/9754829596","kind":"refreshment"},"geometry":{"type":"Point","coordinates":[11.6171354,46.5430855]}},{"type":"Feature","properties":{"amenity":"restaurant","name":"Panorama","@id":"node/9983355618","kind":"refreshment"},"geometry":{"type":"Point","coordinates":[11.6257946,46.5312414]}},{"type":"Feature","properties":{"amenity":"restaurant","contact:instagram":"https://www.instagram.com/heualm_malgadelfieno/","name":"Heualm","opening_hours":"Mo-Su 09:00-17:00","@id":"node/12057106824","kind":"refreshment"},"geometry":{"type":"Point","coordinates":[11.6426522,46.5354151]}},{"type":"Feature","properties":{"addr:city":"Kastelruth - Castelrotto","addr:city:de":"Kastelruth","addr:city:it":"Castelrotto","addr:hamlet":"Seiser Alm - Alpe di Siusi","addr:hamlet:de":"Seiser Alm","addr:hamlet:it":"Alpe di Siusi","addr:housenumber":"6","addr:postcode":"39040","addr:street":"Saltria","amenity":"restaurant","building":"hotel","ele":"1900","name":"Hotel Steger Dellai","tourism":"hotel","website":"https://www.hotelsteger-dellai.com/","@id":"way/41875998","kind":"refreshment"},"geometry":{"type":"Point","coordinates":[11.6325865,46.5405645]}},{"type":"Feature","properties":{"addr:city":"Kastelruth - Castelrotto","addr:city:de":"Kastelruth","addr:city:it":"Castelrotto","addr:hamlet":"Seiser Alm - Alpe di Siusi","addr:hamlet:de":"Seiser Alm","addr:hamlet:it":"Alpe di Siusi","addr:housenumber":"16","addr:postcode":"39040","addr:street":"Saltria","amenity":"restaurant","building":"yes","ele":"1875","name":"Ritsch Schweige","toilets:wheelchair":"yes","tourism":"hotel","website":"https://www.ritschschwaige.com/","wheelchair":"yes","@id":"way/41876664","kind":"refreshment"},"geometry":{"type":"Point","coordinates":[11.6452528,46.539464]}},{"type":"Feature","properties":{"amenity":"restaurant","building":"yes","name":"Restaurant Panorama","@id":"way/98039677","kind":"refreshment"},"geometry":{"type":"Point","coordinates":[11.6230168,46.5399724]}},{"type":"Feature","properties":{"addr:housenumber":"13","addr:postcode":"39040","addr:street":"Saltria","amenity":"restaurant","building":"yes","check_date:opening_hours":"2021-08-06","cuisine":"regional","name":"Gostner Schwaige","opening_hours":"Mo-Su 08:30-21:30","phone":"+39 374 8368154","smoking":"outside","website":"http://gostnerschwaige.com","wheelchair":"no","@id":"way/102329273","kind":"refreshment"},"geometry":{"type":"Point","coordinates":[11.6347742,46.5386466]}},{"type":"Feature","properties":{"amenity":"restaurant","building":"yes","name":"Tschon Schweige","toilets:wheelchair":"no","wheelchair":"limited","@id":"way/102549119","kind":"refreshment"},"geometry":{"type":"Point","coordinates":[11.6241961,46.5397075]}},{"type":"Feature","properties":{"amenity":"drinking_water","@id":"node/1444149822","kind":"water","name":null},"geometry":{"type":"Point","coordinates":[11.6453485,46.5391901]}},{"type":"Feature","properties":{"amenity":"toilets","check_date":"2025-04-16","@id":"node/2608883464","kind":"toilets","name":null},"geometry":{"type":"Point","coordinates":[11.6255629,46.5313842]}},{"type":"Feature","properties":{"amenity":"drinking_water","@id":"node/8949692865","kind":"water","name":null},"geometry":{"type":"Point","coordinates":[11.6431649,46.5367508]}},{"type":"Feature","properties":{"access":"yes","amenity":"toilets","changing_table":"yes","changing_table:location":"dedicated_room","drinking_water":"yes","fee":"no","female":"yes","male":"yes","toilets:disposal":"flush","unisex":"no","@id":"node/10650026987","kind":"toilets","name":null},"geometry":{"type":"Point","coordinates":[11.6178471,46.5422485]}},{"type":"Feature","properties":{"access":"yes","amenity":"toilets","drinking_water":"no","fee":"no","female":"yes","gender_segregated":"yes","handwashing:soap":"yes","male":"yes","toilets:disposal":"flush","toilets:hands_drying":"paper_towel","toilets:handwashing":"yes","toilets:paper_supplied":"yes","toilets:position":"seated;urinal","wheelchair":"yes","@id":"node/11659213347","kind":"toilets","name":null},"geometry":{"type":"Point","coordinates":[11.6347413,46.5339628]}},{"type":"Feature","properties":{"amenity":"toilets","fee":"no","wheelchair":"yes","@id":"node/12873858401","kind":"toilets","name":null},"geometry":{"type":"Point","coordinates":[11.6173403,46.542389]}},{"type":"Feature","properties":{"information":"office","opening_hours":"Mo-Sa 08:30-12:30","tourism":"information","@id":"node/13964532543","kind":"information","name":null},"geometry":{"type":"Point","coordinates":[11.6183114,46.5403462]}},{"type":"Feature","properties":{"building":"yes","disused:tourism":"information","information":"office","opening_hours":"Mo-Sa 08:30-12:30","tourism":"information","@id":"way/98041017","kind":"information","name":null},"geometry":{"type":"Point","coordinates":[11.6186174,46.5401021]}},{"type":"Feature","properties":{"natural":"spring","@id":"node/4468099891","kind":"water","name":null},"geometry":{"type":"Point","coordinates":[11.6295328,46.5402932]}},{"type":"Feature","properties":{"historic":"wayside_cross","@id":"node/1444149792","kind":"sight","name":null},"geometry":{"type":"Point","coordinates":[11.6447169,46.5384879]}},{"type":"Feature","properties":{"historic":"wayside_cross","@id":"node/1444312755","kind":"sight","name":null},"geometry":{"type":"Point","coordinates":[11.6198948,46.5407186]}},{"type":"Feature","properties":{"amenity":"restaurant","ele":"2500","name":"Utia Seceda","name:de":"Seceda-Hütte","name:it":"Rifugio Seceda","name:lld":"Utia Seceda","@id":"node/9679415726","kind":"refreshment"},"geometry":{"type":"Point","coordinates":[11.724484,46.598015]}},{"type":"Feature","properties":{"addr:city":"Sëlva - Wolkenstein in Gröden - Selva di Val Gardena","addr:postcode":"39048","addr:street":"Streda Daunei","amenity":"restaurant","bar":"yes","check_date":"2025-07-29","cuisine":"regional","email":"info@juac.it","name":"Juac","outdoor_seating":"yes","payment:cash":"yes","payment:credit_cards":"yes","payment:debit_cards":"yes","phone":"+39 335 8082321","toilets":"yes","toilets:wheelchair":"no","website":"https://www.juac.it/","@id":"node/11618880634","kind":"refreshment"},"geometry":{"type":"Point","coordinates":[11.7499358,46.5731988]}},{"type":"Feature","properties":{"amenity":"restaurant","name":"Baita Ciaulonch","name:de":"Ciaulonch-Hütte","@id":"node/12872892182","kind":"refreshment"},"geometry":{"type":"Point","coordinates":[11.7530576,46.5828383]}},{"type":"Feature","properties":{"amenity":"restaurant","building":"yes","cuisine":"regional","diet:vegan":"no","diet:vegetarian":"yes","ele":"2250","email":"info@troier.com","name":"Baita Troier - Troier Hütte","name:de":"Troier Hütte","name:it":"Malga Troier","name:lld":"Baita Troier","opening_hours":"Mo-Su,PH 09:00-17:00","phone":"+39 339 8212373","website":"https://www.troier.com/","@id":"way/41950772","kind":"refreshment"},"geometry":{"type":"Point","coordinates":[11.7395422,46.5980311]}},{"type":"Feature","properties":{"amenity":"restaurant","building":"yes","contact:email":"daniel@seceda.cc","cuisine":"regional","ele":"2196","email":"daniel@seceda.cc","mobile":"+39 335 6482660","name":"Baita Daniel","name:de":"Daniel Hütte","opening_hours":"Mo-Su 09:00-17:00","phone":"+393345215599","website":"https://www.danielseceda.it","@id":"way/41950774","kind":"refreshment"},"geometry":{"type":"Point","coordinates":[11.7335096,46.5948484]}},{"type":"Feature","properties":{"amenity":"restaurant","building":"yes","cuisine":"pizza","ele":"2285","name":"Mastle","@id":"way/41950775","kind":"refreshment"},"geometry":{"type":"Point","coordinates":[11.729814,46.5948679]}},{"type":"Feature","properties":{"addr:postcode":"39047","amenity":"restaurant","building":"retail","ele":"2412","email":"info@seceda.com","internet_access":"wlan","name":"Sofie-Hütte - Baita Sofie","name:de":"Sofie-Hütte","name:it":"Baita Sofie","name:lld":"Uita Sofie","operator":"Familie Prinoth","outdoor_seating":"yes","phone":"+39 335 5271240","source":"PCN Orthofoto","website":"https://www.seceda.com/","@id":"way/84867557","kind":"refreshment"},"geometry":{"type":"Point","coordinates":[11.7271383,46.5977155]}},{"type":"Feature","properties":{"addr:city":"Santa Cristina Gherdëina - Santa Cristina Valgardena - St. Christina in Gröden","addr:housenumber":"1","addr:postcode":"39047","addr:street":"Streda Ciaulonch","amenity":"restaurant","building":"yes","contact:facebook":"@baita.sangon","contact:instagram":"@baita_sangon","cuisine":"regional;alpine;italian","description":"Piccola baita autentica nel cuore delle Dolomiti. Dal 1971 accoglie ospiti in un’atmosfera familiare, con cucina locale, vini naturali e una vista unica sul Col Raiser. Aperta durante le stagioni estive e invernali, è raggiungibile a piedi o con gli sci.","description:de":"Kleine, authentische Berghütte im Herzen der Dolomiten. Seit 1971 empfangen wir Gäste in familiärer Atmosphäre, mit regionaler Küche und Naturweinen. Während der Sommer- und Wintersaison geöffnet und zu Fuß oder mit Skiern erreichbar.","description:en":"Small, authentic and cozy mountain hut in the heart of the Dolomites. Since 1971, we have been welcoming guests in a warm, family atmosphere, offering local cuisine and natural wines. Open during the summer and winter seasons, and reachable on foot or by","description:fr":"Un petit refuge de montagne authentique au cœur des Dolomites. Depuis 1971, il accueille ses hôtes dans une ambiance familiale, proposant une cuisine locale, des vins naturels et une vue imprenable sur le Col Raiser. Ouvert été comme hiver, il est accessi","diet:vegetarian":"yes","ele":"1823","email":"info@sangon.it","kids_area":"yes","name":"Baita Sangon","opening_hours":"Jun-Sep; Dec-Mar","outdoor_seating":"yes","payment:cards":"yes","payment:cash":"yes","phone":"+393314273484","toilets":"yes","website":"https://www.sangon.it","@id":"way/121497030","kind":"refreshment"},"geometry":{"type":"Point","coordinates":[11.7472997,46.5764249]}},{"type":"Feature","properties":{"addr:housenumber":"4","addr:street":"Mastléstr.","amenity":"restaurant","building":"yes","cuisine":"regional;pizza","ele":"2111","email":"info@fermeda.com","mobile":"+39 335 7061089","name":"Fermeda Hütte - Baita Fermeda","phone":"+39 0471 1632522","tourism":"hotel","website":"https://www.fermeda.com/en","@id":"way/127051060","kind":"refreshment"},"geometry":{"type":"Point","coordinates":[11.7368118,46.5911044]}},{"type":"Feature","properties":{"addr:housenumber":"9","addr:street":"Mastlé Str.","amenity":"restaurant","building":"yes","contact:email":"info@cuca.it","ele":"2020","name":"Cuca Hütte - Baita Cuca","name:de":"Cuca Hütte","name:it":"Rifugio Cuca","name:lld":"Utia Cuca","opening_hours":"Mo-Su 09:00-17:00","phone":"+393358060345","website":"https://www.cucaseceda.it","@id":"way/152231003","kind":"refreshment"},"geometry":{"type":"Point","coordinates":[11.7398666,46.5877826]}},{"type":"Feature","properties":{"addr:housenumber":"55","addr:street":"Raiser Str.","amenity":"restaurant","building":"yes","contact:email":"info@gamsblut.it","cuisine":"regional","ele":"1952","name":"Gamsblut Hütte","name:de":"Gamsblut-Hütte","name:it":"Rifugio Gamsblut","name:lld":"Utia Gamsblut","opening_hours":"Tu-Su 10:00-16:00","phone":"+39 338 8601244","website":"https://www.gamsblut.it","@id":"way/152231018","kind":"refreshment"},"geometry":{"type":"Point","coordinates":[11.739914,46.5812374]}},{"type":"Feature","properties":{"amenity":"restaurant","building":"yes","cuisine":"regional","name":"Nëidia","name:de":"Nëidia Schweige","name:it":"Malga Nëidia","name:lld":"Utia Nëidia","@id":"way/237592903","kind":"refreshment"},"geometry":{"type":"Point","coordinates":[11.7401156,46.5859498]}},{"type":"Feature","properties":{"amenity":"drinking_water","@id":"node/5111795361","kind":"water","name":null},"geometry":{"type":"Point","coordinates":[11.7581601,46.58752]}},{"type":"Feature","properties":{"amenity":"drinking_water","@id":"node/5114422338","kind":"water","name":null},"geometry":{"type":"Point","coordinates":[11.7562588,46.5823037]}},{"type":"Feature","properties":{"amenity":"watering_place","@id":"node/7707736417","kind":"water","name":null},"geometry":{"type":"Point","coordinates":[11.7584471,46.5881916]}},{"type":"Feature","properties":{"amenity":"watering_place","@id":"node/7707736418","kind":"water","name":null},"geometry":{"type":"Point","coordinates":[11.758492,46.5882096]}},{"type":"Feature","properties":{"amenity":"drinking_water","@id":"node/7737540070","kind":"water","name":null},"geometry":{"type":"Point","coordinates":[11.7330589,46.5947482]}},{"type":"Feature","properties":{"amenity":"watering_place","@id":"node/7737540076","kind":"water","name":null},"geometry":{"type":"Point","coordinates":[11.7304813,46.5912861]}},{"type":"Feature","properties":{"amenity":"toilets","check_date":"2024-07-23","fee":"yes","wheelchair":"no","@id":"node/12070267361","kind":"toilets","name":null},"geometry":{"type":"Point","coordinates":[11.7475774,46.5973181]}},{"type":"Feature","properties":{"amenity":"toilets","check_date":"2024-07-23","fee":"no","@id":"node/12070279114","kind":"toilets","name":null},"geometry":{"type":"Point","coordinates":[11.7243061,46.5978249]}},{"type":"Feature","properties":{"tourism":"viewpoint","@id":"node/338813417","kind":"viewpoint","name":null},"geometry":{"type":"Point","coordinates":[11.7254562,46.6012554]}},{"type":"Feature","properties":{"name":"Dolomites UNESCO Welterbeterrasse Mastlé - Dolomites UNESCO Balcone panoramico Mastlé","name:de":"Dolomites UNESCO Welterbeterrasse Mastlé","name:en":"Dolomites UNESCO Viewpoint Mastlé","name:it":"Dolomites UNESCO Balcone panoramico Mastlé","tourism":"viewpoint","@id":"node/6830811503","kind":"viewpoint"},"geometry":{"type":"Point","coordinates":[11.7475766,46.5905179]}},{"type":"Feature","properties":{"amenity":"clock","artwork_type":"sculpture","display":"sundial","name":"Meridiana Juac","support":"ground","tourism":"artwork","@id":"node/9928948337","kind":"sight"},"geometry":{"type":"Point","coordinates":[11.7486094,46.5726795]}},{"type":"Feature","properties":{"charge":"5 EUR","fee":"yes","tourism":"viewpoint","@id":"node/11087111306","kind":"viewpoint","name":null},"geometry":{"type":"Point","coordinates":[11.7352656,46.6013968]}},{"type":"Feature","properties":{"tourism":"viewpoint","@id":"node/11087112605","kind":"viewpoint","name":null},"geometry":{"type":"Point","coordinates":[11.7279957,46.6006254]}},{"type":"Feature","properties":{"tourism":"viewpoint","@id":"node/11087114105","kind":"viewpoint","name":null},"geometry":{"type":"Point","coordinates":[11.7384243,46.5997698]}},{"type":"Feature","properties":{"tourism":"viewpoint","@id":"node/11087114705","kind":"viewpoint","name":null},"geometry":{"type":"Point","coordinates":[11.7457847,46.5975326]}},{"type":"Feature","properties":{"addr:city":"Sëlva - Wolkenstein in Gröden - Selva di Val Gardena","addr:city:de":"Wolkenstein in Gröden","addr:city:it":"Selva di Val Gardena","addr:city:lld":"Sëlva","addr:housenumber":"102","addr:postcode":"39048","addr:street":"Streda Daunëi","addr:street:de":"Straße Daunëi","addr:street:it":"Strada Daunëi","addr:street:lld":"Streda Daunëi","building":"yes","check_date":"2025-07-29","contact:email":"info@juac.it","ele":"1905","email":"info@juac.it","name":"Juac","name:de":"Juac Schutzhütte","name:it":"Rifugio Juac","name:lld":"Utia Juac","opening_hours":"Mo-Su 11:00-18:00","phone":"+39 3358082321","tourism":"alpine_hut","website":"https://www.juac.it","wikidata":"Q3935524","wikimedia_commons":"Category:Juac-Hütte","@id":"way/121497039","kind":"hut"},"geometry":{"type":"Point","coordinates":[11.7499218,46.5731871]}},{"type":"Feature","properties":{"building":"yes","capacity":"90","ele":"2040","image":"https://photos.app.goo.gl/33pjgY5BbdHhjvmCA","name":"Ncisles - Regensburger - Firenze","name:de":"Regensburgerhütte","name:it":"Rifugio Firenze","name:lld":"Utia de Ncisles","phone":"+39 0471 796307","power_supply":"yes","shower":"yes","tourism":"alpine_hut","website":"https://www.rifugiofirenze.com/","wikidata":"Q1306778","wikimedia_commons":"Category:Regensburger Hütte","wikipedia":"it:Rifugio Firenze","@id":"way/121599291","kind":"hut"},"geometry":{"type":"Point","coordinates":[11.7582949,46.5875216]}},{"type":"Feature","properties":{"historic":"wayside_shrine","@id":"node/5114422373","kind":"sight","name":null},"geometry":{"type":"Point","coordinates":[11.750482,46.5777382]}},{"type":"Feature","properties":{"historic":"wayside_cross","image":"https://photos.app.goo.gl/Uc1pnDnnmiCPokLPA","name":"Max Wimmer 1971","@id":"node/5114422411","kind":"sight"},"geometry":{"type":"Point","coordinates":[11.7443942,46.5754446]}},{"type":"Feature","properties":{"historic":"wayside_cross","image":"https://photos.app.goo.gl/qnDxJSp9ykw5V8PV7","@id":"node/6644828829","kind":"sight","name":null},"geometry":{"type":"Point","coordinates":[11.7438453,46.5753231]}},{"type":"Feature","properties":{"historic":"wayside_cross","@id":"node/6644828844","kind":"sight","name":null},"geometry":{"type":"Point","coordinates":[11.739308,46.5981516]}},{"type":"Feature","properties":{"denomination":"catholic","historic":"wayside_shrine","religion":"christian","@id":"node/7688129436","kind":"sight","name":null},"geometry":{"type":"Point","coordinates":[11.7504251,46.5777856]}},{"type":"Feature","properties":{"denomination":"catholic","historic":"wayside_cross","religion":"christian","@id":"node/7689163135","kind":"sight","name":null},"geometry":{"type":"Point","coordinates":[11.7397445,46.5809161]}},{"type":"Feature","properties":{"denomination":"catholic","historic":"wayside_cross","religion":"christian","@id":"node/7722065221","kind":"sight","name":null},"geometry":{"type":"Point","coordinates":[11.7444807,46.5893907]}},{"type":"Feature","properties":{"denomination":"catholic","historic":"wayside_cross","religion":"christian","@id":"node/7737540071","kind":"sight","name":null},"geometry":{"type":"Point","coordinates":[11.7329776,46.5946816]}},{"type":"Feature","properties":{"denomination":"catholic","historic":"wayside_cross","religion":"christian","@id":"node/12222230639","kind":"sight","name":null},"geometry":{"type":"Point","coordinates":[11.7503996,46.573646]}},{"type":"Feature","properties":{"amenity":"restaurant","name":"Hotel Tyrol","payment:credit_cards":"yes","payment:debit_cards":"yes","@id":"node/2476939062","kind":"refreshment"},"geometry":{"type":"Point","coordinates":[11.7159954,46.6428021]}},{"type":"Feature","properties":{"amenity":"bar","building":"yes","name":"Filler Tenne","payment:credit_cards":"yes","payment:debit_cards":"yes","@id":"way/259255294","kind":"refreshment"},"geometry":{"type":"Point","coordinates":[11.7140179,46.641135]}},{"type":"Feature","properties":{"amenity":"fountain","@id":"node/2421709242","kind":"water","name":null},"geometry":{"type":"Point","coordinates":[11.7160328,46.6409887]}},{"type":"Feature","properties":{"amenity":"drinking_water","bottle":"yes","ele":"1260","image":"https://www.refill.bz.it/images/sitemap/b_bergerplatz.png","indoor":"no","operator":"Gemeinde","seasonal":"spring;summer;autumn","source":"Refill Südtirol / Alto Adige","@id":"node/2429287832","kind":"water","name":null},"geometry":{"type":"Point","coordinates":[11.714791,46.641471]}},{"type":"Feature","properties":{"amenity":"toilets","fee":"no","wheelchair":"limited","@id":"node/8355897663","kind":"toilets","name":null},"geometry":{"type":"Point","coordinates":[11.719302,46.6451015]}},{"type":"Feature","properties":{"access":"customers","amenity":"toilets","check_date":"2024-07-21","@id":"node/12066927367","kind":"toilets","name":null},"geometry":{"type":"Point","coordinates":[11.7203883,46.6420734]}},{"type":"Feature","properties":{"access":"customers","amenity":"drinking_water","@id":"node/12067015269","kind":"water","name":null},"geometry":{"type":"Point","coordinates":[11.7204123,46.6420987]}},{"type":"Feature","properties":{"amenity":"toilets","opening_hours":"24/7","@id":"node/12237623463","kind":"toilets","name":null},"geometry":{"type":"Point","coordinates":[11.7175439,46.6385755]}},{"type":"Feature","properties":{"amenity":"drinking_water","@id":"node/12237626029","kind":"water","name":null},"geometry":{"type":"Point","coordinates":[11.7186034,46.6390516]}},{"type":"Feature","properties":{"tourism":"viewpoint","@id":"node/12888300049","kind":"viewpoint","name":null},"geometry":{"type":"Point","coordinates":[11.7169711,46.6435658]}},{"type":"Feature","properties":{"leisure":"picnic_table","@id":"node/2441205358","kind":"picnic","name":null},"geometry":{"type":"Point","coordinates":[11.7161555,46.6408544]}},{"type":"Feature","properties":{"leisure":"picnic_table","@id":"node/6003332789","kind":"picnic","name":null},"geometry":{"type":"Point","coordinates":[11.7159373,46.6410192]}},{"type":"Feature","properties":{"historic":"wayside_shrine","religion":"christian","@id":"node/2423998463","kind":"sight","name":null},"geometry":{"type":"Point","coordinates":[11.7148437,46.6449664]}},{"type":"Feature","properties":{"historic":"wayside_cross","@id":"node/2460666280","kind":"sight","name":null},"geometry":{"type":"Point","coordinates":[11.7174713,46.6442327]}},{"type":"Feature","properties":{"historic":"wayside_cross","name":"Blawatcher Kreuz","@id":"node/2460666286","kind":"sight"},"geometry":{"type":"Point","coordinates":[11.7222881,46.6416236]}},{"type":"Feature","properties":{"historic":"wayside_cross","@id":"node/2460666296","kind":"sight","name":null},"geometry":{"type":"Point","coordinates":[11.7189393,46.6447925]}},{"type":"Feature","properties":{"historic":"wayside_shrine","name":"Hl. Florian","religion":"christian","@id":"node/2555794577","kind":"sight"},"geometry":{"type":"Point","coordinates":[11.7109886,46.6416803]}},{"type":"Feature","properties":{"denomination":"roman_catholic","historic":"wayside_shrine","religion":"christian","@id":"node/3337615500","kind":"sight","name":null},"geometry":{"type":"Point","coordinates":[11.7195845,46.6406517]}},{"type":"Feature","properties":{"alt_name:it":"Rifugio Locatelli alle Tre Cime","amenity":"restaurant","building":"yes","cuisine":"regional","ele":"2405","name":"Dreizinnenhütte - Rifugio Antonio Locatelli/Sepp Innerkofler","name:de":"Dreizinnenhütte","name:etymology:wikidata":"Q2857333;Q90108","name:it":"Rifugio Antonio Locatelli - S. Innerkofler","seasonal":"summer","tourism":"alpine_hut","website":"https://www.dreizinnenhuette.com/","wikidata":"Q1258258","wikipedia":"de:Dreizinnenhütte","@id":"way/84679331","kind":"hut"},"geometry":{"type":"Point","coordinates":[12.3104861,46.6369375]}},{"type":"Feature","properties":{"amenity":"restaurant","building":"cabin","cuisine":"regional","ele":"2283","loc_name":"Langalmhütte","name":"Langalm","name:de":"Langalm","name:en":"Lange Alm","name:it":"Malga Langalm","payment:cash":"only","payment:debit_cards":"no","tourism":"alpine_hut","@id":"way/118944262","kind":"hut"},"geometry":{"type":"Point","coordinates":[12.2897944,46.6256608]}},{"type":"Feature","properties":{"amenity":"restaurant","building":"yes","cuisine":"regional","ele":"2345","name":"Rifugio Lavaredo","name:de":"Lavaredo Hütte","phone":"+393496028675","start_date":"1954","tourism":"alpine_hut","website":"https://www.rifugiolavaredo.com/home.html","wheelchair":"limited","wikidata":"Q3935531","wikipedia":"it:Rifugio Lavaredo","@id":"way/186519282","kind":"hut"},"geometry":{"type":"Point","coordinates":[12.3120936,46.6183265]}},{"type":"Feature","properties":{"access":"customers","amenity":"toilets","@id":"node/4313838492","kind":"toilets","name":null},"geometry":{"type":"Point","coordinates":[12.2897017,46.6256852]}},{"type":"Feature","properties":{"amenity":"drinking_water","@id":"node/4313839090","kind":"water","name":null},"geometry":{"type":"Point","coordinates":[12.2896609,46.6257024]}},{"type":"Feature","properties":{"amenity":"drinking_water","@id":"node/7919461107","kind":"water","name":null},"geometry":{"type":"Point","coordinates":[12.2904852,46.6256607]}},{"type":"Feature","properties":{"amenity":"toilets","fee":"no","@id":"node/12086615859","kind":"toilets","name":null},"geometry":{"type":"Point","coordinates":[12.3105381,46.6368508]}},{"type":"Feature","properties":{"access":"yes","amenity":"toilets","charge":"0,5 EUR","fee":"yes","wheelchair":"no","@id":"node/12086876188","kind":"toilets","name":null},"geometry":{"type":"Point","coordinates":[12.3119885,46.6183445]}},{"type":"Feature","properties":{"access":"customers","amenity":"toilets","wheelchair":"yes","@id":"node/12086876193","kind":"toilets","name":null},"geometry":{"type":"Point","coordinates":[12.2959555,46.6122407]}},{"type":"Feature","properties":{"amenity":"toilets","building":"yes","charge":"1 EUR","drinking_water":"conditional","drinking_water:legal":"no","fee":"yes","layer":"-1","location":"underground","opening_hours":"07:00-18:00","payment:cash":"yes","toilets:handwashing":"yes","wheelchair":"yes","@id":"way/186519276","kind":"toilets","name":null},"geometry":{"type":"Point","coordinates":[12.2949063,46.6126847]}},{"type":"Feature","properties":{"tourism":"viewpoint","@id":"node/882451414","kind":"viewpoint","name":null},"geometry":{"type":"Point","coordinates":[12.2965062,46.6122294]}},{"type":"Feature","properties":{"tourism":"viewpoint","@id":"node/6798235185","kind":"viewpoint","name":null},"geometry":{"type":"Point","coordinates":[12.312333,46.6233355]}},{"type":"Feature","properties":{"tourism":"viewpoint","@id":"node/11099082405","kind":"viewpoint","name":null},"geometry":{"type":"Point","coordinates":[12.2895206,46.6246942]}},{"type":"Feature","properties":{"description:de":"Dinosaurier Fußabdruck","description:en":"Dinosaur footprint","description:it":"Fossile impronta dinosauro","geological":"palaeontological_site","name":"Orme fossili di dinosauro Eubrontes su masso","tourism":"attraction","@id":"node/11626178399","kind":"sight"},"geometry":{"type":"Point","coordinates":[12.3062679,46.6136422]}},{"type":"Feature","properties":{"description":"Grotte con vista sulle Tre Cime della prima guerra mondiale","loc_name":"Grotta delle Tre Cime","tourism":"viewpoint","@id":"node/12091634369","kind":"viewpoint","name":null},"geometry":{"type":"Point","coordinates":[12.3092575,46.6381729]}},{"type":"Feature","properties":{"tourism":"viewpoint","@id":"node/13157091207","kind":"viewpoint","name":null},"geometry":{"type":"Point","coordinates":[12.314837,46.6263883]}},{"type":"Feature","properties":{"building":"hut","fee":"yes","name":"Rifugio Locatelli - Bivouac","name:de":"Dreizinnenhütte - Biwak","name:it":"Rifugio Locatelli - Bivacco","tourism":"wilderness_hut","@id":"way/84679345","kind":"hut"},"geometry":{"type":"Point","coordinates":[12.3113041,46.6367683]}},{"type":"Feature","properties":{"building":"cabin","capacity":"99","contact:email":"info@rifugioauronzo.it","contact:phone":"+39 0435 39002","ele":"2333","name":"Rifugio Auronzo","name:de":"Auronzohütte","old_name":"Rifugio Principe Umberto;Rifugio Bruno Caldart","operator":"CAI Auronzo","start_date":"1957-07-16","tourism":"alpine_hut","website":"https://www.rifugioauronzo.it/","wheelchair":"limited","wikidata":"Q681466","wikipedia":"it:Rifugio Auronzo","winter_room":"yes","@id":"way/186519265","kind":"hut"},"geometry":{"type":"Point","coordinates":[12.2960952,46.6122046]}},{"type":"Feature","properties":{"natural":"spring","@id":"node/3047151860","kind":"water","name":null},"geometry":{"type":"Point","coordinates":[12.3017541,46.6311221]}},{"type":"Feature","properties":{"image":"https://geoservices.buergernetz.bz.it/SpringsEcology/images/62.jpg","name":"Rienzquelle - Sorgente Rienza","name:de":"Rienzquelle","name:it":"Sorgente Rienza","natural":"spring","@id":"node/3047151915","kind":"water"},"geometry":{"type":"Point","coordinates":[12.3041806,46.6334409]}},{"type":"Feature","properties":{"natural":"spring","ref":"Q9510","@id":"node/12471858280","kind":"water","name":null},"geometry":{"type":"Point","coordinates":[12.3085465,46.6374213]}},{"type":"Feature","properties":{"name":"Rienzquelle - Sorgente Rienza","name:de":"Rienzquelle","name:it":"Sorgente Rienza","natural":"spring","ref":"Q21504","@id":"node/12471858347","kind":"water"},"geometry":{"type":"Point","coordinates":[12.2930943,46.6236919]}},{"type":"Feature","properties":{"covered":"no","leisure":"picnic_table","@id":"node/1428889290","kind":"picnic","name":null},"geometry":{"type":"Point","coordinates":[12.311191,46.6381947]}},{"type":"Feature","properties":{"historic":"monument","@id":"node/1888786597","kind":"sight","name":null},"geometry":{"type":"Point","coordinates":[12.3101126,46.6118993]}},{"type":"Feature","properties":{"historic":"monument","@id":"node/3047150224","kind":"sight","name":null},"geometry":{"type":"Point","coordinates":[12.3098121,46.6115787]}},{"type":"Feature","properties":{"historic":"wayside_cross","@id":"node/3047151926","kind":"sight","name":null},"geometry":{"type":"Point","coordinates":[12.3111924,46.6382145]}},{"type":"Feature","properties":{"historic":"memorial","inscription":"Covatta Alessandro \"Ale\" n. 26.1.1966 m. 4.7.2015","memorial":"plaque","@id":"node/8952503153","kind":"sight","name":null},"geometry":{"type":"Point","coordinates":[12.3149632,46.6312656]}},{"type":"Feature","properties":{"historic":"memorial","inscription":"Zur Erinnerung an unseren lieben Klassenkameraden und Freund Dr. Fritz Fall der hier am 9.9.2000 tödlich verunglückte In liebem Gedenken Deine Schulfreunde","memorial":"plaque","@id":"node/8952503154","kind":"sight","name":null},"geometry":{"type":"Point","coordinates":[12.3149951,46.6312809]}},{"type":"Feature","properties":{"historic":"memorial","inscription":"\"Confesso che ho vissuto\" CARLO ANSELMI 18/8/37 - 24/8/99 -LA VEDOVA -GLI AMIICI DELLA PROTEZIONE CIVILE FIRENZE -IL D.L.F. FIRENZE","memorial":"plaque","@id":"node/8952503155","kind":"sight","name":null},"geometry":{"type":"Point","coordinates":[12.3150248,46.6312911]}},{"type":"Feature","properties":{"historic":"memorial","inscription":"Ten.Col.S.SM Renzo Bulfone Mag.T.SG. Gianfranco Lastri Cap.P.E. Piermaria Medici 9 Luglio 1974 A L' E' UN SPLAZ PLEN DI STELUTIS DAL GNO'SANC L E' STAT BAGNAT","memorial":"sculpture","@id":"node/8952528320","kind":"sight","name":null},"geometry":{"type":"Point","coordinates":[12.3137951,46.627321]}},{"type":"Feature","properties":{"historic":"memorial","memorial":"plaque","name":"Paul Grohmann","subject:wikidata":"Q597740","subject:wikipedia":"en:Paul Grohmann","wikimedia_commons":"File:Paul Grohmann memorial in Tre Cime di Lavaredo - Drei Zinnen.jpg","@id":"node/11199559877","kind":"sight"},"geometry":{"type":"Point","coordinates":[12.3074028,46.6137392]}},{"type":"Feature","properties":{"historic":"memorial","inscription":"Sepp Innerkofler 1865-1915 Guida Alpina-Bergführer","name":"Sepp Innerkofler","start_date":"21-09-1997","subject:wikidata":"Q90108","subject:wikipedia":"it:Sepp Innerkofler","@id":"node/12086615858","kind":"sight"},"geometry":{"type":"Point","coordinates":[12.3107761,46.6369166]}},{"type":"Feature","properties":{"historic":"memorial","memorial":"plaque","name":"Non abbiate paura !","@id":"node/12086876191","kind":"sight"},"geometry":{"type":"Point","coordinates":[12.3111744,46.6222003]}},{"type":"Feature","properties":{"historic":"memorial","memorial":"plaque","memorial:conflict":"WW1","war_memorial":"yes","@id":"node/13157091252","kind":"sight","name":null},"geometry":{"type":"Point","coordinates":[12.3147733,46.6236873]}},{"type":"Feature","properties":{"tourism":"viewpoint","@id":"node/7913631559","kind":"viewpoint","name":null},"geometry":{"type":"Point","coordinates":[12.2950763,46.6016225]}},{"type":"Feature","properties":{"alt_name":"Flying Banana viewpoint","name":"Cadini di Misurina Punto Panoramico","name:it":"Cadini di Misurina Punto Panoramico","source:name":"Cadini di Misurina Punto Panoramico","tourism":"viewpoint","@id":"node/9163083564","kind":"viewpoint"},"geometry":{"type":"Point","coordinates":[12.2954732,46.6009257]}},{"type":"Feature","properties":{"tourism":"viewpoint","@id":"node/11099082007","kind":"viewpoint","name":null},"geometry":{"type":"Point","coordinates":[12.299388,46.6036308]}},{"type":"Feature","properties":{"amenity":"restaurant","building":"yes","check_date":"2024-11-04","name":"Almhütte Plätzwiese","@id":"way/103700849","kind":"refreshment"},"geometry":{"type":"Point","coordinates":[12.1885231,46.6505342]}},{"type":"Feature","properties":{"amenity":"restaurant","building":"yes","cuisine":"italian;german;regional","email":"info@plaetzwiese.com","internet_access":"no","name":"Berggasthof Plätzwiese - Rifugio Prato Piazza","phone":"+39 0474 748650","tourism":"guest_house","website":"https://www.plaetzwiese.com/de/index.htm","@id":"way/103700852","kind":"refreshment"},"geometry":{"type":"Point","coordinates":[12.179245,46.6538761]}},{"type":"Feature","properties":{"tourism":"viewpoint","@id":"node/652136208","kind":"viewpoint","name":null},"geometry":{"type":"Point","coordinates":[12.1992811,46.6414421]}},{"type":"Feature","properties":{"building":"yes","building:levels":"3","contact:mail":"info@vallandro.it","contact:phone":"+39 0474 972505","contact:website":"https://www.vallandro.it/","name":"Dürrensteinhütte - Rifugio di Vallandro","name:de":"Dürrensteinhütte","name:it":"Rifugio di Vallandro","power_supply":"yes","ref:vatin":"IT03069930216","shower":"yes","tourism":"alpine_hut","wikidata":"Q910174","wikipedia":"it:Rifugio Vallandro","@id":"way/103700847","kind":"hut"},"geometry":{"type":"Point","coordinates":[12.1958776,46.6419371]}},{"type":"Feature","properties":{"natural":"spring","@id":"node/14024034412","kind":"water","name":null},"geometry":{"type":"Point","coordinates":[12.1908277,46.6494403]}},{"type":"Feature","properties":{"leisure":"picnic_table","@id":"node/14079923035","kind":"picnic","name":null},"geometry":{"type":"Point","coordinates":[12.1878334,46.6512314]}},{"type":"Feature","properties":{"historic":"memorial","inscription":"Hier fand eine Geschützbedienung durch einen Volltreffer den Heldentod. Treu für das Vaterland galt als ihre Pflicht hatten sie auch keinen Dank, vergesst man ihrer nicht.","memorial":"war_memorial","memorial:conflict":"WW1","name":"Gefallenendenkmal Plätzwiese - Monumento ai caduti di Prato Piazza","name:de":"Gefallenendenkmal Plätzwiese","name:it":"Monumento ai caduti di Prato Piazza","old_inscription":"1915-191. Gewidmet den im Kampfe geggen Welschlands Tücken gefallenen Helden.","@id":"node/1362002826","kind":"sight"},"geometry":{"type":"Point","coordinates":[12.1766072,46.6560906]}},{"type":"Feature","properties":{"access":"yes","check_date":"2023-09-06","historic":"ruins","historic:civilization":"modern","ruins":"bunker","@id":"node/11219480414","kind":"sight","name":null},"geometry":{"type":"Point","coordinates":[12.1964547,46.6417562]}},{"type":"Feature","properties":{"historic":"memorial","memorial":"plaque","name":"Psalm 104","wikidata":"Q379245","wikipedia":"en:Psalm 104","@id":"node/14067583408","kind":"sight"},"geometry":{"type":"Point","coordinates":[12.1795473,46.653759]}},{"type":"Feature","properties":{"access":"customers","building":"yes","castle_type":"fort","historic":"castle","name":"Sperrwerk Plätzwiese - Forte Vallandro","name:de":"Sperrwerk Plätzwiese","name:it":"Forte Prato Piazza","wikidata":"Q2560286","wikipedia":"it:Forte Prato Piazza","@id":"way/103700845","kind":"sight"},"geometry":{"type":"Point","coordinates":[12.1953035,46.641761]}},{"type":"Feature","properties":{"amenity":"restaurant","building":"yes","@id":"way/932020306","kind":"refreshment","name":null},"geometry":{"type":"Point","coordinates":[12.0533889,46.482969]}},{"type":"Feature","properties":{"name":"Passo Giau","name:it":"Passo Giau","tourism":"viewpoint","@id":"node/4804007126","kind":"viewpoint"},"geometry":{"type":"Point","coordinates":[12.0532055,46.4828423]}},{"type":"Feature","properties":{"tourism":"viewpoint","@id":"node/11139464405","kind":"viewpoint","name":null},"geometry":{"type":"Point","coordinates":[12.0535754,46.484343]}},{"type":"Feature","properties":{"artist_name":"N. Sammartin","artwork_type":"sculpture","description":"OPERA DELLO SCULTORE N. SAMMARTIN OFFERTA DA RICCARDO DALLA FAVERA RICORDO DELLA SUA 800A ASCENSIONE\nAL MUVOLAG\nNON FATICA... MA GIOI\nMA GIOIA","material":"metal","tourism":"artwork","@id":"node/11166304141","kind":"sight","name":null},"geometry":{"type":"Point","coordinates":[12.0454783,46.4953459]}},{"type":"Feature","properties":{"artwork_type":"sculpture","description":"scultura di funghi","material":"wood","tourism":"artwork","@id":"node/11166798688","kind":"sight","name":null},"geometry":{"type":"Point","coordinates":[12.0534717,46.4832293]}},{"type":"Feature","properties":{"tourism":"viewpoint","@id":"node/12253528830","kind":"viewpoint","name":null},"geometry":{"type":"Point","coordinates":[12.0441002,46.4970536]}},{"type":"Feature","properties":{"beds":"24","building":"cabin","contact:facebook":"https://www.facebook.com/rifugio.nuvolau.2575/","contact:instagram":"https://www.instagram.com/rifugio.nuvolau/","contact:youtube":"https://www.youtube.com/@rifugionuvolau8867","ele":"2575","email":"info@rifugionuvolau.it","food":"yes","name":"Rifugio Nuvolau","opening_hours":"Jun 13-Sep 20 Mo-Su 10:30-15:00 open \"Panini alla griglia e bar\"; Jun 13-Sep 20 Mo-Su 07:00-22:00 open \"Bevande  e snack\"; Jun 15-Sep 20 Mo-Su 10:00-16:30 open \"Bar\"; Jun 15-Sep 20 Mo-Su 11:30-14:30 open \"Ristorante\"; Jun 20-Sep 20 open \"Camere aperte \"","opening_hours:kitchen":"11:30-14:30","phone":"+39 0436 867938","reservation":"recommended","rooms":"5","smoking":"outside","tourism":"alpine_hut","website":"https://rifugionuvolau.it/","wikidata":"Q3935576","wikipedia":"it:Rifugio Nuvolau","@id":"way/200226208","kind":"hut"},"geometry":{"type":"Point","coordinates":[12.045729,46.4952418]}},{"type":"Feature","properties":{"covered":"no","leisure":"picnic_table","@id":"node/12161538683","kind":"picnic","name":null},"geometry":{"type":"Point","coordinates":[12.0457812,46.4951595]}},{"type":"Feature","properties":{"covered":"no","leisure":"picnic_table","@id":"node/12161579156","kind":"picnic","name":null},"geometry":{"type":"Point","coordinates":[12.0458198,46.4951846]}},{"type":"Feature","properties":{"covered":"no","leisure":"picnic_table","@id":"node/12161592379","kind":"picnic","name":null},"geometry":{"type":"Point","coordinates":[12.0458704,46.4952185]}},{"type":"Feature","properties":{"covered":"no","leisure":"picnic_table","@id":"node/12161604013","kind":"picnic","name":null},"geometry":{"type":"Point","coordinates":[12.0458483,46.4952033]}},{"type":"Feature","properties":{"amenity":"restaurant","cuisine":"coffee_shop","@id":"node/7060626210","kind":"refreshment","name":null},"geometry":{"type":"Point","coordinates":[11.7675862,46.5080846]}},{"type":"Feature","properties":{"amenity":"restaurant","name":"Fienile","@id":"node/7271768687","kind":"refreshment"},"geometry":{"type":"Point","coordinates":[11.7496342,46.5035138]}},{"type":"Feature","properties":{"addr:city":"Sëlva - Wolkenstein - Selva di Val Gardena","addr:housenumber":"23","addr:postcode":"39048","addr:street":"Streda Passo Sella","air_conditioning":"no","amenity":"restaurant","cuisine":"regional;italian","email":"info@rifugiocarlovalentini.com","indoor_seating":"yes","name":"Carlo Valentini","name:de":"Carlo Valentini Hütte","name:en":"Carlo Valentini Hut","name:it":"Rifugio Carlo Valentini","outdoor_seating":"yes","phone":"+390462601183","smoking":"outside","toilets":"yes","website":"https://www.rifugiocarlovalentini.com","@id":"node/11618747081","kind":"refreshment"},"geometry":{"type":"Point","coordinates":[11.7573844,46.5059435]}},{"type":"Feature","properties":{"addr:city":"Sëlva - Wolkenstein in Gröden - Selva di Val Gardena","addr:housenumber":"2","addr:postcode":"39048","addr:street":"Ortschaft Sellajoch - Località Passo Sella","amenity":"restaurant","email":"info@passosella-resort.com","name":"L'Angolino del Sella","phone":"+39 0471 795136","website":"https://www.valgardena.it/en/addresses/detail/base/company/selva-val-gardena/l-angolino-del-sella/4FEBB3C0B599DFCFC580F88FC5A809B1/?RequestKey=170784118965cb96a5a6574","@id":"node/11619041603","kind":"refreshment"},"geometry":{"type":"Point","coordinates":[11.7568202,46.509215]}},{"type":"Feature","properties":{"addr:city":"Sëlva - Wolkenstein in Gröden - Selva di Val Gardena","addr:housenumber":"2","addr:postcode":"39048","addr:street":"Ortschaft Sellajoch - Località Passo Sella","amenity":"bar","name:de":"Sellajoch Mountain Resort","name:en":"Passo Sella Mountain Resort","name:it":"Passo Sella Mountain Resort","phone":"+39 0471 795136","website":"https://www.valgardena.it/en/addresses/detail/base/company/selva-val-gardena/hotel-passo-sella-dolomiti-mountain-resort/C0DF977E76D911D18F2900A02427D15E/?RequestKey=170792257165ccd48b8eb06","@id":"node/11622977288","kind":"refreshment","name":null},"geometry":{"type":"Point","coordinates":[11.7569727,46.5091535]}},{"type":"Feature","properties":{"amenity":"restaurant","name":"Plattkofelhütte Rifugio Sasso Piatto","opening_hours":"11:30 - 18:30","outdoor_seating":"yes","toilets":"yes","@id":"node/13152675103","kind":"refreshment"},"geometry":{"type":"Point","coordinates":[11.7007133,46.5044487]}},{"type":"Feature","properties":{"amenity":"restaurant","building":"yes","ele":"2153","name":"Emilio-Comici-Hütte - Rifugio Emilio Comici","name:de":"Emilio-Comici-Hütte","name:it":"Rifugio Emilio Comici","phone":"+39 0471 794121","tourism":"alpine_hut","wikidata":"Q1337386","wikimedia_commons":"Category:Emilio-Comici-Hütte","wikipedia":"it:Rifugio Emilio Comici","@id":"way/41964731","kind":"hut"},"geometry":{"type":"Point","coordinates":[11.7480803,46.5286618]}},{"type":"Feature","properties":{"addr:city":"Canazei","addr:housenumber":"18","addr:postcode":"38032","addr:street":"Strada de Sella","amenity":"bar","building":"yes","name":"Hotel Maria Flora","stars":"3","tourism":"hotel","@id":"way/95648920","kind":"refreshment"},"geometry":{"type":"Point","coordinates":[11.7675993,46.5081464]}},{"type":"Feature","properties":{"amenity":"restaurant","building":"yes","ele":"2180","name":"Baita Murmeltierhütte","name:de":"Murmeltierhütte","name:it":"Baita delle Marmotte","website":"https://www.seiseralm.it/it/esperienze-e-piaceri-culinari/buoni-sapori/ristoranti-e-bar/rid-DE9AD91142264401845E73D0BD19ED02-g-baita-murmeltierhuette.html","@id":"way/209266124","kind":"refreshment"},"geometry":{"type":"Point","coordinates":[11.6971393,46.512283]}},{"type":"Feature","properties":{"alt_name":"Plattkoflalm","amenity":"restaurant","building":"yes","cuisine":"local","ele":"2250","name":"Malga Sasso Piatto","name:de":"Plattkofelalm","name:it":"Malga Sasso Piatto","website":"https://www.plattkofelalm.info/","@id":"way/211170709","kind":"refreshment"},"geometry":{"type":"Point","coordinates":[11.7070745,46.5054128]}},{"type":"Feature","properties":{"addr:city":"Sëlva - Wolkenstein in Gröden - Selva di Val Gardena","addr:city:de":"Wolkenstein in Gröden","addr:city:it":"Selva di Val Gardena","addr:city:lld":"Sëlva","addr:housenumber":"1","addr:postcode":"39048","addr:street":"Passo Sella","addr:street:de":"Sella Joch","addr:street:it":"Passo Sella","addr:street:lld":"Passo Sella","air_conditioning":"no","amenity":"bar","building":"yes","indoor_seating":"yes","name":"In Sella","outdoor_seating":"yes","smoking":"outside","@id":"way/237861722","kind":"refreshment"},"geometry":{"type":"Point","coordinates":[11.757516,46.5086427]}},{"type":"Feature","properties":{"addr:country":"IT","addr:postcode":"39046","amenity":"restaurant","building":"yes","check_date":"2023-09-21","cuisine":"regional","name":"Sellaalm","name:it":"Malga del Sella","opening_hours":"Th-Tu 09:00-20:00; We off","outdoor_seating":"yes","phone":"+39 3200 25 99 25","toilets":"yes","website":"http://www.sellaalm.it","@id":"way/255567724","kind":"refreshment"},"geometry":{"type":"Point","coordinates":[11.7614484,46.5130586]}},{"type":"Feature","properties":{"air_conditioning":"no","amenity":"restaurant","brewery":"Maxlrainer;Stiegl;Paulaner;Forst","building":"yes","building:colour":"#85552e","changing_table":"yes","cuisine":"regional","diet:halal":"no","diet:kosher":"no","diet:vegan":"no","diet:vegetarian":"yes","dog":"yes","ele":"2300","email":"info.friedrichaugust@gmail.com","indoor_seating":"yes","internet_access":"wlan","internet_access:fee":"customers","name":"Rifugio Federico Augusto","name:de":"Friedrich-August-Hütte","name:it":"Rifugio Federico Augusto","opening_hours":"Mo-Su,PH 08:00-22:45","outdoor_seating":"terrace","phone":"+39 0462 764919","smoking":"outside","toilets":"yes","toilets:wheelchair":"no","tourism":"alpine_hut","wheelchair":"no","wikidata":"Q111064004","wikimedia_commons":"Category:Rifugio Friedrich August","@id":"way/363936658","kind":"hut"},"geometry":{"type":"Point","coordinates":[11.7451847,46.5004073]}},{"type":"Feature","properties":{"addr:city":"Canazei","addr:country":"IT","addr:housenumber":"43/a","addr:postcode":"38032","addr:street":"Passo Sella Str.","air_conditioning":"no","amenity":"restaurant","building":"yes","indoor_seating":"yes","name":"Baita Miara Hütte","outdoor_seating":"yes","phone":"+39 333 256 2188","smoking":"outside","toilets":"yes","website":"https://www.baita-miara-huette.it","@id":"way/430645851","kind":"refreshment"},"geometry":{"type":"Point","coordinates":[11.749994,46.5017104]}},{"type":"Feature","properties":{"addr:city":"Canazei","addr:postcode":"38032","addr:street":"Loc. Col Rodella","amenity":"restaurant","building":"yes","name":"Baita Rodella Hutte 2222","phone":"+39 3406240274","website":"https://www.rodella2222.com/","@id":"way/964320024","kind":"refreshment"},"geometry":{"type":"Point","coordinates":[11.7545516,46.5010377]}},{"type":"Feature","properties":{"amenity":"restaurant","building":"yes","name":"Piz Sella","@id":"way/1231665960","kind":"refreshment"},"geometry":{"type":"Point","coordinates":[11.7509036,46.531886]}},{"type":"Feature","properties":{"amenity":"watering_place","@id":"node/6641986723","kind":"water","name":null},"geometry":{"type":"Point","coordinates":[11.7061111,46.5051111]}},{"type":"Feature","properties":{"amenity":"watering_place","@id":"node/7047350466","kind":"water","name":null},"geometry":{"type":"Point","coordinates":[11.7551205,46.5165549]}},{"type":"Feature","properties":{"amenity":"drinking_water","@id":"node/7052066585","kind":"water","name":null},"geometry":{"type":"Point","coordinates":[11.7002869,46.5096525]}},{"type":"Feature","properties":{"access":"yes","amenity":"drinking_water","check_date":"2024-10-13","description":"Seems fine to drink","fee":"no","was:description":"Probably not good to drink.","wikimedia_commons":"File:Water source in Dolomite.jpg","@id":"node/7052066656","kind":"water","name":null},"geometry":{"type":"Point","coordinates":[11.7004618,46.5202141]}},{"type":"Feature","properties":{"access":"yes","amenity":"toilets","toilets:disposal":"flush","unisex":"yes","@id":"node/11067185584","kind":"toilets","name":null},"geometry":{"type":"Point","coordinates":[11.7574896,46.5086063]}},{"type":"Feature","properties":{"ele":"2240","mountain_pass":"yes","name":"Jouf de Sela - Passo Sella - Sellajoch","name:de":"Sellajoch","name:en":"Sella Pass","name:eo":"Montpasejo Sella","name:fr":"Col de Sella","name:it":"Passo Sella","name:ka":"სელის უღელტეხილი","name:lld":"Jouf de Sela","name:ms":"Genting Sella","name:nl":"Sellapas","name:no":"Sellapasset","name:ru":"Селла","natural":"saddle","tourism":"attraction","wikidata":"Q595382","wikimedia_commons":"Category:Sellajoch","wikipedia":"it:Passo Sella","@id":"node/272338771","kind":"sight"},"geometry":{"type":"Point","coordinates":[11.7673265,46.5080689]}},{"type":"Feature","properties":{"tourism":"viewpoint","@id":"node/4339823490","kind":"viewpoint","name":null},"geometry":{"type":"Point","coordinates":[11.6942838,46.5090271]}},{"type":"Feature","properties":{"name":"Zità di Sasc - Steinerne Stadt - Città dei Sassi","name:de":"Steinerne Stadt","name:it":"Città dei Sassi","name:lld":"Zità di Sasc","place":"locality","sport":"climbing","tourism":"attraction","@id":"node/6473012816","kind":"sight"},"geometry":{"type":"Point","coordinates":[11.7529893,46.5121866]}},{"type":"Feature","properties":{"tourism":"attraction","@id":"node/9520217207","kind":"sight","name":null},"geometry":{"type":"Point","coordinates":[11.7526384,46.5173279]}},{"type":"Feature","properties":{"description":"Bird of prey","material":"wood","tourism":"artwork","@id":"node/11379249257","kind":"sight","name":null},"geometry":{"type":"Point","coordinates":[11.7231675,46.5314736]}},{"type":"Feature","properties":{"building":"yes","ele":"2218","email":"info@rifugiocarlovalentini.com","indoor_seating":"yes","mobile":"+39 339 8482308","name":"Carlo Valentini","name:de":"Carlo Valentini Hütte","name:en":"Carlo Valentini Hut","name:it":"Rifugio Carlo Valentini","outdoor_seating":"yes","phone":"+39 0462 601183","source":"PCN ortofoto_colore 2006 - autorizzazione 10687/TRI","tourism":"alpine_hut","website":"https://www.rifugiocarlovalentini.com/","@id":"way/68827782","kind":"hut"},"geometry":{"type":"Point","coordinates":[11.7573656,46.505959]}},{"type":"Feature","properties":{"building":"yes","ele":"2225","email":"info@rifugiosalei.it","indoor_seating":"yes","internet_access":"wlan","mobile":"+39 335 7536315","name":"Rifugio Salei","outdoor_seating":"yes","tourism":"alpine_hut","website":"https://www.rifugiosalei.it/","@id":"way/95420782","kind":"hut"},"geometry":{"type":"Point","coordinates":[11.752035,46.5036876]}},{"type":"Feature","properties":{"access":"yes","building":"yes","capacity":"50","ele":"2300","internet_access":"wlan","name":"Plattkofelhütte - Rifugio Sasso Piatto","name:de":"Plattkofelhütte","name:it":"Rifugio Sasso Piatto","operator":"private","phone":"+39 0462 601721","reservation":"yes","source":"bing","tourism":"alpine_hut","website":"https://www.plattkofel.com/","wikidata":"Q2098796","wikipedia":"de:Plattkofelhütte","@id":"way/97941683","kind":"hut"},"geometry":{"type":"Point","coordinates":[11.7009175,46.5044298]}},{"type":"Feature","properties":{"building":"yes","capacity":"14","charge":"72 EUR half-board","charge:check_date":"2024-10-10","contact:email":"info@rifugiopertini.com","ele":"2300","fee":"yes","name":"Rifugio Sandro Pertini","opening_hours":"mid Jun-end of Sep 24/7","operator":"private","tourism":"alpine_hut","website":"https://www.rifugiopertini.com/en/","wikidata":"Q3935618","wikimedia_commons":"Category:Rifugio Pertini","wikipedia":"it:Rifugio Sandro Pertini","@id":"way/291725843","kind":"hut"},"geometry":{"type":"Point","coordinates":[11.7246156,46.5020842]}},{"type":"Feature","properties":{"leisure":"picnic_table","@id":"node/6446567542","kind":"picnic","name":null},"geometry":{"type":"Point","coordinates":[11.7231509,46.5314939]}},{"type":"Feature","properties":{"covered":"no","leisure":"picnic_table","material":"wood","@id":"node/7692740155","kind":"picnic","name":null},"geometry":{"type":"Point","coordinates":[11.7253672,46.5018001]}},{"type":"Feature","properties":{"covered":"no","leisure":"picnic_table","material":"wood","@id":"node/7692740156","kind":"picnic","name":null},"geometry":{"type":"Point","coordinates":[11.7252727,46.5018361]}},{"type":"Feature","properties":{"denomination":"catholic","historic":"wayside_shrine","religion":"christian","@id":"node/3680471325","kind":"sight","name":null},"geometry":{"type":"Point","coordinates":[11.7247164,46.5022245]}},{"type":"Feature","properties":{"historic":"wayside_cross","religion":"christian","@id":"node/4339932594","kind":"sight","name":null},"geometry":{"type":"Point","coordinates":[11.7008683,46.5047511]}},{"type":"Feature","properties":{"denomination":"roman_catholic","historic":"wayside_cross","religion":"christian","@id":"node/6454045999","kind":"sight","name":null},"geometry":{"type":"Point","coordinates":[11.7225386,46.5333628]}},{"type":"Feature","properties":{"historic":"wayside_cross","@id":"node/6641986730","kind":"sight","name":null},"geometry":{"type":"Point","coordinates":[11.6944303,46.5090384]}},{"type":"Feature","properties":{"denomination":"roman_catholic","historic":"wayside_cross","religion":"christian","@id":"node/7047391548","kind":"sight","name":null},"geometry":{"type":"Point","coordinates":[11.7544823,46.5188067]}},{"type":"Feature","properties":{"denomination":"roman_catholic","historic":"wayside_cross","religion":"christian","@id":"node/7069354100","kind":"sight","name":null},"geometry":{"type":"Point","coordinates":[11.7572654,46.5067676]}},{"type":"Feature","properties":{"denomination":"catholic","historic":"wayside_cross","religion":"christian","@id":"node/7692722122","kind":"sight","name":null},"geometry":{"type":"Point","coordinates":[11.7067078,46.5055409]}},{"type":"Feature","properties":{"denomination":"catholic","historic":"wayside_cross","religion":"christian","@id":"node/7734582176","kind":"sight","name":null},"geometry":{"type":"Point","coordinates":[11.6972696,46.5121929]}},{"type":"Feature","properties":{"historic":"monument","inscription":"Val Gardena / Gröden / Gherdëina\nDolomites Val Gardena\nvalgardena.it","name":"Val Gardena / Gröden / Gherdëina","@id":"node/10095158472","kind":"sight"},"geometry":{"type":"Point","coordinates":[11.7642588,46.5085]}},{"type":"Feature","properties":{"historic":"memorial","memorial":"plaque","name":"Arturo Tanesini","@id":"node/11153605719","kind":"sight"},"geometry":{"type":"Point","coordinates":[11.7560793,46.5093865]}},{"type":"Feature","properties":{"historic":"memorial","@id":"node/12249938942","kind":"sight","name":null},"geometry":{"type":"Point","coordinates":[11.7566221,46.5085829]}},{"type":"Feature","properties":{"amenity":"restaurant","diet:vegetarian":"yes","indoor_seating":"yes","name":"Emmas Bistro","operator":"Hotel Pragser Wildsee GmgH/Hotel Lago di Braier srl","outdoor_seating":"yes","payment:cash":"yes","payment:credit_cards":"yes","payment:debit_cards":"yes","smoking":"outside","wheelchair":"yes","@id":"node/9867781372","kind":"refreshment"},"geometry":{"type":"Point","coordinates":[12.0838318,46.6980667]}},{"type":"Feature","properties":{"amenity":"fast_food","name":"Chalet Grill & more","@id":"node/10103181686","kind":"refreshment"},"geometry":{"type":"Point","coordinates":[12.0853482,46.6991815]}},{"type":"Feature","properties":{"amenity":"bar","building":"yes","@id":"way/289690896","kind":"refreshment","name":null},"geometry":{"type":"Point","coordinates":[12.0853652,46.6992219]}},{"type":"Feature","properties":{"access":"yes","amenity":"toilets","fee":"no","female":"yes","male":"yes","@id":"node/4399773431","kind":"toilets","name":null},"geometry":{"type":"Point","coordinates":[12.0848284,46.7000147]}},{"type":"Feature","properties":{"amenity":"toilets","check_date":"2025-09-13","check_date:wheelchair":"2025-09-13","fee":"no","wheelchair":"no","@id":"node/5181279494","kind":"toilets","name":null},"geometry":{"type":"Point","coordinates":[12.0803276,46.6908108]}},{"type":"Feature","properties":{"amenity":"toilets","changing_table":"no","charge":"1€","fee":"yes","wheelchair":"yes","@id":"node/9867762687","kind":"toilets","name":null},"geometry":{"type":"Point","coordinates":[12.0838709,46.6981286]}},{"type":"Feature","properties":{"amenity":"toilets","@id":"node/12873858701","kind":"toilets","name":null},"geometry":{"type":"Point","coordinates":[12.0854293,46.6991649]}},{"type":"Feature","properties":{"ele":"1947","name":"Großer Apostel - Grande Apostolo","name:de":"Großer Apostel","name:it":"Grande Apostolo","tourism":"viewpoint","@id":"node/3950389732","kind":"viewpoint"},"geometry":{"type":"Point","coordinates":[12.0921553,46.6959686]}},{"type":"Feature","properties":{"building":"yes","information":"office","tourism":"information","@id":"way/1423417628","kind":"information","name":null},"geometry":{"type":"Point","coordinates":[12.0857102,46.6998334]}},{"type":"Feature","properties":{"backrest":"yes","covered":"no","leisure":"picnic_table","material":"wood","@id":"node/4399825660","kind":"picnic","name":null},"geometry":{"type":"Point","coordinates":[12.0878325,46.6979625]}},{"type":"Feature","properties":{"backrest":"yes","covered":"no","leisure":"picnic_table","material":"wood","@id":"node/4399825661","kind":"picnic","name":null},"geometry":{"type":"Point","coordinates":[12.0877502,46.6979714]}},{"type":"Feature","properties":{"backrest":"yes","covered":"no","leisure":"picnic_table","material":"wood","@id":"node/6554128435","kind":"picnic","name":null},"geometry":{"type":"Point","coordinates":[12.0877434,46.698035]}},{"type":"Feature","properties":{"check_date":"2023-10-16","covered":"no","leisure":"picnic_table","@id":"node/6554128439","kind":"picnic","name":null},"geometry":{"type":"Point","coordinates":[12.0876418,46.6995607]}},{"type":"Feature","properties":{"covered":"no","leisure":"picnic_table","material":"wood","@id":"node/9867624685","kind":"picnic","name":null},"geometry":{"type":"Point","coordinates":[12.0809339,46.6908445]}},{"type":"Feature","properties":{"backrest":"yes","covered":"no","leisure":"picnic_table","material":"wood","@id":"node/10030861570","kind":"picnic","name":null},"geometry":{"type":"Point","coordinates":[12.0857496,46.6891097]}},{"type":"Feature","properties":{"backrest":"yes","covered":"no","leisure":"picnic_table","material":"wood","@id":"node/10030867156","kind":"picnic","name":null},"geometry":{"type":"Point","coordinates":[12.0778458,46.6900121]}},{"type":"Feature","properties":{"covered":"no","leisure":"picnic_table","@id":"node/12977997806","kind":"picnic","name":null},"geometry":{"type":"Point","coordinates":[12.08019,46.6912526]}},{"type":"Feature","properties":{"covered":"no","leisure":"picnic_table","@id":"node/12978036297","kind":"picnic","name":null},"geometry":{"type":"Point","coordinates":[12.0811815,46.6897823]}},{"type":"Feature","properties":{"description":"Mächtiger als das Brausen großer Wasser, mächtiger als die Brandung des Meeres, ist der Herr in der Höhe. - Immer ist Gott größer als alle unsere Nöte.","historic":"memorial","memorial":"plaque","@id":"node/6554128434","kind":"sight","name":null},"geometry":{"type":"Point","coordinates":[12.0839323,46.6973532]}},{"type":"Feature","properties":{"historic":"memorial","@id":"node/10032338031","kind":"sight","name":null},"geometry":{"type":"Point","coordinates":[12.0795561,46.6901701]}},{"type":"Feature","properties":{"amenity":"fast_food","building":"yes","name":"carezza snack","@id":"way/394926866","kind":"refreshment"},"geometry":{"type":"Point","coordinates":[11.5757538,46.4109736]}},{"type":"Feature","properties":{"amenity":"cafe","bar":"yes","building":"commercial","changing_table":"yes","highchair":"yes","indoor_seating":"yes","level":"0","name":"Bar & Imbiss Kareesee","operator":"Kompatscher Manuel","outdoor_seating":"yes","ref:vatin":"IT02459330219","smoking":"no","takeaway":"yes","toilets":"yes","toilets:access":"yes","toilets:wheelchair":"yes","wheelchair":"yes","@id":"way/394926867","kind":"refreshment"},"geometry":{"type":"Point","coordinates":[11.5756049,46.4109016]}},{"type":"Feature","properties":{"amenity":"drinking_water","bottle":"yes","description:de":"WC beim Servicezentrum Karersee","description:it":"bagno nel centro servizi al Lago di Carezza","drinking_water":"yes","ele":"1550","fee":"no","image":"https://www.refill.bz.it/images/sitemap/karersee.jpg","indoor":"yes","operator":"Agentur Landesdomäne","seasonal":"spring;summer;autumn","source":"Refill Südtirol / Alto Adige","source:date":"2020-04-30","wheelchair":"yes","@id":"node/7468241992","kind":"water","name":null},"geometry":{"type":"Point","coordinates":[11.575629,46.410942]}},{"type":"Feature","properties":{"access":"yes","amenity":"toilets","building":"yes","fee":"no","layer":"-1","location":"surface","name":"Karer See - Lago di Carezza","wheelchair":"yes","@id":"way/394926869","kind":"toilets"},"geometry":{"type":"Point","coordinates":[11.5755177,46.4109825]}},{"type":"Feature","properties":{"tourism":"viewpoint","@id":"node/1396696823","kind":"viewpoint","name":null},"geometry":{"type":"Point","coordinates":[11.5762261,46.4091215]}},{"type":"Feature","properties":{"tourism":"viewpoint","@id":"node/4306274048","kind":"viewpoint","name":null},"geometry":{"type":"Point","coordinates":[11.5752951,46.4084858]}},{"type":"Feature","properties":{"direction":"200","tourism":"viewpoint","@id":"node/8088199135","kind":"viewpoint","name":null},"geometry":{"type":"Point","coordinates":[11.5758276,46.4101547]}},{"type":"Feature","properties":{"direction":"180","tourism":"viewpoint","@id":"node/8954145342","kind":"viewpoint","name":null},"geometry":{"type":"Point","coordinates":[11.5760242,46.4101246]}},{"type":"Feature","properties":{"tourism":"viewpoint","@id":"node/11010605851","kind":"viewpoint","name":null},"geometry":{"type":"Point","coordinates":[11.5787148,46.4105587]}},{"type":"Feature","properties":{"artwork_type":"statue","tourism":"artwork","@id":"node/13415283752","kind":"sight","name":null},"geometry":{"type":"Point","coordinates":[11.5756076,46.4095664]}},{"type":"Feature","properties":{"lit":"no","name":"Aussichtsplattform Karer See","surface":"wood","tourism":"viewpoint","@id":"way/967857673","kind":"viewpoint"},"geometry":{"type":"Point","coordinates":[11.5759269,46.4101483]}},{"type":"Feature","properties":{"covered":"no","leisure":"picnic_table","@id":"node/11560199744","kind":"picnic","name":null},"geometry":{"type":"Point","coordinates":[11.5785802,46.4124946]}},{"type":"Feature","properties":{"covered":"no","leisure":"picnic_table","@id":"node/11560199745","kind":"picnic","name":null},"geometry":{"type":"Point","coordinates":[11.5786294,46.4124579]}},{"type":"Feature","properties":{"covered":"no","leisure":"picnic_table","@id":"node/11560199746","kind":"picnic","name":null},"geometry":{"type":"Point","coordinates":[11.5787486,46.4124223]}},{"type":"Feature","properties":{"amenity":"restaurant","name":"Baita Son Zuogo","@id":"node/13055435913","kind":"refreshment"},"geometry":{"type":"Point","coordinates":[12.1996991,46.5570333]}},{"type":"Feature","properties":{"name:ko":"Hikermedals 촬영 포인트","tourism":"viewpoint","@id":"node/12637949201","kind":"viewpoint","name":null},"geometry":{"type":"Point","coordinates":[12.2255965,46.5219625]}},{"type":"Feature","properties":{"addr:city":"Cortina d'Ampezzo","building":"yes","ele":"1928","name":"Rifugio Vandelli","tourism":"alpine_hut","wikidata":"Q3935392","wikipedia":"it:Rifugio Alfonso Vandelli","@id":"way/200789472","kind":"hut"},"geometry":{"type":"Point","coordinates":[12.2266178,46.5216727]}},{"type":"Feature","properties":{"natural":"spring","@id":"node/1616662612","kind":"water","name":null},"geometry":{"type":"Point","coordinates":[12.2270752,46.5225872]}},{"type":"Feature","properties":{"drinking_water":"conditional","natural":"spring","@id":"node/9875825779","kind":"water","name":null},"geometry":{"type":"Point","coordinates":[12.2040784,46.5500598]}},{"type":"Feature","properties":{"access":"yes","historic":"ruins","historic:civilization":"modern","ruins":"building","@id":"node/11034169330","kind":"sight","name":null},"geometry":{"type":"Point","coordinates":[12.2255218,46.5206539]}},{"type":"Feature","properties":{"amenity":"restaurant","cuisine":"regional;pizza","email":"info@dreimaedelhaus.info","name":"Dreimädelhaus","opening_hours":"Mo-Fr 17:00-23:00;Sa,Su 10:00-23:00; We,PH off","phone":"+39 0472 840102","website":"https://www.dreimaedelhaus.info/","@id":"node/2914705729","kind":"refreshment"},"geometry":{"type":"Point","coordinates":[11.6882373,46.6464936]}},{"type":"Feature","properties":{"amenity":"watering_place","bottle":"yes","drinking_water":"untreated","indoor":"no","name:de":"Galreider Brünnl","operator":"Galreid","seasonal":"yes","source":"Refill Südtirol / Alto Adige","source:date":"2020-06-12","wheelchair":"yes","@id":"node/3029118871","kind":"water","name":null},"geometry":{"type":"Point","coordinates":[11.7048205,46.6456366]}},{"type":"Feature","properties":{"amenity":"watering_place","bottle":"yes","drinking_water":"conditional","fee":"no","image":"https://www.refill.bz.it/images/sitemap/o_1h2adbkcq114r13ep1aku12ie1dvba.png","indoor":"no","name:de":"Kressbrunnen","name:it":"Kressbrunnen","seasonal":"no","source:date":"2023-06-07","wheelchair":"limited","@id":"node/10963533405","kind":"water","name":null},"geometry":{"type":"Point","coordinates":[11.697291,46.642443]}},{"type":"Feature","properties":{"amenity":"watering_place","@id":"node/11116642744","kind":"water","name":null},"geometry":{"type":"Point","coordinates":[11.6965617,46.642165]}},{"type":"Feature","properties":{"tourism":"viewpoint","@id":"node/11765659871","kind":"viewpoint","name":null},"geometry":{"type":"Point","coordinates":[11.7161156,46.6481686]}},{"type":"Feature","properties":{"historic":"wayside_cross","@id":"node/2461801886","kind":"sight","name":null},"geometry":{"type":"Point","coordinates":[11.696874,46.6438453]}},{"type":"Feature","properties":{"historic":"wayside_cross","@id":"node/2477952713","kind":"sight","name":null},"geometry":{"type":"Point","coordinates":[11.7094837,46.6454001]}},{"type":"Feature","properties":{"historic":"wayside_shrine","@id":"node/4273857149","kind":"sight","name":null},"geometry":{"type":"Point","coordinates":[11.715682,46.6485866]}},{"type":"Feature","properties":{"denomination":"roman_catholic","historic":"wayside_shrine","ref":"5","religion":"christian","@id":"node/9668988302","kind":"sight","name":null},"geometry":{"type":"Point","coordinates":[11.688788,46.6439232]}},{"type":"Feature","properties":{"historic":"wayside_shrine","@id":"node/13355689928","kind":"sight","name":null},"geometry":{"type":"Point","coordinates":[11.7031995,46.6454146]}},{"type":"Feature","properties":{"addr:hamlet":"Piancavallo","amenity":"restaurant","building":"yes","height":"3 m","it:fvg:ctrn:code":"4AED","it:fvg:ctrn:revision":"000","name":"Roncjade","tourism":"alpine_hut","@id":"way/36054066","kind":"hut"},"geometry":{"type":"Point","coordinates":[12.523138,46.1128209]}},{"type":"Feature","properties":{"amenity":"drinking_water","@id":"node/12078242870","kind":"water","name":null},"geometry":{"type":"Point","coordinates":[12.5204419,46.1079948]}},{"type":"Feature","properties":{"tourism":"viewpoint","@id":"node/2212749878","kind":"viewpoint","name":null},"geometry":{"type":"Point","coordinates":[12.5333347,46.0945493]}},{"type":"Feature","properties":{"email":"info@rampypark.it","leisure":"sports_centre","name":"Parco acrobatico forestale Rampy Park Piancavallo","phone":"+39 345 015 5436","sport":"climbing","tourism":"attraction","website":"https://www.rampypark.it/","@id":"node/6119548451","kind":"sight"},"geometry":{"type":"Point","coordinates":[12.5234804,46.1055838]}},{"type":"Feature","properties":{"building":"yes","ele":"1349","height":"3 m","it:fvg:ctrn:code":"4AED","it:fvg:ctrn:revision":"000","name":"Casera Caseratte","ref:refuges.info":"10224","shelter_type":"basic_hut","tourism":"wilderness_hut","@id":"way/36053807","kind":"hut"},"geometry":{"type":"Point","coordinates":[12.542896,46.1139847]}},{"type":"Feature","properties":{"historic":"wayside_shrine","@id":"node/13694701296","kind":"sight","name":null},"geometry":{"type":"Point","coordinates":[12.5276823,46.112314]}},{"type":"Feature","properties":{"description":"piccola edicola con statuina di Sant'Antonio con Bambino","historic":"wayside_shrine","@id":"node/13694701299","kind":"sight","name":null},"geometry":{"type":"Point","coordinates":[12.5400272,46.1133641]}},{"type":"Feature","properties":{"historic":"wayside_cross","@id":"node/13694701300","kind":"sight","name":null},"geometry":{"type":"Point","coordinates":[12.5263764,46.1101138]}},{"type":"Feature","properties":{"building":"yes","historic":"memorial","name":"Ai Caduti della Resistenza","@id":"way/216621434","kind":"sight"},"geometry":{"type":"Point","coordinates":[12.5239676,46.1114568]}},{"type":"Feature","properties":{"amenity":"restaurant","cuisine":"german","email":"info@sporthotelplatz.com","fax":"+39 0471 798228","name":"Sporthotel Platz","phone":"+39 0471 796935","stars":"3","website":"http://www.sporthotelplatz.com","@id":"node/1810816178","kind":"refreshment"},"geometry":{"type":"Point","coordinates":[11.6361309,46.5645073]}},{"type":"Feature","properties":{"amenity":"fountain","@id":"node/4281669177","kind":"water","name":null},"geometry":{"type":"Point","coordinates":[11.6365965,46.5643693]}},{"type":"Feature","properties":{"amenity":"drinking_water","bottle":"yes","drinking_water":"yes","ele":"1480","fee":"no","image":"https://www.refill.bz.it/images/sitemap/img_20201021_123353_9.jpg","indoor":"no","seasonal":"yes","source":"Refill Südtirol / Alto Adige","source:date":"2019-10-15","wheelchair":"yes","@id":"node/4988589237","kind":"water","name":null},"geometry":{"type":"Point","coordinates":[11.636588,46.564405]}},{"type":"Feature","properties":{"amenity":"drinking_water","bottle":"yes","drinking_water":"yes","ele":"1550","fee":"no","image":"https://www.refill.bz.it/images/sitemap/img_20201021_130132_5.jpg","indoor":"no","seasonal":"yes","source":"Refill Südtirol / Alto Adige","source:date":"2020-07-05","wheelchair":"no","@id":"node/7685393541","kind":"water","name":null},"geometry":{"type":"Point","coordinates":[11.631175,46.564534]}},{"type":"Feature","properties":{"amenity":"watering_place","@id":"node/7685393547","kind":"water","name":null},"geometry":{"type":"Point","coordinates":[11.6203406,46.576153]}},{"type":"Feature","properties":{"description":"Pavillion","tourism":"attraction","@id":"node/4829487421","kind":"sight","name":null},"geometry":{"type":"Point","coordinates":[11.6228899,46.5800869]}},{"type":"Feature","properties":{"denomination":"catholic","historic":"wayside_cross","religion":"christian","@id":"node/7683355026","kind":"sight","name":null},"geometry":{"type":"Point","coordinates":[11.634724,46.5682355]}},{"type":"Feature","properties":{"building":"wayside_shrine","denomination":"catholic","historic":"wayside_shrine","religion":"christian","@id":"node/7683550585","kind":"sight","name":null},"geometry":{"type":"Point","coordinates":[11.6321699,46.5665943]}},{"type":"Feature","properties":{"denomination":"catholic","historic":"wayside_cross","religion":"christian","@id":"node/7685705020","kind":"sight","name":null},"geometry":{"type":"Point","coordinates":[11.6142748,46.5776425]}},{"type":"Feature","properties":{"addr:city":"Kastelruth - Castelrotto","addr:city:de":"Kastelruth","addr:city:it":"Castelrotto","addr:hamlet":"Seiser Alm - Alpe di Siusi","addr:hamlet:de":"Seiser Alm","addr:hamlet:it":"Alpe di Siusi","addr:housenumber":"70","addr:postcode":"39040","addr:street":"Compatsch","amenity":"restaurant","cuisine":"regional","diet:gluten_free":"yes","diet:pescetarian":"yes","diet:vegan":"yes","diet:vegetarian":"yes","email":"info@tschoetschalm.com","name":"Tschötsch Alm","opening_hours":"Mo-Su,PH 09:00-17:00","outdoor_seating":"terrace","phone":"+39 320 066 1425","website":"https://www.tschoetschalm.com/","@id":"node/2755699223","kind":"refreshment"},"geometry":{"type":"Point","coordinates":[11.6142687,46.5490577]}},{"type":"Feature","properties":{"addr:city":"Kastelruth - Castelrotto","addr:city:de":"Kastelruth","addr:city:it":"Castelrotto","addr:hamlet":"Seiser Alm - Alpe di Siusi","addr:hamlet:de":"Seiser Alm","addr:hamlet:it":"Alpe di Siusi","addr:housenumber":"75","addr:postcode":"39040","addr:street":"Compatsch","amenity":"restaurant","cuisine":"regional","delivery":"no","indoor_seating":"yes","name":"Messner Schwaige","outdoor_seating":"no","smoking":"outside","wheelchair":"no","@id":"node/2755699238","kind":"refreshment"},"geometry":{"type":"Point","coordinates":[11.6203354,46.5582987]}},{"type":"Feature","properties":{"amenity":"restaurant","name":"Ristorante Alpi","opening_hours":"PH,Mo-Su 12:00-14:30,19:00-22:00","@id":"node/4287831714","kind":"refreshment"},"geometry":{"type":"Point","coordinates":[11.6159578,46.543634]}},{"type":"Feature","properties":{"amenity":"restaurant","building":"yes","cuisine":"regional","diet:vegan":"no","diet:vegetarian":"yes","ele":"2059","indoor_seating":"yes","name":"Arnika Hütte","name:de":"Arnika Hütte","outdoor_seating":"yes","smoking":"outside","wheelchair":"no","@id":"way/97543218","kind":"refreshment"},"geometry":{"type":"Point","coordinates":[11.6077946,46.5593206]}},{"type":"Feature","properties":{"amenity":"restaurant","building":"yes","email":"info@puflatsch.eu","name":"Bergrestaurant Puflatsch Ristorante","@id":"way/97548906","kind":"refreshment"},"geometry":{"type":"Point","coordinates":[11.6162365,46.551539]}},{"type":"Feature","properties":{"amenity":"drinking_water","fountain":"drinking","@id":"node/9980117889","kind":"water","name":null},"geometry":{"type":"Point","coordinates":[11.6077103,46.5592493]}},{"type":"Feature","properties":{"tourism":"viewpoint","@id":"node/270514301","kind":"viewpoint","name":null},"geometry":{"type":"Point","coordinates":[11.6093982,46.5628136]}},{"type":"Feature","properties":{"check_date":"2023-08-11","direction":"310","image":"https://photos.komoot.de/www/rs/rsdvqqbdsgi7ijpcf39wsy4x4o9q642g-p378791531-full/189df01c910?width=3072&height=2304&crop=false&q=70","source":"mt","tourism":"viewpoint","@id":"node/270514428","kind":"viewpoint","name":null},"geometry":{"type":"Point","coordinates":[11.6078006,46.5628898]}},{"type":"Feature","properties":{"name":"Engelrast","name:de":"Aussichtsplattform Engelrast","name:it":"Piattaforma panoramica Engelrast","note":"There exists no equivalent to Engelrast in Ladin or Italian","source:name":"survey;signposts","tourism":"viewpoint","url":"https://www.mapillary.com/app/?lat=46.551648805556&lng=11.616830805556&z=18.68870249545479&focus=photo&pKey=222262339345360&menu=false&x=0.48852842769959626&y=0.4150369073753623&zoom=0","@id":"node/414736896","kind":"viewpoint"},"geometry":{"type":"Point","coordinates":[11.6189868,46.5520049]}},{"type":"Feature","properties":{"alt_name":"Hexensessel","direction":"335","name":"Hexenbänke","name:it":"Panche delle Streghe","source:name":"local information board","tourism":"viewpoint","wheelchair":"no","@id":"node/440150211","kind":"viewpoint"},"geometry":{"type":"Point","coordinates":[11.6140103,46.5640738]}},{"type":"Feature","properties":{"direction":"0-360","tourism":"viewpoint","url":"https://www.suedtirol-360.com/en-k20120218115502.html","@id":"node/4682420081","kind":"viewpoint","name":null},"geometry":{"type":"Point","coordinates":[11.6215157,46.5634599]}},{"type":"Feature","properties":{"addr:city":"Kastelruth - Castelrotto","addr:city:de":"Kastelruth","addr:city:it":"Castelrotto","addr:hamlet":"Seiser Alm - Alpe di Siusi","addr:hamlet:de":"Seiser Alm","addr:hamlet:it":"Alpe di Siusi","addr:housenumber":"68","addr:postcode":"39040","addr:street":"Compatsch","building":"yes","ele":"1974","email":"info@dibaita-puflatschhuette.com","name":"Dibaita Puflatschhütte","phone":"+39 0471 729090","smoking":"outside","tourism":"alpine_hut","website":"https://www.dibaita-puflatschhuette.com","wikidata":"Q1209266","@id":"way/98576829","kind":"hut"},"geometry":{"type":"Point","coordinates":[11.6069905,46.5470452]}},{"type":"Feature","properties":{"covered":"no","leisure":"picnic_table","lit":"no","material":"wood","@id":"node/440140846","kind":"picnic","name":null},"geometry":{"type":"Point","coordinates":[11.6214882,46.5634972]}},{"type":"Feature","properties":{"access":"yes","bench":"yes","capacity":"6","check_date":"2023-08-10","image":"https://photos.komoot.de/www/9z/9zo8i5gh1heb19vysxejo9e9v4o9ocism-p378778479-full/189dee9ad88?width=3072&height=2304&crop=false&q=70","leisure":"picnic_table","lit":"no","material":"wood","source":"survey:CAI;mt","@id":"node/4344132701","kind":"picnic","name":null},"geometry":{"type":"Point","coordinates":[11.6041652,46.559621]}},{"type":"Feature","properties":{"check_date":"2023-08-10","ele":"2099","historic":"wayside_cross","image":"https://photos.komoot.de/www/l6/l6ic2q2umxlbajp12f4vad964o9obabj-p378778332-full/189ded2365e?width=3072&height=2304&crop=false&q=70","material":"wood","religion":"christian","source":"survey:CAI;mt","@id":"node/270515739","kind":"sight","name":null},"geometry":{"type":"Point","coordinates":[11.5992844,46.5567888]}},{"type":"Feature","properties":{"check_date":"2023-08-11","ele":"2130","historic":"wayside_cross","image":"https://photos.komoot.de/www/10/10radecsscelc1g7776e01jiam4o9qj1e3-p378794819-full/189df0afc9b?width=3072&height=2304&crop=false&q=70","material":"wood","name":"Fillner Kreuz","name:it":"Croce Fillner","source":"survey:CAI;mt","@id":"node/440140848","kind":"sight"},"geometry":{"type":"Point","coordinates":[11.6216188,46.5634886]}},{"type":"Feature","properties":{"check_date":"2023-08-11","historic":"wayside_shrine","image":"https://photos.komoot.de/www/zm/zm8byb5bp6nf121i34anjqau44o9qzt3p-p378791239-full/189df16ed3c?width=3072&height=2304&crop=false&q=70","material":"wood","@id":"node/1256609175","kind":"sight","name":null},"geometry":{"type":"Point","coordinates":[11.6081017,46.5625402]}},{"type":"Feature","properties":{"historic":"wayside_cross","@id":"node/2919093960","kind":"sight","name":null},"geometry":{"type":"Point","coordinates":[11.6122828,46.5634213]}},{"type":"Feature","properties":{"historic":"wayside_shrine","@id":"node/2919093961","kind":"sight","name":null},"geometry":{"type":"Point","coordinates":[11.6088457,46.5626323]}},{"type":"Feature","properties":{"check_date":"2023-08-10","historic":"wayside_cross","material":"wood","religion":"christian","source":"survey:CAI;mt","@id":"node/7685504250","kind":"sight","name":null},"geometry":{"type":"Point","coordinates":[11.6042152,46.5596542]}},{"type":"Feature","properties":{"check_date":"2024-09-25","denomination":"catholic","historic":"wayside_cross","material":"wood","religion":"christian","source":"survey:CAI;mt","@id":"node/7685504256","kind":"sight","name":null},"geometry":{"type":"Point","coordinates":[11.6078513,46.5628296]}},{"type":"Feature","properties":{"check_date":"2023-08-10","denomination":"catholic","historic":"wayside_cross","image":"https://photos.komoot.de/www/cv/cvkikezxv463muatxtdobb234o9o9ysl-p378778117-full/189ded145cf?width=3072&height=2304&crop=false&q=70","material":"wood","religion":"christian","source":"survey:CAI;mt","@id":"node/7741505759","kind":"sight","name":null},"geometry":{"type":"Point","coordinates":[11.6031308,46.5515211]}},{"type":"Feature","properties":{"addr:city":"Kastelruth - Castelrotto","addr:city:de":"Kastelruth","addr:city:it":"Castelrotto","addr:hamlet":"Seiser Alm - Alpe di Siusi","addr:hamlet:de":"Seiser Alm","addr:hamlet:it":"Alpe di Siusi","addr:housenumber":"25","addr:postcode":"39040","addr:street":"Saltria","amenity":"restaurant","contact:email":"info@laranzerschwaige.com","cuisine":"regional","internet_access":"no","name":"Laranzer Schwaige - Malga Laranz","name:de":"Laranzer Alm","name:it":"Malga Laranz","outdoor_seating":"yes","phone":"+393661237571","smoking":"outside","source":"IGM 1:25000 map","toilets:wheelchair":"no","website":"https://www.laranzerschwaige.com","wheelchair":"limited","@id":"node/1387720796","kind":"refreshment"},"geometry":{"type":"Point","coordinates":[11.6504229,46.5268297]}},{"type":"Feature","properties":{"amenity":"restaurant","cuisine":"regional;italian","internet_access":"wlan","name":"Restaurant Floralpina","opening_hours":"08:00-22:00","operator":"Josef Kofler","outdoor_seating":"yes","payment:cash":"yes","payment:mastercard":"yes","payment:visa":"yes","phone":"+39 0471 727907","smoking":"outside","takeaway":"no","website":"https://www.floralpina.com","@id":"node/7050037422","kind":"refreshment"},"geometry":{"type":"Point","coordinates":[11.6679929,46.5285934]}},{"type":"Feature","properties":{"addr:city":"Seiser Alm - Alpe di Siusi","addr:city:de":"Seiser Alm","addr:city:it":"Alpe di Siusi","addr:housenumber":"39","addr:postcode":"39040","addr:street":"Saltria","amenity":"restaurant","building":"yes","name":"Hotel Brunelle","tourism":"hotel","website":"https://www.hotel-brunelle.com/","@id":"way/41876670","kind":"refreshment"},"geometry":{"type":"Point","coordinates":[11.6698556,46.5336865]}},{"type":"Feature","properties":{"amenity":"restaurant","building":"yes","name":"Sessellift Florian","@id":"way/96100384","kind":"refreshment"},"geometry":{"type":"Point","coordinates":[11.6712266,46.5311421]}},{"type":"Feature","properties":{"amenity":"restaurant","building":"yes","name":"Radauer Schwaige","website":"https://www.radauerhof.com/radauer-schwaige.html","@id":"way/96100429","kind":"refreshment"},"geometry":{"type":"Point","coordinates":[11.673225,46.5312122]}},{"type":"Feature","properties":{"amenity":"toilets","fee":"no","wheelchair":"no","@id":"node/2608883298","kind":"toilets","name":null},"geometry":{"type":"Point","coordinates":[11.6540124,46.5259232]}},{"type":"Feature","properties":{"amenity":"toilets","@id":"node/2610897121","kind":"toilets","name":null},"geometry":{"type":"Point","coordinates":[11.6714042,46.5311874]}},{"type":"Feature","properties":{"amenity":"shelter","@id":"way/365885649","kind":"shelter","name":null},"geometry":{"type":"Point","coordinates":[11.6692382,46.5317578]}},{"type":"Feature","properties":{"tourism":"viewpoint","@id":"node/11083572405","kind":"viewpoint","name":null},"geometry":{"type":"Point","coordinates":[11.6515166,46.5375023]}},{"type":"Feature","properties":{"addr:city":"Sëlva - Wolkenstein in Gröden - Selva di Val Gardena","addr:housenumber":"4","addr:postcode":"39048","addr:street":"Streda Plan","amenity":"restaurant","bar":"yes","cuisine":"regional;burger;italian","email":"info@pravalentini.it","name":"Pra Valentini","phone":"+39 346 7857595","website":"https://www.valgardena.it/de/adressen-groeden/detail/base/company/wolkenstein-groeden/pra-valentini/E57831A1ADFAD84CD25A0B5FABBAB110/?RequestKey=170789741965cc724b50348","@id":"node/597731156","kind":"refreshment"},"geometry":{"type":"Point","coordinates":[11.7664734,46.5480285]}},{"type":"Feature","properties":{"addr:city":"Sëlva - Wolkenstein in Gröden - Selva di Val Gardena","addr:housenumber":"204","addr:postcode":"39048","addr:street":"Streda Mëisules","amenity":"cafe","name":"Karin","opening_hours":"07:30-20:00","phone":"+39 0471 794195","takeaway":"yes","@id":"node/610227052","kind":"refreshment"},"geometry":{"type":"Point","coordinates":[11.7592547,46.553888]}},{"type":"Feature","properties":{"addr:city":"Sëlva - Wolkenstein in Gröden - Selva di Val Gardena","addr:city:de":"Wolkenstein in Gröden","addr:city:it":"Selva di Val Gardena","addr:city:lld":"Sëlva","addr:country":"IT","addr:housenumber":"64","addr:postcode":"39048","addr:street":"Via Meisules","amenity":"restaurant","cuisine":"pizza","description":"Pizzeria","name":"L Ciamin Pizzeria Ristorante","phone":"+39 0471 773362","@id":"node/611022026","kind":"refreshment"},"geometry":{"type":"Point","coordinates":[11.7501384,46.5566696]}},{"type":"Feature","properties":{"addr:city":"Urtijëi - St.Ulrich - Ortisei","addr:housenumber":"74","addr:postcode":"39046","addr:street":"Streda Rezia","amenity":"cafe","email":"info@cafecorso.com","name":"Corso","phone":"+39 0471 796269","website":"https://www.valgardena.it/en/addresses/detail/base/company/ortisei-val-gardena/corso/275E2D2F73F34D8E8401F0779EA749A9/","@id":"node/1594790717","kind":"refreshment"},"geometry":{"type":"Point","coordinates":[11.6730013,46.5738644]}},{"type":"Feature","properties":{"amenity":"restaurant","cuisine":"italian_pizza","diet:vegetarian":"yes","name":"Terrazza","@id":"node/1636849143","kind":"refreshment"},"geometry":{"type":"Point","coordinates":[11.6714855,46.5757765]}},{"type":"Feature","properties":{"amenity":"pub","name":"181","@id":"node/1636849145","kind":"refreshment"},"geometry":{"type":"Point","coordinates":[11.6584494,46.5745647]}},{"type":"Feature","properties":{"addr:city":"Urtijëi - St.Ulrich - Ortisei","addr:housenumber":"116","addr:place":"Plaza Sant'Antone","addr:postcode":"39046","amenity":"bar","email":"info@cafehaiti.it","mobile":"+39 339 6918778","name":"Haiti","phone":"+39 0471 796290","website":"https://www.valgardena.it/en/addresses/detail/base/company/ortisei-val-gardena/haiti/939D44E8A50147CDA500C65DC57ACD97/","wheelchair":"yes","@id":"node/1636849149","kind":"refreshment"},"geometry":{"type":"Point","coordinates":[11.6736307,46.5733477]}},{"type":"Feature","properties":{"amenity":"cafe","name":"Bar San Durich","@id":"node/1636849153","kind":"refreshment"},"geometry":{"type":"Point","coordinates":[11.6679927,46.5755768]}},{"type":"Feature","properties":{"amenity":"restaurant","name":"PizzaFly","@id":"node/1636849159","kind":"refreshment"},"geometry":{"type":"Point","coordinates":[11.6589751,46.5746163]}},{"type":"Feature","properties":{"addr:city":"Sëlva - Wolkenstein in Gröden - Selva di Val Gardena","addr:housenumber":"217","addr:postcode":"39048","addr:street":"Streda Mëisules","amenity":"restaurant","cuisine":"pizza","name":"Rino","@id":"node/1841029256","kind":"refreshment"},"geometry":{"type":"Point","coordinates":[11.7603459,46.553907]}},{"type":"Feature","properties":{"amenity":"restaurant","cuisine":"italian","name":"Restaurant Cascade","wheelchair":"limited","@id":"node/1946105184","kind":"refreshment"},"geometry":{"type":"Point","coordinates":[11.6745654,46.5721922]}},{"type":"Feature","properties":{"amenity":"pub","name":"Apres-Ski Luislkeller","@id":"node/1948870933","kind":"refreshment"},"geometry":{"type":"Point","coordinates":[11.7630052,46.5530646]}},{"type":"Feature","properties":{"addr:city":"Selva Gardena - Wolkenstein","addr:city:de":"Wolkenstein in Gröden","addr:city:it":"Selva di Val Gardena","addr:country":"IT","addr:housename":"Hotel Freina","addr:housenumber":"23","addr:postcode":"39048","addr:street":"Streda Frëina","addr:street:de":"Straße Frëina","amenity":"restaurant","bar":"yes","email":"info@hotelfreina.com","name":"Restaurant Freina","phone":"+39 0471 795110","website":"https://www.hotelfreina.com/","@id":"node/1949330556","kind":"refreshment"},"geometry":{"type":"Point","coordinates":[11.762183,46.551943]}},{"type":"Feature","properties":{"addr:city":"Sëlva - Wolkenstein in Gröden - Selva di Val Gardena","addr:housenumber":"7","addr:postcode":"39048","addr:street":"Streda Dantercëpies","amenity":"restaurant","cuisine":"pizza;regional","internet_access":"wlan","internet_access:fee":"customers","name":"Restaurant Pizzeria Stübele","phone":"+39 0471 771508","website":"https://www.valgardena.it/en/addresses/detail/base/company/selva-val-gardena/stuebele/C0DF966B76D911D18F2900A02427D15E/?RequestKey=170790479365cc8f197df07","@id":"node/1949335248","kind":"refreshment"},"geometry":{"type":"Point","coordinates":[11.7633824,46.5538631]}},{"type":"Feature","properties":{"addr:city":"Sëlva - Wolkenstein in Gröden - Selva di Val Gardena","addr:housenumber":"287","addr:postcode":"39048","addr:street":"Streda Mëisules","air_conditioning":"yes","amenity":"restaurant","bar":"yes","brewery":"Forst;Weihenstephan","cuisine":"pizza;regional","diet:halal":"no","diet:kosher":"no","diet:vegetarian":"yes","email":"luciano@montrucoli.de","internet_access":"no","name":"La Bula","phone":"+39 329 4082944","smoking":"outside","toilets":"yes","website":"https://www.valgardena.it/de/adressen-groeden/detail/base/company/wolkenstein-groeden/la-bula/B263643C484ECA7CA3C3B989736AAF03/?RequestKey=170789549565cc6ac771dd5","@id":"node/1949343920","kind":"refreshment"},"geometry":{"type":"Point","coordinates":[11.7635551,46.5521538]}},{"type":"Feature","properties":{"amenity":"restaurant","cuisine":"italian;regional","name":"Mar Dolomit","toilets:wheelchair":"no","wheelchair":"no","@id":"node/2457355203","kind":"refreshment"},"geometry":{"type":"Point","coordinates":[11.6748685,46.5719857]}},{"type":"Feature","properties":{"amenity":"restaurant","cuisine":"pizza","indoor_seating":"yes","name":"Villa Sella","outdoor_seating":"yes","@id":"node/2612833802","kind":"refreshment"},"geometry":{"type":"Point","coordinates":[11.7340977,46.562009]}},{"type":"Feature","properties":{"amenity":"cafe","name":"Bar 2000","name:de":"Bar 2000","name:it":"Bar 2000","@id":"node/2612906760","kind":"refreshment"},"geometry":{"type":"Point","coordinates":[11.7209466,46.5579338]}},{"type":"Feature","properties":{"addr:city":"Kastelruth - Castelrotto","addr:city:de":"Kastelruth","addr:city:it":"Castelrotto","addr:hamlet":"Runcadic - Runggaditsch - Roncadizza","addr:hamlet:de":"Runggaditsch","addr:hamlet:it":"Roncadizza","addr:hamlet:lld":"Runcadic","addr:housenumber":"2","addr:postcode":"39046","addr:street":"Str. Arnaria","addr:street:de":"Arnariastraße","addr:street:it":"Via Arnaria","amenity":"bar","name":"La Bar","website":"https://www.la-bar.it/","@id":"node/2755694070","kind":"refreshment"},"geometry":{"type":"Point","coordinates":[11.6451649,46.5749206]}},{"type":"Feature","properties":{"addr:city":"Sëlva - Wolkenstein in Gröden - Selva di Val Gardena","addr:city:de":"Wolkenstein in Gröden","addr:city:it":"Selva di Val Gardena","addr:city:lld":"Sëlva","addr:housenumber":"26","addr:postcode":"39048","addr:street":"Streda Ruacia","addr:street:de":"Straße Ruacia","addr:street:it":"Strada Ruacia","addr:street:lld":"Streda Ruacia","amenity":"pub","contact:instagram":"apresskisnowbar","email":"a.snowbar@gmail.com","name":"Apreski Snowbar","opening_hours":"Mo-Su 08:00-22:00","website":"https://www.apresvalgardena.it/","@id":"node/2755978092","kind":"refreshment"},"geometry":{"type":"Point","coordinates":[11.7300754,46.5571391]}},{"type":"Feature","properties":{"addr:city":"Urtijëi - St.Ulrich - Ortisei","addr:city:de":"St.Ulrich","addr:city:it":"Ortisei","addr:city:lld":"Urtijëi","addr:housenumber":"125","addr:postcode":"39046","addr:street":"Streda Rezia","addr:street:de":"Rezia-Straße","addr:street:it":"Via Rezia","addr:street:lld":"Streda Rezia","amenity":"ice_cream","email":"fabian@gioia-val-gardena.com","name":"Gioia Squisitezze","name:de":"Gioia Köstlichkeiten","phone":"+39 338 6067560","website":"https://www.valgardena.it/en/addresses/detail/base/company/ortisei-val-gardena/gioia-squisitezze/44DA887AA6AFF8B07C5CD548307EC599/","@id":"node/2756042603","kind":"refreshment"},"geometry":{"type":"Point","coordinates":[11.6750451,46.5731135]}},{"type":"Feature","properties":{"addr:city":"Urtijëi - St.Ulrich - Ortisei","addr:city:de":"St.Ulrich","addr:city:it":"Ortisei","addr:city:lld":"Urtijëi","addr:housenumber":"14","addr:postcode":"39046","addr:street":"Streda Rezia","addr:street:de":"Rezia-Straße","addr:street:it":"Via Rezia","addr:street:lld":"Streda Rezia","amenity":"cafe","bar":"yes","name":"The Classic Cafe Stetteneck","phone":"+39 0471 796563","website":"https://www.valgardena.it/en/addresses/detail/base/company/ortisei-val-gardena/the-classic-cafe-stetteneck/824D850329E711D599D20050DA7125DB/","@id":"node/2756043799","kind":"refreshment"},"geometry":{"type":"Point","coordinates":[11.6709572,46.5745284]}},{"type":"Feature","properties":{"addr:city":"Urtijëi - St.Ulrich - Ortisei","addr:city:de":"St.Ulrich","addr:city:it":"Ortisei","addr:city:lld":"Urtijëi","addr:housenumber":"233","addr:postcode":"39046","addr:street":"Streda Rezia","addr:street:de":"Rezia-Straße","addr:street:it":"Via Rezia","addr:street:lld":"Streda Rezia","amenity":"restaurant","cuisine":"pizza","email":"info@e-quattro.it","name":"Genuine Pizza E-Quattro - Pizzeria","phone":"+39 380 6384641","website":"https://www.valgardena.it/en/addresses/detail/base/company/ortisei-val-gardena/genuine-pizza-e-quattro/9F8332E5E90CEEAE2E3022272E6944B1/","@id":"node/2756045718","kind":"refreshment"},"geometry":{"type":"Point","coordinates":[11.6764119,46.5723827]}},{"type":"Feature","properties":{"addr:city":"Urtijëi - St.Ulrich - Ortisei","addr:city:de":"St.Ulrich","addr:city:it":"Ortisei","addr:city:lld":"Urtijëi","addr:housenumber":"30","addr:postcode":"39046","addr:street":"Streda Rezia","addr:street:de":"Rezia-Straße","addr:street:it":"Via Rezia","addr:street:lld":"Streda Rezia","amenity":"bar","email":"lacercia@hotmail.com","name":"La Cërcia Vinotheque","phone":"+39 333 1522847","website":"https://www.valgardena.it/en/addresses/detail/base/company/ortisei-val-gardena/la-ceercia-vinotheque/40E80169826C9F57100D4117A2764A61/","@id":"node/2756046760","kind":"refreshment"},"geometry":{"type":"Point","coordinates":[11.6715957,46.5742149]}},{"type":"Feature","properties":{"addr:city":"Urtijëi - St.Ulrich - Ortisei","addr:city:de":"St.Ulrich","addr:city:it":"Ortisei","addr:city:lld":"Urtijëi","addr:housenumber":"38","addr:postcode":"39046","addr:street":"Streda Rezia","addr:street:de":"Rezia-Straße","addr:street:it":"Via Rezia","addr:street:lld":"Streda Rezia","amenity":"restaurant","email":"sotriffer@hotmail.com","name":"Sotriffer Restaurant & Wine Bar","phone":"+39 0471 796253","website":"https://www.valgardena.it/en/addresses/detail/base/company/ortisei-val-gardena/sotriffer-restaurant-wine-bar/FFA6518EDC094D068824D71590FB4262/","@id":"node/2756048126","kind":"refreshment"},"geometry":{"type":"Point","coordinates":[11.6718774,46.5741954]}},{"type":"Feature","properties":{"addr:city":"Urtijëi - St.Ulrich - Ortisei","addr:city:de":"St.Ulrich","addr:city:it":"Ortisei","addr:city:lld":"Urtijëi","addr:housenumber":"44","addr:postcode":"39046","addr:street":"Streda Rezia","addr:street:de":"Rezia-Straße","addr:street:it":"Via Rezia","addr:street:lld":"Streda Rezia","amenity":"cafe","email":"helmuth.fra@gmail.com","name":"Café Demetz","phone":"+39 327 9370922","website":"https://www.valgardena.it/en/addresses/detail/base/company/ortisei-val-gardena/demetz/5971D7EB0C844E01BC6AB6B06D1D5843/","wheelchair":"yes","@id":"node/2756048300","kind":"refreshment"},"geometry":{"type":"Point","coordinates":[11.6719806,46.5741547]}},{"type":"Feature","properties":{"addr:city":"Urtijëi - St.Ulrich - Ortisei","addr:city:de":"St.Ulrich","addr:city:it":"Ortisei","addr:city:lld":"Urtijëi","addr:housenumber":"73/c","addr:postcode":"39046","addr:street":"Streda Rezia","addr:street:de":"Rezia-Straße","addr:street:it":"Via Rezia","addr:street:lld":"Streda Rezia","amenity":"bar","email":"lottenogler@hotmail.com","mobile":"+39 335 8410246","name":"Soviso","phone":"+39 0471 786139","website":"https://www.valgardena.it/en/addresses/detail/base/company/ortisei-val-gardena/soviso/22158AE719C30C2B7AE3D3F9F746E8C2/","@id":"node/2756051369","kind":"refreshment"},"geometry":{"type":"Point","coordinates":[11.6735484,46.5742158]}},{"type":"Feature","properties":{"amenity":"pub","name":"Green‘s","@id":"node/3132017307","kind":"refreshment"},"geometry":{"type":"Point","coordinates":[11.7582896,46.5546791]}},{"type":"Feature","properties":{"addr:city":"Sëlva - Wolkenstein in Gröden - Selva di Val Gardena","addr:housenumber":"161","addr:postcode":"39048","addr:street":"Streda Mëisules","amenity":"restaurant","cuisine":"steak_house;regional","email":"info@hotelarmin.com","name":"Armin's Grillstube","note":"in basement","phone":"+39 0471 795347","source":"local_knowledge","website":"https://www.valgardena.it/en/addresses/detail/base/company/selva-val-gardena/armin-s-grillstube/C0DF945B76D911D18F2900A02427D15E/?RequestKey=170783360665cb7906b65d9","@id":"node/3132017308","kind":"refreshment"},"geometry":{"type":"Point","coordinates":[11.7574542,46.555172]}},{"type":"Feature","properties":{"addr:city":"Sëlva - Wolkenstein in Gröden - Selva di Val Gardena","addr:housenumber":"17/A","addr:postcode":"39048","addr:street":"Streda Nives","amenity":"restaurant","bar":"yes","cuisine":"italian_pizza;pizza;regional","email":"pizzeria.pranives@gmail.com","internet_access":"wlan","internet_access:fee":"customers","name":"Pranives","phone":"+39 338 8952197","website":"https://www.valgardena.it/de/adressen-groeden/detail/base/company/wolkenstein-groeden/pranives/6F3FB02BE9DF11D3A09D006097A8F6AC/?RequestKey=170789725165cc71a38b633","@id":"node/3687641146","kind":"refreshment"},"geometry":{"type":"Point","coordinates":[11.7583302,46.557157]}},{"type":"Feature","properties":{"addr:city":"Sëlva - Wolkenstein in Gröden - Selva di Val Gardena","addr:housenumber":"6","addr:postcode":"39048","addr:street":"Streda Puez","amenity":"restaurant","cuisine":"pizza;coffee_shop","email":"info@salfeur.com","name":"Sal Fëur","phone":"+39 0471 773153","website":"https://www.salfeur.com/","@id":"node/3687641147","kind":"refreshment"},"geometry":{"type":"Point","coordinates":[11.7601563,46.5559511]}},{"type":"Feature","properties":{"amenity":"cafe","name":"Cafe Elvis","@id":"node/3898656534","kind":"refreshment"},"geometry":{"type":"Point","coordinates":[11.646489,46.5744783]}},{"type":"Feature","properties":{"addr:housenumber":"5","addr:street":"Strada Arnaria","amenity":"restaurant","cuisine":"pizza","name":"Pizzeria Tennis","opening_hours":"Tu-Su 16:00-23:30","phone":"+39 0471 798 018","website":"https://www.pizzeria-tennis.com/","@id":"node/3898699567","kind":"refreshment"},"geometry":{"type":"Point","coordinates":[11.6475941,46.5743032]}},{"type":"Feature","properties":{"amenity":"bar","name":"Loungebar Fever","@id":"node/4243220840","kind":"refreshment"},"geometry":{"type":"Point","coordinates":[11.6768936,46.5718513]}},{"type":"Feature","properties":{"addr:city":"Sëlva - Wolkenstein in Gröden - Selva di Val Gardena","addr:housenumber":"157","addr:postcode":"39048","addr:street":"Streda Mëisules","amenity":"restaurant","cuisine":"regional","email":"hotel@desalpes.info","name":"Des Alpes Stuben","phone":"+39 0471 772700","website":"https://www.valgardena.it/en/addresses/detail/base/company/selva-val-gardena/des-alpes-stuben/C0DF94E276D911D18F2900A02427D15E/?RequestKey=170784034165cb93553b677","@id":"node/5128156121","kind":"refreshment"},"geometry":{"type":"Point","coordinates":[11.7569902,46.5553909]}},{"type":"Feature","properties":{"amenity":"restaurant","cuisine":"steak_house;italian_pizza","name":"La Tambra","@id":"node/5771608456","kind":"refreshment"},"geometry":{"type":"Point","coordinates":[11.7237948,46.5580334]}},{"type":"Feature","properties":{"amenity":"restaurant","check_date":"2026-01-07","check_date:diet:vegetarian":"2026-01-07","check_date:opening_hours":"2026-01-07","cuisine":"italian","diet:vegetarian":"yes","name":"L Fundle","opening_hours":"Mo-Su,PH 10:00-22:30","@id":"node/5771609853","kind":"refreshment"},"geometry":{"type":"Point","coordinates":[11.725962,46.5581253]}},{"type":"Feature","properties":{"amenity":"cafe","name":"Andy","@id":"node/5771612053","kind":"refreshment"},"geometry":{"type":"Point","coordinates":[11.7234942,46.5580057]}},{"type":"Feature","properties":{"amenity":"restaurant","name":"La Posta","@id":"node/5773962578","kind":"refreshment"},"geometry":{"type":"Point","coordinates":[11.7218799,46.5578788]}},{"type":"Feature","properties":{"amenity":"restaurant","cuisine":"italian_pizza","name":"da Peppi","@id":"node/5773965256","kind":"refreshment"},"geometry":{"type":"Point","coordinates":[11.7173746,46.5589823]}},{"type":"Feature","properties":{"amenity":"cafe","cuisine":"german","name":"Calès","outdoor_seating":"balcony","survey:date":"2023-07-04","@id":"node/5773965457","kind":"refreshment"},"geometry":{"type":"Point","coordinates":[11.7191639,46.5591828]}},{"type":"Feature","properties":{"amenity":"bar","name":"Koffy","@id":"node/5777669353","kind":"refreshment"},"geometry":{"type":"Point","coordinates":[11.7348692,46.5608781]}},{"type":"Feature","properties":{"amenity":"bar","email":"info@pensioneuropa.it","name":"Bar Europa","old_name":"Bar Costa","@id":"node/5809065649","kind":"refreshment"},"geometry":{"type":"Point","coordinates":[11.7623563,46.5534499]}},{"type":"Feature","properties":{"addr:city":"Sëlva - Wolkenstein in Gröden - Selva di Val Gardena","addr:housenumber":"47","addr:postcode":"39048","addr:street":"Streda Nives","amenity":"cafe","bar":"yes","cuisine":"ice_cream","name":"Bar Monica","phone":"+39 0471 795516","website":"https://www.valgardena.it/en/addresses/detail/base/company/selva-val-gardena/monica/D5AE0175E93711D3A09D006097A8F6AC/?RequestKey=170792164565ccd0ed99d7e","@id":"node/5923862112","kind":"refreshment"},"geometry":{"type":"Point","coordinates":[11.7611271,46.5546286]}},{"type":"Feature","properties":{"addr:city":"Urtijëi - St.Ulrich - Ortisei","addr:housenumber":"185","addr:postcode":"39046","addr:street":"Streda Rezia","amenity":"restaurant","email":"info@da-checco.it","mobile":"+39 339 1695690","name":"Ustaria Da Checco - Restaurant","phone":"+39 0471 796509","website":"https://www.valgardena.it/en/addresses/detail/base/company/ortisei-val-gardena/ustaria-da-checco/5C2BC103533397F44058D01E582EF043/","@id":"node/6012930685","kind":"refreshment"},"geometry":{"type":"Point","coordinates":[11.6755835,46.5737833]}},{"type":"Feature","properties":{"addr:city":"Sëlva - Wolkenstein in Gröden - Selva di Val Gardena","addr:housenumber":"4","addr:postcode":"39048","addr:street":"Streda Dantercëpies","amenity":"bar","name":"Après Ski Bar Saltos","phone":"+39 335 6849031","website":"https://www.valgardena.it/en/addresses/detail/base/company/selva-val-gardena/apres-ski-bar-saltos/D5AE018CE93711D3A09D006097A8F6AC/?RequestKey=170792103765ccce8d53243","@id":"node/6028639983","kind":"refreshment"},"geometry":{"type":"Point","coordinates":[11.7636554,46.5533294]}},{"type":"Feature","properties":{"addr:city":"Sëlva - Wolkenstein in Gröden - Selva di Val Gardena","addr:housenumber":"155","addr:postcode":"39048","addr:street":"Streda Mëisules","amenity":"cafe","bar":"yes","name":"Cafe Des Alpes","phone":"+39 339 2315123","website":"https://www.valgardena.it/en/addresses/detail/base/company/selva-val-gardena/bar-des-alpes/150CEB172D2C983E3B05ACCC9BF70735/?RequestKey=170792137065cccfda39b16","@id":"node/6344667895","kind":"refreshment"},"geometry":{"type":"Point","coordinates":[11.7567863,46.5556261]}},{"type":"Feature","properties":{"addr:city":"Sëlva - Wolkenstein in Gröden - Selva di Val Gardena","addr:housenumber":"266","addr:postcode":"39048","addr:street":"Streda Mëisules","amenity":"pub","cuisine":"sandwich;regional","email":"moritz59@tin.it","name":"Kronestube","phone":"+39 338 9379002","website":"https://www.valgardena.it/en/addresses/detail/base/company/selva-val-gardena/kronestube/D5AE0168E93711D3A09D006097A8F6AC/?RequestKey=170792149165ccd053cce5a","@id":"node/6351808062","kind":"refreshment"},"geometry":{"type":"Point","coordinates":[11.7631331,46.5530141]}},{"type":"Feature","properties":{"amenity":"restaurant","cuisine":"regional","diet:vegetarian":"yes","name":"Wood Fired Pizza","opening_hours":"Mo-Su,PH 09:00-22:00","@id":"node/6498563669","kind":"refreshment"},"geometry":{"type":"Point","coordinates":[11.7284364,46.5594491]}},{"type":"Feature","properties":{"addr:city":"Sëlva - Wolkenstein in Gröden - Selva di Val Gardena","addr:housenumber":"300","addr:postcode":"39048","addr:street":"Streda Mëisules","amenity":"restaurant","bar":"yes","brewery":"Forst;Franziskaner","changing_table":"no","check_date":"2024-09-12","cuisine":"regional","diet:halal":"no","diet:kosher":"no","diet:vegan":"no","diet:vegetarian":"yes","indoor_seating":"yes","internet_access":"no","name":"Speckkeller","opening_hours":"Mo-Sa,PH 17:00-24:00; Su off","outdoor_seating":"terrace","payment:credit_cards":"yes","payment:debit_cards":"yes","phone":"+39 0471 794657","smoking":"outside","toilets":"yes","website":"https://www.valgardena.it/de/adressen-groeden/detail/base/company/wolkenstein-groeden/speckkeller/C0DF9C5076D911D18F2900A02427D15E/?RequestKey=170790098065cc803413039","wheelchair":"yes","@id":"node/6525121933","kind":"refreshment"},"geometry":{"type":"Point","coordinates":[11.7654669,46.5502757]}},{"type":"Feature","properties":{"amenity":"bar","name":"Bar Aaritz","@id":"node/6525121934","kind":"refreshment"},"geometry":{"type":"Point","coordinates":[11.7615965,46.5536462]}},{"type":"Feature","properties":{"addr:housenumber":"134","addr:street":"Streda Mëisules","amenity":"cafe","bar":"yes","name":"Oswald","phone":"+39 334 7324921","website":"https://www.valgardena.it/en/addresses/detail/base/company/selva-val-gardena/bar-oswald/4206CF9CFA75D1664ECC5822E183F31B/?RequestKey=170792215265ccd2e8c6ce9","@id":"node/6525165916","kind":"refreshment"},"geometry":{"type":"Point","coordinates":[11.7555213,46.5559577]}},{"type":"Feature","properties":{"amenity":"pub","name":"La Gërva","@id":"node/6528035266","kind":"refreshment"},"geometry":{"type":"Point","coordinates":[11.7551366,46.5562234]}},{"type":"Feature","properties":{"amenity":"cafe","name":"Flora","@id":"node/6579922597","kind":"refreshment"},"geometry":{"type":"Point","coordinates":[11.7555409,46.5563945]}},{"type":"Feature","properties":{"addr:city":"Sëlva - Wolkenstein in Gröden - Selva di Val Gardena","addr:housenumber":"4","addr:postcode":"39048","addr:street":"Streda Nives","amenity":"restaurant","bar":"yes","cuisine":"coffee_shop;regional","email":"info@restaurant-nives.com","name":"Nives","outdoor_seating":"yes","phone":"+39 0471 773329","website":"https://www.valgardena.it/de/adressen-groeden/detail/base/company/wolkenstein-groeden/nives/342DC11C4F245107EBD3556766190CA5/?RequestKey=170789709165cc71034d481","@id":"node/7056618888","kind":"refreshment"},"geometry":{"type":"Point","coordinates":[11.7567835,46.5558782]}},{"type":"Feature","properties":{"addr:city":"Sëlva - Wolkenstein in Gröden - Selva di Val Gardena","addr:housenumber":"71","addr:postcode":"39048","addr:street":"Streda Plan","amenity":"cafe","bar":"yes","check_date":"2024-09-12","name":"Alpino","phone":"+39 0471 795134","website":"https://www.valgardena.it/en/addresses/detail/base/company/selva-val-gardena/alpino/C0DF944D76D911D18F2900A02427D15E/?RequestKey=170792091765ccce1587fef","@id":"node/7086575724","kind":"refreshment"},"geometry":{"type":"Point","coordinates":[11.7716547,46.5452957]}},{"type":"Feature","properties":{"amenity":"fast_food","@id":"node/7703580971","kind":"refreshment","name":null},"geometry":{"type":"Point","coordinates":[11.74044,46.5593966]}},{"type":"Feature","properties":{"addr:city":"Sëlva - Wolkenstein in Gröden - Selva di Val Gardena","addr:housenumber":"22","addr:postcode":"39048","addr:street":"Streda Mëisules","amenity":"restaurant","bar":"yes","cuisine":"coffee_shop;ice_cream;pizza;regional;sushi","email":"medel@gardenahotels.com","name":"L'Medel","phone":"+39 0471 795235","website":"https://www.valgardena.it/de/adressen-groeden/detail/base/company/wolkenstein-groeden/medel/D5AE017EE93711D3A09D006097A8F6AC/?RequestKey=170789698665cc709a90002","@id":"node/7707514165","kind":"refreshment"},"geometry":{"type":"Point","coordinates":[11.7433706,46.557821]}},{"type":"Feature","properties":{"addr:city":"Sëlva - Wolkenstein in Gröden - Selva di Val Gardena","addr:housenumber":"168","addr:postcode":"39048","addr:street":"Streda Mëisules","amenity":"restaurant","cuisine":"pizza;italian","email":"bellavista1990@hotmail.it","name":"Bellavista","phone":"+39 0471 795232","website":"https://www.valgardena.it/en/addresses/detail/base/company/selva-val-gardena/bellavista/D5AE01B6E93711D3A09D006097A8F6AC/?RequestKey=170783379065cb79be181f8","@id":"node/7756985292","kind":"refreshment"},"geometry":{"type":"Point","coordinates":[11.756788,46.5553136]}},{"type":"Feature","properties":{"addr:housenumber":"37a","addr:postcode":"39047","addr:street":"Streda Dursan","amenity":"cafe","email":"info@shop-local.it","name":"local","opening_hours":"Mo-Sa 07:00-19:00","shop":"bakery","survey:date":"2023-07-04","website":"https://www.shop-local.it/","@id":"node/7780840985","kind":"refreshment"},"geometry":{"type":"Point","coordinates":[11.7260262,46.5584016]}},{"type":"Feature","properties":{"amenity":"restaurant","cuisine":"italian","name":"Costabella","reservation":"yes","@id":"node/7809920100","kind":"refreshment"},"geometry":{"type":"Point","coordinates":[11.7635813,46.5526285]}},{"type":"Feature","properties":{"addr:housenumber":"49","addr:street":"Streda Socrëp","amenity":"restaurant","bar":"yes","email":"info@hotelcrocedoro.it","name":"Hotel Goldenes Kreuz / Croce d'Oro","name:de":"Hotel Goldenes Kreuz","name:it":"Hotel Croce dOro","outdoor_seating":"yes","rooms:double":"22","rooms:single":"5","stars":"3","tourism":"hotel","website":"https://hotelcrocedoro.it/","@id":"node/7887821295","kind":"refreshment"},"geometry":{"type":"Point","coordinates":[11.6447359,46.5759503]}},{"type":"Feature","properties":{"addr:city":"Sëlva - Wolkenstein in Gröden - Selva di Val Gardena","addr:housenumber":"11","addr:postcode":"39048","addr:street":"Streda Nives","amenity":"restaurant","bar":"yes","email":"info@hotelgranbaita.com","fax":"+39 0471 795080","name":"Granbaita Gourmet","operator":"Hotel Granbaita Dolomites","phone":"+39 0471 795210","website":"https://www.hotelgranbaita.com/","@id":"node/8661776994","kind":"refreshment"},"geometry":{"type":"Point","coordinates":[11.7581466,46.5566546]}},{"type":"Feature","properties":{"addr:city":"Urtijëi - St.Ulrich - Ortisei","addr:housenumber":"51","addr:postcode":"39046","addr:street":"Streda Rezia","amenity":"restaurant","email":"lejac66@gmail.com","name":"Zur Goldenen Traube","name:en":"Traube","name:it":"Traube","phone":"+39 348 7255278","website":"https://www.valgardena.it/en/addresses/detail/base/company/ortisei-val-gardena/traube/6161E96806CA43C5853AA69A88B4741E/","@id":"node/9151291236","kind":"refreshment"},"geometry":{"type":"Point","coordinates":[11.6732934,46.5739292]}},{"type":"Feature","properties":{"addr:city":"Urtijëi - St.Ulrich - Ortisei","addr:housenumber":"142","addr:place":"Plaza Sant'Antone","addr:postcode":"39046","amenity":"restaurant","cuisine":"italian","email":"info@vedlmulin.com","name":"Vedl Mulin - Restaurant/Pizzeria","phone":"+39 0471 796089","website":"https://www.valgardena.it/en/addresses/detail/base/company/ortisei-val-gardena/vedl-mulin/051EDD4CDD714F6B8B7522F371AFC17C/","@id":"node/9151313010","kind":"refreshment"},"geometry":{"type":"Point","coordinates":[11.6740891,46.5731089]}},{"type":"Feature","properties":{"addr:city":"Urtijëi - St.Ulrich - Ortisei","addr:housenumber":"208","addr:postcode":"39046","addr:street":"Streda Rezia","amenity":"bar","email":"barbaraprinoth@hotmail.com","mobile":"+39 329 0506630","name":"Pitla Stua","phone":"+39 0471 796187","website":"https://www.valgardena.it/en/addresses/detail/base/company/ortisei-val-gardena/pitla-stua/1EFBAC9B41E102AE00CA2125A9E921DA/","@id":"node/9152026334","kind":"refreshment"},"geometry":{"type":"Point","coordinates":[11.6757963,46.5724486]}},{"type":"Feature","properties":{"amenity":"cafe","name":"Café Domino","@id":"node/9152026336","kind":"refreshment"},"geometry":{"type":"Point","coordinates":[11.675993,46.5723991]}},{"type":"Feature","properties":{"addr:city":"Urtijëi - St.Ulrich - Ortisei","addr:housenumber":"5","addr:postcode":"39046","addr:street":"Streda Purger","amenity":"restaurant","contact:email":"info@turonda.com","contact:facebook":"https://www.facebook.com/turonda","contact:phone":"+39 335 817 2810","name":"Turonda","website":"https://www.valgardena.it/en/addresses/detail/base/company/ortisei-val-gardena/turonda/E07CD16C939C5F32B35EF0DC2E6EE0D9/","@id":"node/9987846455","kind":"refreshment"},"geometry":{"type":"Point","coordinates":[11.6705173,46.5748664]}},{"type":"Feature","properties":{"addr:city":"Urtijëi - St.Ulrich - Ortisei","addr:housenumber":"32","addr:postcode":"39046","addr:street":"Streda Rezia","amenity":"restaurant","cuisine":"pizza;regional","email":"info@maurizkeller.com","name":"Maurizkeller Restaurant/Pizzeria","phone":"+39 0471 797301","website":"https://www.valgardena.it/en/addresses/detail/base/company/ortisei-val-gardena/maurizkeller/171B100C91FA41D4825A9FCAF1644FAE/","@id":"node/10679888105","kind":"refreshment"},"geometry":{"type":"Point","coordinates":[11.6712934,46.5741145]}},{"type":"Feature","properties":{"amenity":"fast_food","name":"Istanbul","@id":"node/11345194261","kind":"refreshment"},"geometry":{"type":"Point","coordinates":[11.6675864,46.574896]}},{"type":"Feature","properties":{"addr:city":"Sëlva - Wolkenstein in Gröden - Selva di Val Gardena","addr:housenumber":"34","addr:postcode":"39048","addr:street":"Streda Dantercëpies","amenity":"restaurant","bar":"yes","internet_access":"wlan","internet_access:fee":"customers","name":"Scoiattolo","phone":"+39 0471 795202","website":"https://www.valgardena.it/de/adressen-groeden/detail/base/company/wolkenstein-groeden/scoiattolo/C0DF975F76D911D18F2900A02427D15E/?RequestKey=170790026165cc7d658fa42","@id":"node/11364600004","kind":"refreshment"},"geometry":{"type":"Point","coordinates":[11.7649781,46.5559207]}},{"type":"Feature","properties":{"amenity":"fast_food","cuisine":"pizza","name":"Pizza Shop","@id":"node/11417791794","kind":"refreshment"},"geometry":{"type":"Point","coordinates":[11.6776909,46.5713814]}},{"type":"Feature","properties":{"addr:city":"Sëlva - Wolkenstein in Gröden - Selva di Val Gardena","addr:housenumber":"36","addr:postcode":"39048","addr:street":"Streda Nives","amenity":"bar","name":"Luis Bar","@id":"node/11432439989","kind":"refreshment"},"geometry":{"type":"Point","coordinates":[11.7607545,46.5540812]}},{"type":"Feature","properties":{"addr:city":"Sëlva - Wolkenstein in Gröden - Selva di Val Gardena","addr:housenumber":"36","addr:postcode":"39048","addr:street":"Streda Nives","amenity":"restaurant","cuisine":"regional","email":"info@linder.it","name":"Luis Eatery","phone":"+39 0471 735242","website":"https://www.valgardena.it/de/adressen-groeden/detail/base/company/wolkenstein-groeden/luis-eatery/C0DF957B76D911D18F2900A02427D15E/?RequestKey=170789630065cc6dec52a9b","@id":"node/11434748531","kind":"refreshment"},"geometry":{"type":"Point","coordinates":[11.7607076,46.5542137]}},{"type":"Feature","properties":{"amenity":"restaurant","name":"Steak Stube","@id":"node/11456173276","kind":"refreshment"},"geometry":{"type":"Point","coordinates":[11.7607974,46.5541666]}},{"type":"Feature","properties":{"addr:city":"Sëlva - Wolkenstein in Gröden - Selva di Val Gardena","addr:housenumber":"43","addr:postcode":"39048","addr:street":"Streda Mëisules","amenity":"restaurant","bar":"yes","cuisine":"regional","email":"info@alpenroyal.com","name":"Alpenroyal Gourmet","phone":"+39 0471 795555","stars":"1_michelin","website":"https://www.valgardena.it/en/addresses/detail/base/company/selva-val-gardena/alpenroyal-gourmet/C0DF932576D911D18F2900A02427D15E/?RequestKey=170783630965cb8395034a5","@id":"node/11618603599","kind":"refreshment"},"geometry":{"type":"Point","coordinates":[11.7467563,46.559108]}},{"type":"Feature","properties":{"addr:city":"Sëlva - Wolkenstein in Gröden - Selva di Val Gardena","addr:housenumber":"45","addr:postcode":"39048","addr:street":"Streda Plan","amenity":"restaurant","cuisine":"regional","email":"info@hotelalpinhaus.com","indoor_seating":"yes","name":"Alpin Haus - Plan 45","outdoor_seating":"yes","phone":"+39 0471 735165","website":"https://www.valgardena.it/en/addresses/detail/base/company/selva-val-gardena/alpin-haus-plan-45/C0DF97BE76D911D18F2900A02427D15E/?RequestKey=170783638265cb83de5d5a4","@id":"node/11618696701","kind":"refreshment"},"geometry":{"type":"Point","coordinates":[11.7701916,46.5460947]}},{"type":"Feature","properties":{"addr:city":"Sëlva - Wolkenstein in Gröden - Selva di Val Gardena","addr:housenumber":"24","addr:postcode":"39048","addr:street":"Streda Puez","amenity":"restaurant","bar":"yes","cuisine":"regional","email":"info@saslong.eu","name":"Bistrot B24","phone":"+39 0471 774444","website":"https://www.valgardena.it/en/addresses/detail/base/company/selva-val-gardena/bistrot-b24/C0DF967976D911D18F2900A02427D15E/?RequestKey=170783415865cb7b2e67c58","@id":"node/11618705434","kind":"refreshment"},"geometry":{"type":"Point","coordinates":[11.7597605,46.5573017]}},{"type":"Feature","properties":{"addr:city":"Sëlva - Wolkenstein - Selva di Val Gardena","addr:postcode":"39048","addr:street":"Streda Dantercepies","amenity":"restaurant","bar":"yes","email":"info@col-pastura.it","name":"Pastura","name:de":"Pastura Hütte","name:en":"Pastura hut","name:it":"Baita Pastura","phone":"+39 338 3172653","website":"https://www.valgardena.it/en/addresses/detail/base/company/selva-val-gardena/pastura-hut/A6EEF45D6F53144CB57763F89F63374F/","@id":"node/11618897829","kind":"refreshment"},"geometry":{"type":"Point","coordinates":[11.769017,46.5529619]}},{"type":"Feature","properties":{"addr:housenumber":"283","addr:street":"Streda Mëisules","amenity":"restaurant","cuisine":"regional;international","email":"info@hotel-stella.com","name":"Da Zenz Gourmet","phone":"+39 0471 735162","website":"https://www.valgardena.it/en/addresses/detail/base/company/selva-val-gardena/da-zenz-gourmet/C0DF965E76D911D18F2900A02427D15E/?RequestKey=170783973665cb90f8593b7","@id":"node/11618954591","kind":"refreshment"},"geometry":{"type":"Point","coordinates":[11.7636313,46.5524215]}},{"type":"Feature","properties":{"addr:city":"Sëlva - Wolkenstein in Gröden - Selva di Val Gardena","addr:housenumber":"140","addr:postcode":"39048","addr:street":"Streda Mëisules","amenity":"restaurant","bar":"yes","email":"info@hoteloswald.com","name":"Oswald","phone":"+39 0471 795151","website":"https://www.valgardena.it/en/addresses/detail/base/company/selva-val-gardena/oswald/C0DF93C376D911D18F2900A02427D15E/?RequestKey=170784107765cb9635404b7","@id":"node/11618963060","kind":"refreshment"},"geometry":{"type":"Point","coordinates":[11.7557167,46.5557865]}},{"type":"Feature","properties":{"addr:housenumber":"50","addr:street":"Streda Nives","amenity":"restaurant","cuisine":"regional","email":"info@pensioneuropa.it","name":"Europa","phone":"+39 0471 795157","website":"https://www.valgardena.it/en/addresses/detail/base/company/selva-val-gardena/europa/C0DF979876D911D18F2900A02427D15E/?RequestKey=170784084165cb9549dca6b","@id":"node/11619004883","kind":"refreshment"},"geometry":{"type":"Point","coordinates":[11.7622717,46.5535081]}},{"type":"Feature","properties":{"addr:city":"Sëlva - Wolkenstein in Gröden - Selva di Val Gardena","addr:housenumber":"42","addr:postcode":"39048","addr:street":"Streda Ciampinëi","amenity":"restaurant","cuisine":"regional","email":"info@hotelelse.com","name":"Else","phone":"+39 0471 735273","website":"https://www.valgardena.it/en/addresses/detail/base/company/selva-val-gardena/else/C0DF950876D911D18F2900A02427D15E/?RequestKey=170784064165cb9481dc806","@id":"node/11619015772","kind":"refreshment"},"geometry":{"type":"Point","coordinates":[11.7646588,46.5498337]}},{"type":"Feature","properties":{"addr:city":"Sëlva - Wolkenstein in Gröden - Selva di Val Gardena","addr:housenumber":"104","addr:postcode":"39048","addr:street":"Streda La Sëlva","amenity":"restaurant","bar":"yes","email":"info@l-muline.com","name":"L Muliné","phone":"+39 0471 795072","website":"https://www.valgardena.it/en/addresses/detail/base/company/selva-val-gardena/l-muline/DB2B083B236B41399406142951E0249A/?RequestKey=170784128965cb9709c71b8","@id":"node/11619036900","kind":"refreshment"},"geometry":{"type":"Point","coordinates":[11.7357428,46.5555745]}},{"type":"Feature","properties":{"addr:city":"Sëlva - Wolkenstein in Gröden - Selva di Val Gardena","addr:housenumber":"4","addr:postcode":"39048","addr:street":"Streda Frëina","air_conditioning":"no","amenity":"restaurant","bar":"yes","brewery":"Stiegl;Unertl;Guinness","check_date":"2024-09-14","cuisine":"italian;regional","delivery":"no","diet:halal":"no","diet:kosher":"no","diet:vegan":"no","diet:vegetarian":"yes","email":"info@la-stua.com","indoor_seating":"yes","internet_access":"wlan","internet_access:fee":"customers","microbrewery":"no","name":"La Stua","opening_hours":"Mo-Su,PH 15:30-23:00","outdoor_seating":"terrace","phone":"+39 0471 795072","reservation":"yes","smoking":"outside","toilets":"yes","website":"https://www.la-stua.com/","@id":"node/11621784945","kind":"refreshment"},"geometry":{"type":"Point","coordinates":[11.7629708,46.5519361]}},{"type":"Feature","properties":{"addr:city":"Sëlva - Wolkenstein in Gröden - Selva di Val Gardena","addr:housenumber":"61","addr:postcode":"39048","addr:street":"Streda Rainel","amenity":"restaurant","bar":"yes","cuisine":"regional","name":"Rusctlea","phone":"+39 0471 054970","website":"https://www.valgardena.it/de/adressen-groeden/detail/base/company/wolkenstein-groeden/rusctlea/C25D31FCD6DF7A5FABB57FB0C15EB454/?RequestKey=170789869965cc774bdda36","@id":"node/11621848647","kind":"refreshment"},"geometry":{"type":"Point","coordinates":[11.7526107,46.5570733]}},{"type":"Feature","properties":{"addr:city":"Sëlva - Wolkenstein in Gröden - Selva di Val Gardena","addr:housenumber":"195","addr:postcode":"39048","addr:street":"Streda Mëisules","amenity":"restaurant","bar":"yes","cuisine":"regional","email":"antares@residencehotel.it","name":"Rigais - Hotel Antares","phone":"+39 0471 795400","website":"https://www.valgardena.it/de/adressen-groeden/detail/base/company/wolkenstein-groeden/rigais-restaurant-hotel-antares/C0DF935876D911D18F2900A02427D15E/?RequestKey=170789772465cc737cbd259","@id":"node/11621880085","kind":"refreshment"},"geometry":{"type":"Point","coordinates":[11.759214,46.5542828]}},{"type":"Feature","properties":{"addr:city":"Sëlva - Wolkenstein in Gröden - Selva di Val Gardena","addr:housenumber":"18","addr:postcode":"39048","addr:street":"Streda Ciampinëi","amenity":"restaurant","bar":"yes","cuisine":"pizza","name":"Tennis","phone":"+39 0471 793525","website":"https://www.valgardena.it/en/addresses/detail/base/company/selva-val-gardena/tennis/D5AE0178E93711D3A09D006097A8F6AC/?RequestKey=170790508865cc904046efa","@id":"node/11622064525","kind":"refreshment"},"geometry":{"type":"Point","coordinates":[11.7633818,46.5501514]}},{"type":"Feature","properties":{"addr:city":"Sëlva - Wolkenstein in Gröden - Selva di Val Gardena","addr:housenumber":"12","addr:postcode":"39048","addr:street":"Streda Puez","amenity":"restaurant","bar":"yes","cuisine":"regional","name":"TyBistro","phone":"+39 0471 774100","website":"https://www.valgardena.it/en/addresses/detail/base/company/selva-val-gardena/tybistro/BFBB882A6B326102A1FE77E9EFFED1D3/?RequestKey=170790527265cc90f856811","@id":"node/11622078586","kind":"refreshment"},"geometry":{"type":"Point","coordinates":[11.7599039,46.5569513]}},{"type":"Feature","properties":{"addr:city":"Sëlva - Wolkenstein in Gröden - Selva di Val Gardena","addr:housenumber":"12","addr:postcode":"39048","addr:street":"Streda Puez","amenity":"restaurant","cuisine":"regional","name":"Suinsom","phone":"+39 0471 774100","website":"https://www.valgardena.it/en/addresses/detail/base/company/selva-val-gardena/suinsom/C0DF941F76D911D18F2900A02427D15E/?RequestKey=170790470065cc8ebcceec7","@id":"node/11622078785","kind":"refreshment"},"geometry":{"type":"Point","coordinates":[11.7598865,46.5570039]}},{"type":"Feature","properties":{"addr:city":"Sëlva - Wolkenstein in Gröden - Selva di Val Gardena","addr:housenumber":"12","addr:postcode":"39048","addr:street":"Streda Puez","amenity":"restaurant","bar":"yes","cuisine":"regional","name":"Tyrol","phone":"+39 0471 774100","website":"https://www.valgardena.it/en/addresses/detail/base/company/wolkenstein-groeden/restaurant-tyrol/D5AE019DE93711D3A09D006097A8F6AC/?RequestKey=170790541765cc9189ab85c","@id":"node/11622096247","kind":"refreshment"},"geometry":{"type":"Point","coordinates":[11.7599095,46.5569227]}},{"type":"Feature","properties":{"addr:city":"Sëlva - Wolkenstein in Gröden - Selva di Val Gardena","addr:housenumber":"42","addr:postcode":"39048","addr:street":"Streda Dantercëpies","amenity":"bar","email":"dantereat.gestione@gmail.com","name":"Danter Eat","phone":"+39 338 3172650","website":"https://www.valgardena.it/en/addresses/detail/base/company/selva-val-gardena/danter-eat/605D9B74D37CC48A5C598240BC1280F7/?RequestKey=170792129965cccf9318711","@id":"node/11622882698","kind":"refreshment"},"geometry":{"type":"Point","coordinates":[11.7676026,46.555796]}},{"type":"Feature","properties":{"addr:city":"Sëlva - Wolkenstein in Gröden - Selva di Val Gardena","addr:housenumber":"65","addr:postcode":"39048","addr:street":"Streda Plan da Tieja","amenity":"bar","name":"Okay","opening_hours":"Mo-Su,PH 07:30-18:00","phone":"+39 339 5825845","website":"https://www.valgardena.it/en/addresses/detail/base/company/selva-val-gardena/bar-okay/336CEFE80A0A84538332F0BF9C07BE5A/?RequestKey=170792201765ccd2613175a","@id":"node/11622939099","kind":"refreshment"},"geometry":{"type":"Point","coordinates":[11.7336521,46.56089]}},{"type":"Feature","properties":{"addr:city":"Urtijëi - St.Ulrich - Ortisei","addr:housenumber":"4","addr:postcode":"39046","addr:street":"Plaza San Durich","amenity":"restaurant","cuisine":"pizza;italian","name":"Restaurant - Pizzeria Four","name:de":"Restaurant - Pizzeria Four","name:it":"Ristorante - Pizzeria Four","phone":"+39 348 8950516","website":"https://www.valgardena.it/en/addresses/detail/base/company/ortisei-val-gardena/four/2B3E44633FE6D70B540FD9F4876FA177/","@id":"node/11630086136","kind":"refreshment"},"geometry":{"type":"Point","coordinates":[11.6711898,46.575171]}},{"type":"Feature","properties":{"addr:city":"Urtijëi - St.Ulrich - Ortisei","addr:housenumber":"4","addr:postcode":"39046","addr:street":"Plaza San Durich","amenity":"bar","name":"Bar Four","website":"https://www.valgardena.it/en/addresses/detail/base/company/ortisei-val-gardena/four/2B3E44633FE6D70B540FD9F4876FA177/","@id":"node/11630490136","kind":"refreshment"},"geometry":{"type":"Point","coordinates":[11.6712186,46.5751792]}},{"type":"Feature","properties":{"addr:city":"Sëlva - Wolkenstein - Selva di Val Gardena","addr:housenumber":"11","addr:postcode":"39048","addr:street":"Streda Nives","amenity":"bar","email":"info@hotelgranbaita.com","name":"Granbaita Lounge Bar","phone":"+39 0471 795210","website":"https://www.valgardena.it/en/addresses/detail/base/poi/selva-val-gardena/granbaita-lounge-bar/0A0FDD93BCAF87E539740CE97EB04548/","@id":"node/11676681713","kind":"refreshment"},"geometry":{"type":"Point","coordinates":[11.7582508,46.5566392]}},{"type":"Feature","properties":{"addr:city":"Urtijëi - St.Ulrich - Ortisei","addr:housenumber":"5","addr:postcode":"39046","addr:street":"Streda Rezia","amenity":"bar","email":"bebe.ploner@gmail.com","name":"Cafe Adler","phone":"+39 335 5420182","website":"https://www.valgardena.it/en/addresses/detail/base/company/ortisei-val-gardena/adler/9B5635E948F94C33B6CBE13411831ABA/","@id":"node/11801472767","kind":"refreshment"},"geometry":{"type":"Point","coordinates":[11.6713105,46.574513]}},{"type":"Feature","properties":{"addr:city":"Urtijëi - St.Ulrich - Ortisei","addr:housenumber":"32","addr:postcode":"39046","addr:street":"Streda Rezia","amenity":"restaurant","cuisine":"pizza;regional","email":"info@maurizkeller.com","name":"Maurizkeller Restaurant/Pizzeria","phone":"+39 0471 797301","website":"https://www.valgardena.it/en/addresses/detail/base/company/ortisei-val-gardena/maurizkeller/171B100C91FA41D4825A9FCAF1644FAE/","@id":"node/11801651569","kind":"refreshment"},"geometry":{"type":"Point","coordinates":[11.6716119,46.5742013]}},{"type":"Feature","properties":{"amenity":"restaurant","name":"24 bistro","@id":"node/12409854620","kind":"refreshment"},"geometry":{"type":"Point","coordinates":[11.7596843,46.5573538]}},{"type":"Feature","properties":{"amenity":"cafe","name":"Bar Sport Val Gardena","@id":"node/12425251143","kind":"refreshment"},"geometry":{"type":"Point","coordinates":[11.6910558,46.5654631]}},{"type":"Feature","properties":{"amenity":"restaurant","diet:vegetarian":"yes","name":"Velù","opening_hours":"Mo,We 16:00-22:00; Tu,Fr-Su,PH 12:00-14:00,18:00-22:00","@id":"node/13438271593","kind":"refreshment"},"geometry":{"type":"Point","coordinates":[11.726259,46.5584847]}},{"type":"Feature","properties":{"addr:housenumber":"44","amenity":"cafe","@id":"node/13451525401","kind":"refreshment","name":null},"geometry":{"type":"Point","coordinates":[11.6720071,46.5741628]}},{"type":"Feature","properties":{"addr:housenumber":"116","amenity":"cafe","@id":"node/13451528201","kind":"refreshment","name":null},"geometry":{"type":"Point","coordinates":[11.6736159,46.5733511]}},{"type":"Feature","properties":{"addr:housenumber":"2","addr:street":"Streda Arnaria","amenity":"cafe","@id":"node/13461608201","kind":"refreshment","name":null},"geometry":{"type":"Point","coordinates":[11.6452329,46.5749835]}},{"type":"Feature","properties":{"addr:housenumber":"2","addr:street":"Streda Arnaria","amenity":"cafe","@id":"node/13475033601","kind":"refreshment","name":null},"geometry":{"type":"Point","coordinates":[11.6459196,46.5742643]}},{"type":"Feature","properties":{"addr:housenumber":"2","addr:street":"Streda Arnaria","amenity":"cafe","@id":"node/13668318302","kind":"refreshment","name":null},"geometry":{"type":"Point","coordinates":[11.6451679,46.5749376]}},{"type":"Feature","properties":{"addr:housenumber":"6","addr:street":"Streda Digon","amenity":"cafe","@id":"node/13668318501","kind":"refreshment","name":null},"geometry":{"type":"Point","coordinates":[11.6592107,46.5734482]}},{"type":"Feature","properties":{"addr:housenumber":"6","addr:street":"Streda Digon","amenity":"cafe","@id":"node/13668321101","kind":"refreshment","name":null},"geometry":{"type":"Point","coordinates":[11.6592118,46.5734363]}},{"type":"Feature","properties":{"addr:city":"Urtijëi - St.Ulrich - Ortisei","addr:city:de":"St.Ulrich","addr:city:it":"Ortisei","addr:city:lld":"Urtijëi","addr:housenumber":"22","addr:postcode":"39046","addr:street":"Streda Chr. Trebinger","addr:street:de":"Chr. Trebinger-Straße","addr:street:it":"Via Chr. Trebinger","addr:street:lld":"Streda Chr. Trebinger","amenity":"restaurant","building":"yes","cuisine":"regional;italian","name":"Tubladel","phone":"+39 0471 796879","website":"https://www.tubladel.com/","@id":"way/41926476","kind":"refreshment"},"geometry":{"type":"Point","coordinates":[11.6789058,46.5706335]}},{"type":"Feature","properties":{"addr:city":"Wolkenstein","addr:country":"IT","addr:housenumber":"100","addr:postcode":"39048","addr:street":"Streda La Selva","amenity":"restaurant","building":"yes","cuisine":"regional","email":"info@l-muline.com","name":"l muliné","phone":"+39 0471 773293","website":"https://www.muline.it/","@id":"way/41974936","kind":"refreshment"},"geometry":{"type":"Point","coordinates":[11.7357433,46.5555707]}},{"type":"Feature","properties":{"addr:city":"Sëlva - Wolkenstein in Gröden - Selva di Val Gardena","addr:housenumber":"4","addr:postcode":"39048","addr:street":"Streda Frëina","air_conditioning":"no","amenity":"pub","brewery":"Stiegl;Unertl;Guinness","building":"yes","check_date":"2024-09-14","email":"info@la-stua.com","indoor_seating":"yes","internet_access":"wlan","internet_access:fee":"customers","microbrewery":"no","name":"La Stua","opening_hours":"Mo-Su,PH 15:30-23:00","outdoor_seating":"terrace","real_fire":"no","smoking":"outside","toilets":"yes","website":"https://www.la-stua.com/","@id":"way/41994635","kind":"refreshment"},"geometry":{"type":"Point","coordinates":[11.7629691,46.5519297]}},{"type":"Feature","properties":{"amenity":"bar","building":"yes","name":"Siglu","wheelchair":"no","@id":"way/330895400","kind":"refreshment"},"geometry":{"type":"Point","coordinates":[11.6713336,46.5737953]}},{"type":"Feature","properties":{"amenity":"restaurant","building":"yes","name":"Restaurant Lamm","@id":"way/396267321","kind":"refreshment"},"geometry":{"type":"Point","coordinates":[11.6591669,46.5734228]}},{"type":"Feature","properties":{"addr:city":"Urtijëi - St.Ulrich - Ortisei","addr:housenumber":"5","addr:postcode":"39046","addr:street":"Streda Setil","amenity":"restaurant","building":"yes","email":"info@sureghes.com","name":"Sureghes","phone":"+39 0471 796256","tourism":"guest_house","website":"https://www.valgardena.it/en/accommodation/base/hotel/ortisei-val-gardena/albergo-sureghes/824D853029E711D599D20050DA7125DB/","wikidata":"Q334435","wikipedia":"de:Überwasser (Kastelruth)","@id":"way/396945277","kind":"refreshment"},"geometry":{"type":"Point","coordinates":[11.6723832,46.5729585]}},{"type":"Feature","properties":{"amenity":"fountain","drinking_water":"no","@id":"node/1948870935","kind":"water","name":null},"geometry":{"type":"Point","coordinates":[11.7629406,46.5515932]}},{"type":"Feature","properties":{"access":"yes","amenity":"toilets","@id":"node/3053300844","kind":"toilets","name":null},"geometry":{"type":"Point","coordinates":[11.7159967,46.5591975]}},{"type":"Feature","properties":{"access":"yes","amenity":"toilets","changing_table":"yes","check_date":"2025-09-26","fee":"no","toilets:disposal":"flush","toilets:handwashing":"yes","unisex":"yes","wheelchair":"yes","@id":"node/3350037175","kind":"toilets","name":null},"geometry":{"type":"Point","coordinates":[11.6712819,46.5748916]}},{"type":"Feature","properties":{"amenity":"drinking_water","bottle":"yes","@id":"node/4375442302","kind":"water","name":null},"geometry":{"type":"Point","coordinates":[11.7618477,46.5536014]}},{"type":"Feature","properties":{"amenity":"drinking_water","bottle":"yes","man_made":"water_well","@id":"node/4394598708","kind":"water","name":null},"geometry":{"type":"Point","coordinates":[11.6754494,46.5769834]}},{"type":"Feature","properties":{"amenity":"drinking_water","check_date":"2024-09-14","fountain":"drinking","@id":"node/5008342232","kind":"water","name":null},"geometry":{"type":"Point","coordinates":[11.7641975,46.5514481]}},{"type":"Feature","properties":{"amenity":"fountain","drinking_water":"no","tourism":"artwork","@id":"node/5568352035","kind":"water","name":null},"geometry":{"type":"Point","coordinates":[11.7566242,46.555594]}},{"type":"Feature","properties":{"amenity":"drinking_water","@id":"node/6498563740","kind":"water","name":null},"geometry":{"type":"Point","coordinates":[11.7404896,46.5569413]}},{"type":"Feature","properties":{"amenity":"drinking_water","@id":"node/6642978185","kind":"water","name":null},"geometry":{"type":"Point","coordinates":[11.7571984,46.5576743]}},{"type":"Feature","properties":{"amenity":"drinking_water","@id":"node/6648050487","kind":"water","name":null},"geometry":{"type":"Point","coordinates":[11.7552242,46.5564737]}},{"type":"Feature","properties":{"amenity":"drinking_water","@id":"node/6652727098","kind":"water","name":null},"geometry":{"type":"Point","coordinates":[11.6810386,46.571844]}},{"type":"Feature","properties":{"amenity":"drinking_water","@id":"node/6652727100","kind":"water","name":null},"geometry":{"type":"Point","coordinates":[11.6769044,46.5731101]}},{"type":"Feature","properties":{"amenity":"drinking_water","@id":"node/6665174752","kind":"water","name":null},"geometry":{"type":"Point","coordinates":[11.6662878,46.5763317]}},{"type":"Feature","properties":{"amenity":"drinking_water","@id":"node/6687083316","kind":"water","name":null},"geometry":{"type":"Point","coordinates":[11.7234756,46.5588865]}},{"type":"Feature","properties":{"amenity":"drinking_water","@id":"node/6688415257","kind":"water","name":null},"geometry":{"type":"Point","coordinates":[11.7285418,46.5589906]}},{"type":"Feature","properties":{"amenity":"drinking_water","@id":"node/6693914655","kind":"water","name":null},"geometry":{"type":"Point","coordinates":[11.7161458,46.5591964]}},{"type":"Feature","properties":{"amenity":"shelter","shelter_type":"picnic_shelter","@id":"node/6718001564","kind":"shelter","name":null},"geometry":{"type":"Point","coordinates":[11.7575018,46.5534636]}},{"type":"Feature","properties":{"amenity":"fountain","survey:date":"2023-07-03","@id":"node/7056279960","kind":"water","name":null},"geometry":{"type":"Point","coordinates":[11.7204914,46.5583789]}},{"type":"Feature","properties":{"amenity":"watering_place","@id":"node/7070776842","kind":"water","name":null},"geometry":{"type":"Point","coordinates":[11.7234205,46.5561853]}},{"type":"Feature","properties":{"amenity":"drinking_water","@id":"node/7703479736","kind":"water","name":null},"geometry":{"type":"Point","coordinates":[11.7114551,46.5607513]}},{"type":"Feature","properties":{"amenity":"watering_place","@id":"node/7703483598","kind":"water","name":null},"geometry":{"type":"Point","coordinates":[11.7004345,46.5671045]}},{"type":"Feature","properties":{"amenity":"drinking_water","@id":"node/7727413030","kind":"water","name":null},"geometry":{"type":"Point","coordinates":[11.7149335,46.5601479]}},{"type":"Feature","properties":{"amenity":"watering_place","@id":"node/7727413046","kind":"water","name":null},"geometry":{"type":"Point","coordinates":[11.7117397,46.5632647]}},{"type":"Feature","properties":{"amenity":"drinking_water","@id":"node/7727416323","kind":"water","name":null},"geometry":{"type":"Point","coordinates":[11.677653,46.5757948]}},{"type":"Feature","properties":{"amenity":"watering_place","@id":"node/7728773198","kind":"water","name":null},"geometry":{"type":"Point","coordinates":[11.7361602,46.561123]}},{"type":"Feature","properties":{"amenity":"drinking_water","@id":"node/7756967681","kind":"water","name":null},"geometry":{"type":"Point","coordinates":[11.755866,46.5560702]}},{"type":"Feature","properties":{"amenity":"drinking_water","bottle":"yes","drinking_water":"yes","ele":"1437","fee":"no","image":"https://www.refill.bz.it/images/sitemap/foto_08-08-19_17_16_28.jpg","indoor":"no","operator":"Comune di S. Cristina / Gemeinde St. Christina","seasonal":"no","source":"Refill Südtirol / Alto Adige","source:date":"2020-08-18","wheelchair":"yes","@id":"node/7823594185","kind":"water","name":null},"geometry":{"type":"Point","coordinates":[11.72856,46.559089]}},{"type":"Feature","properties":{"amenity":"drinking_water","bottle":"yes","drinking_water":"yes","ele":"1428","fee":"no","image":"https://www.refill.bz.it/images/sitemap/dsc01311.jpg","indoor":"no","operator":"Comune di S. Cristina / Gemeinde St. Christina","seasonal":"no","source":"Refill Südtirol / Alto Adige","source:date":"2020-08-18","wheelchair":"yes","@id":"node/7823614885","kind":"water","name":null},"geometry":{"type":"Point","coordinates":[11.716157,46.55934]}},{"type":"Feature","properties":{"amenity":"drinking_water","bottle":"yes","drinking_water":"yes","ele":"1344","fee":"no","image":"https://www.refill.bz.it/images/sitemap/dsc01329.jpg","indoor":"no","operator":"Comune di S. Cristina / Gemeinde St. Christina","seasonal":"no","source":"Refill Südtirol / Alto Adige","source:date":"2020-08-18","wheelchair":"yes","@id":"node/7823639986","kind":"water","name":null},"geometry":{"type":"Point","coordinates":[11.7066981,46.5613264]}},{"type":"Feature","properties":{"amenity":"drinking_water","bottle":"yes","drinking_water":"yes","ele":"1557","fee":"no","image":"https://www.refill.bz.it/images/sitemap/col_da_lech.jpg","indoor":"no","operator":"Comune di Selva / Gemeinde Wolkenstein","seasonal":"yes","source":"Refill Südtirol / Alto Adige","source:date":"2020-08-20","wheelchair":"yes","@id":"node/7829683485","kind":"water","name":null},"geometry":{"type":"Point","coordinates":[11.757174,46.557724]}},{"type":"Feature","properties":{"amenity":"drinking_water","bottle":"yes","drinking_water":"yes","ele":"1497","fee":"no","image":"https://www.refill.bz.it/images/sitemap/la_poza.jpg","indoor":"no","operator":"Comune di Selva / Gemeinde Wolkenstein","seasonal":"yes","source":"Refill Südtirol / Alto Adige","source:date":"2020-08-20","wheelchair":"no","@id":"node/7829781185","kind":"water","name":null},"geometry":{"type":"Point","coordinates":[11.741493,46.559502]}},{"type":"Feature","properties":{"amenity":"drinking_water","bottle":"yes","drinking_water":"yes","ele":"1542","fee":"no","image":"https://www.refill.bz.it/images/sitemap/cesa_da_paul.jpg","indoor":"no","operator":"Comune di Selva / Gemeinde Wolkenstein","seasonal":"yes","source":"Refill Südtirol / Alto Adige","source:date":"2020-08-20","wheelchair":"yes","@id":"node/7829815585","kind":"water","name":null},"geometry":{"type":"Point","coordinates":[11.755232,46.556533]}},{"type":"Feature","properties":{"amenity":"drinking_water","bottle":"yes","drinking_water":"yes","ele":"1587","fee":"no","image":"https://www.refill.bz.it/images/sitemap/promenade.jpg","indoor":"no","operator":"Comune di Selva / Gemeinde Wolkenstein","seasonal":"yes","source":"Refill Südtirol / Alto Adige","source:date":"2020-08-20","wheelchair":"yes","@id":"node/7829816886","kind":"water","name":null},"geometry":{"type":"Point","coordinates":[11.764196,46.551553]}},{"type":"Feature","properties":{"amenity":"drinking_water","bottle":"yes","drinking_water":"yes","ele":"1542","fee":"no","image":"https://www.refill.bz.it/images/sitemap/garage_nives.jpg","indoor":"no","operator":"Comune di Selva / Gemeinde Wolkenstein","seasonal":"summer","source":"Refill Südtirol / Alto Adige","source:date":"2020-08-20","wheelchair":"yes","@id":"node/7829839385","kind":"water","name":null},"geometry":{"type":"Point","coordinates":[11.755865,46.55619]}},{"type":"Feature","properties":{"amenity":"drinking_water","bottle":"yes","drinking_water":"yes","ele":"1577","indoor":"yes","operator":"Comune di Selva / Gemeinde Wolkenstein","seasonal":"yes","source":"Refill Südtirol / Alto Adige","source:date":"2020-08-20","wheelchair":"no","@id":"node/7829847985","kind":"water","name":null},"geometry":{"type":"Point","coordinates":[11.7606439,46.5553158]}},{"type":"Feature","properties":{"amenity":"drinking_water","bottle":"yes","drinking_water":"yes","ele":"1546","fee":"no","image":"https://www.refill.bz.it/images/sitemap/park_gran_baita.jpg","indoor":"no","operator":"Comune di Selva / Gemeinde Wolkenstein","seasonal":"yes","source":"Refill Südtirol / Alto Adige","source:date":"2020-08-20","wheelchair":"limited","@id":"node/7829886285","kind":"water","name":null},"geometry":{"type":"Point","coordinates":[11.756508,46.55647]}},{"type":"Feature","properties":{"amenity":"drinking_water","bottle":"no","drinking_water":"yes","ele":"1552","image":"https://www.refill.bz.it/images/sitemap/spielplatz_tubl_da_nives.jpg","indoor":"no","operator":"Comune di Selva - Gemeinde Wolkenstein","operator:de":"Gemeinde Wolkenstein","operator:it":"Comune di Selva","operator:wikidata":"Q499129","seasonal":"yes","source":"Refill Südtirol / Alto Adige","source:date":"2020-08-20","wheelchair":"yes","@id":"node/7829902586","kind":"water","name":null},"geometry":{"type":"Point","coordinates":[11.7572821,46.5560896]}},{"type":"Feature","properties":{"amenity":"drinking_water","bottle":"yes","drinking_water":"yes","ele":"1613","fee":"no","image":"https://www.refill.bz.it/images/sitemap/alpino_plan.jpg","indoor":"no","operator":"Comune di Selva / Gemeinde Wolkenstein","seasonal":"yes","source":"Refill Südtirol / Alto Adige","source:date":"2020-08-20","wheelchair":"yes","@id":"node/7829937686","kind":"water","name":null},"geometry":{"type":"Point","coordinates":[11.7714533,46.5450156]}},{"type":"Feature","properties":{"amenity":"drinking_water","bottle":"yes","drinking_water":"yes","ele":"1550","fee":"no","image":"https://www.refill.bz.it/images/sitemap/promenade_1.jpg","indoor":"no","operator":"Comune di Selva / Gemeinde Wolkenstein","seasonal":"yes","source":"Refill Südtirol / Alto Adige","source:date":"2020-08-20","wheelchair":"yes","@id":"node/7829956386","kind":"water","name":null},"geometry":{"type":"Point","coordinates":[11.754642,46.556754]}},{"type":"Feature","properties":{"amenity":"drinking_water","bottle":"yes","drinking_water":"yes","ele":"1521","fee":"no","image":"https://www.refill.bz.it/images/sitemap/promenade_schlosser.jpg","indoor":"no","operator":"Comune di Selva / Gemeinde Wolkenstein","seasonal":"yes","source":"Refill Südtirol / Alto Adige","source:date":"2020-08-20","wheelchair":"no","@id":"node/7829994086","kind":"water","name":null},"geometry":{"type":"Point","coordinates":[11.748247,46.559734]}},{"type":"Feature","properties":{"amenity":"drinking_water","bottle":"yes","drinking_water":"yes","ele":"1350","fee":"no","image":"https://www.refill.bz.it/images/sitemap/costa_de_col_de_flam.jpg","indoor":"no","operator":"Chemun de Urtijëi - Gemeinde St. Ulrich - Comune di Ortisei","seasonal":"yes","source":"Refill Südtirol / Alto Adige","source:date":"2020-08-21","wheelchair":"no","@id":"node/7831344485","kind":"water","name":null},"geometry":{"type":"Point","coordinates":[11.677212,46.576113]}},{"type":"Feature","properties":{"amenity":"drinking_water","bottle":"yes","drinking_water":"yes","ele":"1251","fee":"no","image":"https://www.refill.bz.it/images/sitemap/col_da_brida1.jpg","indoor":"no","operator":"Chemun de Urtijëi - Gemeinde St. Ulrich - Comune di Ortisei","seasonal":"yes","source":"Refill Südtirol / Alto Adige","source:date":"2020-08-21","wheelchair":"limited","@id":"node/7831356985","kind":"water","name":null},"geometry":{"type":"Point","coordinates":[11.676573,46.573388]}},{"type":"Feature","properties":{"amenity":"drinking_water","bottle":"yes","ele":"1218","fee":"no","image":"https://www.refill.bz.it/images/sitemap/ianesc.jpg","indoor":"no","operator":"Chemun de Urtijëi - Gemeinde St. Ulrich - Comune di Ortisei","seasonal":"yes","source":"Refill Südtirol / Alto Adige","source:date":"2020-08-21","wheelchair":"yes","@id":"node/7831357086","kind":"water","name":null},"geometry":{"type":"Point","coordinates":[11.673789,46.574218]}},{"type":"Feature","properties":{"amenity":"drinking_water","bottle":"yes","drinking_water":"yes","ele":"1219","fee":"no","image":"https://www.refill.bz.it/images/sitemap/vedl_gustin1.jpg","indoor":"no","operator":"Chemun de Urtijëi - Gemeinde St. Ulrich - Comune di Ortisei","seasonal":"yes","source":"Refill Südtirol / Alto Adige","source:date":"2020-08-21","wheelchair":"yes","@id":"node/7831367385","kind":"water","name":null},"geometry":{"type":"Point","coordinates":[11.6745166,46.5738221]}},{"type":"Feature","properties":{"amenity":"drinking_water","bottle":"yes","drinking_water":"yes","ele":"1265","fee":"no","image":"https://www.refill.bz.it/images/sitemap/fussel_de_nis_3.jpg","indoor":"no","operator":"Chemun de Urtijëi - Gemeinde St. Ulrich - Comune di Ortisei","seasonal":"yes","source":"Refill Südtirol / Alto Adige","source:date":"2020-08-21","wheelchair":"yes","@id":"node/7831367386","kind":"water","name":null},"geometry":{"type":"Point","coordinates":[11.681069,46.57199]}},{"type":"Feature","properties":{"amenity":"drinking_water","bottle":"yes","drinking_water":"yes","ele":"1236","image":"https://www.refill.bz.it/images/sitemap/dlieja_1.jpg","indoor":"no","operator":"Chemun de Urtijëi - Gemeinde St. Ulrich - Comune di Ortisei","seasonal":"yes","source":"Refill Südtirol / Alto Adige","source:date":"2020-08-21","wheelchair":"yes","@id":"node/7831444285","kind":"water","name":null},"geometry":{"type":"Point","coordinates":[11.6716411,46.5750854]}},{"type":"Feature","properties":{"amenity":"drinking_water","bottle":"yes","drinking_water":"yes","ele":"1236","fee":"no","image":"https://www.refill.bz.it/images/sitemap/feur.jpg","indoor":"no","operator":"Chemun de Urtijëi - Gemeinde St. Ulrich - Comune di Ortisei","seasonal":"yes","source":"Refill Südtirol / Alto Adige","source:date":"2020-08-21","wheelchair":"yes","@id":"node/7831500785","kind":"water","name":null},"geometry":{"type":"Point","coordinates":[11.6712388,46.5751397]}},{"type":"Feature","properties":{"amenity":"drinking_water","drinking_water":"yes","ele":"1243","image":"https://www.refill.bz.it/images/sitemap/purger.jpg","indoor":"no","operator":"Chemun de Urtijëi - Gemeinde St. Ulrich - Comune di Ortisei","seasonal":"yes","source":"Refill Südtirol / Alto Adige","source:date":"2020-08-21","wheelchair":"yes","@id":"node/7831511185","kind":"water","name":null},"geometry":{"type":"Point","coordinates":[11.6705936,46.5752629]}},{"type":"Feature","properties":{"amenity":"drinking_water","bottle":"yes","drinking_water":"yes","ele":"1240","fee":"no","image":"https://www.refill.bz.it/images/sitemap/chemun.jpg","indoor":"no","operator":"Chemun de Urtijëi - Gemeinde St. Ulrich - Comune di Ortisei","seasonal":"yes","source":"Refill Südtirol / Alto Adige","source:date":"2020-08-21","wheelchair":"yes","@id":"node/7831539385","kind":"water","name":null},"geometry":{"type":"Point","coordinates":[11.671756,46.576091]}},{"type":"Feature","properties":{"amenity":"drinking_water","bottle":"no","ele":"1269","fee":"no","image":"https://www.refill.bz.it/images/sitemap/curtina.jpg","indoor":"no","operator":"Chemun de Urtijëi - Gemeinde St. Ulrich - Comune di Ortisei","seasonal":"yes","source":"Refill Südtirol / Alto Adige","source:date":"2020-08-21","wheelchair":"limited","@id":"node/7831552585","kind":"water","name":null},"geometry":{"type":"Point","coordinates":[11.675624,46.577584]}},{"type":"Feature","properties":{"amenity":"drinking_water","bottle":"yes","drinking_water":"yes","ele":"1286","fee":"no","image":"https://www.refill.bz.it/images/sitemap/scurcia.jpg","indoor":"no","operator":"Chemun de Urtijëi - Gemeinde St. Ulrich - Comune di Ortisei","seasonal":"yes","source":"Refill Südtirol / Alto Adige","source:date":"2020-08-21","wheelchair":"no","@id":"node/7831831585","kind":"water","name":null},"geometry":{"type":"Point","coordinates":[11.662298,46.578263]}},{"type":"Feature","properties":{"amenity":"drinking_water","bottle":"yes","drinking_water":"yes","ele":"1426","fee":"no","image":"https://www.refill.bz.it/images/sitemap/dsc01317.jpg","indoor":"no","operator":"Comune di S. Cristina / Gemeinde St. Christina","seasonal":"yes","source":"Refill Südtirol / Alto Adige","source:date":"2020-09-03","wheelchair":"yes","@id":"node/7872930685","kind":"water","name":null},"geometry":{"type":"Point","coordinates":[11.714923,46.559111]}},{"type":"Feature","properties":{"amenity":"drinking_water","bottle":"yes","drinking_water":"yes","ele":"1430","fee":"no","image":"https://www.refill.bz.it/images/sitemap/dsc01396.jpg","indoor":"no","operator":"Comune di S. Cristina / Gemeinde St. Christina","seasonal":"yes","source":"Refill Südtirol / Alto Adige","source:date":"2020-09-03","wheelchair":"limited","@id":"node/7872975485","kind":"water","name":null},"geometry":{"type":"Point","coordinates":[11.72348,46.559008]}},{"type":"Feature","properties":{"amenity":"drinking_water","bottle":"yes","drinking_water":"yes","ele":"1401","fee":"no","image":"https://www.refill.bz.it/images/sitemap/dsc01410.jpg","indoor":"no","operator":"Comune di S. Cristina / Gemeinde St. Christina","seasonal":"yes","source":"Refill Südtirol / Alto Adige","source:date":"2020-09-03","wheelchair":"limited","@id":"node/7872979185","kind":"water","name":null},"geometry":{"type":"Point","coordinates":[11.721892,46.558211]}},{"type":"Feature","properties":{"amenity":"drinking_water","bottle":"yes","drinking_water":"yes","ele":"1446","fee":"no","image":"https://www.refill.bz.it/images/sitemap/dsc01387.jpg","indoor":"no","operator":"Comune di S. Cristina / Gemeinde St. Christina","seasonal":"yes","source":"Refill Südtirol / Alto Adige","source:date":"2020-09-03","wheelchair":"limited","@id":"node/7872988085","kind":"water","name":null},"geometry":{"type":"Point","coordinates":[11.7251797,46.5586007]}},{"type":"Feature","properties":{"amenity":"drinking_water","bottle":"yes","drinking_water":"yes","ele":"1228","fee":"no","image":"https://www.refill.bz.it/images/sitemap/uridl.jpg","indoor":"no","operator":"Chemun de Urtijëi - Gemeinde St. Ulrich - Comune di Ortisei","seasonal":"yes","source":"Refill Südtirol / Alto Adige","source:date":"2020-12-04","wheelchair":"yes","@id":"node/8193286317","kind":"water","name":null},"geometry":{"type":"Point","coordinates":[11.664863,46.576297]}},{"type":"Feature","properties":{"amenity":"drinking_water","bottle":"yes","drinking_water":"yes","ele":"1253","fee":"no","image":"https://www.refill.bz.it/images/sitemap/val_d_anna1_1.jpg","indoor":"no","operator":"Chemun de Urtijëi - Gemeinde St. Ulrich - Comune di Ortisei","seasonal":"yes","source":"Refill Südtirol / Alto Adige","source:date":"2020-12-04","wheelchair":"limited","@id":"node/8193286417","kind":"water","name":null},"geometry":{"type":"Point","coordinates":[11.67535,46.577123]}},{"type":"Feature","properties":{"amenity":"fountain","name:de":"Die Welt des Ganes","name:it":"Il Mondo delle Gane","name:lld":"L Mond dla Ganes","@id":"node/9151291238","kind":"water","name":null},"geometry":{"type":"Point","coordinates":[11.6737006,46.5741969]}},{"type":"Feature","properties":{"amenity":"fountain","@id":"node/11349417529","kind":"water","name":null},"geometry":{"type":"Point","coordinates":[11.7608028,46.5550367]}},{"type":"Feature","properties":{"amenity":"drinking_water","@id":"node/11876598361","kind":"water","name":null},"geometry":{"type":"Point","coordinates":[11.7414579,46.559386]}},{"type":"Feature","properties":{"access":"yes","amenity":"drinking_water","wheelchair":"yes","@id":"node/11876629656","kind":"water","name":null},"geometry":{"type":"Point","coordinates":[11.7484454,46.5592434]}},{"type":"Feature","properties":{"amenity":"toilets","fee":"no","level":"-1","@id":"node/11999026216","kind":"toilets","name":null},"geometry":{"type":"Point","coordinates":[11.7594598,46.555132]}},{"type":"Feature","properties":{"amenity":"drinking_water","bottle":"yes","@id":"node/12001148483","kind":"water","name":null},"geometry":{"type":"Point","coordinates":[11.6704661,46.574734]}},{"type":"Feature","properties":{"amenity":"toilets","check_date":"2024-07-23","opening_hours":"Mo-Fr 08:00-16:00","@id":"node/12070294713","kind":"toilets","name":null},"geometry":{"type":"Point","coordinates":[11.6692238,46.5756801]}},{"type":"Feature","properties":{"amenity":"toilets","check_date":"2024-07-23","@id":"node/12070294714","kind":"toilets","name":null},"geometry":{"type":"Point","coordinates":[11.6750343,46.5763253]}},{"type":"Feature","properties":{"amenity":"drinking_water","bottle":"yes","@id":"node/12070294715","kind":"water","name":null},"geometry":{"type":"Point","coordinates":[11.6716306,46.575933]}},{"type":"Feature","properties":{"amenity":"drinking_water","@id":"node/13149352679","kind":"water","name":null},"geometry":{"type":"Point","coordinates":[11.7598369,46.5549613]}},{"type":"Feature","properties":{"amenity":"fountain","@id":"way/687078289","kind":"water","name":null},"geometry":{"type":"Point","coordinates":[11.6732905,46.5737733]}},{"type":"Feature","properties":{"amenity":"shelter","building":"yes","shelter_type":"public_transport","@id":"way/689304298","kind":"shelter","name":null},"geometry":{"type":"Point","coordinates":[11.7426866,46.5581665]}},{"type":"Feature","properties":{"amenity":"shelter","building":"yes","shelter_type":"public_transport","@id":"way/689304299","kind":"shelter","name":null},"geometry":{"type":"Point","coordinates":[11.7433003,46.5581869]}},{"type":"Feature","properties":{"amenity":"shelter","shelter_type":"public_transport","@id":"way/691641126","kind":"shelter","name":null},"geometry":{"type":"Point","coordinates":[11.7690846,46.5460548]}},{"type":"Feature","properties":{"amenity":"shelter","@id":"way/692391233","kind":"shelter","name":null},"geometry":{"type":"Point","coordinates":[11.7562618,46.5558367]}},{"type":"Feature","properties":{"addr:city":"Sëlva - Wolkenstein in Gröden - Selva di Val Gardena","addr:housenumber":"213","addr:postcode":"39048","addr:street":"Streda Mëisules","email":"info@valgardena.it","information":"office","internet_access":"no","name":"Tourist office Selva Val Gardena","name:de":"Tourismusverein Wolkenstein","name:en":"Tourist office Selva Val Gardena","name:it":"Associazione Turistica Selva Val Gardena","opening_hours":"Mo-Sa 08:00-18:00","phone":"+39 0471 777900","tourism":"information","website":"https://www.valgardena.it","wheelchair":"yes","@id":"node/272315852","kind":"information"},"geometry":{"type":"Point","coordinates":[11.7600996,46.5540271]}},{"type":"Feature","properties":{"addr:city":"Urtijëi - St.Ulrich - Ortisei","addr:housenumber":"1","addr:postcode":"39046","addr:street":"Streda Rezia","email":"ortisei@valgardena.it","information":"office","internet_access":"no","name":"Touist Office Ortisei","name:de":"Tourismusverein St. Ulrich","name:en":"Tourist Office Ortisei","name:it":"Associazione Turistica Ortisei","operator":"Tourist Office Ortisei","phone":"+39 0471 777600","tourism":"information","website":"https://valgardena.it","@id":"node/1722128555","kind":"information"},"geometry":{"type":"Point","coordinates":[11.6710272,46.5748674]}},{"type":"Feature","properties":{"attraction":"train","description:de":"Lokomotive der Grödnerbahn","description:it":"Locomotiva della ferrata","tourism":"attraction","wikidata":"Q116996341","wikimedia_commons":"Category:FS R.410.004 in Urtijëi","@id":"node/2470560714","kind":"sight","name":null},"geometry":{"type":"Point","coordinates":[11.6693776,46.5754134]}},{"type":"Feature","properties":{"name":"Sai Uëdli","tourism":"viewpoint","wheelchair":"no","@id":"node/3699573023","kind":"viewpoint"},"geometry":{"type":"Point","coordinates":[11.76482,46.5547946]}},{"type":"Feature","properties":{"tourism":"picnic_site","@id":"node/5027224753","kind":"picnic","name":null},"geometry":{"type":"Point","coordinates":[11.7702399,46.5432026]}},{"type":"Feature","properties":{"description:en":"Abandoned tunnel of the Val Gardena railway now footway.","tourism":"attraction","@id":"node/5773965654","kind":"sight","name":null},"geometry":{"type":"Point","coordinates":[11.7165436,46.5593855]}},{"type":"Feature","properties":{"addr:city":"Sëlva - Wolkenstein in Gröden - Selva di Val Gardena","addr:city:de":"Wolkenstein in Gröden","addr:city:it":"Selva di Val Gardena","addr:city:lld":"Sëlva","addr:country":"IT","addr:housenumber":"2","addr:postcode":"39048","addr:street":"Streda Nives","addr:street:de":"Straße Nives","addr:street:it":"Strada Nives","addr:street:lld":"Streda Nives","information":"office","name":"Gardenaguides","name:de":"Bergführer Vereinigung Gröden","name:en":"Ass. Mountain Guides Val Gardena","name:it":"Ass. Guide Alpine Val Gardena","shop":"travel_agency","tourism":"information","website":"https://www.gardenaguides.it/","@id":"node/6085974586","kind":"information"},"geometry":{"type":"Point","coordinates":[11.7563384,46.5560357]}},{"type":"Feature","properties":{"artist_name":"Ugo Demetz","artwork_type":"installation","name":"Bergsteiger - Scalatore","name:de":"Bergsteiger","name:en":"Mountaineer","name:it":"Scalatore","tourism":"artwork","@id":"node/6653681305","kind":"sight"},"geometry":{"type":"Point","coordinates":[11.7193655,46.5556342]}},{"type":"Feature","properties":{"artist_name":"Hubert Mussner","artwork_subject":"figurative","artwork_type":"sculpture","tourism":"artwork","@id":"node/7084878795","kind":"sight","name":null},"geometry":{"type":"Point","coordinates":[11.7528919,46.5565182]}},{"type":"Feature","properties":{"artist_name":"Demetz Karl","artwork_type":"sculpture","start_date":"2012","tourism":"artwork","@id":"node/7703479731","kind":"sight","name":null},"geometry":{"type":"Point","coordinates":[11.7123326,46.5599444]}},{"type":"Feature","properties":{"artwork_subject":"Snow Fall","artwork_type":"installation","material":"metal","tourism":"artwork","@id":"node/7703580973","kind":"sight","name":null},"geometry":{"type":"Point","coordinates":[11.7397277,46.5593295]}},{"type":"Feature","properties":{"artwork_subject":"Snow Fall","artwork_type":"installation","material":"metal","tourism":"artwork","@id":"node/7703580974","kind":"sight","name":null},"geometry":{"type":"Point","coordinates":[11.7379344,46.5593654]}},{"type":"Feature","properties":{"direction":"S","tourism":"viewpoint","@id":"node/7703688692","kind":"viewpoint","name":null},"geometry":{"type":"Point","coordinates":[11.7319476,46.5579509]}},{"type":"Feature","properties":{"artist_name":"Emanuel Nogler","artwork_type":"sculpture","material":"bronze","tourism":"artwork","@id":"node/7703688709","kind":"sight","name":null},"geometry":{"type":"Point","coordinates":[11.7286899,46.5601861]}},{"type":"Feature","properties":{"direction":"E","tourism":"viewpoint","@id":"node/7703688731","kind":"viewpoint","name":null},"geometry":{"type":"Point","coordinates":[11.7251058,46.5585198]}},{"type":"Feature","properties":{"artist_name":"Bera Batista Giuani Moroder da Jumbierch","artwork_type":"statue","name":"S. Barbara","tourism":"artwork","@id":"node/7727322844","kind":"sight"},"geometry":{"type":"Point","coordinates":[11.6695517,46.5754099]}},{"type":"Feature","properties":{"artist_name":"Alex Bernardi","tourism":"artwork","@id":"node/7727322847","kind":"sight","name":null},"geometry":{"type":"Point","coordinates":[11.669231,46.57538]}},{"type":"Feature","properties":{"artwork_type":"architecture","tourism":"artwork","@id":"node/7727416315","kind":"sight","name":null},"geometry":{"type":"Point","coordinates":[11.6785825,46.5757992]}},{"type":"Feature","properties":{"artwork_subject":"Wildlife","artwork_type":"sculpture","material":"wood","name":"La schirlata","tourism":"artwork","@id":"node/7752628282","kind":"sight"},"geometry":{"type":"Point","coordinates":[11.7657482,46.5543219]}},{"type":"Feature","properties":{"artwork_subject":"Wildlife","artwork_type":"sculpture","material":"wood","name":"L pëcalën cueciun","tourism":"artwork","@id":"node/7752628284","kind":"sight"},"geometry":{"type":"Point","coordinates":[11.76618,46.5542507]}},{"type":"Feature","properties":{"artwork_subject":"Wildlife","artwork_type":"sculpture","material":"wood","name":"La vipra","tourism":"artwork","@id":"node/7752632886","kind":"sight"},"geometry":{"type":"Point","coordinates":[11.7667371,46.553751]}},{"type":"Feature","properties":{"artwork_subject":"Wildlife","artwork_type":"sculpture","material":"wood","name":"La ciafita","tourism":"artwork","@id":"node/7752632888","kind":"sight"},"geometry":{"type":"Point","coordinates":[11.7672305,46.5534081]}},{"type":"Feature","properties":{"artwork_subject":"Wildlife","artwork_type":"sculpture","material":"wood","name":"L igl","tourism":"artwork","@id":"node/7752632890","kind":"sight"},"geometry":{"type":"Point","coordinates":[11.7675202,46.5532007]}},{"type":"Feature","properties":{"artwork_subject":"Wildlife","artwork_type":"sculpture","material":"wood","name":"L puhin","tourism":"artwork","@id":"node/7752672717","kind":"sight"},"geometry":{"type":"Point","coordinates":[11.7574139,46.5534992]}},{"type":"Feature","properties":{"artwork_subject":"Wildlife","artwork_type":"sculpture","material":"wood","name":"L lustrel","tourism":"artwork","@id":"node/7756835978","kind":"sight"},"geometry":{"type":"Point","coordinates":[11.7567403,46.5538004]}},{"type":"Feature","properties":{"artwork_subject":"Wildlife","artwork_type":"sculpture","material":"wood","name":"L corf","tourism":"artwork","@id":"node/7756835982","kind":"sight"},"geometry":{"type":"Point","coordinates":[11.7559908,46.5543324]}},{"type":"Feature","properties":{"artwork_subject":"Wildlife","artwork_type":"sculpture","material":"wood","name":"L rehl","tourism":"artwork","@id":"node/7756838090","kind":"sight"},"geometry":{"type":"Point","coordinates":[11.7532091,46.5555921]}},{"type":"Feature","properties":{"tourism":"artwork","@id":"node/7756967659","kind":"sight","name":null},"geometry":{"type":"Point","coordinates":[11.758182,46.5578275]}},{"type":"Feature","properties":{"addr:city":"Sëlva - Wolkenstein in Gröden - Selva di Val Gardena","addr:housenumber":"145","addr:postcode":"39048","addr:street":"Streda Meisules","description":"The weekly program “Val Gardena Active” is designed to give you an overview of what you can find in the stunning Val Gardena area.","information":"office","name":"Active & Events","operator":"Val Gardena Active&Events office","tourism":"information","website":"https://www.valgardena-active.com/de/winter","@id":"node/7756967684","kind":"information"},"geometry":{"type":"Point","coordinates":[11.7564678,46.5560085]}},{"type":"Feature","properties":{"artist_name":"Jonas Senoner","artwork_subject":"Weather","artwork_type":"sculpture","description":"Weather Station","tourism":"artwork","@id":"node/7756985297","kind":"sight","name":null},"geometry":{"type":"Point","coordinates":[11.7575534,46.5548665]}},{"type":"Feature","properties":{"addr:city":"Urtijëi - St. Ulrich in Gröden - Ortisei","addr:housenumber":"83","addr:postcode":"39046","addr:street":"Streda Rezia","email":"info@museumgherdeina.it","fax":"+39 0471 789798","fee":"yes","museum":"history","name":"Museum Gherdëina","name:de":"Museum Gröden","phone":"+39 0471 797554","tourism":"museum","website":"https://www.museumgherdeina.it/","wikidata":"Q823048","wikimedia_commons":"Category:Museum Gherdëina","wikipedia":"en:Museum Gherdëina","@id":"node/8891086186","kind":"sight"},"geometry":{"type":"Point","coordinates":[11.6745514,46.5738835]}},{"type":"Feature","properties":{"artist_name":"Filio Piccolruaz","artwork_type":"sculpture","tourism":"artwork","@id":"node/11364546155","kind":"sight","name":null},"geometry":{"type":"Point","coordinates":[11.678694,46.5697065]}},{"type":"Feature","properties":{"tourism":"artwork","@id":"node/11428826756","kind":"sight","name":null},"geometry":{"type":"Point","coordinates":[11.654503,46.5735092]}},{"type":"Feature","properties":{"tourism":"artwork","@id":"node/11443828519","kind":"sight","name":null},"geometry":{"type":"Point","coordinates":[11.6784252,46.5715733]}},{"type":"Feature","properties":{"tourism":"artwork","@id":"node/11475996756","kind":"sight","name":null},"geometry":{"type":"Point","coordinates":[11.6790835,46.5715529]}},{"type":"Feature","properties":{"tourism":"artwork","@id":"node/11492028776","kind":"sight","name":null},"geometry":{"type":"Point","coordinates":[11.6571224,46.5739463]}},{"type":"Feature","properties":{"tourism":"artwork","@id":"node/11499843296","kind":"sight","name":null},"geometry":{"type":"Point","coordinates":[11.646814,46.5742628]}},{"type":"Feature","properties":{"artwork_type":"statue","material":"bronze","tourism":"artwork","@id":"node/11999026218","kind":"sight","name":null},"geometry":{"type":"Point","coordinates":[11.759539,46.5553931]}},{"type":"Feature","properties":{"artwork_type":"sculpture","material":"bronze","tourism":"artwork","@id":"node/11999069046","kind":"sight","name":null},"geometry":{"type":"Point","coordinates":[11.7597635,46.5540352]}},{"type":"Feature","properties":{"addr:housenumber":"198","tourism":"attraction","@id":"node/13451542801","kind":"sight","name":null},"geometry":{"type":"Point","coordinates":[11.6755731,46.5725578]}},{"type":"Feature","properties":{"artwork_type":"statue","building":"stable","name:it":"Presepe a grandezza naturale","tourism":"artwork","@id":"way/255609955","kind":"sight","name":null},"geometry":{"type":"Point","coordinates":[11.7253875,46.5574761]}},{"type":"Feature","properties":{"alt_name:it":"Galleria museale ex Ferata de Gherdëina Ferrovia della Val Gardena","attraction":"train","bicycle":"dismount","description":"Tunnel of the abandoned railway.","description:de":"Kehrtunnel der Grödnerbahn.","description:it":"Tunnel della ferata.","highway":"footway","layer":"-1","lit":"yes","name":"Museumsgallerie ex Grödnerbahn","note":"approx.","railway":"abandoned","segregated":"no","tourism":"attraction","tunnel":"yes","@id":"way/621619093","kind":"sight"},"geometry":{"type":"Point","coordinates":[11.7155794,46.5595158]}},{"type":"Feature","properties":{"leisure":"picnic_table","@id":"node/7703479771","kind":"picnic","name":null},"geometry":{"type":"Point","coordinates":[11.7052227,46.5647923]}},{"type":"Feature","properties":{"covered":"yes","leisure":"picnic_table","@id":"node/7703688727","kind":"picnic","name":null},"geometry":{"type":"Point","coordinates":[11.7262218,46.5590293]}},{"type":"Feature","properties":{"denomination":"catholic","historic":"wayside_cross","religion":"christian","@id":"node/6490092443","kind":"sight","name":null},"geometry":{"type":"Point","coordinates":[11.7409381,46.5567711]}},{"type":"Feature","properties":{"historic":"wayside_cross","@id":"node/6520983241","kind":"sight","name":null},"geometry":{"type":"Point","coordinates":[11.7402296,46.5593886]}},{"type":"Feature","properties":{"historic":"wayside_cross","name":"Crist de Curveies","@id":"node/6532766798","kind":"sight"},"geometry":{"type":"Point","coordinates":[11.746635,46.5625479]}},{"type":"Feature","properties":{"denomination":"catholic","historic":"wayside_shrine","name":"La Madona sai Uëdli","religion":"christian","start_date":"1999","@id":"node/6583388934","kind":"sight"},"geometry":{"type":"Point","coordinates":[11.7649997,46.5547996]}},{"type":"Feature","properties":{"historic":"wayside_cross","@id":"node/6644451682","kind":"sight","name":null},"geometry":{"type":"Point","coordinates":[11.7436719,46.5572089]}},{"type":"Feature","properties":{"abandoned:railway":"yes","abandoned:tunnel":"yes","historic":"memorial","name":"La Ferata","@id":"node/6644589023","kind":"sight"},"geometry":{"type":"Point","coordinates":[11.6726111,46.5751667]}},{"type":"Feature","properties":{"description":"Monument for Italian artist and mountaineer Luis Trenker who was born in Urtisei","description:en":"Monument for Italian artist and mountaineer Luis Trenker who was born in Urtisei","historic":"monument","name":"Luis Trenker","@id":"node/6644589032","kind":"sight"},"geometry":{"type":"Point","coordinates":[11.6742914,46.5748499]}},{"type":"Feature","properties":{"historic":"wayside_cross","@id":"node/6644828819","kind":"sight","name":null},"geometry":{"type":"Point","coordinates":[11.7357051,46.5615951]}},{"type":"Feature","properties":{"historic":"wayside_cross","@id":"node/6648209070","kind":"sight","name":null},"geometry":{"type":"Point","coordinates":[11.7048718,46.5592614]}},{"type":"Feature","properties":{"historic":"wayside_cross","@id":"node/6648231232","kind":"sight","name":null},"geometry":{"type":"Point","coordinates":[11.7082235,46.5584168]}},{"type":"Feature","properties":{"historic":"wayside_cross","@id":"node/6653749084","kind":"sight","name":null},"geometry":{"type":"Point","coordinates":[11.7078343,46.5562413]}},{"type":"Feature","properties":{"historic":"wayside_cross","@id":"node/6653875086","kind":"sight","name":null},"geometry":{"type":"Point","coordinates":[11.7092264,46.557726]}},{"type":"Feature","properties":{"historic":"wayside_cross","@id":"node/6653875092","kind":"sight","name":null},"geometry":{"type":"Point","coordinates":[11.7129238,46.5577362]}},{"type":"Feature","properties":{"historic":"memorial","inscription":"Pioniere Dolomiten Dolomitico Erschliesser Wien 1838-1908","material":"stone","memorial":"stele","name":"Paul Grohmann","@id":"node/6793765656","kind":"sight"},"geometry":{"type":"Point","coordinates":[11.685699,46.571278]}},{"type":"Feature","properties":{"denomination":"roman_catholic","historic":"wayside_shrine","name":"Pelda da Rijeda","religion":"christian","@id":"node/7052676097","kind":"sight"},"geometry":{"type":"Point","coordinates":[11.7202566,46.5617869]}},{"type":"Feature","properties":{"historic":"memorial","memorial":"statue","name":"J.B. Purger","subject":"Johann Baptist Purger","subject:wikidata":"Q61198198","@id":"node/7063915824","kind":"sight"},"geometry":{"type":"Point","coordinates":[11.6704368,46.5754016]}},{"type":"Feature","properties":{"denomination":"catholic","historic":"wayside_cross","religion":"christian","@id":"node/7700500556","kind":"sight","name":null},"geometry":{"type":"Point","coordinates":[11.7607744,46.5584181]}},{"type":"Feature","properties":{"denomination":"catholic","historic":"wayside_cross","religion":"christian","@id":"node/7703204124","kind":"sight","name":null},"geometry":{"type":"Point","coordinates":[11.6972095,46.5675435]}},{"type":"Feature","properties":{"denomination":"catholic","historic":"wayside_cross","religion":"christian","@id":"node/7703223029","kind":"sight","name":null},"geometry":{"type":"Point","coordinates":[11.7010607,46.5646634]}},{"type":"Feature","properties":{"denomination":"catholic","historic":"wayside_shrine","religion":"christian","@id":"node/7703479763","kind":"sight","name":null},"geometry":{"type":"Point","coordinates":[11.7060813,46.5645017]}},{"type":"Feature","properties":{"denomination":"catholic","historic":"wayside_shrine","religion":"christian","@id":"node/7703688704","kind":"sight","name":null},"geometry":{"type":"Point","coordinates":[11.7293524,46.5602665]}},{"type":"Feature","properties":{"denomination":"catholic","historic":"wayside_cross","religion":"christian","@id":"node/7703688718","kind":"sight","name":null},"geometry":{"type":"Point","coordinates":[11.7278927,46.5598386]}},{"type":"Feature","properties":{"denomination":"catholic","historic":"wayside_cross","religion":"christian","@id":"node/7707514162","kind":"sight","name":null},"geometry":{"type":"Point","coordinates":[11.7432535,46.558199]}},{"type":"Feature","properties":{"denomination":"catholic","historic":"wayside_cross","religion":"christian","@id":"node/7707736408","kind":"sight","name":null},"geometry":{"type":"Point","coordinates":[11.7289404,46.5574918]}},{"type":"Feature","properties":{"denomination":"catholic","historic":"wayside_shrine","name":"Pelda da Mauron","religion":"christian","@id":"node/7714728491","kind":"sight"},"geometry":{"type":"Point","coordinates":[11.7251403,46.5606225]}},{"type":"Feature","properties":{"denomination":"catholic","historic":"wayside_cross","religion":"christian","@id":"node/7727322855","kind":"sight","name":null},"geometry":{"type":"Point","coordinates":[11.6651758,46.5756469]}},{"type":"Feature","properties":{"denomination":"catholic","historic":"wayside_cross","religion":"christian","@id":"node/7727322857","kind":"sight","name":null},"geometry":{"type":"Point","coordinates":[11.6631007,46.5764905]}},{"type":"Feature","properties":{"denomination":"catholic","historic":"wayside_cross","religion":"christian","@id":"node/7727322860","kind":"sight","name":null},"geometry":{"type":"Point","coordinates":[11.6597014,46.5764425]}},{"type":"Feature","properties":{"denomination":"catholic","historic":"wayside_cross","religion":"christian","@id":"node/7727322862","kind":"sight","name":null},"geometry":{"type":"Point","coordinates":[11.6548278,46.576907]}},{"type":"Feature","properties":{"denomination":"catholic","historic":"wayside_shrine","religion":"christian","@id":"node/7727412995","kind":"sight","name":null},"geometry":{"type":"Point","coordinates":[11.7332927,46.5623742]}},{"type":"Feature","properties":{"denomination":"catholic","historic":"wayside_cross","religion":"christian","@id":"node/7727412997","kind":"sight","name":null},"geometry":{"type":"Point","coordinates":[11.7326529,46.5627057]}},{"type":"Feature","properties":{"denomination":"catholic","historic":"wayside_cross","religion":"christian","@id":"node/7727412998","kind":"sight","name":null},"geometry":{"type":"Point","coordinates":[11.7307789,46.562827]}},{"type":"Feature","properties":{"denomination":"catholic","historic":"wayside_cross","religion":"christian","@id":"node/7727413000","kind":"sight","name":null},"geometry":{"type":"Point","coordinates":[11.7283234,46.5628954]}},{"type":"Feature","properties":{"denomination":"catholic","historic":"wayside_shrine","name":"XIV","religion":"christian","worship":"stations_of_the_cross","@id":"node/7727413002","kind":"sight"},"geometry":{"type":"Point","coordinates":[11.7252493,46.560669]}},{"type":"Feature","properties":{"denomination":"catholic","historic":"wayside_shrine","name":"XIII","religion":"christian","worship":"stations_of_the_cross","@id":"node/7727413003","kind":"sight"},"geometry":{"type":"Point","coordinates":[11.7242067,46.5605215]}},{"type":"Feature","properties":{"denomination":"catholic","historic":"wayside_shrine","name":"XII","religion":"christian","worship":"stations_of_the_cross","@id":"node/7727413005","kind":"sight"},"geometry":{"type":"Point","coordinates":[11.723561,46.5603408]}},{"type":"Feature","properties":{"denomination":"catholic","historic":"wayside_shrine","name":"XI","religion":"christian","worship":"stations_of_the_cross","@id":"node/7727413006","kind":"sight"},"geometry":{"type":"Point","coordinates":[11.7227125,46.5604108]}},{"type":"Feature","properties":{"denomination":"catholic","historic":"wayside_shrine","name":"X","religion":"christian","worship":"stations_of_the_cross","@id":"node/7727413008","kind":"sight"},"geometry":{"type":"Point","coordinates":[11.7220052,46.5602885]}},{"type":"Feature","properties":{"denomination":"catholic","historic":"wayside_shrine","name":"IX","religion":"christian","worship":"stations_of_the_cross","@id":"node/7727413011","kind":"sight"},"geometry":{"type":"Point","coordinates":[11.7208299,46.5598753]}},{"type":"Feature","properties":{"denomination":"catholic","historic":"wayside_shrine","name":"VIII","religion":"christian","worship":"stations_of_the_cross","@id":"node/7727413012","kind":"sight"},"geometry":{"type":"Point","coordinates":[11.7203843,46.5598822]}},{"type":"Feature","properties":{"denomination":"catholic","historic":"wayside_shrine","name":"VII","religion":"christian","worship":"stations_of_the_cross","@id":"node/7727413014","kind":"sight"},"geometry":{"type":"Point","coordinates":[11.7200332,46.56006]}},{"type":"Feature","properties":{"denomination":"catholic","historic":"wayside_shrine","name":"VI","religion":"christian","worship":"stations_of_the_cross","@id":"node/7727413016","kind":"sight"},"geometry":{"type":"Point","coordinates":[11.7194585,46.5602457]}},{"type":"Feature","properties":{"denomination":"catholic","historic":"wayside_shrine","name":"V","religion":"christian","worship":"stations_of_the_cross","@id":"node/7727413018","kind":"sight"},"geometry":{"type":"Point","coordinates":[11.7189238,46.560142]}},{"type":"Feature","properties":{"denomination":"catholic","historic":"wayside_shrine","name":"IV","religion":"christian","worship":"stations_of_the_cross","@id":"node/7727413019","kind":"sight"},"geometry":{"type":"Point","coordinates":[11.7184363,46.5602065]}},{"type":"Feature","properties":{"denomination":"catholic","historic":"wayside_shrine","name":"III","religion":"christian","worship":"stations_of_the_cross","@id":"node/7727413021","kind":"sight"},"geometry":{"type":"Point","coordinates":[11.7176509,46.5603008]}},{"type":"Feature","properties":{"denomination":"catholic","historic":"wayside_shrine","name":"II","religion":"christian","worship":"stations_of_the_cross","@id":"node/7727413024","kind":"sight"},"geometry":{"type":"Point","coordinates":[11.7170501,46.5603668]}},{"type":"Feature","properties":{"denomination":"catholic","historic":"wayside_shrine","name":"I","religion":"christian","worship":"stations_of_the_cross","@id":"node/7727413026","kind":"sight"},"geometry":{"type":"Point","coordinates":[11.7163097,46.5600775]}},{"type":"Feature","properties":{"denomination":"catholic","historic":"wayside_shrine","religion":"christian","worship":"stations_of_the_cross","@id":"node/7727413027","kind":"sight","name":null},"geometry":{"type":"Point","coordinates":[11.7153256,46.560111]}},{"type":"Feature","properties":{"denomination":"catholic","historic":"wayside_shrine","religion":"christian","@id":"node/7727416322","kind":"sight","name":null},"geometry":{"type":"Point","coordinates":[11.6776707,46.575828]}},{"type":"Feature","properties":{"denomination":"catholic","historic":"wayside_cross","religion":"christian","@id":"node/7727416376","kind":"sight","name":null},"geometry":{"type":"Point","coordinates":[11.6727284,46.5756473]}},{"type":"Feature","properties":{"denomination":"catholic","historic":"wayside_cross","religion":"christian","@id":"node/7728773093","kind":"sight","name":null},"geometry":{"type":"Point","coordinates":[11.7316318,46.5634305]}},{"type":"Feature","properties":{"denomination":"catholic","historic":"wayside_shrine","religion":"christian","@id":"node/7728773108","kind":"sight","name":null},"geometry":{"type":"Point","coordinates":[11.7277961,46.5627968]}},{"type":"Feature","properties":{"denomination":"catholic","historic":"wayside_cross","religion":"christian","@id":"node/7728773110","kind":"sight","name":null},"geometry":{"type":"Point","coordinates":[11.7246172,46.5622463]}},{"type":"Feature","properties":{"denomination":"catholic","historic":"wayside_cross","religion":"christian","@id":"node/7728773121","kind":"sight","name":null},"geometry":{"type":"Point","coordinates":[11.7209688,46.5619957]}},{"type":"Feature","properties":{"denomination":"catholic","historic":"wayside_shrine","religion":"christian","@id":"node/7728773193","kind":"sight","name":null},"geometry":{"type":"Point","coordinates":[11.7304598,46.5609956]}},{"type":"Feature","properties":{"denomination":"catholic","historic":"wayside_shrine","religion":"christian","@id":"node/7728773202","kind":"sight","name":null},"geometry":{"type":"Point","coordinates":[11.7368062,46.5607668]}},{"type":"Feature","properties":{"denomination":"catholic","historic":"wayside_shrine","religion":"christian","@id":"node/7751480859","kind":"sight","name":null},"geometry":{"type":"Point","coordinates":[11.7464684,46.5620247]}},{"type":"Feature","properties":{"denomination":"catholic","historic":"wayside_cross","religion":"christian","@id":"node/7751480866","kind":"sight","name":null},"geometry":{"type":"Point","coordinates":[11.7385118,46.5609102]}},{"type":"Feature","properties":{"denomination":"catholic","historic":"wayside_cross","religion":"christian","@id":"node/7752628254","kind":"sight","name":null},"geometry":{"type":"Point","coordinates":[11.7635823,46.5529725]}},{"type":"Feature","properties":{"denomination":"catholic","historic":"wayside_cross","religion":"christian","start_date":"1998","@id":"node/7756985288","kind":"sight","name":null},"geometry":{"type":"Point","coordinates":[11.7566304,46.5557885]}},{"type":"Feature","properties":{"denomination":"roman_catholic","historic":"wayside_shrine","religion":"christian","@id":"node/9611631489","kind":"sight","name":null},"geometry":{"type":"Point","coordinates":[11.7635961,46.5529286]}},{"type":"Feature","properties":{"historic":"wayside_shrine","religion":"christian","@id":"node/11247665291","kind":"sight","name":null},"geometry":{"type":"Point","coordinates":[11.67837,46.5702214]}},{"type":"Feature","properties":{"denomination":"catholic","historic":"wayside_cross","religion":"christian","@id":"node/11293629742","kind":"sight","name":null},"geometry":{"type":"Point","coordinates":[11.7521919,46.5571021]}},{"type":"Feature","properties":{"historic":"wayside_cross","religion":"christian","@id":"node/11343688142","kind":"sight","name":null},"geometry":{"type":"Point","coordinates":[11.7362582,46.5558283]}},{"type":"Feature","properties":{"historic":"wayside_shrine","@id":"node/11349456796","kind":"sight","name":null},"geometry":{"type":"Point","coordinates":[11.7104065,46.5592695]}},{"type":"Feature","properties":{"historic":"wayside_shrine","religion":"christian","@id":"node/11375992056","kind":"sight","name":null},"geometry":{"type":"Point","coordinates":[11.6856909,46.5652999]}},{"type":"Feature","properties":{"historic":"wayside_cross","material":"wood","religion":"christian","@id":"node/11388284722","kind":"sight","name":null},"geometry":{"type":"Point","coordinates":[11.7635351,46.5559119]}},{"type":"Feature","properties":{"historic":"wayside_shrine","@id":"node/11469997314","kind":"sight","name":null},"geometry":{"type":"Point","coordinates":[11.6573838,46.5748177]}},{"type":"Feature","properties":{"historic":"wayside_shrine","@id":"node/11473904464","kind":"sight","name":null},"geometry":{"type":"Point","coordinates":[11.7471998,46.5594222]}},{"type":"Feature","properties":{"denomination":"catholic","historic":"wayside_cross","religion":"christian","@id":"node/12222694941","kind":"sight","name":null},"geometry":{"type":"Point","coordinates":[11.7567578,46.5584744]}},{"type":"Feature","properties":{"historic":"wayside_cross","@id":"node/12569220944","kind":"sight","name":null},"geometry":{"type":"Point","coordinates":[11.6536247,46.5706698]}},{"type":"Feature","properties":{"denomination":"catholic","historic":"wayside_shrine","religion":"christian","@id":"node/13805466678","kind":"sight","name":null},"geometry":{"type":"Point","coordinates":[11.7453642,46.559556]}},{"type":"Feature","properties":{"denomination":"catholic","historic":"wayside_cross","religion":"christian","@id":"node/13805466687","kind":"sight","name":null},"geometry":{"type":"Point","coordinates":[11.7340443,46.5606436]}},{"type":"Feature","properties":{"building":"yes","ele":"1488","historic":"castle","name":"L Ciastel - Fischburg - Castel Gardena","name:de":"Fischburg","name:it":"Castel Gardena","name:lld":"L Ciastel de Gherdëina","source":"http://www.provincia.bz.it/arte-cultura/beni-culturali/monumentbrowser-ricerca.asp?status=detail&id=18011","start_date":"1641","type":"multipolygon","wikidata":"Q1116869","wikimedia_commons":"Category:Fischburg","wikipedia":"it:Castel Gardena","@id":"relation/4490190","kind":"sight"},"geometry":{"type":"Point","coordinates":[11.7336669,46.5557615]}},{"type":"Feature","properties":{"addr:city":"Karneid - Cornedo all'Isarco","addr:city:de":"Karneid","addr:city:it":"Cornedo all'Isarco","addr:country":"IT","addr:housenumber":"13","addr:place":"Gummer - San Valentino In Campo","addr:place:de":"Gummer (BZ)","addr:place:it":"San Valentino In Campo","addr:postcode":"39053","addr:street":"Learn - Via Learn","addr:street:de":"Learn","addr:street:it":"Via Learn","amenity":"restaurant","check_date":"2024-03-24","email":"info@untereggerhof.it","leisure":"outdoor_seating","name":"Gasthaus Unteregger","opening_hours":"Mo-Su; We off","operator":"Fam. Renate Pichler","phone":"+39 0471 376 471","website":"https://www.untereggerhof.it/","@id":"node/2295435641","kind":"refreshment"},"geometry":{"type":"Point","coordinates":[11.462582,46.4540207]}},{"type":"Feature","properties":{"description:de":"Höchster Punkt von Steinegg","name":"Tschigg - Maso Ciga","name:de":"Tschigg","name:it":"Maso Ciga","tourism":"viewpoint","@id":"node/2584254090","kind":"viewpoint"},"geometry":{"type":"Point","coordinates":[11.4624237,46.4592649]}},{"type":"Feature","properties":{"name":"Sternwarte & Teleskop Max Valier - Osservatorio Max Valier","name:de":"Sternwarte & Teleskop Max Valier","name:it":"Osservatorio Max Valier","tourism":"attraction","@id":"node/8869624203","kind":"sight"},"geometry":{"type":"Point","coordinates":[11.462735,46.4528385]}},{"type":"Feature","properties":{"building":"yes","man_made":"observatory","name":"Sternwarte Max Valier - Osservatorio Max Valier","name:de":"Sternwarte Max Valier","name:it":"Osservatorio Max Valier","tourism":"viewpoint","website":"https://www.sternwarte.it/","@id":"way/220366119","kind":"viewpoint"},"geometry":{"type":"Point","coordinates":[11.4627192,46.4529481]}},{"type":"Feature","properties":{"building":"yes","man_made":"observatory","name":"Sternwarte Max Valier - Osservatorio Max Valier","name:de":"Sternwarte Max Valier","name:it":"Osservatorio Max Valier","tourism":"viewpoint","website":"https://www.sternwarte.it/","@id":"way/958601408","kind":"viewpoint"},"geometry":{"type":"Point","coordinates":[11.4626744,46.4528058]}},{"type":"Feature","properties":{"access":"yes","amenity":"restaurant","capacity":"25","contact:email":"info@rotwandwiesenhuette.it","contact:phone":"+39 0474 710651","ele":"1924","name":"Rotwandwiesenhütte - Rifugio Prati di Croda Rossa","name:de":"Rotwandwiesenhütte","name:it":"Rifugio Prati di Croda Rossa","operator":"Josef Pfeifhofer","website":"http://www.rotwandwiesenhuette.it/de/","@id":"node/857491163","kind":"refreshment"},"geometry":{"type":"Point","coordinates":[12.3703635,46.6652329]}},{"type":"Feature","properties":{"amenity":"restaurant","name":"Rudi-Hütte - Rifugio Rudi","name:de":"Rudi-Hütte","name:it":"Rifugio Rudi","@id":"node/924003387","kind":"refreshment"},"geometry":{"type":"Point","coordinates":[12.3723768,46.664551]}},{"type":"Feature","properties":{"amenity":"shelter","@id":"node/974721701","kind":"shelter","name":null},"geometry":{"type":"Point","coordinates":[12.3761068,46.6606486]}},{"type":"Feature","properties":{"tourism":"picnic_site","@id":"node/924003484","kind":"picnic","name":null},"geometry":{"type":"Point","coordinates":[12.3719198,46.665779]}},{"type":"Feature","properties":{"tourism":"viewpoint","@id":"node/924003634","kind":"viewpoint","name":null},"geometry":{"type":"Point","coordinates":[12.371804,46.6661702]}},{"type":"Feature","properties":{"tourism":"viewpoint","@id":"node/924003640","kind":"viewpoint","name":null},"geometry":{"type":"Point","coordinates":[12.3692161,46.6605539]}},{"type":"Feature","properties":{"tourism":"picnic_site","@id":"node/924003719","kind":"picnic","name":null},"geometry":{"type":"Point","coordinates":[12.369385,46.6613567]}},{"type":"Feature","properties":{"addr:city":"Sexten - Sesto","addr:housenumber":"1","addr:postcode":"39030","addr:street":"Kiniger","alt_name":"Kiniger Hof","amenity":"restaurant","name":"Kinigerhof","@id":"node/684255873","kind":"refreshment"},"geometry":{"type":"Point","coordinates":[12.3607302,46.6985873]}},{"type":"Feature","properties":{"amenity":"restaurant","name":"Froneben","@id":"node/684255916","kind":"refreshment"},"geometry":{"type":"Point","coordinates":[12.3750211,46.6902792]}},{"type":"Feature","properties":{"amenity":"restaurant","name":"Panorama","tourism":"hotel","@id":"node/684255988","kind":"refreshment"},"geometry":{"type":"Point","coordinates":[12.3658563,46.6997893]}},{"type":"Feature","properties":{"amenity":"restaurant","cuisine":"italian","name":"Erich","opening_hours":"Mo, We-Su 12:00-14:00, 17:30-21:00","@id":"node/842257296","kind":"refreshment"},"geometry":{"type":"Point","coordinates":[12.3502002,46.7009633]}},{"type":"Feature","properties":{"amenity":"restaurant","name":"Pizzeria Martina","@id":"node/1459767344","kind":"refreshment"},"geometry":{"type":"Point","coordinates":[12.3660564,46.6909512]}},{"type":"Feature","properties":{"amenity":"restaurant","name":"Gästehaus Gruber","tourism":"hotel","@id":"node/1885745737","kind":"refreshment"},"geometry":{"type":"Point","coordinates":[12.3562597,46.7010777]}},{"type":"Feature","properties":{"addr:city":"Moso","addr:housenumber":"27","addr:postcode":"39030","addr:street":"St.-Josef-Straße - Via San Giuseppe","addr:street:de":"St.-Josef-Straße","amenity":"restaurant","name":"Reider Biwak12","name:de":"Reider Biwak12","name:it":"Reider Biwak12","@id":"node/2414240998","kind":"refreshment"},"geometry":{"type":"Point","coordinates":[12.3665258,46.6901528]}},{"type":"Feature","properties":{"amenity":"restaurant","cuisine":"barbecue","name":"Hennstoll - Pollaio","@id":"node/4311418887","kind":"refreshment"},"geometry":{"type":"Point","coordinates":[12.380976,46.6803552]}},{"type":"Feature","properties":{"amenity":"restaurant","name":"Mühlenhof","@id":"node/5822854002","kind":"refreshment"},"geometry":{"type":"Point","coordinates":[12.3631167,46.6811812]}},{"type":"Feature","properties":{"amenity":"bar","name":"Brugga","@id":"node/7166368497","kind":"refreshment"},"geometry":{"type":"Point","coordinates":[12.3509334,46.7019059]}},{"type":"Feature","properties":{"addr:city":"Sexten - Sesto","addr:city:de":"Sexten","addr:city:it":"Sesto","addr:housenumber":"59","addr:postcode":"39030","addr:street":"St. Josefstraße - Via S. Giuseppe","addr:street:de":"St. Josefstraße","addr:street:it":"Via S. Giuseppe","amenity":"restaurant","name":"Zin Fux","@id":"node/7811231317","kind":"refreshment"},"geometry":{"type":"Point","coordinates":[12.3828812,46.680259]}},{"type":"Feature","properties":{"amenity":"bar","indoor_seating":"yes","name":"Mühle","note":"Weinstube & Bar","outdoor_seating":"yes","@id":"node/11540403591","kind":"refreshment"},"geometry":{"type":"Point","coordinates":[12.3505372,46.7012194]}},{"type":"Feature","properties":{"addr:housenumber":"25","addr:postcode":"39030","addr:street":"Fischleintalstraße - Via Val Fiscalina","amenity":"restaurant","cuisine":"regional","name":"Luis Alm","website":"https://www.luisalm.it","website:menu":"https://www.luisalm.it/pdf/Speisekarte-LuisAlm.pdf","@id":"node/12552276202","kind":"refreshment"},"geometry":{"type":"Point","coordinates":[12.3648291,46.6821269]}},{"type":"Feature","properties":{"addr:housenumber":"20","addr:postcode":"39030","addr:street":"St.-Josef-Straße - Via San Giuseppe","amenity":"ice_cream","contact:instagram":"happis_eis","name":"Happis Eis","@id":"node/12552295601","kind":"refreshment"},"geometry":{"type":"Point","coordinates":[12.3663014,46.6898856]}},{"type":"Feature","properties":{"addr:city":"Sexten - Sesto","addr:city:de":"Sexten","addr:city:it":"Sesto","addr:housenumber":"5","addr:postcode":"39030","addr:street":"Dolomitenstraße - Via Dolomiti","addr:street:de":"Dolomitenstraße","addr:street:it":"Via Dolomiti","amenity":"restaurant","cuisine":"regional","email":"info@hotelmondschein.com","name":"Hotel Mondschein","phone":"+39 0474 710 322","tourism":"hotel","website":"https://www.hotelmondschein.com/","@id":"node/13087662884","kind":"refreshment"},"geometry":{"type":"Point","coordinates":[12.3499966,46.7022103]}},{"type":"Feature","properties":{"addr:city":"Sexten - Sesto","addr:housenumber":"25","addr:postcode":"39030","addr:street":"Fischleintalstraße - Via Val Fiscalina","amenity":"restaurant","building":"yes","name":"Luis Alm","website":"https://www.luisalm.it/","@id":"way/366436586","kind":"refreshment"},"geometry":{"type":"Point","coordinates":[12.3648256,46.6821278]}},{"type":"Feature","properties":{"addr:city":"Sexten - Sesto","addr:city:de":"Sexten","addr:city:it":"Sesto","addr:housenumber":"43","addr:postcode":"39030","addr:street":"Dolomitenstraße - Via Dolomiti","addr:street:de":"Dolomitenstraße","addr:street:it":"Via Dolomiti","amenity":"restaurant","building":"yes","cuisine":"regional;pizza","email":"info@riega-sexten.com","name":"Pizzeria Restaurant Riega","phone":"+39 0474 710480","website":"https://www.riega-sexten.com/","@id":"way/543080258","kind":"refreshment"},"geometry":{"type":"Point","coordinates":[12.3552303,46.698103]}},{"type":"Feature","properties":{"addr:city":"Sexten - Sesto","addr:city:de":"Sexten","addr:city:it":"Sesto","addr:country":"IT","addr:housenumber":"22b","addr:postcode":"39030","addr:street":"Dolomitenstraße - Via Dolomiti","addr:street:de":"Dolomitenstraße","addr:street:it":"Via Dolomiti","amenity":"restaurant","building":"yes","cuisine":"regional;burger;grill","name":"S' Grill Hittl","@id":"way/543395681","kind":"refreshment"},"geometry":{"type":"Point","coordinates":[12.3531596,46.6989674]}},{"type":"Feature","properties":{"amenity":"drinking_water","bottle":"yes","drinking_water":"conditional","ele":"1350","fee":"no","image":"https://www.refill.bz.it/images/sitemap/brunnen_sextner_rundweg_2.jpg","indoor":"no","seasonal":"yes","source":"Refill Südtirol / Alto Adige","source:date":"2019-10-15","wheelchair":"no","@id":"node/844651956","kind":"water","name":null},"geometry":{"type":"Point","coordinates":[12.35476,46.690911]}},{"type":"Feature","properties":{"access":"yes","amenity":"toilets","changing_table":"no","fee":"no","wheelchair":"no","@id":"node/1893465930","kind":"toilets","name":null},"geometry":{"type":"Point","coordinates":[12.3581738,46.6757088]}},{"type":"Feature","properties":{"amenity":"drinking_water","bottle":"yes","drinking_water":"yes","ele":"1340","fee":"no","image":"https://www.refill.bz.it/images/sitemap/20200422_111758.jpg","indoor":"no","operator":"Gemeinde Sexten - Comune di Sesto","seasonal":"yes","source":"Refill Südtirol / Alto Adige","source:date":"2019-10-15","wheelchair":"no","@id":"node/2414239878","kind":"water","name":null},"geometry":{"type":"Point","coordinates":[12.366502,46.689809]}},{"type":"Feature","properties":{"amenity":"drinking_water","bottle":"yes","drinking_water":"yes","ele":"1310","fee":"no","image":"https://www.refill.bz.it/images/sitemap/20200422_122917.jpg","indoor":"no","operator":"Gemeinde Sexten - Comune di Sesto","seasonal":"yes","source":"Refill Südtirol / Alto Adige","source:date":"2019-10-15","wheelchair":"yes","@id":"node/2414242404","kind":"water","name":null},"geometry":{"type":"Point","coordinates":[12.350441,46.701956]}},{"type":"Feature","properties":{"amenity":"toilets","fee":"no","unisex":"yes","@id":"node/3373722585","kind":"toilets","name":null},"geometry":{"type":"Point","coordinates":[12.3568402,46.6975675]}},{"type":"Feature","properties":{"amenity":"drinking_water","bottle":"yes","drinking_water":"conditional","fee":"no","image":"https://www.refill.bz.it/images/sitemap/brunnen_fischleintal_sexten.jpg","indoor":"no","seasonal":"yes","source":"Refill Südtirol / Alto Adige","source:date":"2020-10-16","wheelchair":"limited","@id":"node/8013601385","kind":"water","name":null},"geometry":{"type":"Point","coordinates":[12.357817,46.675597]}},{"type":"Feature","properties":{"amenity":"drinking_water","bottle":"yes","ele":"1360","fee":"no","image":"https://www.refill.bz.it/images/sitemap/brunnen_sextner_rundweg.jpg","indoor":"no","seasonal":"yes","source":"Refill Südtirol / Alto Adige","source:date":"2020-10-16","wheelchair":"no","@id":"node/8013647885","kind":"water","name":null},"geometry":{"type":"Point","coordinates":[12.366872,46.682771]}},{"type":"Feature","properties":{"amenity":"drinking_water","drinking_water":"conditional","ele":"1350","fee":"no","image":"https://www.refill.bz.it/images/sitemap/brunnen_sextner_rundweg_2_2.jpg","indoor":"no","seasonal":"yes","source":"Refill Südtirol / Alto Adige","source:date":"2020-12-22","wheelchair":"no","@id":"node/8252011617","kind":"water","name":null},"geometry":{"type":"Point","coordinates":[12.35374,46.692106]}},{"type":"Feature","properties":{"amenity":"drinking_water","bottle":"yes","@id":"node/13003911947","kind":"water","name":null},"geometry":{"type":"Point","coordinates":[12.3536806,46.697494]}},{"type":"Feature","properties":{"information":"office","tourism":"information","@id":"node/685103508","kind":"information","name":null},"geometry":{"type":"Point","coordinates":[12.3561743,46.6969851]}},{"type":"Feature","properties":{"information":"office","name":"STONEMAN - Spirit Info Point","tourism":"information","@id":"node/2460501094","kind":"information"},"geometry":{"type":"Point","coordinates":[12.3564516,46.6966878]}},{"type":"Feature","properties":{"name":"Rudolf Stolz Museum","tourism":"museum","wikidata":"Q55352661","@id":"node/2460538192","kind":"sight"},"geometry":{"type":"Point","coordinates":[12.35043,46.701489]}},{"type":"Feature","properties":{"tourism":"viewpoint","@id":"node/13109277443","kind":"viewpoint","name":null},"geometry":{"type":"Point","coordinates":[12.3717168,46.6857461]}},{"type":"Feature","properties":{"addr:city":"Sexten - Sesto","addr:housenumber":"45a","addr:postcode":"39030","addr:street":"Dolomitenstraße - Via Dolomiti","information":"visitor_centre","tourism":"information","@id":"node/13945072727","kind":"information","name":null},"geometry":{"type":"Point","coordinates":[12.3561215,46.6969884]}},{"type":"Feature","properties":{"building":"yes","tourism":"museum","@id":"way/83065758","kind":"sight","name":null},"geometry":{"type":"Point","coordinates":[12.3507252,46.7022015]}},{"type":"Feature","properties":{"covered":"no","leisure":"picnic_table","@id":"node/2959665149","kind":"picnic","name":null},"geometry":{"type":"Point","coordinates":[12.3570601,46.6760988]}},{"type":"Feature","properties":{"backrest":"yes","covered":"no","leisure":"picnic_table","material":"wood","@id":"node/11001649482","kind":"picnic","name":null},"geometry":{"type":"Point","coordinates":[12.3678604,46.6992457]}},{"type":"Feature","properties":{"backrest":"yes","covered":"no","leisure":"picnic_table","material":"wood","@id":"node/11012514410","kind":"picnic","name":null},"geometry":{"type":"Point","coordinates":[12.3640799,46.6972428]}},{"type":"Feature","properties":{"covered":"no","leisure":"picnic_table","@id":"node/12467118771","kind":"picnic","name":null},"geometry":{"type":"Point","coordinates":[12.3612593,46.6981534]}},{"type":"Feature","properties":{"covered":"no","leisure":"picnic_table","@id":"node/12467118773","kind":"picnic","name":null},"geometry":{"type":"Point","coordinates":[12.3604191,46.6990994]}},{"type":"Feature","properties":{"covered":"no","leisure":"picnic_table","@id":"node/12467128625","kind":"picnic","name":null},"geometry":{"type":"Point","coordinates":[12.359362,46.6919277]}},{"type":"Feature","properties":{"covered":"no","leisure":"picnic_table","@id":"node/12467128628","kind":"picnic","name":null},"geometry":{"type":"Point","coordinates":[12.3610863,46.689194]}},{"type":"Feature","properties":{"covered":"no","leisure":"picnic_table","@id":"node/12467236074","kind":"picnic","name":null},"geometry":{"type":"Point","coordinates":[12.3546926,46.6747463]}},{"type":"Feature","properties":{"covered":"no","leisure":"picnic_table","@id":"node/12467236091","kind":"picnic","name":null},"geometry":{"type":"Point","coordinates":[12.3593452,46.6881184]}},{"type":"Feature","properties":{"covered":"no","leisure":"picnic_table","@id":"node/12467236092","kind":"picnic","name":null},"geometry":{"type":"Point","coordinates":[12.3603346,46.6883908]}},{"type":"Feature","properties":{"leisure":"picnic_table","@id":"node/13078459377","kind":"picnic","name":null},"geometry":{"type":"Point","coordinates":[12.351702,46.6991008]}},{"type":"Feature","properties":{"leisure":"picnic_table","@id":"node/13078459378","kind":"picnic","name":null},"geometry":{"type":"Point","coordinates":[12.3511029,46.6997761]}},{"type":"Feature","properties":{"leisure":"picnic_table","@id":"node/13109277444","kind":"picnic","name":null},"geometry":{"type":"Point","coordinates":[12.3717242,46.6857342]}},{"type":"Feature","properties":{"leisure":"picnic_table","@id":"node/13109277445","kind":"picnic","name":null},"geometry":{"type":"Point","coordinates":[12.3857408,46.6789746]}},{"type":"Feature","properties":{"historic":"wayside_cross","@id":"node/1373868329","kind":"sight","name":null},"geometry":{"type":"Point","coordinates":[12.3787229,46.6842094]}},{"type":"Feature","properties":{"access":"yes","ele":"1413","historic":"ruins","name":"Werk Haideck - Forte Haideck","ruins":"fort","wikidata":"Q3748563","wikipedia":"it:Forte Haideck","@id":"node/4359148240","kind":"sight"},"geometry":{"type":"Point","coordinates":[12.3586244,46.6848045]}},{"type":"Feature","properties":{"denomination":"catholic","historic":"wayside_shrine","religion":"christian","@id":"node/12467118764","kind":"sight","name":null},"geometry":{"type":"Point","coordinates":[12.364887,46.692409]}},{"type":"Feature","properties":{"denomination":"catholic","historic":"wayside_shrine","religion":"christian","@id":"node/12467118766","kind":"sight","name":null},"geometry":{"type":"Point","coordinates":[12.3635754,46.6929695]}},{"type":"Feature","properties":{"denomination":"catholic","historic":"wayside_cross","religion":"christian","@id":"node/12467118767","kind":"sight","name":null},"geometry":{"type":"Point","coordinates":[12.3628271,46.693144]}},{"type":"Feature","properties":{"denomination":"catholic","historic":"wayside_cross","religion":"christian","@id":"node/12467118768","kind":"sight","name":null},"geometry":{"type":"Point","coordinates":[12.3637082,46.694384]}},{"type":"Feature","properties":{"denomination":"catholic","historic":"wayside_cross","religion":"christian","@id":"node/12467118772","kind":"sight","name":null},"geometry":{"type":"Point","coordinates":[12.3606565,46.6986574]}},{"type":"Feature","properties":{"denomination":"catholic","historic":"wayside_cross","religion":"christian","@id":"node/12467118775","kind":"sight","name":null},"geometry":{"type":"Point","coordinates":[12.3631375,46.7000495]}},{"type":"Feature","properties":{"denomination":"catholic","historic":"wayside_cross","religion":"christian","@id":"node/12467128621","kind":"sight","name":null},"geometry":{"type":"Point","coordinates":[12.3570375,46.6960176]}},{"type":"Feature","properties":{"denomination":"catholic","historic":"wayside_cross","religion":"christian","@id":"node/12467128627","kind":"sight","name":null},"geometry":{"type":"Point","coordinates":[12.3610944,46.6891774]}},{"type":"Feature","properties":{"amenity":"restaurant","cuisine":"regional","name":"Talschlusshütte","@id":"node/2145513616","kind":"refreshment"},"geometry":{"type":"Point","coordinates":[12.2480352,46.8420408]}},{"type":"Feature","properties":{"amenity":"restaurant","name":"Lanzberg","@id":"node/2146825634","kind":"refreshment"},"geometry":{"type":"Point","coordinates":[12.2329762,46.8320181]}},{"type":"Feature","properties":{"amenity":"restaurant","cuisine":"regional","name":"Karbach","@id":"node/2152249060","kind":"refreshment"},"geometry":{"type":"Point","coordinates":[12.2108444,46.8094854]}},{"type":"Feature","properties":{"addr:city":"Gsies - Valle di Casies","addr:housenumber":"2/a","addr:postcode":"39030","addr:street":"Gsieser Straße - Via Casies","amenity":"restaurant","contact:email":"info@bintapub.com","contact:facebook":"https://www.facebook.com/binta.gsies/","contact:instagram":"https://www.instagram.com/binta_gsies/","contact:website":"https://www.binta.it/","name":"Binta","opening_hours":"Mo off; Tu-Th 09:00-23:00; Fr-Sa 09:00-01:00; Su 09:00-23:00","phone":"+390474746024","@id":"node/2171925116","kind":"refreshment"},"geometry":{"type":"Point","coordinates":[12.175175,46.7699411]}},{"type":"Feature","properties":{"addr:city":"Taisten - Tesido","addr:postcode":"39035","addr:street":"Unterrainerstraße - Via Riva di Sotto","amenity":"cafe","indoor_seating":"yes","name":"Mana Cafe Bar","opening_hours":"Mo-Fr 07:45-23:00; Su 08:30-23:00","outdoor_seating":"yes","@id":"node/2437716652","kind":"refreshment"},"geometry":{"type":"Point","coordinates":[12.1123316,46.7681942]}},{"type":"Feature","properties":{"amenity":"restaurant","indoor_seating":"yes","name":"Restaurant Pointner","outdoor_seating":"yes","@id":"node/2437716657","kind":"refreshment"},"geometry":{"type":"Point","coordinates":[12.1149846,46.7672554]}},{"type":"Feature","properties":{"amenity":"restaurant","indoor_seating":"yes","name":"Pizzeria Hitte","outdoor_seating":"no","@id":"node/2437716660","kind":"refreshment"},"geometry":{"type":"Point","coordinates":[12.1119753,46.7687956]}},{"type":"Feature","properties":{"addr:housenumber":"6","addr:postcode":"39030","addr:street":"Via Nikolaus-Amhof - Nikolaus-Amhof Straße","addr:street:de":"Nikolaus-Amhof Straße","addr:street:it":"Via Nikolaus-Amhof","amenity":"restaurant","contact:email":"info@restaurantdurnwald.it","contact:facebook":"https://www.facebook.com/restaurantdurnwald","contact:phone":"+39 0474 746886","cuisine":"regional","name":"Gasthof Durnwald","operator":"Fam. Mayr","stars":"1","website":"https://www.restaurantdurnwald.it/","website:menu":"https://www.restaurantdurnwald.it/it/speisekarte","@id":"node/2454198208","kind":"refreshment"},"geometry":{"type":"Point","coordinates":[12.1790244,46.7673938]}},{"type":"Feature","properties":{"addr:city":"Gsies - Valle di Casies","addr:city:de":"Gsies","addr:city:it":"Valle di Casies","addr:hamlet":"Pichl - Colle","addr:hamlet:de":"Pichl","addr:hamlet:it":"Colle","addr:housenumber":"1a","addr:postcode":"39030","addr:street":"Gsieser Straße - Via Casies","addr:street:de":"Gsieser Straße","addr:street:it":"Via Casies","alt_name":"Ristorante Bar Graf","amenity":"restaurant","capacity":"50","cuisine":"regional","email":"info@zumgraf.it","name":"Zum Graf","opening_hours":"Mo-Su 12:00-14:00, 19:00-21:30 || Mo-Fr 10:00-13:00 \"Bar & á la carte Restaurant\" || Sa, Su 07:30-13:00 \"Bar & á la carte Restaurant\"","phone":"+39 0474 862395","smoking":"no","takeaway":"no","website":"https://www.zumgraf.it/","@id":"node/2749759274","kind":"refreshment"},"geometry":{"type":"Point","coordinates":[12.1948331,46.7811841]}},{"type":"Feature","properties":{"addr:city":"Welsberg - Monguelfo","addr:city:de":"Welsberg","addr:city:it":"Monguelfo","addr:housenumber":"5","addr:postcode":"39035","addr:street":"Dorfstraße - Via del Borgo","addr:street:de":"Dorfstraße","addr:street:it":"Via del Borgo","amenity":"restaurant","indoor_seating":"yes","name":"Ristorante e Pizzeria Chalet Olympia","outdoor_seating":"yes","@id":"node/2756073150","kind":"refreshment"},"geometry":{"type":"Point","coordinates":[12.114041,46.7678949]}},{"type":"Feature","properties":{"amenity":"restaurant","cuisine":"regional","name":"Zum Kahnwirt","phone":"+39 0474 978409","website":"https://www.kahnwirt.it/","@id":"node/2841375405","kind":"refreshment"},"geometry":{"type":"Point","coordinates":[12.2293591,46.8121457]}},{"type":"Feature","properties":{"addr:city":"Gsies - Valle di Casies","addr:housenumber":"10","addr:postcode":"39030","addr:street":"Pater-Steinmair-Weg - Via Pater Steinmair","amenity":"restaurant","building":"yes","cuisine":"regional","indoor_seating":"yes","name":"Moos Alm","outdoor_seating":"yes","phone":"+39 0474 948735","website":"https://www.moosalm.it/","@id":"way/334822664","kind":"refreshment"},"geometry":{"type":"Point","coordinates":[12.2477654,46.8477168]}},{"type":"Feature","properties":{"amenity":"drinking_water","@id":"node/1825493774","kind":"water","name":null},"geometry":{"type":"Point","coordinates":[12.2454507,46.8481895]}},{"type":"Feature","properties":{"amenity":"drinking_water","@id":"node/6568150387","kind":"water","name":null},"geometry":{"type":"Point","coordinates":[12.2383876,46.834256]}},{"type":"Feature","properties":{"amenity":"drinking_water","@id":"node/11028051593","kind":"water","name":null},"geometry":{"type":"Point","coordinates":[12.2517684,46.836282]}},{"type":"Feature","properties":{"amenity":"fountain","@id":"node/12122813863","kind":"water","name":null},"geometry":{"type":"Point","coordinates":[12.1134175,46.7686861]}},{"type":"Feature","properties":{"amenity":"drinking_water","@id":"node/12229588898","kind":"water","name":null},"geometry":{"type":"Point","coordinates":[12.2049308,46.7819341]}},{"type":"Feature","properties":{"amenity":"shelter","building":"yes","shelter_type":"public_transport","@id":"way/1186908995","kind":"shelter","name":null},"geometry":{"type":"Point","coordinates":[12.2272235,46.8114472]}},{"type":"Feature","properties":{"amenity":"toilets","building":"yes","@id":"way/1188125547","kind":"toilets","name":null},"geometry":{"type":"Point","coordinates":[12.2454652,46.8482855]}},{"type":"Feature","properties":{"amenity":"toilets","building":"yes","@id":"way/1189430934","kind":"toilets","name":null},"geometry":{"type":"Point","coordinates":[12.2483313,46.8414793]}},{"type":"Feature","properties":{"amenity":"shelter","building":"yes","shelter_type":"public_transport","@id":"way/1467997014","kind":"shelter","name":null},"geometry":{"type":"Point","coordinates":[12.2272235,46.8114472]}},{"type":"Feature","properties":{"information":"office","name":"tourist info","opening_hours":"Mo-Fr 08:00-12:00","tourism":"information","wheelchair":"yes","@id":"node/2453256845","kind":"information"},"geometry":{"type":"Point","coordinates":[12.1149813,46.7680984]}},{"type":"Feature","properties":{"name":"Sunnenwentegge","tourism":"viewpoint","@id":"node/4403440430","kind":"viewpoint"},"geometry":{"type":"Point","coordinates":[12.2368474,46.811652]}},{"type":"Feature","properties":{"tourism":"picnic_site","@id":"node/13748053201","kind":"picnic","name":null},"geometry":{"type":"Point","coordinates":[12.1223242,46.7648606]}},{"type":"Feature","properties":{"drinking_water":"yes","man_made":"water_well","@id":"node/4394004320","kind":"water","name":null},"geometry":{"type":"Point","coordinates":[12.2271246,46.8112665]}},{"type":"Feature","properties":{"covered":"no","leisure":"picnic_table","@id":"node/1458804741","kind":"picnic","name":null},"geometry":{"type":"Point","coordinates":[12.129664,46.7712575]}},{"type":"Feature","properties":{"covered":"no","leisure":"picnic_table","@id":"node/7955496298","kind":"picnic","name":null},"geometry":{"type":"Point","coordinates":[12.2297875,46.8153255]}},{"type":"Feature","properties":{"covered":"no","leisure":"picnic_table","material":"wood","@id":"node/11023090818","kind":"picnic","name":null},"geometry":{"type":"Point","coordinates":[12.2278791,46.8217732]}},{"type":"Feature","properties":{"leisure":"picnic_table","@id":"node/11038044117","kind":"picnic","name":null},"geometry":{"type":"Point","coordinates":[12.2368221,46.8116004]}},{"type":"Feature","properties":{"leisure":"picnic_table","@id":"node/11044420630","kind":"picnic","name":null},"geometry":{"type":"Point","coordinates":[12.2442916,46.8300144]}},{"type":"Feature","properties":{"covered":"yes","leisure":"picnic_table","@id":"node/11740743569","kind":"picnic","name":null},"geometry":{"type":"Point","coordinates":[12.2298525,46.8155001]}},{"type":"Feature","properties":{"covered":"no","leisure":"picnic_table","@id":"node/11740744369","kind":"picnic","name":null},"geometry":{"type":"Point","coordinates":[12.2299651,46.8154923]}},{"type":"Feature","properties":{"leisure":"picnic_table","@id":"node/12122813864","kind":"picnic","name":null},"geometry":{"type":"Point","coordinates":[12.1134721,46.7686492]}},{"type":"Feature","properties":{"historic":"wayside_cross","@id":"node/892723372","kind":"sight","name":null},"geometry":{"type":"Point","coordinates":[12.2052785,46.7840223]}},{"type":"Feature","properties":{"historic":"wayside_cross","@id":"node/892723998","kind":"sight","name":null},"geometry":{"type":"Point","coordinates":[12.2091679,46.7800788]}},{"type":"Feature","properties":{"historic":"wayside_cross","@id":"node/11028051594","kind":"sight","name":null},"geometry":{"type":"Point","coordinates":[12.2516732,46.8363511]}},{"type":"Feature","properties":{"denomination":"roman_catholic","description:de":"Tabernakelbildstock in Taisten","historic":"wayside_shrine","religion":"christian","wikidata":"Q107077383","@id":"node/13463583287","kind":"sight","name":null},"geometry":{"type":"Point","coordinates":[12.114972,46.767828]}},{"type":"Feature","properties":{"amenity":"restaurant","cuisine":"regional;pizza","@id":"node/7874047849","kind":"refreshment","name":null},"geometry":{"type":"Point","coordinates":[11.2934231,46.3428434]}},{"type":"Feature","properties":{"addr:city":"Auer - Ora","addr:city:de":"Auer","addr:city:it":"Ora","addr:housenumber":"7","addr:postcode":"39040","addr:street":"Schwarzenbach - Rio Nero","addr:street:de":"Schwarzenbach","addr:street:it":"Rio Nero","amenity":"restaurant","building":"yes","cuisine":"pizza","name":"Restaurant Pizzeria Schwarzenbach","phone":"+39 0471 810295","ref:vatin":"IT02989550211","@id":"way/162147575","kind":"refreshment"},"geometry":{"type":"Point","coordinates":[11.2956727,46.3420657]}},{"type":"Feature","properties":{"amenity":"restaurant","building":"yes","cuisine":"sushi","name":"Bambus","@id":"way/163812110","kind":"refreshment"},"geometry":{"type":"Point","coordinates":[11.2908697,46.3419212]}},{"type":"Feature","properties":{"amenity":"drinking_water","fountain":"drinking","@id":"node/1293332654","kind":"water","name":null},"geometry":{"type":"Point","coordinates":[11.28851,46.3331322]}},{"type":"Feature","properties":{"amenity":"drinking_water","@id":"node/1346913315","kind":"water","name":null},"geometry":{"type":"Point","coordinates":[11.2908707,46.3381974]}},{"type":"Feature","properties":{"amenity":"fountain","@id":"node/10797176761","kind":"water","name":null},"geometry":{"type":"Point","coordinates":[11.2944135,46.3381272]}},{"type":"Feature","properties":{"amenity":"watering_place","@id":"node/13142663176","kind":"water","name":null},"geometry":{"type":"Point","coordinates":[11.2931377,46.3343161]}},{"type":"Feature","properties":{"tourism":"viewpoint","@id":"node/1346996566","kind":"viewpoint","name":null},"geometry":{"type":"Point","coordinates":[11.2897697,46.339181]}},{"type":"Feature","properties":{"tourism":"viewpoint","@id":"node/1741386186","kind":"viewpoint","name":null},"geometry":{"type":"Point","coordinates":[11.294302,46.3410987]}},{"type":"Feature","properties":{"historic":"archaeological_site","name":"Castelfeder - Castelvetere","name:de":"Castelfeder","name:it":"Castelvetere","natural":"fell","source":"http://www.castelfeder.info","@id":"way/110996027","kind":"sight"},"geometry":{"type":"Point","coordinates":[11.2891818,46.3373252]}},{"type":"Feature","properties":{"building":"yes","description:de":"Romanische Burg","description:it":"Castello romanico","historic":"castle","ruins":"yes","wikidata":"Q117861398","wikimedia_commons":"Category:Burgruine Castelfeder","@id":"way/120029977","kind":"sight","name":null},"geometry":{"type":"Point","coordinates":[11.2900363,46.3384615]}},{"type":"Feature","properties":{"amenity":"restaurant","cuisine":"regional","delivery":"no","name":"Jausenstation Kleiner Montiggler See - Ristoro Lago Piccolo di Monticolo","name:de":"Jausenstation Kleiner Montiggler See","name:it":"Ristoro Lago Piccolo di Monticolo","opening_hours":"Apr-Oct Mo-We, Fr-Su 08:30-19:00","operator":"Antholzer H. & R. Montiggl","outdoor_seating":"yes","phone":"+39 0471 663127","ref:vatin":"IT01714060215","takeaway":"yes","toilets:wheelchair":"no","website":"https://www.kleinermontigglersee.com/","wheelchair":"yes","@id":"node/1645418106","kind":"refreshment"},"geometry":{"type":"Point","coordinates":[11.2940021,46.4294066]}},{"type":"Feature","properties":{"amenity":"restaurant","name":"Restaurant Moser","wheelchair":"yes","@id":"node/3729402825","kind":"refreshment"},"geometry":{"type":"Point","coordinates":[11.2835759,46.4189702]}},{"type":"Feature","properties":{"addr:housenumber":"55","addr:postcode":"39057","addr:street":"Montiggler Straße - Via Monticolo","amenity":"restaurant","cuisine":"italian;pizza;pasta","name":"Restaurant Pizzeria Lido Montiggl","opening_hours":"Mo-Su 11:00-21:00","phone":"+39 0471 664155","toilets:wheelchair":"yes","website":"https://www.lido-montiggl.it/","wheelchair":"yes","@id":"node/5721034922","kind":"refreshment"},"geometry":{"type":"Point","coordinates":[11.2872016,46.4230392]}},{"type":"Feature","properties":{"addr:housenumber":"53","addr:street":"Montiggler Straße - Via Monticolo","amenity":"restaurant","check_date":"2024-12-28","name":"Lacus","wheelchair":"yes","@id":"node/12458925548","kind":"refreshment"},"geometry":{"type":"Point","coordinates":[11.2870924,46.4227223]}},{"type":"Feature","properties":{"amenity":"restaurant","building":"yes","cuisine":"regional","name":"Seehotel Sparer","tourism":"hotel","wheelchair":"yes","@id":"way/80533550","kind":"refreshment"},"geometry":{"type":"Point","coordinates":[11.2868612,46.4227777]}},{"type":"Feature","properties":{"amenity":"drinking_water","@id":"node/739320884","kind":"water","name":null},"geometry":{"type":"Point","coordinates":[11.2998708,46.4304338]}},{"type":"Feature","properties":{"amenity":"shelter","@id":"node/739321001","kind":"shelter","name":null},"geometry":{"type":"Point","coordinates":[11.2999061,46.4305441]}},{"type":"Feature","properties":{"access":"yes","amenity":"toilets","changing_table":"yes","fee":"no","level":"-1","toilets:disposal":"flush","toilets:handwashing":"yes","toilets:position":"seated;urinal;sitting","unisex":"yes","wheelchair":"no","@id":"node/4364266940","kind":"toilets","name":null},"geometry":{"type":"Point","coordinates":[11.294071,46.4294083]}},{"type":"Feature","properties":{"access":"customers","amenity":"toilets","fee":"no","wheelchair":"limited","@id":"node/11476268904","kind":"toilets","name":null},"geometry":{"type":"Point","coordinates":[11.2884122,46.4238873]}},{"type":"Feature","properties":{"access":"customers","amenity":"toilets","female":"yes","male":"yes","toilets:disposal":"flush","toilets:handwashing":"yes","unisex":"no","@id":"node/13120864564","kind":"toilets","name":null},"geometry":{"type":"Point","coordinates":[11.2877465,46.423504]}},{"type":"Feature","properties":{"check_date":"2024-12-20","direction":"240","image":"https://d2exd72xrrp1s7.cloudfront.net/www/t2/t2cdf3qmrkzckrfgy3dxp17d57t017wd-p535964028-full/193c5a6f311?width=3072&height=2304&crop=false&q=70","source":"local_knowledge","tourism":"viewpoint","wheelchair":"yes","@id":"node/454228716","kind":"viewpoint","name":null},"geometry":{"type":"Point","coordinates":[11.2931092,46.4256907]}},{"type":"Feature","properties":{"tourism":"viewpoint","@id":"node/739320797","kind":"viewpoint","name":null},"geometry":{"type":"Point","coordinates":[11.2994108,46.4304662]}},{"type":"Feature","properties":{"amenity":"bench","fixme":"add more details","tourism":"viewpoint","wheelchair":"yes","@id":"node/4832301525","kind":"viewpoint","name":null},"geometry":{"type":"Point","coordinates":[11.2876777,46.4243192]}},{"type":"Feature","properties":{"direction":"275","tourism":"viewpoint","wheelchair":"yes","@id":"node/5000191271","kind":"viewpoint","name":null},"geometry":{"type":"Point","coordinates":[11.2940754,46.4246885]}},{"type":"Feature","properties":{"boat":"designated","ele":"492","intermittent":"no","name":"Großer Montiggler See - Lago Grande di Monticolo","name:de":"Großer Montiggler See","name:it":"Lago Grande di Monticolo","natural":"water","salt":"no","short_name":"Montiggler See - Lago di Monticolo","short_name:de":"Montiggler See","short_name:it":"Lago di Monticolo","tidal":"no","tourism":"attraction","water":"lake","wikidata":"Q1548794","wikipedia":"de:Großer Montiggler See","@id":"way/1471611802","kind":"sight"},"geometry":{"type":"Point","coordinates":[11.2903586,46.4230789]}},{"type":"Feature","properties":{"bench":"yes","check_date":"2024-12-20","image":"https://d2exd72xrrp1s7.cloudfront.net/www/d2/d2n3357h4wqw1vq3a94o2lz2q57t01dam-p535964057-full/193c5a70e96?width=3072&height=2304&crop=false&q=70","leisure":"picnic_table","lit":"no","material":"wood","source":"mt","@id":"node/5000191273","kind":"picnic","name":null},"geometry":{"type":"Point","coordinates":[11.2908701,46.4255884]}},{"type":"Feature","properties":{"bench":"yes","check_date":"2024-12-20","covered":"no","image":"https://d2exd72xrrp1s7.cloudfront.net/www/18/18r04nron13n211mc959v9gxrf57t00jqz-p535963826-full/193c5a678ee?width=3072&height=2304&crop=false&q=70","leisure":"picnic_table","lit":"no","material":"stone","source":"mt","@id":"node/5000191274","kind":"picnic","name":null},"geometry":{"type":"Point","coordinates":[11.2932663,46.4233671]}},{"type":"Feature","properties":{"bench":"yes","check_date":"2024-12-20","image":"https://d2exd72xrrp1s7.cloudfront.net/www/il/ilikpp9rm4sk1x7wygmo29uks57t01lz4-p535964111-full/193c5a73a95?width=3072&height=2304&crop=false&q=70","leisure":"picnic_table","lit":"no","material":"stone","source":"mt","@id":"node/12435812585","kind":"picnic","name":null},"geometry":{"type":"Point","coordinates":[11.2874837,46.4240163]}},{"type":"Feature","properties":{"historic":"wayside_shrine","religion":"christian","@id":"node/1714585471","kind":"sight","name":null},"geometry":{"type":"Point","coordinates":[11.282482,46.4239629]}},{"type":"Feature","properties":{"alt_name":"Montiggler Schlössl","building":"yes","castle_type":"manor","historic":"castle","image":"https://upload.wikimedia.org/wikipedia/commons/f/f4/Montiggler_Schl%C3%B6ssl_11.JPG","name":"Seeschlössl Sparer - Castello al Lago Sparer","name:de":"Seeschlössl Sparer","name:it":"Castello al Lago Sparer","source":"https://eppan.travel/it/cultura-e-territorio/castelli/castello-al-lago/","start_date":"1888","wikidata":"Q107149327","wikimedia_commons":"Category:Montiggler Schlössl","@id":"way/59594640","kind":"sight"},"geometry":{"type":"Point","coordinates":[11.2870098,46.4205276]}},{"type":"Feature","properties":{"amenity":"bar","name":"Café Seerast","wheelchair":"yes","@id":"node/1773369297","kind":"refreshment"},"geometry":{"type":"Point","coordinates":[10.9916485,46.5423094]}},{"type":"Feature","properties":{"amenity":"cafe","name":"sea.wies bar&lodn","@id":"node/5316076021","kind":"refreshment"},"geometry":{"type":"Point","coordinates":[10.9558941,46.5282482]}},{"type":"Feature","properties":{"amenity":"restaurant","bar":"yes","building":"yes","cuisine":"regional","name":"Bad Überwasser","name:de":"Bad Überwasser","name:it":"Bagni oltre Acqua","opening_hours":"Tu-Su 11:00-17:00","phone":"+39 349 7100951","start_date":"1876","@id":"way/177491782","kind":"refreshment"},"geometry":{"type":"Point","coordinates":[11.0057353,46.5443204]}},{"type":"Feature","properties":{"amenity":"toilets","fee":"no","wheelchair":"no","@id":"node/5316628863","kind":"toilets","name":null},"geometry":{"type":"Point","coordinates":[10.9554022,46.5282679]}},{"type":"Feature","properties":{"information":"office","name":"ultental","shop":"ticket","tourism":"information","@id":"node/2084782294","kind":"information"},"geometry":{"type":"Point","coordinates":[10.955712,46.528399]}},{"type":"Feature","properties":{"tourism":"picnic_site","@id":"node/9761473049","kind":"picnic","name":null},"geometry":{"type":"Point","coordinates":[10.9528622,46.5221829]}},{"type":"Feature","properties":{"name":"Müller See","tourism":"picnic_site","water":"pond","@id":"node/9761503671","kind":"picnic"},"geometry":{"type":"Point","coordinates":[10.9556918,46.5240548]}},{"type":"Feature","properties":{"artwork_subject":"Owl","artwork_type":"sculpture","material":"wood","tourism":"artwork","@id":"node/12087720739","kind":"sight","name":null},"geometry":{"type":"Point","coordinates":[10.9974163,46.5471119]}},{"type":"Feature","properties":{"covered":"no","leisure":"picnic_table","@id":"node/7794953344","kind":"picnic","name":null},"geometry":{"type":"Point","coordinates":[10.9904298,46.5365512]}},{"type":"Feature","properties":{"leisure":"picnic_table","@id":"node/9761474835","kind":"picnic","name":null},"geometry":{"type":"Point","coordinates":[10.9560325,46.5243564]}},{"type":"Feature","properties":{"leisure":"picnic_table","@id":"node/12869462519","kind":"picnic","name":null},"geometry":{"type":"Point","coordinates":[10.9894241,46.5421385]}},{"type":"Feature","properties":{"leisure":"picnic_table","@id":"node/14005100188","kind":"picnic","name":null},"geometry":{"type":"Point","coordinates":[10.9880501,46.5358246]}},{"type":"Feature","properties":{"historic":"wayside_cross","@id":"node/13015734656","kind":"sight","name":null},"geometry":{"type":"Point","coordinates":[10.9907102,46.5424186]}},{"type":"Feature","properties":{"amenity":"restaurant","name":"Wiedenplatz","wheelchair":"limited","wheelchair:description":"Damentoilett ist für Rollstuhlfahrer zugänglich, es sind aber keine Haltegriffe vorhanden.","@id":"node/290958323","kind":"refreshment"},"geometry":{"type":"Point","coordinates":[11.0130051,46.6568512]}},{"type":"Feature","properties":{"amenity":"restaurant","cuisine":"regional","internet_access":"yes","internet_access:fee":"no","name":"Gasthaus Weinberghof","opening_hours":"Tu-Su 11:00-22:00","outdoor_seating":"yes","@id":"node/5115825817","kind":"refreshment"},"geometry":{"type":"Point","coordinates":[11.0167952,46.6575902]}},{"type":"Feature","properties":{"amenity":"cafe","outdoor_seating":"yes","smoking":"outside","wheelchair":"yes","@id":"node/6832151834","kind":"refreshment","name":null},"geometry":{"type":"Point","coordinates":[10.9760767,46.6481988]}},{"type":"Feature","properties":{"addr:city":"Naturns - Naturno","addr:city:de":"Naturns","addr:city:it":"Naturno","addr:housenumber":"5","addr:postcode":"39025","addr:street":"Pichlweg - Via Colle","addr:street:de":"Pichlweg","addr:street:it":"Via Colle","amenity":"restaurant","name":"Schwalbennest","opening_hours":"Mo-Su 10:00-21:00","outdoor_seating":"yes","phone":"+39 331 6198225","website":"https://www.schwalbennest.it/","@id":"node/10011358021","kind":"refreshment"},"geometry":{"type":"Point","coordinates":[10.9952989,46.6548362]}},{"type":"Feature","properties":{"addr:city":"Naturns - Naturno","addr:city:de":"Naturns","addr:city:it":"Naturno","addr:housenumber":"15","addr:postcode":"39025","addr:street":"Schlossweg - Via Castello","addr:street:de":"Schlossweg","addr:street:it":"Via Castello","amenity":"restaurant","building":"yes","cuisine":"regional","diet:vegan":"no","email":"info@gasthof-falkenstein.com","name":"Gasthof Falkenstein","operator":"Familie Pratzner","phone":"+39 0473 667321","tourism":"guest_house","website":"https://www.gasthof-falkenstein.com/","@id":"way/128528275","kind":"refreshment"},"geometry":{"type":"Point","coordinates":[11.0048175,46.6550518]}},{"type":"Feature","properties":{"addr:city":"Naturns - Naturno","addr:city:de":"Naturns","addr:city:it":"Naturno","addr:housenumber":"6","addr:postcode":"39025","addr:street":"Schießstandweg - Via Bersaglio","addr:street:de":"Schießstandweg","addr:street:it":"Via Bersaglio","amenity":"restaurant","building":"yes","craft":"distillery","cuisine":"regional","email":"info@jausenstation-langwies.com","name":"Jausenstation Langwies","opening_hours":"Su-Fr 09:00-01:00","phone":"+39 0473 667526","website":"http://www.jausenstation-langwies.com/","@id":"way/298176335","kind":"refreshment"},"geometry":{"type":"Point","coordinates":[10.989414,46.6505193]}},{"type":"Feature","properties":{"amenity":"toilets","@id":"node/1151743519","kind":"toilets","name":null},"geometry":{"type":"Point","coordinates":[10.9761023,46.6482989]}},{"type":"Feature","properties":{"amenity":"shelter","shelter_type":"weather_shelter","@id":"node/2430246780","kind":"shelter","name":null},"geometry":{"type":"Point","coordinates":[10.9895161,46.6527323]}},{"type":"Feature","properties":{"amenity":"shelter","building":"yes","name":"Waalerhaus","@id":"way/301682315","kind":"shelter"},"geometry":{"type":"Point","coordinates":[10.9996151,46.6569702]}},{"type":"Feature","properties":{"name":"Wallburg","tourism":"viewpoint","@id":"node/401889203","kind":"viewpoint"},"geometry":{"type":"Point","coordinates":[10.9796453,46.6504385]}},{"type":"Feature","properties":{"name":"Wallburgböden","tourism":"picnic_site","@id":"node/895722615","kind":"picnic"},"geometry":{"type":"Point","coordinates":[10.9799889,46.6504539]}},{"type":"Feature","properties":{"tourism":"viewpoint","@id":"node/1869038675","kind":"viewpoint","name":null},"geometry":{"type":"Point","coordinates":[10.9895656,46.6526341]}},{"type":"Feature","properties":{"tourism":"picnic_site","@id":"node/2425945918","kind":"picnic","name":null},"geometry":{"type":"Point","coordinates":[11.0084776,46.6582333]}},{"type":"Feature","properties":{"tourism":"viewpoint","@id":"node/3663499565","kind":"viewpoint","name":null},"geometry":{"type":"Point","coordinates":[10.9873462,46.6557344]}},{"type":"Feature","properties":{"leisure":"picnic_table","@id":"node/1869038650","kind":"picnic","name":null},"geometry":{"type":"Point","coordinates":[10.9895363,46.6527102]}},{"type":"Feature","properties":{"leisure":"picnic_table","@id":"node/5115829922","kind":"picnic","name":null},"geometry":{"type":"Point","coordinates":[11.0166995,46.6575124]}},{"type":"Feature","properties":{"covered":"no","leisure":"picnic_table","@id":"node/8025708999","kind":"picnic","name":null},"geometry":{"type":"Point","coordinates":[10.9823753,46.6476664]}},{"type":"Feature","properties":{"historic":"wayside_cross","@id":"node/1423447771","kind":"sight","name":null},"geometry":{"type":"Point","coordinates":[10.9830457,46.6542398]}},{"type":"Feature","properties":{"historic":"wayside_shrine","name":"Gottvater","religion":"christian","@id":"node/2430246666","kind":"sight"},"geometry":{"type":"Point","coordinates":[11.0003679,46.6547966]}},{"type":"Feature","properties":{"historic":"wayside_cross","@id":"node/2430246839","kind":"sight","name":null},"geometry":{"type":"Point","coordinates":[10.9909469,46.6540009]}},{"type":"Feature","properties":{"historic":"wayside_cross","name":"Schützenkreuz","@id":"node/2430247261","kind":"sight"},"geometry":{"type":"Point","coordinates":[10.9800273,46.6505013]}},{"type":"Feature","properties":{"historic":"wayside_cross","religion":"christian","@id":"node/3731944716","kind":"sight","name":null},"geometry":{"type":"Point","coordinates":[11.0108448,46.6545836]}},{"type":"Feature","properties":{"historic":"wayside_cross","religion":"christian","@id":"node/3731944719","kind":"sight","name":null},"geometry":{"type":"Point","coordinates":[11.0140523,46.6561913]}},{"type":"Feature","properties":{"historic":"wayside_shrine","religion":"christian","@id":"node/3731944721","kind":"sight","name":null},"geometry":{"type":"Point","coordinates":[11.0181346,46.6578178]}},{"type":"Feature","properties":{"historic":"wayside_shrine","@id":"node/3743431933","kind":"sight","name":null},"geometry":{"type":"Point","coordinates":[11.0041104,46.656796]}},{"type":"Feature","properties":{"historic":"wayside_shrine","@id":"node/3743431935","kind":"sight","name":null},"geometry":{"type":"Point","coordinates":[11.0052286,46.6584116]}},{"type":"Feature","properties":{"historic":"wayside_shrine","@id":"node/3743431936","kind":"sight","name":null},"geometry":{"type":"Point","coordinates":[11.0052173,46.6596158]}},{"type":"Feature","properties":{"historic":"wayside_shrine","@id":"node/3743431937","kind":"sight","name":null},"geometry":{"type":"Point","coordinates":[11.0047484,46.6611448]}},{"type":"Feature","properties":{"access":"private","addr:city":"Naturns - Naturno","addr:city:de":"Naturns","addr:city:it":"Naturno","addr:housenumber":"30","addr:postcode":"39025","addr:street":"Schlossweg - Via Castello","addr:street:de":"Schlossweg","addr:street:it":"Via Castello","building":"yes","castle_type":"defensive","historic":"castle","historic:civilization":"medieval","name":"Burg Hochnaturns - Castel Naturno","name:de":"Burg Hochnaturns","name:it":"Castel Naturno","wikidata":"Q16537909","wikipedia":"de:Burg Hochnaturns","wikipedia:de":"Burg Hochnaturns","wikipedia:it":"Castel Naturno","@id":"way/128528279","kind":"sight"},"geometry":{"type":"Point","coordinates":[11.0032449,46.6534393]}},{"type":"Feature","properties":{"addr:city":"Pfalzen - Falzes","addr:city:de":"Pfalzen","addr:city:it":"Falzes","addr:housenumber":"1a","addr:postcode":"39030","addr:street":"Burgweg - Via Castello","addr:street:de":"Burgweg","addr:street:it":"Via Castello","amenity":"restaurant","contact:email":"info@sichelburg.it","contact:website":"https://www.sichelburg.it/","delivery":"no","name":"Sichelburg","opening_hours":"Mo-Su 12:00-13:30,19:00-21:30; We off; Th off","outdoor_seating":"yes","phone":"+39 0474 055 603","ref:vatin":"IT02791140219","takeaway":"no","@id":"node/1602224274","kind":"refreshment"},"geometry":{"type":"Point","coordinates":[11.8826923,46.8145734]}},{"type":"Feature","properties":{"addr:housenumber":"17","amenity":"cafe","name":"Flamingo","@id":"node/1602254811","kind":"refreshment"},"geometry":{"type":"Point","coordinates":[11.8832485,46.8108437]}},{"type":"Feature","properties":{"addr:city":"Pfalzen - Falzes","addr:housenumber":"8","addr:postcode":"39030","addr:street":"Pfalzner Straße - Via Falzes","amenity":"cafe","name":"Pitzinger","@id":"node/1602255136","kind":"refreshment"},"geometry":{"type":"Point","coordinates":[11.8826106,46.8096224]}},{"type":"Feature","properties":{"amenity":"restaurant","website":"https://finixbrewpub.com/","@id":"node/12919449502","kind":"refreshment","name":null},"geometry":{"type":"Point","coordinates":[11.8951594,46.8131795]}},{"type":"Feature","properties":{"amenity":"restaurant","building":"yes","name":"Gasthof Jochele","@id":"way/146828754","kind":"refreshment"},"geometry":{"type":"Point","coordinates":[11.8836665,46.8114643]}},{"type":"Feature","properties":{"amenity":"drinking_water","bottle":"yes","fee":"no","@id":"node/2961033233","kind":"water","name":null},"geometry":{"type":"Point","coordinates":[11.8843939,46.8129003]}},{"type":"Feature","properties":{"access":"yes","amenity":"drinking_water","bottle":"yes","fee":"no","@id":"node/9814771961","kind":"water","name":null},"geometry":{"type":"Point","coordinates":[11.883325,46.8115168]}},{"type":"Feature","properties":{"access":"yes","addr:hamlet:de":"Pfalzen","addr:hamlet:en":"Pfalzen","addr:hamlet:it":"Falzes","addr:postcode":"39030","addr:street:de":"Pfalzner Straße - Via Falzes 4","addr:street:en":"Pfalzner Straße - Via Falzes 4","addr:street:it":"Pfalzner Straße - Via Falzes 4","amenity":"drinking_water","bottle":"yes","drinking_water":"yes","ele":"1010","fee":"no","indoor":"no","name:de":"Apotheke","operator":"Gemeinde Pfalzen","seasonal":"yes","source":"Refill Südtirol / Alto Adige","source:date":"2022-07-28","@id":"node/9940215982","kind":"water","name":null},"geometry":{"type":"Point","coordinates":[11.882464,46.809279]}},{"type":"Feature","properties":{"amenity":"drinking_water","drinking_water":"yes","ele":"1022","fee":"no","indoor":"no","name:de":"Dorfplatz","operator":"Gemeinde Pfalzen","seasonal":"yes","source":"Refill Südtirol / Alto Adige","source:date":"2022-07-28","@id":"node/10770868013","kind":"water","name":null},"geometry":{"type":"Point","coordinates":[11.8832,46.811431]}},{"type":"Feature","properties":{"amenity":"drinking_water","drinking_water":"yes","ele":"1022","fee":"no","indoor":"no","name:de":"Grundschule/Turnhalle","operator":"Gemeinde Pfalzen","seasonal":"yes","source":"Refill Südtirol / Alto Adige","source:date":"2022-07-28","@id":"node/10770868014","kind":"water","name":null},"geometry":{"type":"Point","coordinates":[11.88033,46.812551]}},{"type":"Feature","properties":{"information":"office","opening_hours":"Mo-Fr 08:00-12:00","tourism":"information","wheelchair":"designated","@id":"node/1524871914","kind":"information","name":null},"geometry":{"type":"Point","coordinates":[11.8826661,46.8118078]}},{"type":"Feature","properties":{"addr:city":"Pfalzen - Falzes","addr:city:de":"Pfalzen","addr:city:it":"Falzes","addr:housenumber":"1","addr:postcode":"39030","addr:street":"Anselm-Sparber-Straße - Via Anselm Sparber","addr:street:de":"Anselm-Sparber-Straße","addr:street:it":"Via Anselm Sparber","description":"Einmalig in Südtirol! Das Puppenmuseum in Pfalzen entführt den Besucher in eine fantasievolle, spielerische Welt. Die Ausstellung beinhaltet verschiedene Puppenhäuser, Spielpuppen, Kasperlpuppen, Trachtenpuppen, u.v.m. \n\nEintritt frei!","fee":"no","name":"Puppenmuseum","opening_hours":"24/7","phone":"+39 0474 538833","tourism":"museum","website":"https://www.bruneck.com/de/infos/puppenmuseum_2531","@id":"node/7690997760","kind":"sight"},"geometry":{"type":"Point","coordinates":[11.8850496,46.8119141]}},{"type":"Feature","properties":{"bench":"yes","covered":"no","leisure":"picnic_table","material":"wood","@id":"node/9814771964","kind":"picnic","name":null},"geometry":{"type":"Point","coordinates":[11.888017,46.8140338]}},{"type":"Feature","properties":{"covered":"no","leisure":"picnic_table","material":"wood","@id":"node/11924655193","kind":"picnic","name":null},"geometry":{"type":"Point","coordinates":[11.8830867,46.814282]}},{"type":"Feature","properties":{"covered":"no","leisure":"picnic_table","material":"wood","@id":"node/11927530634","kind":"picnic","name":null},"geometry":{"type":"Point","coordinates":[11.8835578,46.8117514]}},{"type":"Feature","properties":{"covered":"no","leisure":"picnic_table","material":"wood","@id":"node/11927532040","kind":"picnic","name":null},"geometry":{"type":"Point","coordinates":[11.8835645,46.8118071]}},{"type":"Feature","properties":{"covered":"no","leisure":"picnic_table","material":"wood","@id":"node/11929928279","kind":"picnic","name":null},"geometry":{"type":"Point","coordinates":[11.877572,46.8135059]}},{"type":"Feature","properties":{"covered":"no","leisure":"picnic_table","material":"wood","@id":"node/11932371173","kind":"picnic","name":null},"geometry":{"type":"Point","coordinates":[11.8881563,46.8140513]}},{"type":"Feature","properties":{"denomination":"catholic","historic":"wayside_cross","religion":"christian","@id":"node/8929873680","kind":"sight","name":null},"geometry":{"type":"Point","coordinates":[11.8821648,46.8119642]}},{"type":"Feature","properties":{"historic":"wayside_cross","religion":"christian","@id":"node/11921437486","kind":"sight","name":null},"geometry":{"type":"Point","coordinates":[11.8831168,46.810388]}},{"type":"Feature","properties":{"historic":"wayside_cross","religion":"christian","@id":"node/11924096529","kind":"sight","name":null},"geometry":{"type":"Point","coordinates":[11.8820805,46.8151461]}},{"type":"Feature","properties":{"historic":"wayside_cross","religion":"christian","@id":"node/11924657869","kind":"sight","name":null},"geometry":{"type":"Point","coordinates":[11.8839564,46.8139708]}},{"type":"Feature","properties":{"historic":"wayside_cross","religion":"christian","@id":"node/11927512540","kind":"sight","name":null},"geometry":{"type":"Point","coordinates":[11.8850548,46.8114301]}},{"type":"Feature","properties":{"historic":"wayside_cross","@id":"node/11929892519","kind":"sight","name":null},"geometry":{"type":"Point","coordinates":[11.8730631,46.8142348]}},{"type":"Feature","properties":{"historic":"wayside_cross","religion":"christian","@id":"node/11932307060","kind":"sight","name":null},"geometry":{"type":"Point","coordinates":[11.8844378,46.8084686]}},{"type":"Feature","properties":{"historic":"wayside_cross","religion":"christian","@id":"node/11932339847","kind":"sight","name":null},"geometry":{"type":"Point","coordinates":[11.8844025,46.8133338]}},{"type":"Feature","properties":{"historic":"wayside_cross","religion":"christian","@id":"node/11932375211","kind":"sight","name":null},"geometry":{"type":"Point","coordinates":[11.8849153,46.8139714]}},{"type":"Feature","properties":{"historic":"wayside_shrine","religion":"christian","@id":"node/11932383203","kind":"sight","name":null},"geometry":{"type":"Point","coordinates":[11.8870119,46.8111569]}},{"type":"Feature","properties":{"amenity":"restaurant","cuisine":"italian","name":"Picknick","opening_hours":"Fr-Su 12:00-14:00","@id":"node/1949475116","kind":"refreshment"},"geometry":{"type":"Point","coordinates":[12.0394696,46.7579307]}},{"type":"Feature","properties":{"amenity":"pub","designation":"Pub Café","name":"Café Pub Pfiff","wifi":"no","@id":"node/2206611463","kind":"refreshment"},"geometry":{"type":"Point","coordinates":[12.0400585,46.75848]}},{"type":"Feature","properties":{"addr:city":"Olang - Valdaora","addr:city:de":"Olang","addr:city:it":"Valdaora","addr:hamlet":"Oberolang - Valdaora di Sopra","addr:hamlet:de":"Oberolang","addr:hamlet:it":"Valdaora di Sopra","addr:housenumber":"7","addr:postcode":"39030","addr:street":"Kirchgasse - Vicolo della Chiesa","addr:street:de":"Kirchgasse","addr:street:it":"Vicolo della Chiesa","amenity":"restaurant","cuisine":"regional","name":"Messnerwirt","website":"https://www.messnerwirt.com/","@id":"node/2206620034","kind":"refreshment"},"geometry":{"type":"Point","coordinates":[12.040729,46.7578662]}},{"type":"Feature","properties":{"access":"customers","amenity":"restaurant","check_date":"2024-09-25","cuisine":"regional","name":"Alte Goste","@id":"node/4426715671","kind":"refreshment"},"geometry":{"type":"Point","coordinates":[12.0518641,46.7615321]}},{"type":"Feature","properties":{"addr:city":"Olang - Valdaora","addr:housenumber":"4","addr:postcode":"39030","addr:street":"Dorfstraße - Via del Borgo","addr:unit":"b","amenity":"restaurant","contact:facebook":"https://www.facebook.com/pizzapointolang/","cuisine":"pizza","name":"Pizza Point","opening_hours":"Tu-Su 17:00-23:00","phone":"+39 0474 496557","@id":"node/13069305452","kind":"refreshment"},"geometry":{"type":"Point","coordinates":[12.0405913,46.7583261]}},{"type":"Feature","properties":{"amenity":"shelter","bench":"yes","fireplace":"no","shelter_type":"weather_shelter","@id":"node/1811602725","kind":"shelter","name":null},"geometry":{"type":"Point","coordinates":[12.0718365,46.7607187]}},{"type":"Feature","properties":{"amenity":"drinking_water","bottle":"yes","drinking_water":"yes","ele":"1080","fee":"no","image":"https://www.refill.bz.it/images/sitemap/20200715_092045.jpg","indoor":"no","operator":"Gemeinde","source":"Refill Südtirol / Alto Adige","source:date":"2019-10-15","wheelchair":"yes","@id":"node/2206612489","kind":"water","name":null},"geometry":{"type":"Point","coordinates":[12.0403817,46.7573827]}},{"type":"Feature","properties":{"amenity":"bbq","covered":"yes","fuel":"charcoal;wood","@id":"node/5845995113","kind":"picnic","name":null},"geometry":{"type":"Point","coordinates":[12.0460158,46.7453293]}},{"type":"Feature","properties":{"amenity":"toilets","fee":"no","unisex":"yes","@id":"node/5845995123","kind":"toilets","name":null},"geometry":{"type":"Point","coordinates":[12.0454558,46.745728]}},{"type":"Feature","properties":{"access":"yes","amenity":"toilets","fee":"no","toilets:disposal":"flush","unisex":"yes","@id":"node/5846035203","kind":"toilets","name":null},"geometry":{"type":"Point","coordinates":[12.0405174,46.7567007]}},{"type":"Feature","properties":{"amenity":"drinking_water","bottle":"yes","drinking_water":"yes","ele":"1075","fee":"no","image":"https://www.refill.bz.it/images/sitemap/20200715_091451.jpg","indoor":"no","name:de":"Nepomuk Brunnen","operator":"Gemeinde","source":"Refill Südtirol / Alto Adige","source:date":"2020-07-23","wheelchair":"yes","@id":"node/7740656285","kind":"water","name":null},"geometry":{"type":"Point","coordinates":[12.040034,46.758393]}},{"type":"Feature","properties":{"amenity":"drinking_water","bottle":"yes","drinking_water":"yes","ele":"1070","fee":"no","image":"https://www.refill.bz.it/images/sitemap/20200715_091218.jpg","indoor":"no","name:de":"Schulpark Oberolang","operator":"Gemeinde","source":"Refill Südtirol / Alto Adige","source:date":"2020-07-23","wheelchair":"yes","@id":"node/7740656585","kind":"water","name":null},"geometry":{"type":"Point","coordinates":[12.04049,46.756784]}},{"type":"Feature","properties":{"access":"yes","amenity":"drinking_water","bottle":"yes","drinking_water":"yes","fee":"no","operator":"Gemeinde","source":"Refill Südtirol / Alto Adige","source:date":"2020-07-31","wheelchair":"yes","@id":"node/7773490785","kind":"water","name":null},"geometry":{"type":"Point","coordinates":[12.043558,46.750109]}},{"type":"Feature","properties":{"amenity":"drinking_water","bottle":"yes","drinking_water":"yes","fee":"no","image":"https://www.refill.bz.it/images/sitemap/kinderweltbrunnen.jpg","indoor":"no","operator":"Gemeinde","source":"Refill Südtirol / Alto Adige","source:date":"2020-07-31","@id":"node/7773490787","kind":"water","name":null},"geometry":{"type":"Point","coordinates":[12.043419,46.752241]}},{"type":"Feature","properties":{"addr:city:de":"Olang","addr:hamlet:de":"Mitterolang","addr:street:de":"Rodelbahnweg 11","amenity":"drinking_water","bottle":"yes","description":"Tür mit Bank- oder Kreditkarte öffnen - Flasche einfach im WC rechts befüllen :)  - Aprire la porta con carta di credito o bancomat e riempire la bottiglia nel WC alla destra :)","description:de":"Im Hofladen findest Du rechts ein WC wo Du auch Deine Wasserflasche auffüllen kannst :)   \r\nNella bottega di maso alla destra si trova un WC dove si può anche riempire la bottiglia :)","description:en":"Tür mit Bank- oder Kreditkarte öffnen - Flasche einfach im WC rechts befüllen :)  - Aprire la porta con carta di credito o bancomat e riempire la bottiglia nel WC alla destra :)","description:it":"Tür mit Bank- oder Kreditkarte öffnen - Flasche einfach im WC rechts befüllen :)  - Aprire la porta con carta di credito o bancomat e riempire la bottiglia nel WC alla destra :)","drinking_water":"yes","ele":"1048","elevation":"1048","fee":"no","image":"https://www.refill.bz.it/images/sitemap/o_1itkar2ujpdc15msa5c1opt8oe.jpg","indoor":"yes","name:de":"Pittola","operator":"Pittola – Ethical Meat","postcode":"39030","seasonal":"no","source":"Refill Südtirol / Alto Adige","source:date":"2025-06-13","source:updated":"2026-05-04","wheelchair":"yes","@id":"node/12912312601","kind":"water","name":null},"geometry":{"type":"Point","coordinates":[12.0344366,46.7584152]}},{"type":"Feature","properties":{"amenity":"drinking_water","@id":"node/13073881255","kind":"water","name":null},"geometry":{"type":"Point","coordinates":[12.0375127,46.7600792]}},{"type":"Feature","properties":{"amenity":"drinking_water","@id":"node/13073881258","kind":"water","name":null},"geometry":{"type":"Point","coordinates":[12.0384597,46.7589434]}},{"type":"Feature","properties":{"amenity":"shelter","building":"yes","shelter_type":"public_transport","@id":"way/1188404505","kind":"shelter","name":null},"geometry":{"type":"Point","coordinates":[12.0386633,46.7579293]}},{"type":"Feature","properties":{"amenity":"fountain","drinking_water":"yes","@id":"way/1422109711","kind":"water","name":null},"geometry":{"type":"Point","coordinates":[12.0400558,46.7582845]}},{"type":"Feature","properties":{"tourism":"picnic_site","@id":"node/4426202739","kind":"picnic","name":null},"geometry":{"type":"Point","coordinates":[12.0597326,46.7582167]}},{"type":"Feature","properties":{"tourism":"picnic_site","@id":"node/4426202740","kind":"picnic","name":null},"geometry":{"type":"Point","coordinates":[12.0622512,46.7582461]}},{"type":"Feature","properties":{"covered":"yes","name":"Essenshütte 1","tourism":"picnic_site","@id":"node/5845995110","kind":"picnic"},"geometry":{"type":"Point","coordinates":[12.0458711,46.7453909]}},{"type":"Feature","properties":{"covered":"yes","name":"Essenshütte 2","tourism":"picnic_site","@id":"node/5845995111","kind":"picnic"},"geometry":{"type":"Point","coordinates":[12.0458051,46.7454428]}},{"type":"Feature","properties":{"covered":"yes","name":"Essenshütte 3","tourism":"picnic_site","@id":"node/5845995112","kind":"picnic"},"geometry":{"type":"Point","coordinates":[12.0457358,46.74552]}},{"type":"Feature","properties":{"tourism":"picnic_site","@id":"node/12218309355","kind":"picnic","name":null},"geometry":{"type":"Point","coordinates":[12.0673382,46.7601449]}},{"type":"Feature","properties":{"description":"Brunnen","man_made":"water_well","@id":"node/5845995108","kind":"water","name":null},"geometry":{"type":"Point","coordinates":[12.0459752,46.7453507]}},{"type":"Feature","properties":{"drinking_water":"yes","man_made":"water_well","@id":"way/1422109712","kind":"water","name":null},"geometry":{"type":"Point","coordinates":[12.0403923,46.7566097]}},{"type":"Feature","properties":{"backrest":"yes","covered":"no","leisure":"picnic_table","material":"wood","@id":"node/11078887578","kind":"picnic","name":null},"geometry":{"type":"Point","coordinates":[12.0339614,46.7595552]}},{"type":"Feature","properties":{"backrest":"yes","covered":"no","leisure":"picnic_table","material":"wood","seats":"8","@id":"node/13063232975","kind":"picnic","name":null},"geometry":{"type":"Point","coordinates":[12.0430683,46.7494737]}},{"type":"Feature","properties":{"backrest":"yes","covered":"no","leisure":"picnic_table","material":"wood","seats":"8","@id":"node/13063232976","kind":"picnic","name":null},"geometry":{"type":"Point","coordinates":[12.0430221,46.7493823]}},{"type":"Feature","properties":{"backrest":"yes","bench":"yes","covered":"no","leisure":"picnic_table","material":"wood","seats":"4","@id":"node/13063274472","kind":"picnic","name":null},"geometry":{"type":"Point","coordinates":[12.0438086,46.7500242]}},{"type":"Feature","properties":{"backrest":"yes","bench":"yes","covered":"no","leisure":"picnic_table","material":"wood","seats":"4","@id":"node/13063274474","kind":"picnic","name":null},"geometry":{"type":"Point","coordinates":[12.0451906,46.7518159]}},{"type":"Feature","properties":{"leisure":"picnic_table","@id":"node/13069305418","kind":"picnic","name":null},"geometry":{"type":"Point","coordinates":[12.0403345,46.7566171]}},{"type":"Feature","properties":{"leisure":"picnic_table","@id":"node/13069305422","kind":"picnic","name":null},"geometry":{"type":"Point","coordinates":[12.0404509,46.7564652]}},{"type":"Feature","properties":{"leisure":"picnic_table","@id":"node/13069305425","kind":"picnic","name":null},"geometry":{"type":"Point","coordinates":[12.0403326,46.7564878]}},{"type":"Feature","properties":{"leisure":"picnic_table","@id":"node/13069305431","kind":"picnic","name":null},"geometry":{"type":"Point","coordinates":[12.0413039,46.7565042]}},{"type":"Feature","properties":{"leisure":"picnic_table","@id":"node/13073905410","kind":"picnic","name":null},"geometry":{"type":"Point","coordinates":[12.0419968,46.7555923]}},{"type":"Feature","properties":{"historic":"wayside_cross","@id":"node/1794358766","kind":"sight","name":null},"geometry":{"type":"Point","coordinates":[12.0436572,46.7580445]}},{"type":"Feature","properties":{"historic":"wayside_cross","@id":"node/5434637249","kind":"sight","name":null},"geometry":{"type":"Point","coordinates":[12.0357158,46.7555639]}},{"type":"Feature","properties":{"amenity":"drinking_water","drinking_water":"yes","@id":"node/4296381343","kind":"water","name":null},"geometry":{"type":"Point","coordinates":[11.7004718,46.2135575]}},{"type":"Feature","properties":{"amenity":"drinking_water","@id":"node/10019042700","kind":"water","name":null},"geometry":{"type":"Point","coordinates":[11.7049385,46.2099059]}},{"type":"Feature","properties":{"information":"office","name":"Centro Visitatori Prà de Madego","tourism":"information","@id":"node/6547786997","kind":"information"},"geometry":{"type":"Point","coordinates":[11.6978913,46.2096631]}},{"type":"Feature","properties":{"amenity":"restaurant","email":"welcome@autentis.it","fax":"+39 0474 498242","name":"Autentis","phone":"+39 0474 496117","tourism":"hotel","website":"https://www.autentis.it/","@id":"node/1911541009","kind":"refreshment"},"geometry":{"type":"Point","coordinates":[12.049032,46.7782928]}},{"type":"Feature","properties":{"amenity":"restaurant","cuisine":"pizza","name":"Pizzeria Willy","@id":"node/2042483067","kind":"refreshment"},"geometry":{"type":"Point","coordinates":[12.0476142,46.7783145]}},{"type":"Feature","properties":{"amenity":"pub","name":"Prosecco","@id":"node/2042483068","kind":"refreshment"},"geometry":{"type":"Point","coordinates":[12.0468053,46.778197]}},{"type":"Feature","properties":{"addr:city":"Rasen-Antholz - Rasun Anterselva","addr:city:de":"Rasen-Antholz","addr:city:it":"Rasun Anterselva","addr:housenumber":"10","addr:postcode":"39030","addr:street":"Imberg","amenity":"restaurant","cuisine":"regional","ele":"1584","name":"Berggasthaus Mudler","opening_hours":"Tu off","outdoor_seating":"yes","website":"https://www.mudlerhof.com/","@id":"node/2755930606","kind":"refreshment"},"geometry":{"type":"Point","coordinates":[12.084322,46.7826799]}},{"type":"Feature","properties":{"amenity":"bar","name":"Tennis Bar","@id":"node/13366441157","kind":"refreshment"},"geometry":{"type":"Point","coordinates":[12.0462428,46.7789776]}},{"type":"Feature","properties":{"amenity":"fast_food","cuisine":"sausage","outdoor_seating":"yes","takeaway":"yes","@id":"way/486832013","kind":"refreshment","name":null},"geometry":{"type":"Point","coordinates":[12.0484661,46.7784168]}},{"type":"Feature","properties":{"amenity":"drinking_water","bottle":"yes","drinking_water":"yes","ele":"1030","fee":"no","image":"https://www.refill.bz.it/images/sitemap/wisthaler.com_17_08_tv_antholz_landschaft-family_haw_8354.jpg","indoor":"no","name:de":"Freizeitpark Niederrasen","name:en":"Recreation Park Niederasen","name:it":"Parco ricreativo Rasun di Sotto","seasonal":"yes","source":"Refill Südtirol / Alto Adige","source:date":"2019-10-15","wheelchair":"yes","@id":"node/2048599348","kind":"water","name":null},"geometry":{"type":"Point","coordinates":[12.048047,46.78023]}},{"type":"Feature","properties":{"amenity":"drinking_water","bottle":"yes","drinking_water":"yes","ele":"1100","fee":"no","image":"https://www.refill.bz.it/images/sitemap/img-20180628-wa0022.jpg","indoor":"no","name:de":"Kindergarten Waldele","name:en":"Kindergarten Waldele","name:it":"Kindergarten Waldele","seasonal":"yes","source":"Refill Südtirol / Alto Adige","source:date":"2020-02-07","wheelchair":"limited","@id":"node/7318188897","kind":"water","name":null},"geometry":{"type":"Point","coordinates":[12.06308,46.786187]}},{"type":"Feature","properties":{"amenity":"drinking_water","bottle":"yes","description:de":"Füllen sie ihre Trinkflasche bei uns im Tourismus Büro auf!!!Öffnungszeiten Montag bis Freitag 08:00-12:00 Uhr und 14:30-17:30 Uhr","description:en":"Fill up your water bottle in the tourism office !!!Opening times Monday to Friday, 8 a.m. to 12 p.m. and 2:30 p.m. to 5:30 p.m.","description:it":"Riempi la tua bottiglia d'acqua nell'ufficio dell'assiocazione turistica !!!Orari di apertura dal lunedì al venerdì, dalle ore 8 alle ore 12 e dalle ore 14:30 alle ore 17:30","drinking_water":"yes","ele":"1030","fee":"no","image":"https://www.refill.bz.it/images/sitemap/img_20200207_110829_resized_20200207_110847535.jpg","indoor":"yes","name":"Tourist Info Antholzertal","name:de":"Tourist Info Antholzertal","name:it":"Assiocazione turistica Valle Anterselva","seasonal":"no","source":"Refill Südtirol / Alto Adige","source:date":"2020-02-07","wheelchair":"yes","@id":"node/7318189085","kind":"water"},"geometry":{"type":"Point","coordinates":[12.049554,46.780934]}},{"type":"Feature","properties":{"amenity":"drinking_water","bottle":"yes","drinking_water":"yes","ele":"1030","fee":"no","image":"https://www.refill.bz.it/images/sitemap/img-20180628-wa0019.jpg","indoor":"no","name:de":"Steiner","name:en":"Steiner","name:it":"Steiner","seasonal":"yes","source":"Refill Südtirol / Alto Adige","source:date":"2020-02-07","wheelchair":"yes","@id":"node/7318189185","kind":"water","name":null},"geometry":{"type":"Point","coordinates":[12.0500679,46.7812032]}},{"type":"Feature","properties":{"amenity":"drinking_water","bottle":"yes","drinking_water":"yes","ele":"1030","fee":"no","image":"https://www.refill.bz.it/images/sitemap/img-20180628-wa0017.jpg","indoor":"no","name:de":"Balda","name:en":"Balda","name:it":"Balda","seasonal":"yes","source":"Refill Südtirol / Alto Adige","source:date":"2020-02-07","wheelchair":"yes","@id":"node/7318189186","kind":"water","name":null},"geometry":{"type":"Point","coordinates":[12.0490027,46.7801364]}},{"type":"Feature","properties":{"amenity":"drinking_water","bottle":"yes","description:de":"Das Wasserwaldile besteht aus verschiedenen Elementen und fördert die Kreativität der Kinder. Auf einem Wasser-Parcour kann man das nasse Element auf eigener Haut spüren und die Frische des Wassers auf sich einwirken lassen.","description:en":"The Wasserwaldile consists of a variety of play elements and fosters creativity among children. Along a water course, you can feel and experience the wet element up close and let the freshness of the water have its effect.","description:it":"Il “Wasserwaldile” è composto da diversi elementi ludici ed è stato ideato in modo tale da promuovere la creatività dei bambini. Il percorso acquatico permette di sentire sulla propria pelle la freschezza dell'elemento acqua e di percepirne gli ef","drinking_water":"yes","ele":"1030","fee":"no","image":"https://www.refill.bz.it/images/sitemap/mg_3163_wasserwaldile_annanotdurfter.jpg","indoor":"no","name:de":"Wasserwaldile","name:en":"WATER ADVENTURE PARK","name:it":"BOSCO CON GIOCHI D'ACQUA","seasonal":"yes","source":"Refill Südtirol / Alto Adige","source:date":"2020-02-07","wheelchair":"limited","@id":"node/7321730285","kind":"water","name":null},"geometry":{"type":"Point","coordinates":[12.0571129,46.7818677]}},{"type":"Feature","properties":{"addr:city:de":"Rasen-Antholz","addr:city:en":"Rasen-Antholz - Rasun-Anterselva","addr:city:it":"Rasun-Anterselva","addr:hamlet:de":"Niederrasen Bozen","addr:hamlet:en":"Niederrasen - Rasun di Sotto South Tyrol","addr:hamlet:it":"Rasun di Sotto Bolzano","addr:street:de":"Kirchdorf 12","addr:street:en":"Kirchdorf 12","addr:street:it":"Kirchdorf 12","amenity":"drinking_water","bottle":"yes","country":"Italien","drinking_water":"yes","fee":"no","image":"https://www.refill.bz.it/refill-assets/images/stations/2025/08/refill_6899adc08dc53.png","name:de":"Niederrasen Grundschule","name:en":"Niederrasen Primary School","name:it":"Rasun di Sotto Scuola elementare","postcode":"39030","source":"Refill Südtirol / Alto Adige","source:updated":"2025-10-14","@id":"node/13232510593","kind":"water","name":null},"geometry":{"type":"Point","coordinates":[12.0503263,46.778343]}},{"type":"Feature","properties":{"addr:city":"Rasen-Antholz - Rasun Anterselva","addr:city:de":"Rasen-Antholz","addr:city:it":"Rasun Anterselva","addr:housenumber":"35f","addr:postcode":"39030","addr:street":"Niederrasner Straße - Via Rasun di Sotto","addr:street:de":"Niederrasner Straße","addr:street:it":"Via Rasun di Sotto","addr:village":"Niederrasen - Rasun di Sotto","addr:village:de":"Niederrasen","addr:village:it":"Rasun di Sotto","contact:email":"info@antholzertal.com","contact:fax":"+39 0474 498099","contact:phone":"+39 0474 496269","contact:website":"https://www.kronplatz.com/de/antholzertal/planen-buchen/kontakt","information":"office","internet_access":"wlan","internet_access:fee":"no","name":"Tourismusverein Rasen","tourism":"information","wheelchair":"yes","@id":"node/4343010689","kind":"information"},"geometry":{"type":"Point","coordinates":[12.0495119,46.7808242]}},{"type":"Feature","properties":{"historic":"wayside_cross","@id":"node/10793152778","kind":"sight","name":null},"geometry":{"type":"Point","coordinates":[12.0575404,46.78138]}},{"type":"Feature","properties":{"historic":"ruins","name":"Burg Altrasen","name:de":"Burg Altrasen","name:it":"Castelvecchio Rasun","ruins":"yes","wikidata":"Q16538220","wikipedia":"it:Castelvecchio Rasun","@id":"way/317574853","kind":"sight"},"geometry":{"type":"Point","coordinates":[12.0555052,46.7770311]}},{"type":"Feature","properties":{"amenity":"restaurant","cuisine":"regional","ele":"1947","name":"Welschellner Alm - Malga Munt da Rina","name:de":"Welschellner Alm","name:it":"Malga Munt da Rina","phone":"+39 335 661 4500","@id":"node/9123043676","kind":"refreshment"},"geometry":{"type":"Point","coordinates":[11.8529818,46.7137742]}},{"type":"Feature","properties":{"amenity":"drinking_water","@id":"node/2674635378","kind":"water","name":null},"geometry":{"type":"Point","coordinates":[11.8394078,46.7114064]}},{"type":"Feature","properties":{"amenity":"drinking_water","@id":"node/5696932322","kind":"water","name":null},"geometry":{"type":"Point","coordinates":[11.832374,46.7179732]}},{"type":"Feature","properties":{"amenity":"drinking_water","@id":"node/5696958623","kind":"water","name":null},"geometry":{"type":"Point","coordinates":[11.8532291,46.7139712]}},{"type":"Feature","properties":{"amenity":"fountain","fountain":"drinking_water","@id":"node/7839845211","kind":"water","name":null},"geometry":{"type":"Point","coordinates":[11.8360019,46.7094731]}},{"type":"Feature","properties":{"access":"yes","amenity":"drinking_water","fee":"no","name":"Brunnen 1994","@id":"node/11233409519","kind":"water"},"geometry":{"type":"Point","coordinates":[11.8639816,46.7470693]}},{"type":"Feature","properties":{"tourism":"picnic_site","@id":"node/9138695029","kind":"picnic","name":null},"geometry":{"type":"Point","coordinates":[11.8346354,46.7204044]}},{"type":"Feature","properties":{"tourism":"picnic_site","@id":"node/9632270452","kind":"picnic","name":null},"geometry":{"type":"Point","coordinates":[11.8345909,46.720451]}},{"type":"Feature","properties":{"ele":"2175","historic":"wayside_cross","name":"Col dal Lé","natural":"peak","@id":"node/859280963","kind":"sight"},"geometry":{"type":"Point","coordinates":[11.840031,46.7150111]}},{"type":"Feature","properties":{"historic":"wayside_shrine","@id":"node/1871854174","kind":"sight","name":null},"geometry":{"type":"Point","coordinates":[11.8373124,46.7113428]}},{"type":"Feature","properties":{"amenity":"bench","historic":"wayside_cross","@id":"node/2446332474","kind":"sight","name":null},"geometry":{"type":"Point","coordinates":[11.8464255,46.7132262]}},{"type":"Feature","properties":{"historic":"memorial","@id":"node/5696951021","kind":"sight","name":null},"geometry":{"type":"Point","coordinates":[11.8336274,46.7155028]}},{"type":"Feature","properties":{"historic":"wayside_cross","@id":"node/11151096725","kind":"sight","name":null},"geometry":{"type":"Point","coordinates":[11.8680158,46.7394976]}},{"type":"Feature","properties":{"addr:city":"Bruneck - Brunico","addr:housenumber":"10","addr:postcode":"39031","addr:street":"Kapuzinerplatz - Piazza Cappuccini","amenity":"fast_food","check_date":"2024-03-09","cuisine":"burger","name":"Frankfurter Höfl","opening_hours":"Tu-Sa 11:00-15:00","wheelchair":"yes","@id":"node/373391871","kind":"refreshment"},"geometry":{"type":"Point","coordinates":[11.9400888,46.7970704]}},{"type":"Feature","properties":{"addr:postcode":"39031","amenity":"restaurant","check_date":"2025-08-10","cuisine":"pizza","name":"Le Bistro Arc","outdoor_seating":"yes","wheelchair":"no","@id":"node/420781371","kind":"refreshment"},"geometry":{"type":"Point","coordinates":[11.9410363,46.7948158]}},{"type":"Feature","properties":{"addr:city":"Bruneck - Brunico","addr:city:de":"Bruneck","addr:city:it":"Brunico","addr:housenumber":"68","addr:postcode":"39031","addr:street":"Stadtgasse - Via Centrale","addr:street:de":"Stadtgasse","addr:street:it":"Via Centrale","amenity":"cafe","check_date":"2026-04-28","name":"Bar Central 68","@id":"node/1924967684","kind":"refreshment"},"geometry":{"type":"Point","coordinates":[11.9371441,46.7951783]}},{"type":"Feature","properties":{"addr:postcode":"39031","amenity":"restaurant","check_date":"2025-08-10","cuisine":"pizza","name":"Der Keller","outdoor_seating":"yes","wheelchair":"no","@id":"node/2038645580","kind":"refreshment"},"geometry":{"type":"Point","coordinates":[11.9413408,46.7949875]}},{"type":"Feature","properties":{"amenity":"cafe","check_date":"2024-03-09","indoor_seating":"yes","name":"Mondschein Patisserie","opening_hours":"Tu-Su 07:00-18:30; Mo off","outdoor_seating":"yes","wheelchair":"yes","@id":"node/2148984085","kind":"refreshment"},"geometry":{"type":"Point","coordinates":[11.9398377,46.7966244]}},{"type":"Feature","properties":{"amenity":"restaurant","check_date":"2024-03-09","cuisine":"pizza","name":"Luna Rossa","opening_hours":"Mo-Su 07:00-01:00","outdoor_seating":"yes","wheelchair":"yes","@id":"node/2148984538","kind":"refreshment"},"geometry":{"type":"Point","coordinates":[11.9400681,46.7965062]}},{"type":"Feature","properties":{"addr:city":"Bruneck - Brunico","addr:city:de":"Bruneck","addr:city:it":"Brunico","addr:housenumber":"1b","addr:postcode":"39031","addr:street":"Rathausplatz - Piazza Municipio","addr:street:de":"Rathausplatz","addr:street:it":"Piazza Municipio","amenity":"cafe","check_date":"2024-03-09","name":"Cafe im Rathaus","outdoor_seating":"yes","@id":"node/2749650799","kind":"refreshment"},"geometry":{"type":"Point","coordinates":[11.9353796,46.7965543]}},{"type":"Feature","properties":{"addr:city":"Bruneck - Brunico","addr:city:de":"Bruneck","addr:city:it":"Brunico","addr:housenumber":"12","addr:postcode":"39031","addr:street":"Graben - Bastioni","addr:street:de":"Graben","addr:street:it":"Bastioni","amenity":"cafe","check_date":"2024-03-09","name":"Rauchenbichler","outdoor_seating":"yes","wheelchair":"no","@id":"node/2749651096","kind":"refreshment"},"geometry":{"type":"Point","coordinates":[11.9370264,46.7958408]}},{"type":"Feature","properties":{"addr:city":"Bruneck - Brunico","addr:city:de":"Bruneck","addr:city:it":"Brunico","addr:housenumber":"15e","addr:postcode":"39031","addr:street":"Andreas-Hofer-Straße - Via Andreas Hofer","addr:street:de":"Andreas-Hofer-Straße","addr:street:it":"Via Andreas Hofer","amenity":"ice_cream","name":"Ice Marlù","outdoor_seating":"yes","@id":"node/2749651626","kind":"refreshment"},"geometry":{"type":"Point","coordinates":[11.9380911,46.7988673]}},{"type":"Feature","properties":{"addr:city":"Bruneck - Brunico","addr:city:de":"Bruneck","addr:city:it":"Brunico","addr:housenumber":"2","addr:postcode":"39031","addr:street":"Graben - Bastioni","addr:street:de":"Graben","addr:street:it":"Bastioni","amenity":"cafe","check_date":"2026-04-28","name":"Klostereck","opening_hours":"Mo,We-Su 09:30-19:00; Tu off","@id":"node/2749652024","kind":"refreshment"},"geometry":{"type":"Point","coordinates":[11.9357201,46.795277]}},{"type":"Feature","properties":{"addr:city":"Bruneck - Brunico","addr:city:de":"Bruneck","addr:city:it":"Brunico","addr:housenumber":"2d","addr:postcode":"39031","addr:street":"Graben - Bastioni","addr:street:de":"Graben","addr:street:it":"Bastioni","amenity":"cafe","check_date":"2024-03-09","description":"Provides soy milk option for coffee","diet:vegan":"limited","name":"Lolita","outdoor_seating":"yes","wheelchair":"yes","@id":"node/2749652181","kind":"refreshment"},"geometry":{"type":"Point","coordinates":[11.9360816,46.7955005]}},{"type":"Feature","properties":{"addr:city":"Bruneck - Brunico","addr:city:de":"Bruneck","addr:city:it":"Brunico","addr:housenumber":"24b","addr:postcode":"39031","addr:street":"Graben - Bastioni","addr:street:de":"Graben","addr:street:it":"Bastioni","amenity":"ice_cream","check_date":"2025-08-10","name":"HerzBruneck's","opening_hours":"10:00-22:00","wheelchair":"yes","@id":"node/2749652602","kind":"refreshment"},"geometry":{"type":"Point","coordinates":[11.9375757,46.7962346]}},{"type":"Feature","properties":{"addr:city":"Bruneck - Brunico","addr:city:de":"Bruneck","addr:city:it":"Brunico","addr:housenumber":"3D-3C","addr:postcode":"39031","addr:street":"Kapuzinerplatz - Piazza Cappuccini","addr:street:de":"Kapuzinerplatz","addr:street:it":"Piazza Cappuccini","amenity":"cafe","check_date":"2024-03-09","cuisine":"ice_cream;breakfast;coffee_shop;tea","name":"Bar Cafe H.v. Stuck","name:de":"Stuckbar","opening_hours":"Mo-Fr 07:00-20:00; Sa 07:00-13:00","outdoor_seating":"yes","wheelchair":"yes","@id":"node/2749653504","kind":"refreshment"},"geometry":{"type":"Point","coordinates":[11.94114,46.796689]}},{"type":"Feature","properties":{"addr:city":"Bruneck - Brunico","addr:city:de":"Bruneck","addr:city:it":"Brunico","addr:housenumber":"32","addr:postcode":"39031","addr:street":"Stadtgasse - Via Centrale","addr:street:de":"Stadtgasse","addr:street:it":"Via Centrale","amenity":"restaurant","check_date":"2025-08-10","name":"Goldener Löwe","outdoor_seating":"yes","wheelchair":"yes","@id":"node/2749653664","kind":"refreshment"},"geometry":{"type":"Point","coordinates":[11.9388672,46.7958863]}},{"type":"Feature","properties":{"addr:city":"Bruneck - Brunico","addr:city:de":"Bruneck","addr:city:it":"Brunico","addr:housenumber":"5","addr:postcode":"39031","addr:street":"Stuckstraße - Via Stuck","addr:street:de":"Stuckstraße","addr:street:it":"Via Stuck","amenity":"restaurant","check_date":"2024-03-09","name":"Weisses Lamm","opening_hours":"Mo,Su off","wheelchair":"no","@id":"node/2749655456","kind":"refreshment"},"geometry":{"type":"Point","coordinates":[11.9405341,46.7962464]}},{"type":"Feature","properties":{"addr:city":"Bruneck - Brunico","addr:city:de":"Bruneck","addr:city:it":"Brunico","addr:housenumber":"5a","addr:postcode":"39031","addr:street":"Michael-Pacher-Straße - Via Michael Pacher","addr:street:de":"Michael-Pacher-Straße","addr:street:it":"Via Michael Pacher","amenity":"cafe","indoor_seating":"yes","name":"Bar Raffin","outdoor_seating":"yes","@id":"node/2749655487","kind":"refreshment"},"geometry":{"type":"Point","coordinates":[11.9343651,46.7946813]}},{"type":"Feature","properties":{"addr:city":"Bruneck - Brunico","addr:city:de":"Bruneck","addr:city:it":"Brunico","addr:housenumber":"5b","addr:postcode":"39031","addr:street":"Groß-Gerau-Promenade - Passeggiata Gross Gerau","addr:street:de":"Groß-Gerau-Promenade","addr:street:it":"Passeggiata Gross Gerau","amenity":"fast_food","check_date":"2024-03-09","name":"Marco Polo Fast Food","opening_hours":"Mo-Fr 10:30-14:00","wheelchair":"yes","@id":"node/2749655568","kind":"refreshment"},"geometry":{"type":"Point","coordinates":[11.9385755,46.7972532]}},{"type":"Feature","properties":{"addr:city":"Bruneck - Brunico","addr:city:de":"Bruneck","addr:city:it":"Brunico","addr:housenumber":"6","addr:postcode":"39031","addr:street":"Tschurtschenthalerpark - Parco Tschurtschenthaler","addr:street:de":"Tschurtschenthalerpark","addr:street:it":"Parco Tschurtschenthaler","amenity":"fast_food","check_date":"2024-03-09","name":"Pizza al taglio Route 66","wheelchair":"yes","@id":"node/2749655936","kind":"refreshment"},"geometry":{"type":"Point","coordinates":[11.935205,46.7951479]}},{"type":"Feature","properties":{"addr:city":"Bruneck - Brunico","addr:city:de":"Bruneck","addr:city:it":"Brunico","addr:housenumber":"8b","addr:postcode":"39031","addr:street":"Stegener Straße - Via Stegona","addr:street:de":"Stegener Straße","addr:street:it":"Via Stegona","amenity":"restaurant","delivery":"no","name":"Rienzbräu","opening_hours":"Mo-Su; PH 11:30-22:00","phone":"+39 0474 531 307","website":"http://rienzbraeu.bz.it/it/","@id":"node/2749657156","kind":"refreshment"},"geometry":{"type":"Point","coordinates":[11.9362714,46.7972115]}},{"type":"Feature","properties":{"addr:housenumber":"32","addr:street":"Graben - Bastioni","amenity":"cafe","check_date":"2024-03-09","name":"Café Roth","opening_hours":"Mo-Fr 12:30-18:00; Sa 13:00-18:00; Su off","outdoor_seating":"yes","wheelchair":"yes","@id":"node/2910419204","kind":"refreshment"},"geometry":{"type":"Point","coordinates":[11.9384971,46.7963466]}},{"type":"Feature","properties":{"addr:city":"Bruneck - Brunico","addr:housenumber":"14","addr:postcode":"39031","addr:street":"Graben - Bastioni","amenity":"restaurant","changing_table":"yes","check_date":"2024-03-09","name":"Forsterbräu","opening_hours":"Mo off; Tu-Su 12:00-22:00","outdoor_seating":"yes","payment:credit_cards":"yes","payment:debit_cards":"yes","phone":"+39 0474 553387","wheelchair":"yes","@id":"node/3045227033","kind":"refreshment"},"geometry":{"type":"Point","coordinates":[11.9372437,46.795949]}},{"type":"Feature","properties":{"amenity":"ice_cream","check_date":"2024-03-09","name":"Lieblingsspeise by Gatterer","opening_hours":"Mo-Sa 08:30-18:00; Su off","outdoor_seating":"no","wheelchair":"yes","@id":"node/3239489881","kind":"refreshment"},"geometry":{"type":"Point","coordinates":[11.9358003,46.7964386]}},{"type":"Feature","properties":{"amenity":"cafe","check_date":"2025-08-10","name":"Cafe Prosl","@id":"node/3304905623","kind":"refreshment"},"geometry":{"type":"Point","coordinates":[11.9556422,46.7778981]}},{"type":"Feature","properties":{"addr:housenumber":"4","addr:postcode":"39031","addr:street":"Gilmplatz","amenity":"cafe","check_date":"2024-03-09","name":"Ossi's","name:it":"Ossi's Lounge Café","outdoor_seating":"yes","wheelchair":"yes","@id":"node/6427790985","kind":"refreshment"},"geometry":{"type":"Point","coordinates":[11.9370975,46.7966681]}},{"type":"Feature","properties":{"amenity":"bar","check_date":"2024-03-09","name":"Dillinger","opening_hours":"We-Su 17:00-25:00","outdoor_seating":"yes","@id":"node/6570249279","kind":"refreshment"},"geometry":{"type":"Point","coordinates":[11.9395467,46.7968821]}},{"type":"Feature","properties":{"amenity":"bar","check_date":"2024-03-09","name":"Apero Cafe","outdoor_seating":"yes","wheelchair":"yes","@id":"node/6570249280","kind":"refreshment"},"geometry":{"type":"Point","coordinates":[11.9371536,46.7963806]}},{"type":"Feature","properties":{"addr:city":"Bruneck - Brunico","addr:housenumber":"3","addr:postcode":"39031","addr:street":"Oberragen - Via Ragen di Sopra","amenity":"cafe","check_date":"2025-08-10","name":"Pinta Pichl","outdoor_seating":"yes","wheelchair":"yes","@id":"node/6695300021","kind":"refreshment"},"geometry":{"type":"Point","coordinates":[11.9408948,46.7951563]}},{"type":"Feature","properties":{"amenity":"restaurant","check_date":"2024-03-09","name":"Cosmo","phone":"+39 0474834000","website":"https://www.cosmo-bruneck.com","wheelchair":"yes","@id":"node/6875316777","kind":"refreshment"},"geometry":{"type":"Point","coordinates":[11.9367726,46.7962162]}},{"type":"Feature","properties":{"amenity":"bar","check_date":"2024-03-09","name":"Cin Cin","outdoor_seating":"yes","@id":"node/10580093441","kind":"refreshment"},"geometry":{"type":"Point","coordinates":[11.9377039,46.7969978]}},{"type":"Feature","properties":{"addr:housenumber":"12","addr:street":"Stadtgasse - Via Centrale","amenity":"cafe","check_date":"2025-08-10","name":"Wörtz Bäck","opening_hours":"Mo-Th 08:30-20:00; Fr 08:30-26:00; Sa 08:30-19:00; Su off","outdoor_seating":"yes","wheelchair":"limited","@id":"node/11078726928","kind":"refreshment"},"geometry":{"type":"Point","coordinates":[11.9398025,46.7956711]}},{"type":"Feature","properties":{"amenity":"fast_food","check_date":"2026-04-28","name":"L'universo","outdoor_seating":"yes","wheelchair":"yes","@id":"node/11708171089","kind":"refreshment"},"geometry":{"type":"Point","coordinates":[11.9374457,46.7955414]}},{"type":"Feature","properties":{"amenity":"cafe","check_date":"2024-03-09","name":"Cafe Sternhof","outdoor_seating":"yes","wheelchair":"yes","@id":"node/11708171093","kind":"refreshment"},"geometry":{"type":"Point","coordinates":[11.9423408,46.7971386]}},{"type":"Feature","properties":{"amenity":"cafe","check_date":"2024-03-09","name":"caffe mahl","outdoor_seating":"yes","wheelchair":"limited","@id":"node/11708171094","kind":"refreshment"},"geometry":{"type":"Point","coordinates":[11.9427688,46.7975963]}},{"type":"Feature","properties":{"amenity":"bar","check_date":"2024-03-09","name":"Weinkeller Mayr","@id":"node/11708171111","kind":"refreshment"},"geometry":{"type":"Point","coordinates":[11.9408929,46.7962645]}},{"type":"Feature","properties":{"amenity":"cafe","check_date":"2024-03-09","name":"Bar Macchiato","outdoor_seating":"yes","wheelchair":"yes","@id":"node/11708171137","kind":"refreshment"},"geometry":{"type":"Point","coordinates":[11.9352763,46.7950798]}},{"type":"Feature","properties":{"amenity":"cafe","check_date":"2025-08-10","name":"Komot","outdoor_seating":"yes","wheelchair":"no","@id":"node/11708171139","kind":"refreshment"},"geometry":{"type":"Point","coordinates":[11.9415954,46.7949419]}},{"type":"Feature","properties":{"amenity":"cafe","check_date":"2024-03-09","name":"trandibar","opening_hours":"Mo-Fr 07:00-19:00; Sa 07:00-13:00","outdoor_seating":"yes","wheelchair":"yes","@id":"node/11708171146","kind":"refreshment"},"geometry":{"type":"Point","coordinates":[11.9379056,46.7970047]}},{"type":"Feature","properties":{"addr:housenumber":"17","addr:postcode":"39031","addr:street":"Walther-von-der-Vogelweide-Straße - Via Walther von der Vogelweide","amenity":"restaurant","contact:email":"reservations@ateliernorbertniederkofler.com","contact:website":"https://ateliernorbertniederkofler.com/de/","name":"Atelier Moessmer","opening_hours":"We-Fr 18:30-20:30; Sa 12:15-13:15, 18:30-20:30; Su 12:15-13:15","phone":"+39 0474 646629","@id":"node/12633165601","kind":"refreshment"},"geometry":{"type":"Point","coordinates":[11.9492175,46.7927391]}},{"type":"Feature","properties":{"amenity":"restaurant","indoor_seating":"yes","name":"Corso","outdoor_seating":"yes","@id":"node/13261630812","kind":"refreshment"},"geometry":{"type":"Point","coordinates":[11.9374258,46.796015]}},{"type":"Feature","properties":{"amenity":"fast_food","building":"yes","check_date":"2025-08-10","@id":"way/360009883","kind":"refreshment","name":null},"geometry":{"type":"Point","coordinates":[11.936855,46.7959577]}},{"type":"Feature","properties":{"amenity":"toilets","@id":"node/2328413441","kind":"toilets","name":null},"geometry":{"type":"Point","coordinates":[11.9361305,46.7947639]}},{"type":"Feature","properties":{"amenity":"drinking_water","bottle":"yes","comment":"wheelchair users cannot reach the water","drinking_water":"yes","fee":"no","image":"https://www.refill.bz.it/images/sitemap/stadtgasse_1.jpg","indoor":"no","seasonal":"yes","source":"Refill Südtirol / Alto Adige","source:date":"2019-10-15","wheelchair":"no","@id":"node/2836090201","kind":"water","name":null},"geometry":{"type":"Point","coordinates":[11.9396312,46.795873]}},{"type":"Feature","properties":{"amenity":"drinking_water","bottle":"yes","drinking_water":"yes","fee":"no","image":"https://www.refill.bz.it/images/sitemap/klebelsbergweg_1.jpg","indoor":"no","seasonal":"yes","source":"Refill Südtirol / Alto Adige","source:date":"2019-10-15","wheelchair":"limited","@id":"node/3039639433","kind":"water","name":null},"geometry":{"type":"Point","coordinates":[11.945851,46.789747]}},{"type":"Feature","properties":{"amenity":"toilets","check_date":"2022-09-02","fee":"yes","wheelchair":"yes","@id":"node/3204924995","kind":"toilets","name":null},"geometry":{"type":"Point","coordinates":[11.940781,46.7953372]}},{"type":"Feature","properties":{"amenity":"fountain","@id":"node/3715653880","kind":"water","name":null},"geometry":{"type":"Point","coordinates":[11.9428697,46.797816]}},{"type":"Feature","properties":{"access":"customers","amenity":"toilets","check_date":"2026-01-21","fee":"no","@id":"node/5850663508","kind":"toilets","name":null},"geometry":{"type":"Point","coordinates":[11.9397722,46.7943853]}},{"type":"Feature","properties":{"access":"yes","amenity":"drinking_water","bottle":"yes","drinking_water":"yes","fee":"no","image":"https://www.refill.bz.it/images/sitemap/graben_1.jpg","indoor":"no","seasonal":"yes","source":"Refill Südtirol / Alto Adige","source:date":"2019-10-15","wheelchair":"no","@id":"node/5850664752","kind":"water","name":null},"geometry":{"type":"Point","coordinates":[11.937053,46.796017]}},{"type":"Feature","properties":{"access":"yes","amenity":"toilets","charge":"0,5 EUR","check_date:opening_hours":"2023-12-04","fee":"yes","opening_hours":"08:00-20:00","toilets:disposal":"flush","unisex":"yes","@id":"node/5850666634","kind":"toilets","name":null},"geometry":{"type":"Point","coordinates":[11.9359948,46.7962534]}},{"type":"Feature","properties":{"addr:postcode":"39031","amenity":"drinking_water","bottle":"yes","drinking_water":"yes","fee":"no","indoor":"no","seasonal":"yes","source":"Refill Südtirol / Alto Adige","source:date":"2019-10-15","wheelchair":"yes","@id":"node/5882926249","kind":"water","name":null},"geometry":{"type":"Point","coordinates":[11.935836,46.796247]}},{"type":"Feature","properties":{"amenity":"drinking_water","bottle":"yes","drinking_water":"yes","fee":"no","image":"https://www.refill.bz.it/images/sitemap/oberer_rienzdamm_spielplatz_2.jpg","indoor":"no","note":"no running water on 31.7.2023., handle has no effect.","seasonal":"yes","source":"Refill Südtirol / Alto Adige","source:date":"2019-10-15","wheelchair":"yes","@id":"node/6557058891","kind":"water","name":null},"geometry":{"type":"Point","coordinates":[11.950433,46.79064]}},{"type":"Feature","properties":{"amenity":"drinking_water","bottle":"yes","drinking_water":"yes","fee":"no","image":"https://www.refill.bz.it/images/sitemap/lamprechtsburgerweg_spielplatz_1.jpg","indoor":"no","seasonal":"yes","source":"Refill Südtirol / Alto Adige","source:date":"2020-04-15","wheelchair":"yes","@id":"node/7406055085","kind":"water","name":null},"geometry":{"type":"Point","coordinates":[11.947187,46.790893]}},{"type":"Feature","properties":{"amenity":"drinking_water","bottle":"yes","drinking_water":"yes","fee":"no","image":"https://www.refill.bz.it/images/sitemap/kapuziner_platz_-_kapuziner_garten_1.jpg","seasonal":"yes","source":"Refill Südtirol / Alto Adige","source:date":"2020-04-16","wheelchair":"limited","wheelchair:description:de":"Hahn relativ hoch und weit vom Beckenrand entfernt.","@id":"node/7410031485","kind":"water","name":null},"geometry":{"type":"Point","coordinates":[11.9399756,46.7973523]}},{"type":"Feature","properties":{"amenity":"drinking_water","bottle":"yes","drinking_water":"yes","fee":"no","image":"https://www.refill.bz.it/images/sitemap/dantestrasse_kolpinghaus_1.jpg","indoor":"no","seasonal":"yes","source":"Refill Südtirol / Alto Adige","source:date":"2020-04-16","wheelchair":"no","@id":"node/7410057785","kind":"water","name":null},"geometry":{"type":"Point","coordinates":[11.942852,46.797834]}},{"type":"Feature","properties":{"amenity":"drinking_water","bottle":"yes","drinking_water":"yes","fee":"no","image":"https://www.refill.bz.it/images/sitemap/kuehbergl-waldfriedhof_1.jpg","indoor":"no","name:de":"Kühbergl - Waldfriedhof","name:it":"Kühbergl - Cimitero di guerra","seasonal":"yes","source":"Refill Südtirol / Alto Adige","source:date":"2020-04-17","wheelchair":"limited","@id":"node/7413472485","kind":"water","name":null},"geometry":{"type":"Point","coordinates":[11.936104,46.794422]}},{"type":"Feature","properties":{"amenity":"fountain","bottle":"yes","fee":"no","image":"https://www.refill.bz.it/images/sitemap/pfarrplatz_friedhof_1.jpg","indoor":"no","seasonal":"yes","source":"Refill Südtirol / Alto Adige","source:date":"2020-04-17","wheelchair":"no","@id":"node/7413499192","kind":"water","name":null},"geometry":{"type":"Point","coordinates":[11.9436491,46.7943581]}},{"type":"Feature","properties":{"access":"yes","amenity":"drinking_water","bottle":"yes","drinking_water":"yes","fee":"no","image":"https://www.refill.bz.it/images/sitemap/waldheimer_weg_1.jpg","indoor":"no","seasonal":"yes","source":"Refill Südtirol / Alto Adige","source:date":"2020-04-17","wheelchair":"yes","@id":"node/7413501687","kind":"water","name":null},"geometry":{"type":"Point","coordinates":[11.935701,46.794654]}},{"type":"Feature","properties":{"amenity":"drinking_water","bottle":"yes","drinking_water":"yes","fee":"no","image":"https://www.refill.bz.it/images/sitemap/bibliothek_005.jpg","indoor":"yes","man_made":"water_tap","name:de":"Stadtbibliothek Bruneck LibriKa","name:it":"Biblioteca civica di Brunico LibriKa","operator":"Città di Brunico","seasonal":"no","source":"Refill Südtirol / Alto Adige","source:date":"2020-06-08","wheelchair":"yes","@id":"node/7602273188","kind":"water","name":null},"geometry":{"type":"Point","coordinates":[11.934537,46.796181]}},{"type":"Feature","properties":{"amenity":"fountain","@id":"node/7757982463","kind":"water","name":null},"geometry":{"type":"Point","coordinates":[11.9388789,46.7952909]}},{"type":"Feature","properties":{"amenity":"fountain","drinking_water":"yes","@id":"node/7780332061","kind":"water","name":null},"geometry":{"type":"Point","coordinates":[11.9445315,46.7945534]}},{"type":"Feature","properties":{"amenity":"bbq","fee":"25€","name":"Grillplatz Rienzstadion - Area barbecue Stadio Rienza","name:de":"Grillplatz Rienzstadion","name:it":"Area barbecue Stadio Rienza","phone":"+390474370402","@id":"node/7780467436","kind":"picnic"},"geometry":{"type":"Point","coordinates":[11.9505641,46.790403]}},{"type":"Feature","properties":{"amenity":"drinking_water","@id":"node/7780549236","kind":"water","name":null},"geometry":{"type":"Point","coordinates":[11.9502,46.7879711]}},{"type":"Feature","properties":{"amenity":"fountain","drinking_water":"yes","@id":"node/7781001619","kind":"water","name":null},"geometry":{"type":"Point","coordinates":[11.9654216,46.7830022]}},{"type":"Feature","properties":{"amenity":"drinking_water","bottle":"yes","drinking_water":"yes","fee":"no","image":"https://www.refill.bz.it/images/sitemap/pur_bruneck.jpg","indoor":"yes","name:de":"Pur Südtirol - Bruneck","name:it":"Pur Südtirol - Brunico","seasonal":"no","source":"Refill Südtirol / Alto Adige","source:date":"2020-10-20","wheelchair":"yes","@id":"node/8025178985","kind":"water","name":null},"geometry":{"type":"Point","coordinates":[11.938207,46.796945]}},{"type":"Feature","properties":{"amenity":"drinking_water","@id":"node/8913061117","kind":"water","name":null},"geometry":{"type":"Point","coordinates":[11.9560753,46.7779205]}},{"type":"Feature","properties":{"amenity":"drinking_water","bottle":"yes","fee":"no","indoor":"no","note":"This one with the blue tap has running water on 31.7.2023, the one further down into the playground (with a red tap) has no running water.","wheelchair":"yes","@id":"node/11078750990","kind":"water","name":null},"geometry":{"type":"Point","coordinates":[11.9502634,46.7909872]}},{"type":"Feature","properties":{"amenity":"drinking_water","@id":"node/11111274005","kind":"water","name":null},"geometry":{"type":"Point","coordinates":[11.9600891,46.7815855]}},{"type":"Feature","properties":{"access":"yes","amenity":"drinking_water","man_made":"water_tap","wheelchair":"yes","@id":"node/12075198743","kind":"water","name":null},"geometry":{"type":"Point","coordinates":[11.9372267,46.7947183]}},{"type":"Feature","properties":{"access":"yes","addr:city":"Bruneck - Brunico","addr:housenumber":"1","addr:postcode":"39031","addr:street":"Mühlgasse - Vicolo Molini","amenity":"toilets","changing_table":"yes","fee":"no","female":"yes","male":"yes","opening_hours":"Mo-Su 07:00-20:00","toilets:wheelchair":"yes","wheelchair":"yes","@id":"node/12866458168","kind":"toilets","name":null},"geometry":{"type":"Point","coordinates":[11.9437618,46.7944038]}},{"type":"Feature","properties":{"amenity":"shelter","building":"yes","@id":"way/806556444","kind":"shelter","name":null},"geometry":{"type":"Point","coordinates":[11.9401603,46.7976703]}},{"type":"Feature","properties":{"addr:postcode":"39031","addr:street:de":"Oberragen 17/A","addr:street:en":"Oberragen - Via Ragen di Sopra 17/A","addr:street:it":"Via Ragen di Sopra 17/A","amenity":"fountain","bottle":"yes","drinking_water":"yes","fee":"no","image":"https://www.refill.bz.it/images/sitemap/oberragen_kaiserbrunnen_1.jpg","indoor":"no","name:de":"Oberragen Kaiserbrunnen","name:it":"Via Ragen di Sopra","seasonal":"yes","source":"Refill Südtirol / Alto Adige","source:date":"2019-10-15","wheelchair":"no","@id":"way/833236635","kind":"water","name":null},"geometry":{"type":"Point","coordinates":[11.9415472,46.7948145]}},{"type":"Feature","properties":{"amenity":"shelter","building":"roof","image":"https://web.archive.org/web/20250523211143if_/https://streetcomplete.app/p/257981.jpg","shelter_type":"gazebo","@id":"way/1389178842","kind":"shelter","name":null},"geometry":{"type":"Point","coordinates":[11.9358562,46.794325]}},{"type":"Feature","properties":{"check_date":"2024-03-09","email":"info@bruneck.com","information":"office","name":"Tourismusverein - Associazione turistica","opening_hours":"Mo-Fr 09:00-12:30,15:00-18:00; Sa 09:30-12:30; Su off","phone":"+39 0474 555722","tourism":"information","wheelchair":"yes","@id":"node/420781369","kind":"information"},"geometry":{"type":"Point","coordinates":[11.9354126,46.7957099]}},{"type":"Feature","properties":{"addr:city":"Bruneck - Brunico","addr:country":"IT","addr:housenumber":"2","addr:postcode":"39031","addr:street":"Schlossweg - Vicolo Castello","alt_name":"MMM Ripa","email":"ripa@messner-mountain-museum.it","fax":"+39 0474 410 525","fee":"yes","name":"Messner Mountain Museum Ripa","opening_hours":"May Su [2]-Nov Su [1] We-Mo 10:00-18:00; Dec 07-Apr 25 We-Mo 10:00-18:00; Tu off","phone":"+39 0474 410 220","tourism":"museum","website":"https://www.messner-mountain-museum.it/","wikidata":"Q55677279","wikipedia":"it:Messner Mountain Museum","@id":"node/1656300332","kind":"sight"},"geometry":{"type":"Point","coordinates":[11.9395263,46.7943657]}},{"type":"Feature","properties":{"addr:city":"Bruneck - Brunico","addr:city:de":"Bruneck","addr:city:it":"Brunico","addr:housenumber":"1","addr:postcode":"39031","addr:street":"Bruder-Willram-Straße - Via Bruder Willram","addr:street:de":"Bruder-Willram-Straße","addr:street:it":"Via Bruder Willram","check_date":"2024-03-09","email":"info@stadtmuseum-bruneck.it","fax":"+39 0474 410 685","fee":"yes","fee:conditional":"no @ age < 6","fixme":"Museum umbenannt, neue Website eck.museum, alles anpassen","name":"Eck Museum of Art","name:de":"Stadtmuseum Bruneck","name:it":"Museo Civico di Brunico","opening_hours":"Mo,We,Fr,Su off; Tu,Th 10:00-16:00; Sa 10:00-12:00","phone":"+39 0474 553 292","tourism":"museum","website":"http://www.stadtmuseum-bruneck.it/","wheelchair":"yes","wikidata":"Q67183022","@id":"node/2749650579","kind":"sight"},"geometry":{"type":"Point","coordinates":[11.9410338,46.7962818]}},{"type":"Feature","properties":{"tourism":"picnic_site","@id":"node/4426202797","kind":"picnic","name":null},"geometry":{"type":"Point","coordinates":[11.9498311,46.786225]}},{"type":"Feature","properties":{"artwork_type":"bust","name":"Eduard von Grebmer","tourism":"artwork","@id":"node/10810811244","kind":"sight"},"geometry":{"type":"Point","coordinates":[11.9356072,46.7954096]}},{"type":"Feature","properties":{"addr:postcode":"39031","addr:street":"Raingasse - Vicolo Rain","alt_name":"Katherinenkirche","amenity":"place_of_worship","building":"church","check_date":"2026-07-26","denomination":"roman_catholic","name":"Rainkirche","name:es":"iglesia de Santa Catalia","patron_saint":"St. Katharina","religion":"christian","tourism":"attraction","wikidata":"Q66305798","@id":"way/111470947","kind":"sight"},"geometry":{"type":"Point","coordinates":[11.9392968,46.7954023]}},{"type":"Feature","properties":{"artwork_type":"statue","historic":"monument","name":"Mariensäule - Colonna Mariana","name:de":"Mariensäule am Oberragen","name:it":"colonna mariana sulla via Ragen di Sopra","tourism":"artwork","url":"https://commons.m.wikimedia.org/wiki/File:Bruneck,_Oberragen,_Mariens%C3%A4ule,_2.jpeg","@id":"way/617928286","kind":"sight"},"geometry":{"type":"Point","coordinates":[11.941444,46.7948397]}},{"type":"Feature","properties":{"bridge":"yes","covered":"yes","highway":"path","layer":"1","name":"Lambrechtsburger Brücke","surface":"wood","tourism":"attraction","width":"2","@id":"way/833521258","kind":"sight"},"geometry":{"type":"Point","coordinates":[11.9604572,46.7825392]}},{"type":"Feature","properties":{"man_made":"water_well","@id":"node/5028710408","kind":"water","name":null},"geometry":{"type":"Point","coordinates":[11.9364861,46.7953724]}},{"type":"Feature","properties":{"drinking_water:signed":"no","man_made":"water_tap","@id":"node/11011685145","kind":"water","name":null},"geometry":{"type":"Point","coordinates":[11.9379481,46.7938569]}},{"type":"Feature","properties":{"bench":"yes","covered":"no","leisure":"picnic_table","material":"wood","seats":"4","@id":"node/4426202762","kind":"picnic","name":null},"geometry":{"type":"Point","coordinates":[11.9611098,46.7778625]}},{"type":"Feature","properties":{"backrest":"yes","covered":"no","leisure":"picnic_table","material":"wood","@id":"node/11078757755","kind":"picnic","name":null},"geometry":{"type":"Point","coordinates":[11.9512596,46.7886361]}},{"type":"Feature","properties":{"leisure":"picnic_table","@id":"node/11882364671","kind":"picnic","name":null},"geometry":{"type":"Point","coordinates":[11.9501693,46.7910929]}},{"type":"Feature","properties":{"bench":"yes","leisure":"picnic_table","@id":"node/11882364672","kind":"picnic","name":null},"geometry":{"type":"Point","coordinates":[11.9506659,46.7904257]}},{"type":"Feature","properties":{"bench":"yes","leisure":"picnic_table","@id":"node/11882364673","kind":"picnic","name":null},"geometry":{"type":"Point","coordinates":[11.9506821,46.7903985]}},{"type":"Feature","properties":{"covered":"no","leisure":"picnic_table","material":"wood","@id":"node/12031929740","kind":"picnic","name":null},"geometry":{"type":"Point","coordinates":[11.9422397,46.7956024]}},{"type":"Feature","properties":{"covered":"no","leisure":"picnic_table","@id":"node/12467184578","kind":"picnic","name":null},"geometry":{"type":"Point","coordinates":[11.9371882,46.7947278]}},{"type":"Feature","properties":{"leisure":"picnic_table","@id":"node/13778363049","kind":"picnic","name":null},"geometry":{"type":"Point","coordinates":[11.9401361,46.7976876]}},{"type":"Feature","properties":{"leisure":"picnic_table","@id":"node/13778363050","kind":"picnic","name":null},"geometry":{"type":"Point","coordinates":[11.9401814,46.7977051]}},{"type":"Feature","properties":{"leisure":"picnic_table","@id":"node/13778363051","kind":"picnic","name":null},"geometry":{"type":"Point","coordinates":[11.9403306,46.7978982]}},{"type":"Feature","properties":{"covered":"no","leisure":"picnic_table","@id":"node/14052132210","kind":"picnic","name":null},"geometry":{"type":"Point","coordinates":[11.9388205,46.7952071]}},{"type":"Feature","properties":{"covered":"no","leisure":"picnic_table","@id":"node/14052137975","kind":"picnic","name":null},"geometry":{"type":"Point","coordinates":[11.9388973,46.7953176]}},{"type":"Feature","properties":{"historic":"wayside_cross","@id":"node/5265476029","kind":"sight","name":null},"geometry":{"type":"Point","coordinates":[11.9570002,46.7848688]}},{"type":"Feature","properties":{"denomination":"catholic","historic":"wayside_cross","religion":"christian","@id":"node/7780332062","kind":"sight","name":null},"geometry":{"type":"Point","coordinates":[11.9435522,46.7943216]}},{"type":"Feature","properties":{"historic":"wayside_cross","religion":"christian","@id":"node/7781001622","kind":"sight","name":null},"geometry":{"type":"Point","coordinates":[11.9628882,46.7830931]}},{"type":"Feature","properties":{"historic":"memorial","@id":"node/8544011476","kind":"sight","name":null},"geometry":{"type":"Point","coordinates":[11.951732,46.7812493]}},{"type":"Feature","properties":{"historic":"wayside_cross","material":"wood","religion":"christian","@id":"node/11951611623","kind":"sight","name":null},"geometry":{"type":"Point","coordinates":[11.9475386,46.7945596]}},{"type":"Feature","properties":{"historic":"memorial","@id":"node/12031943341","kind":"sight","name":null},"geometry":{"type":"Point","coordinates":[11.9380294,46.7940031]}},{"type":"Feature","properties":{"denomination":"roman_catholic","historic":"wayside_shrine","religion":"christian","@id":"node/12518245365","kind":"sight","name":null},"geometry":{"type":"Point","coordinates":[11.9384016,46.7987558]}},{"type":"Feature","properties":{"historic":"memorial","inscription":"In diesem Haus wohnte der Dichter Hermann v. Gilm 1843-45. \"Ich bleibe jung so lang es grüne Eichen. So lange es rote Alpenrosen gibt!\"","memorial":"plaque","name":"Hermann von Gilm","@id":"node/12518294214","kind":"sight"},"geometry":{"type":"Point","coordinates":[11.9375663,46.7954709]}},{"type":"Feature","properties":{"denomination":"roman_catholic","historic":"wayside_shrine","religion":"christian","@id":"node/12518356575","kind":"sight","name":null},"geometry":{"type":"Point","coordinates":[11.9360893,46.7945306]}},{"type":"Feature","properties":{"historic":"memorial","loc_name:de":"Kapuzinerwastl","memorial":"statue","name":"Alpini-Denkmal - Monumento agli Alpini","name:de":"Alpini-Denkmal","name:it":"Monumento agli Alpini","wikidata":"Q3862667","@id":"node/13468742792","kind":"sight"},"geometry":{"type":"Point","coordinates":[11.9405461,46.7967577]}},{"type":"Feature","properties":{"historic":"memorial","name":"Norbert Conrad Kaser","@id":"node/14067020404","kind":"sight"},"geometry":{"type":"Point","coordinates":[11.9352768,46.7962543]}},{"type":"Feature","properties":{"historic":"memorial","name":"Denkmal Olympiasieger","@id":"node/14067022303","kind":"sight"},"geometry":{"type":"Point","coordinates":[11.9353359,46.7961791]}},{"type":"Feature","properties":{"barrier":"wall","historic":"castle","name":"Schloss Bruneck - Castello di Brunico","name:de":"Schloss Bruneck","name:it":"Castello di Brunico","wheelchair":"yes","wikidata":"Q664605","wikipedia":"de:Schloss Bruneck","@id":"way/112513247","kind":"sight"},"geometry":{"type":"Point","coordinates":[11.939606,46.794398]}},{"type":"Feature","properties":{"barrier":"wall","ele":"990","historic":"castle","name":"Lamprechtsburg - Castel Lamberto","name:de":"Lamprechtsburg","name:it":"Castel Lamberto","source":"http://www.archiv-bruneck.it/it/storia-della-citta/i-castelli/castel-lamberto","wikidata":"Q1801711","wikipedia":"it:Castel Lamberto","@id":"way/151171315","kind":"sight"},"geometry":{"type":"Point","coordinates":[11.9646241,46.7834696]}},{"type":"Feature","properties":{"amenity":"pub","@id":"node/434132756","kind":"refreshment","name":null},"geometry":{"type":"Point","coordinates":[11.0532357,46.1766399]}},{"type":"Feature","properties":{"amenity":"restaurant","@id":"node/1381612274","kind":"refreshment","name":null},"geometry":{"type":"Point","coordinates":[11.0530255,46.1771822]}},{"type":"Feature","properties":{"addr:housenumber":"26","addr:postcode":"38010","addr:street":"Passo Santèl","amenity":"restaurant","bar":"yes","cafe":"yes","contact:facebook":"https://www.facebook.com/tre3faidellapaganella","contact:instagram":"tre3_pizzeria_burgheria","cuisine":"burger;pizza","email":"bartre3@hotmail.com","name":"Tre3","outdoor_seating":"yes","phone":"+39 0461 528564","takeaway":"yes","website":"https://www.tre-3.it","@id":"node/2131943740","kind":"refreshment"},"geometry":{"type":"Point","coordinates":[11.0525108,46.1755074]}},{"type":"Feature","properties":{"amenity":"drinking_water","@id":"node/434132753","kind":"water","name":null},"geometry":{"type":"Point","coordinates":[11.0531235,46.1755031]}},{"type":"Feature","properties":{"amenity":"drinking_water","name":"Fontana bianca","@id":"node/1249154508","kind":"water"},"geometry":{"type":"Point","coordinates":[11.0769664,46.1886092]}},{"type":"Feature","properties":{"amenity":"drinking_water","natural":"spring","@id":"node/2435294258","kind":"water","name":null},"geometry":{"type":"Point","coordinates":[11.0599127,46.1940767]}},{"type":"Feature","properties":{"amenity":"bbq","covered":"yes","fuel":"wood","@id":"node/9945282243","kind":"picnic","name":null},"geometry":{"type":"Point","coordinates":[11.072126,46.2018969]}},{"type":"Feature","properties":{"tourism":"picnic_site","@id":"node/1249154184","kind":"picnic","name":null},"geometry":{"type":"Point","coordinates":[11.0752749,46.1876628]}},{"type":"Feature","properties":{"tourism":"picnic_site","@id":"node/1249154221","kind":"picnic","name":null},"geometry":{"type":"Point","coordinates":[11.0716444,46.2014234]}},{"type":"Feature","properties":{"tourism":"picnic_site","@id":"node/1249154279","kind":"picnic","name":null},"geometry":{"type":"Point","coordinates":[11.0738648,46.1865611]}},{"type":"Feature","properties":{"tourism":"picnic_site","@id":"node/1249154794","kind":"picnic","name":null},"geometry":{"type":"Point","coordinates":[11.0597522,46.1943174]}},{"type":"Feature","properties":{"tourism":"picnic_site","@id":"node/1249154834","kind":"picnic","name":null},"geometry":{"type":"Point","coordinates":[11.0598966,46.1943659]}},{"type":"Feature","properties":{"tourism":"picnic_site","@id":"node/1249155629","kind":"picnic","name":null},"geometry":{"type":"Point","coordinates":[11.0736837,46.1994049]}},{"type":"Feature","properties":{"tourism":"picnic_site","@id":"node/1249155650","kind":"picnic","name":null},"geometry":{"type":"Point","coordinates":[11.0743418,46.1868927]}},{"type":"Feature","properties":{"tourism":"picnic_site","@id":"node/1249155806","kind":"picnic","name":null},"geometry":{"type":"Point","coordinates":[11.0752392,46.1876381]}},{"type":"Feature","properties":{"tourism":"picnic_site","@id":"node/1249156213","kind":"picnic","name":null},"geometry":{"type":"Point","coordinates":[11.0745939,46.187275]}},{"type":"Feature","properties":{"tourism":"picnic_site","@id":"node/2433988815","kind":"picnic","name":null},"geometry":{"type":"Point","coordinates":[11.0528053,46.1878555]}},{"type":"Feature","properties":{"covered":"no","leisure":"picnic_table","@id":"node/9945282245","kind":"picnic","name":null},"geometry":{"type":"Point","coordinates":[11.0720281,46.201915]}},{"type":"Feature","properties":{"historic":"wayside_shrine","@id":"node/1381612354","kind":"sight","name":null},"geometry":{"type":"Point","coordinates":[11.0741618,46.1867033]}},{"type":"Feature","properties":{"historic":"wayside_shrine","@id":"node/2435294259","kind":"sight","name":null},"geometry":{"type":"Point","coordinates":[11.0596445,46.1942726]}},{"type":"Feature","properties":{"amenity":"shelter","bin":"no","building":"yes","capacity":"6","ele":"2840","name":"Bivacco Cavinato","operator":"S.A.T.","shelter_type":"basic","toilets":"no","website":"https://www.sat.tn.it/rifugi/elenco-rifugi","@id":"way/438431197","kind":"shelter"},"geometry":{"type":"Point","coordinates":[11.6047591,46.1767776]}},{"type":"Feature","properties":{"addr:housenumber":"31","addr:postcode":"39015","addr:street":"Passeirer Straße - Via Passiria","amenity":"restaurant","capacity":"150","check_date":"2024-09-02","dog":"yes","email":"hotelfrick@rolmail.net","fax":"+39 0473 656 646","indoor_seating":"yes","name":"Frickhof","opening_hours":"12:00-14:30,18:00-20:30 \"Küche\"; Nov 01-easter: We off","operator":"Andreas Hofer","outdoor_seating":"yes","phone":"+39 0473 656 119","season":"Mar-Dec, Jan-Feb off","source":"http://www.passeiertal.it/smartedit/documents/download/gastro-leonhard.pdf","source:date":"2015-04-22","terrace":"yes","website":"https://www.frickhof.com","wheelchair":"yes","@id":"node/123517898","kind":"refreshment"},"geometry":{"type":"Point","coordinates":[11.2468581,46.8115272]}},{"type":"Feature","properties":{"addr:city":"St. Leonhard in Passeier - San Leonardo in Passiria","addr:city:de":"St. Leonhard in Passeier","addr:city:it":"San Leonardo in Passiria","addr:housenumber":"31","addr:postcode":"39015","addr:street":"Kirchweg - Via Chiesa","addr:street:de":"Kirchweg","addr:street:it":"Via Chiesa","amenity":"restaurant","capacity":"50","cuisine":"regional","dog":"yes","email":"info@bruehwirt.com","fax":"+39 0473 65 62 36","name":"Brühwirt","opening_hours":"Apr-Oct Tu-Su 11:30-13:30,17:30-20:00;Mo off;Nov-Mar Tu-Su 11:30-13:30;Mo off","phone":"+39 0473 65 62 36","seasonal":"no","smoking":"no","source":"http://www.passeiertal.it/smartedit/documents/download/gastro-leonhard.pdf","source:date":"2015-04-22","website":"https://www.bruehwirt.com/","@id":"node/2755993562","kind":"refreshment"},"geometry":{"type":"Point","coordinates":[11.2458849,46.8103312]}},{"type":"Feature","properties":{"addr:city":"St. Leonhard in Passeier - San Leonardo in Passiria","addr:city:de":"St. Leonhard in Passeier","addr:city:it":"San Leonardo in Passiria","addr:housenumber":"48","addr:postcode":"39015","addr:street":"Kohlstatt - Via dei Carbonai","addr:street:de":"Kohlstatt","addr:street:it":"Via dei Carbonai","amenity":"bar","capacity":"50","dog":"yes","name":"Hubertus Stubm","opening_hours":"Mo-Sa; Su off","operator":"Herbert Pöhl","phone":"+39 0473 65 61 20","seasonal":"no","source":"http://www.passeiertal.it/smartedit/documents/download/gastro-leonhard.pdf","source:date":"2015-04-22","terrace":"yes","wheelchair":"yes","@id":"node/2755995072","kind":"refreshment"},"geometry":{"type":"Point","coordinates":[11.2447075,46.8118357]}},{"type":"Feature","properties":{"addr:city":"St. Leonhard in Passeier - San Leonardo in Passiria","addr:city:de":"St. Leonhard in Passeier","addr:city:it":"San Leonardo in Passiria","addr:housenumber":"7","addr:postcode":"39015","addr:street":"Kohlstatt - Via dei Carbonai","addr:street:de":"Kohlstatt","addr:street:it":"Via dei Carbonai","amenity":"restaurant","name":"Cafe - Restaurant Tirolerhof","@id":"node/2755996430","kind":"refreshment"},"geometry":{"type":"Point","coordinates":[11.2466289,46.8119928]}},{"type":"Feature","properties":{"amenity":"cafe","capacity":"40","dog":"yes","name":"Dorf Cafe","opening_hours":"Mo-Sa; Su off","operator":"Karolina Larch","phone":"+39 348 523 5832","seasonal":"no","smoking":"separated","source":"http://www.passeiertal.it/smartedit/documents/download/gastro-leonhard.pdf","source:date":"2015-04-22","terrace":"yes","@id":"node/2755996433","kind":"refreshment"},"geometry":{"type":"Point","coordinates":[11.2463142,46.8124345]}},{"type":"Feature","properties":{"addr:city":"St. Leonhard in Passeier - San Leonardo in Passiria","addr:place":"Walten","addr:postcode":"39015","amenity":"restaurant","check_date":"2017-06-18","contact:email":"auerhof@bb44.it","contact:phone":"+39 0473 421 075","ele":"1350","name":"Hofschenke Auerhof","opening_hours":"Jan-Dec: Mo-Su; Nov-Apr: We off","operator":"Fam. Pöhl","outdoor_seating":"yes","source":"https://www.merano-suedtirol.it/de/passeiertal/veranstaltung/artikel/huetten-im-passeiertal-309/","source:date":"2015-04-22","@id":"node/3187595028","kind":"refreshment"},"geometry":{"type":"Point","coordinates":[11.3097236,46.8232459]}},{"type":"Feature","properties":{"amenity":"restaurant","cafe":"yes","capacity":"100","email":"info@felseneck.com","name":"Felseneck","opening_hours":"Mo-Su 17:30-20:30 \"Küche\"","operator":"Andreas Hofer","phone":"+39 0473 65 61 25","season":"Ostern-Allerheiligen","source":"http://www.passeiertal.it/smartedit/documents/download/gastro-leonhard.pdf","source:date":"2015-14-22","terrace":"yes","website":"http://www.felseneck.com","@id":"node/3254807524","kind":"refreshment"},"geometry":{"type":"Point","coordinates":[11.2472001,46.8122981]}},{"type":"Feature","properties":{"amenity":"restaurant","capacity":"25","dog":"yes","email":"anton.tschoell@gmail.com","fax":"+39 0473 65 61 14","name":"Gasthof Alpenrose","opening_hours":"Mo-Su 12:00-15:00,19:00-21:00","operator":"Fam. Tschöll","phone":"+39 0473 65 61 14","seasonal":"no","source":"http://www.passeiertal.it/smartedit/documents/download/gastro-leonhard.pdf","source:date":"2015-04-22","terrace":"yes","wheelchair":"yes","@id":"node/3335406105","kind":"refreshment"},"geometry":{"type":"Point","coordinates":[11.2878822,46.8261995]}},{"type":"Feature","properties":{"amenity":"cafe","capacity":"100","dog":"yes","email":"magnus.fauner@brennercom.net","name":"Eisdiele Pichler","opening_hours":"We-Mo; Tu off","operator":"Magnus Fauner","phone":"+39 348 89 61 486","seasonal":"no","source":"http://www.passeiertal.it/smartedit/documents/download/gastro-leonhard.pdf","source:date":"2015-04-22","terrace":"yes","@id":"node/3470934264","kind":"refreshment"},"geometry":{"type":"Point","coordinates":[11.2440557,46.8126497]}},{"type":"Feature","properties":{"amenity":"restaurant","capacity":"60","cuisine":"regional","email":"info@jagerhof.net","fax":"+39 0473 65 68 22","name":"Jägerhof","opening_hours":"Mo off; Tu-Su 12:00-14:00,18:00-20:30 \"kirchen\"","operator":"Fam. Augscheller","phone":"+39 0473 65 62 50","season":"Mitte Dezember-Mitte November","source":"http://www.passeiertal.it/smartedit/documents/download/gastro-leonhard.pdf","source:date":"2015-04-22","terrace":"yes","website":"https://www.jagerhof.net/","@id":"node/3471231086","kind":"refreshment"},"geometry":{"type":"Point","coordinates":[11.3023374,46.8272945]}},{"type":"Feature","properties":{"amenity":"restaurant","capacity":"50","dog":"yes","email":"info@gasthofpeter.com","fax":"+39 0473 65 62 81","name":"Gasthof Peter","opening_hours":"Mo off","operator":"Fam. Raffl","phone":"+39 0473 65 62 81","season":"Ostern-Allerheiligen","source":"http://www.passeiertal.it/smartedit/documents/download/gastro-leonhard.pdf","source:date":"2015-04-22","terrace":"yes","website":"https://gasthofpeter.com/","@id":"node/3471307401","kind":"refreshment"},"geometry":{"type":"Point","coordinates":[11.2470088,46.8135666]}},{"type":"Feature","properties":{"amenity":"restaurant","capacity":"100","cuisine":"regional","dog":"yes","email":"info@hotel-christophorus.com","fax":"+39 0473 65 68 43","name":"Sonnenhof","opening_hours":"Mo-Su 11:00-14:00,18:00-21:00; Tu off","opening_hours_1":"Pizzeria: Fr-Su 17:00-23:00","operator":"Fam. Holzknecht","phone":"+39 0473 65 61 50","season":"Ostern-Allerheiligen, Weihnachten,Silvester","source":"http://www.passeiertal.it/smartedit/documents/download/gastro-leonhard.pdf","source:date":"2015-04-23","terrace":"yes","website":"https://www.hotel-christophorus.com/","wheelchair":"yes","@id":"node/3472443246","kind":"refreshment"},"geometry":{"type":"Point","coordinates":[11.2483181,46.8094336]}},{"type":"Feature","properties":{"amenity":"restaurant","capacity":"60","cuisine":"regional","dog":"yes","fax":"+39 0473 65 66 88","name":"Wiesenhof","opening_hours":"Mo-Su","operator":"Fam. Hofer","phone":"+39 0473 65 61 55","season":"Ostern-Allerheiligen, Ende Dec-Anfang Jan","smoking":"isolated","source":"http://www.passeiertal.it/smartedit/documents/download/gastro-leonhard.pdf","source:date":"2015-04-23","terrace":"yes","website":"http://www.wiesenhof.net/","wheelchair":"yes","@id":"node/3472501905","kind":"refreshment"},"geometry":{"type":"Point","coordinates":[11.2449553,46.8081692]}},{"type":"Feature","properties":{"amenity":"restaurant","capacity":"60","cuisine":"regional","dog":"yes","email":"info@stroblhof.com","fax":"+39 0473 01 02 00","name":"Stroblhof","opening_hours:kitchen":"Mo-Su 12:00-14:30,18:00-21:00","operator":"Fam. Hansjörg Pircher","phone":"+39 0473 010 100","season":"Mar-Nov","source":"http://www.passeiertal.it/smartedit/documents/download/gastro-leonhard.pdf","source:date":"2015-04.23","terrace":"yes","website":"https://www.stroblhof.com/","wheelchair":"yes","@id":"node/3472538236","kind":"refreshment"},"geometry":{"type":"Point","coordinates":[11.2472963,46.8116806]}},{"type":"Feature","properties":{"amenity":"restaurant","capacity":"120","cuisine":"regional","dog":"yes","email":"zentralrosi@hotmail.com","fax":"+39 0473 656115","handy":"+39 335 5715036","indoor_seating":"yes","name":"Zentral","opening_hours":"Su-Fr 11:00-14:30;Sa off || \"Hauptsaison auch abends\"","operator":"Fam. Pfitscher","outdoor_seating":"yes","phone":"+39 0473 656115","seasonal":"no","source":"http://www.passeiertal.it/smartedit/documents/download/gastro-leonhard.pdf","source:date":"2015-04-23","terrace":"yes","wheelchair":"yes","@id":"node/3472760705","kind":"refreshment"},"geometry":{"type":"Point","coordinates":[11.2474426,46.8119408]}},{"type":"Feature","properties":{"addr:city":"St. Leonhard in Passeier - San Leonardo in Passiria","addr:postcode":"39015","addr:street":"Platzerbergweg - Via Platzerberg","amenity":"restaurant","contact:phone":"+39 0473 656 938","ele":"850","name":"Jausenstation Schnitzerhof - Ristoro Schnitzerhof","name:de":"Jausenstation Schnitzerhof","name:it":"Ristoro Schnitzerhof","opening_hours":"May-Nov: Mo-Su","operator":"Josef Raffl","source":"Mail-Info des TV Passeier","source:date":"2020-03-09","@id":"node/3472771424","kind":"refreshment"},"geometry":{"type":"Point","coordinates":[11.2531932,46.8095103]}},{"type":"Feature","properties":{"addr:city":"St. Leonhard in Passeier - San Leonardo in Passiria","addr:place":"Walten - Valtina","addr:place:de":"Walten","addr:place:it":"Valtina","addr:postcode":"39015","amenity":"restaurant","contact:mobile":"+39 348 725 9417","contact:phone":"+39 0473 562 127","cuisine":"regional","ele":"1740","name":"Seeberg-Alm","opening_hours":"Jun 01-Sep 15 Mo-Su","operator":"Albert Frei","outdoor_seating":"yes","source":"https://www.merano-suedtirol.it/de/passeiertal/veranstaltung/artikel/huetten-im-passeiertal-309/","source:date":"2017-06-18","@id":"node/4763957341","kind":"refreshment"},"geometry":{"type":"Point","coordinates":[11.3271817,46.8116663]}},{"type":"Feature","properties":{"amenity":"restaurant","cuisine":"mediterranean","name":"Restaurant Theis","operator":"Theis","@id":"node/6690947299","kind":"refreshment"},"geometry":{"type":"Point","coordinates":[11.2470469,46.8122984]}},{"type":"Feature","properties":{"addr:housenumber":"31","addr:street":"Passeirerstraße","amenity":"restaurant","check_date":"2024-09-02","diet:gluten_free":"yes","internet_access":"no","name":"Martl","outdoor_seating":"yes","@id":"node/12151480562","kind":"refreshment"},"geometry":{"type":"Point","coordinates":[11.2470417,46.8116332]}},{"type":"Feature","properties":{"amenity":"toilets","fee":"no","wheelchair":"yes","@id":"node/2405607747","kind":"toilets","name":null},"geometry":{"type":"Point","coordinates":[11.2456257,46.8109921]}},{"type":"Feature","properties":{"amenity":"drinking_water","check_date":"2023-10-05","fountain":"drinking","indoor":"no","@id":"node/2417090679","kind":"water","name":null},"geometry":{"type":"Point","coordinates":[11.2460258,46.8119706]}},{"type":"Feature","properties":{"amenity":"drinking_water","indoor":"no","@id":"node/2417090681","kind":"water","name":null},"geometry":{"type":"Point","coordinates":[11.2473022,46.8119981]}},{"type":"Feature","properties":{"amenity":"drinking_water","indoor":"no","@id":"node/2505192146","kind":"water","name":null},"geometry":{"type":"Point","coordinates":[11.3092468,46.8251919]}},{"type":"Feature","properties":{"amenity":"drinking_water","indoor":"no","@id":"node/2505206842","kind":"water","name":null},"geometry":{"type":"Point","coordinates":[11.3240125,46.8197314]}},{"type":"Feature","properties":{"amenity":"drinking_water","@id":"node/2505410484","kind":"water","name":null},"geometry":{"type":"Point","coordinates":[11.3258025,46.8104092]}},{"type":"Feature","properties":{"amenity":"drinking_water","@id":"node/2505410529","kind":"water","name":null},"geometry":{"type":"Point","coordinates":[11.3271594,46.8115728]}},{"type":"Feature","properties":{"amenity":"drinking_water","fee":"no","fountain":"drinking","wheelchair":"yes","@id":"node/2827101958","kind":"water","name":null},"geometry":{"type":"Point","coordinates":[11.2470224,46.8119046]}},{"type":"Feature","properties":{"amenity":"shelter","building":"yes","@id":"way/232187347","kind":"shelter","name":null},"geometry":{"type":"Point","coordinates":[11.2456038,46.811003]}},{"type":"Feature","properties":{"amenity":"watering_place","@id":"way/243083560","kind":"water","name":null},"geometry":{"type":"Point","coordinates":[11.3240288,46.8197094]}},{"type":"Feature","properties":{"amenity":"watering_place","@id":"way/243107377","kind":"water","name":null},"geometry":{"type":"Point","coordinates":[11.3271477,46.8115637]}},{"type":"Feature","properties":{"amenity":"watering_place","@id":"way/243107379","kind":"water","name":null},"geometry":{"type":"Point","coordinates":[11.3258063,46.8104234]}},{"type":"Feature","properties":{"amenity":"shelter","@id":"way/320173006","kind":"shelter","name":null},"geometry":{"type":"Point","coordinates":[11.2871248,46.826767]}},{"type":"Feature","properties":{"name":"Museum Passeier","opening_hours":"Tu 14:00-16:00; Th 14:00-16:00","tourism":"museum","wheelchair":"no","wikidata":"Q55352622","@id":"node/774652350","kind":"sight"},"geometry":{"type":"Point","coordinates":[11.2523635,46.8150995]}},{"type":"Feature","properties":{"addr:city":"St. Leonhard in Passeier - San Leonardo in Passiria","addr:city:de":"St. Leonhard in Passeier","addr:city:it":"San Leonardo in Passiria","addr:postcode":"39015","addr:street":"Passeirer Straße - Via Passiria","addr:street:de":"Passeirer Straße","addr:street:it":"Via Passiria","contact:email":"info@passeiertal.it","contact:fax":"+39 0473 656 624","contact:phone":"+39 0473 656 188","information":"office","name":"Tourismusverein Passeiertal","name:de":"Tourismusverein Passeiertal","name:it":"Associazione turistica Val Passiria","opening_hours":"Jul 02-Sep 30: Mo-Fr 08:00-19:00; Sa  09:00-12:00, 15:00-18:00; Su 09:00-12:00","operator":"Tourismusverein Passeiertal","source":"https://www.merano-suedtirol.it/de/passeiertal.html","source:date":"2018-08-19","tourism":"information","website":"https://www.merano-suedtirol.it/de/passeiertal.html","@id":"node/2755994430","kind":"information"},"geometry":{"type":"Point","coordinates":[11.2457102,46.8110577]}},{"type":"Feature","properties":{"tourism":"picnic_site","@id":"node/2827101957","kind":"picnic","name":null},"geometry":{"type":"Point","coordinates":[11.2470144,46.8119593]}},{"type":"Feature","properties":{"access":"customers","leisure":"picnic_table","source":"local knowledge","@id":"node/4921552683","kind":"picnic","name":null},"geometry":{"type":"Point","coordinates":[11.3270513,46.8115786]}},{"type":"Feature","properties":{"access":"customers","leisure":"picnic_table","source":"local knowledge","@id":"node/4926055058","kind":"picnic","name":null},"geometry":{"type":"Point","coordinates":[11.3241942,46.8197756]}},{"type":"Feature","properties":{"access":"customers","leisure":"picnic_table","@id":"node/5621329676","kind":"picnic","name":null},"geometry":{"type":"Point","coordinates":[11.2448471,46.8118313]}},{"type":"Feature","properties":{"amenity":"place_of_worship","denomination":"roman_catholic","historic":"wayside_shrine","religion":"christian","@id":"node/3254656861","kind":"sight","name":null},"geometry":{"type":"Point","coordinates":[11.2478945,46.8139732]}},{"type":"Feature","properties":{"historic":"wayside_shrine","religion":"christian","@id":"node/3254959813","kind":"sight","name":null},"geometry":{"type":"Point","coordinates":[11.246958,46.8120714]}},{"type":"Feature","properties":{"historic":"wayside_shrine","@id":"node/3257789484","kind":"sight","name":null},"geometry":{"type":"Point","coordinates":[11.2469547,46.8104603]}},{"type":"Feature","properties":{"historic":"wayside_shrine","@id":"node/3269889069","kind":"sight","name":null},"geometry":{"type":"Point","coordinates":[11.2506322,46.8167668]}},{"type":"Feature","properties":{"denomination":"catholic","historic":"wayside_shrine","religion":"christian","@id":"node/3270049469","kind":"sight","name":null},"geometry":{"type":"Point","coordinates":[11.2430231,46.8126191]}},{"type":"Feature","properties":{"historic":"wayside_cross","@id":"node/9675439090","kind":"sight","name":null},"geometry":{"type":"Point","coordinates":[11.2505458,46.8167707]}},{"type":"Feature","properties":{"historic":"wayside_cross","@id":"node/9675465573","kind":"sight","name":null},"geometry":{"type":"Point","coordinates":[11.3019332,46.8272467]}},{"type":"Feature","properties":{"historic":"wayside_cross","@id":"node/9675472648","kind":"sight","name":null},"geometry":{"type":"Point","coordinates":[11.2833394,46.8256072]}},{"type":"Feature","properties":{"building":"yes","ele":"824","historic":"castle","name":"Ruine Jaufenburg - Castel Giovo","name:de":"Ruine Jaufenburg","name:it":"Castel Giovo","ruins":"yes","wikidata":"Q1684108","wikipedia":"it:Castel Giovo (San Leonardo in Passiria)","@id":"way/43303115","kind":"sight"},"geometry":{"type":"Point","coordinates":[11.2522827,46.8150884]}},{"type":"Feature","properties":{"amenity":"drinking_water","@id":"node/9261740471","kind":"water","name":null},"geometry":{"type":"Point","coordinates":[12.4068797,46.5104486]}},{"type":"Feature","properties":{"amenity":"drinking_water","@id":"node/9261740479","kind":"water","name":null},"geometry":{"type":"Point","coordinates":[12.4057116,46.5076482]}},{"type":"Feature","properties":{"abandoned:military":"observatory","description:it":"Osservatorio con postazione in trincea \"P2\" (elemento del Parco della memoria di Pian dei Buoi)","historic":"yes","name":"Osservatorio \"Col de la Caverna\"","observatory:type":"espionage","start_date":"1915","tourism":"viewpoint","wikimedia_commons":"File:Osservatorio_\"Col_della_Caverna\".jpg","@id":"node/6018428925","kind":"viewpoint"},"geometry":{"type":"Point","coordinates":[12.4196725,46.5087411]}},{"type":"Feature","properties":{"name":"Spianata dell'ex Ricovero militare Cervera","tourism":"viewpoint","@id":"node/6018428926","kind":"viewpoint"},"geometry":{"type":"Point","coordinates":[12.4205616,46.508083]}},{"type":"Feature","properties":{"abandoned:military":"observatory","description:it":"Osservatorio con postazione in trincea dell'area Ciadìn, elemento del Parco della memoria di Pian dei Buoi","historic":"yes","name":"Osservatorio \"Col de i Laris\"","observatory:type":"espionage","start_date":"1915","tourism":"viewpoint","@id":"node/6019488501","kind":"viewpoint"},"geometry":{"type":"Point","coordinates":[12.4252535,46.5117505]}},{"type":"Feature","properties":{"leisure":"picnic_table","@id":"node/9283845793","kind":"picnic","name":null},"geometry":{"type":"Point","coordinates":[12.4206032,46.5081596]}},{"type":"Feature","properties":{"leisure":"picnic_table","@id":"node/9283845794","kind":"picnic","name":null},"geometry":{"type":"Point","coordinates":[12.420516,46.5084254]}},{"type":"Feature","properties":{"leisure":"picnic_table","@id":"node/9283845799","kind":"picnic","name":null},"geometry":{"type":"Point","coordinates":[12.4280503,46.5146637]}},{"type":"Feature","properties":{"leisure":"picnic_table","@id":"node/9283845800","kind":"picnic","name":null},"geometry":{"type":"Point","coordinates":[12.428104,46.5146249]}},{"type":"Feature","properties":{"abandoned:aerialway":"station","description:it":"Stazione di monte della teleferica militare in uso durante la Grande Guerra, elemento del Parco della Memoria di Pian dei Buoi","ele":"1831","historic":"ruins","name":"Teleferica di Pian de Formai","start_date":"1910","website":"https://www.lozzodicadore.eu/parcodellamemoria/stazione-di-monte-della-teleferica-le-spesse-pian-de-formai-foto-sferica/","wikimedia_commons":"File:Teleferica_Pian_de_Formai.jpg","@id":"node/4954672270","kind":"sight"},"geometry":{"type":"Point","coordinates":[12.4240458,46.5094177]}},{"type":"Feature","properties":{"description:it":"Resti della lapide, un tempo completa anche se in più pezzi, in parte trafugata: la parte restante è stata inserita al termine del muro di sostegno della strada che giunge ai resti al ricovero durante i lavori per il Parco della Memoria","historic":"memorial","inscription":"RICOVERO - A PRESIDIO DELLA - IN SALDE TRINCEE TR... - ANNO DI CV... -","memorial":"stele","name":"Lapide Ricovero Col Cervera","start_date":"1890","wikimedia_commons":"File:Lapide_ex_Ricovero_Cervera.jpg","@id":"node/5999900391","kind":"sight"},"geometry":{"type":"Point","coordinates":[12.4201928,46.5081753]}},{"type":"Feature","properties":{"historic":"memorial","inscription":"20 (26?) AGOSTO 1891 - VITTORE BOF - ZAPP. 66a COMPa - A 22 ANNI - DA FULMINE - SPENTO - COMPAGNI E SUPERIORI - POSERO - SETTEMBRE 1891","memorial":"stele","name":"Lapide Bof","start_date":"settembre 1891","wikimedia_commons":"File:Lapide_zappatore_Vittore_Bof.jpg","@id":"node/5999900696","kind":"sight"},"geometry":{"type":"Point","coordinates":[12.4242362,46.509953]}},{"type":"Feature","properties":{"abandoned:military":"barracks","building":"ruins","description:it":"La cosiddetta Villa del Capitano, elemento del Parco della Memoria di Pian dei Buoi, aveva funzione di alloggio ufficiali","historic":"ruins","name":"Villa del Capitano","ruins":"barrack","start_date":"1915","website":"https://www.lozzodicadore.eu/parcodellamemoria/villa-del-capitano/","wikimedia_commons":"File:Villa_del_Capitano.jpg","@id":"way/383860225","kind":"sight"},"geometry":{"type":"Point","coordinates":[12.4301701,46.5136291]}},{"type":"Feature","properties":{"abandoned:military":"barracks","building":"ruins","description:it":"Qualche resto lapideo perimetrale (elemento del Parco della Memoria di Pian dei Buoi)","historic":"ruins","ruins":"barrack","start_date":"1915","wikimedia_commons":"File:Baraccamento_della_Fontanella.jpg","@id":"way/383860447","kind":"sight","name":null},"geometry":{"type":"Point","coordinates":[12.4292218,46.5139651]}},{"type":"Feature","properties":{"abandoned:military":"barracks","building":"ruins","description:it":"Elemento del Parco della Memoria di Pian dei Buoi: piazzola per baracca (nessun resto della baracca, si legge solo la piazzola)","historic":"ruins","ruins":"barrack","start_date":"1915","@id":"way/638603130","kind":"sight","name":null},"geometry":{"type":"Point","coordinates":[12.4291034,46.5148928]}},{"type":"Feature","properties":{"abandoned:military":"barracks","building":"ruins","description:it":"Piazzola libera con le pietre del cordolo frontale e gli scalini d'entrata all'edificio (elemento del Parco della Memoria di Pian dei Buoi)","historic":"ruins","ruins":"barrack","start_date":"1915","@id":"way/638603134","kind":"sight","name":null},"geometry":{"type":"Point","coordinates":[12.4280993,46.5135119]}},{"type":"Feature","properties":{"abandoned:military":"barracks","building":"ruins","description:it":"Piazzola libera con qualche pietra del cordolo perimetrale della medesima (elemento del Parco della Memoria di Pian dei Buoi);la piazzola è stata chiamata \"Baracca Benny\"","historic":"ruins","name":"Baracca \"Benny\"","ruins":"barrack","start_date":"1915","wikimedia_commons":"File:Piazzola_Baracca_\"Benny\".jpg","@id":"way/638603135","kind":"sight"},"geometry":{"type":"Point","coordinates":[12.4278844,46.5127368]}},{"type":"Feature","properties":{"abandoned:military":"barracks","building":"ruins","description:it":"Piazzola e resti lapidei solo sulla soglia d'entrata: si trattava probabilmente di una baracca adibita ad officina (elemento del Parco della Memoria di Pian dei Buoi)","historic":"ruins","name":"Baracca \"Officina\"","ruins":"barrack","start_date":"1915","wikimedia_commons":"File:Baracca_\"Officina\".jpg","@id":"way/638603136","kind":"sight"},"geometry":{"type":"Point","coordinates":[12.4275715,46.5121847]}},{"type":"Feature","properties":{"abandoned:military":"barracks","building":"ruins","description:it":"Piazzola e resti lapidei (elemento del Parco della Memoria di Pian dei Buoi)","historic":"ruins","ruins":"barrack","start_date":"1915","@id":"way/638603137","kind":"sight","name":null},"geometry":{"type":"Point","coordinates":[12.4272269,46.5122466]}},{"type":"Feature","properties":{"abandoned:military":"barracks","building":"ruins","description:it":"Piazzola e resti lapidei della baracca denominata \"del Festin\" (elemento del Parco della Memoria di Pian dei Buoi)","historic":"ruins","name":"Baracca del Festin","ruins":"barrack","start_date":"1915","wikimedia_commons":"File:Baracca_\"del_Festin\".jpg","@id":"way/638603138","kind":"sight"},"geometry":{"type":"Point","coordinates":[12.4268497,46.511899]}},{"type":"Feature","properties":{"abandoned:military":"barracks","building":"ruins","description:it":"Elemento del Parco della Memoria di Pian dei Buoi: piazzola per baracca (nessun resto della baracca, si legge solo la piazzola)","historic":"ruins","name":"Postazione baracca \"C2\"","ruins":"barrack","start_date":"1915","@id":"way/638603140","kind":"sight"},"geometry":{"type":"Point","coordinates":[12.40809,46.5078855]}},{"type":"Feature","properties":{"abandoned:military":"barracks","building":"ruins","description:it":"Elemento del Parco della Memoria di Pian dei Buoi: resti lapidei edificio/postazione denominata \"del Corvo\" e codificata P13","historic":"ruins","name":"Postazione \"del Corvo\" - P13","ruins":"barrack","start_date":"1915","wikimedia_commons":"File:Postazione_\"del_Corvo\"_-_P13.jpg","@id":"way/638737100","kind":"sight"},"geometry":{"type":"Point","coordinates":[12.427931,46.5163563]}},{"type":"Feature","properties":{"building":"ruins","description:it":"Postazione cannoncino da montagna dell'area Col Vidal denominata \"de la Bronzera\" (P11)","gun_emplacement_type":"field_gun","historic":"ruins","name":"Postazione cannoncino \"de la Bronzera\"","ruins":"gun_emplacement","start_date":"1915","wikimedia_commons":"File:Postazione_cannoncino_\"de_la_Bronzera\"_-_P11.jpg","@id":"way/1006172060","kind":"sight"},"geometry":{"type":"Point","coordinates":[12.4272051,46.5155707]}},{"type":"Feature","properties":{"building":"ruins","description:it":"Postazione cannone da montagna area Ciadìn denominata \"Pian del Canon\"","gun_emplacement_type":"field_gun","historic":"ruins","name":"Postazione cannone da montagna \"Pian del Canon\"","ruins":"gun_emplacement","start_date":"1915","wikimedia_commons":"File:Postazione_\"Pian_del_Canon\".jpg","@id":"way/1006172061","kind":"sight"},"geometry":{"type":"Point","coordinates":[12.426613,46.5125467]}},{"type":"Feature","properties":{"building":"ruins","description:it":"Postazione cannone da montagna","gun_emplacement_type":"field_gun","historic":"ruins","name":"Postazione cannone da montagna \"Col de la Mitralia\"","ruins":"gun_emplacement","start_date":"1915","wikimedia_commons":"File:Piazzola_\"Col_dela_Mitralia\".jpg","@id":"way/1006172062","kind":"sight"},"geometry":{"type":"Point","coordinates":[12.4247743,46.5110591]}},{"type":"Feature","properties":{"building":"ruins","description:it":"Postazione cannone da montagna con resti di un cordolo in pietra sul lato frontale (nord)","gun_emplacement_type":"anti_aircraft_gun","historic":"ruins","name":"Postazione cannone da montagna","ruins":"gun_emplacement","start_date":"1915","@id":"way/1006172063","kind":"sight"},"geometry":{"type":"Point","coordinates":[12.4211929,46.509482]}},{"type":"Feature","properties":{"building":"ruins","description:it":"Postazione cannone da montagna con resti di un cordolo in pietra sul lato frontale (nord)","gun_emplacement_type":"field_gun","historic":"ruins","name":"Postazione cannone da montagna \"P1\"","ruins":"gun_emplacement","start_date":"1915","wikimedia_commons":"File:Postazione_cannone_da_montagna.jpg","@id":"way/1006172064","kind":"sight"},"geometry":{"type":"Point","coordinates":[12.4084139,46.5089104]}},{"type":"Feature","properties":{"abandoned:military":"barracks","building":"ruins","description:it":"Resti scuderie (4 edifici): piazzola e resti lapidei (elemento del Parco della Memoria di Pian dei Buoi); edificio \"sud\"","historic":"ruins","ruins":"barrack","start_date":"1915","@id":"way/1006500881","kind":"sight","name":null},"geometry":{"type":"Point","coordinates":[12.4225827,46.5079427]}},{"type":"Feature","properties":{"abandoned:military":"barracks","building":"ruins","description:it":"Resti scuderie (4 edifici): piazzola e resti lapidei (elemento del Parco della Memoria di Pian dei Buoi); edificio \"est\"","historic":"ruins","ruins":"barrack","start_date":"1915","@id":"way/1006500882","kind":"sight","name":null},"geometry":{"type":"Point","coordinates":[12.422792,46.5081569]}},{"type":"Feature","properties":{"abandoned:military":"barracks","building":"ruins","description:it":"Resti scuderie (4 edifici): piazzola e resti lapidei (elemento del Parco della Memoria di Pian dei Buoi); edificio \"centrale\"","historic":"ruins","ruins":"barrack","start_date":"1915","@id":"way/1006500883","kind":"sight","name":null},"geometry":{"type":"Point","coordinates":[12.4226374,46.5080961]}},{"type":"Feature","properties":{"abandoned:military":"barracks","building":"ruins","description:it":"Resti scuderie (4 edifici): piazzola e resti lapidei (elemento del Parco della Memoria di Pian dei Buoi);edificio \"ovest\"","historic":"ruins","ruins":"barrack","start_date":"1915","wikimedia_commons":"File:Scuderie_del_Cervera.jpg","@id":"way/1006500884","kind":"sight","name":null},"geometry":{"type":"Point","coordinates":[12.4224047,46.5080462]}},{"type":"Feature","properties":{"building":"ruins","description:it":"Postazione obice da montagna area \"Col Cervera\" denominata P4 o \"delle Scuderie\"","gun_emplacement_type":"field_gun","historic":"ruins","name":"Postazione obice da montagna P4 o \"delle Scuderie\"","ruins":"gun_emplacement","start_date":"1915","wikimedia_commons":"File:Piazzola_per_obice_\"P4\".jpg","@id":"way/1006500885","kind":"sight"},"geometry":{"type":"Point","coordinates":[12.4229093,46.5084411]}},{"type":"Feature","properties":{"abandoned:military":"barracks","building":"ruins","ele":"1900","historic":"ruins","name":"Ex Ricovero Cervera","ruins":"barrack","start_date":"1890","website":"https://www.lozzodicadore.eu/parcodellamemoria/col-cervera-spianata-del-col-de-le-pite-ex-ricovero-cervera/","wikimedia_commons":"File:Spianata_ex_Ricovero_Cervera.jpg","@id":"way/1006500887","kind":"sight"},"geometry":{"type":"Point","coordinates":[12.4203295,46.5082932]}},{"type":"Feature","properties":{"abandoned:landuse":"quarry","description:it":"Resti di una cava utilizzata per estrarre pietrame per l'allestimento dei muri della strada militare di Col Vidal","historic":"ruins","name":"Cava delle Scuderie","ruins":"quarry","start_date":"1915","wikimedia_commons":"File:Cava_delle_Scuderie.jpg","@id":"way/1013514545","kind":"sight"},"geometry":{"type":"Point","coordinates":[12.4218899,46.5082947]}},{"type":"Feature","properties":{"building":"ruins","description:it":"Postazione cannone delle difese complementari del Forte Alto di Col Vidal denominata \"de le Pionbade\";la postazione disponeva anche di un osservatorio","gun_emplacement_type":"field_gun","historic":"ruins","name":"Postazione cannone \"de le Pionbade\"","ruins":"gun_emplacement","start_date":"1915","@id":"way/1014637050","kind":"sight"},"geometry":{"type":"Point","coordinates":[12.4281605,46.5166418]}},{"type":"Feature","properties":{"abandoned:military":"barracks","building":"ruins","description:it":"Piazzola retrostante la parte in pietra costituita da baraccamento in legno (la baracca è documentata da foto storiche del tempo)","historic":"ruins","ruins":"barrack","start_date":"1915","@id":"way/1014637051","kind":"sight","name":null},"geometry":{"type":"Point","coordinates":[12.4293262,46.5138654]}},{"type":"Feature","properties":{"abandoned:military":"barracks","building":"ruins","description:it":"Resti lapidei perimetrali (la baracca è documentata da foto storiche del tempo)","historic":"ruins","ruins":"barrack","start_date":"1915","@id":"way/1014637052","kind":"sight","name":null},"geometry":{"type":"Point","coordinates":[12.4297284,46.5140782]}},{"type":"Feature","properties":{"abandoned:military":"barracks","building":"ruins","description:it":"Resti lapidei perimetrali (la baracca è documentata da foto storiche del tempo)","historic":"ruins","ruins":"barrack","start_date":"1915","wikimedia_commons":"File:Baracca_\"della_Busa\".jpg","@id":"way/1014637053","kind":"sight","name":null},"geometry":{"type":"Point","coordinates":[12.4288809,46.5142364]}},{"type":"Feature","properties":{"abandoned:military":"barracks","building":"ruins","description:it":"Resti lapidei perimetrali","historic":"ruins","ruins":"barrack","start_date":"1915","@id":"way/1014637054","kind":"sight","name":null},"geometry":{"type":"Point","coordinates":[12.4295361,46.5144371]}},{"type":"Feature","properties":{"abandoned:military":"barracks","building":"ruins","description:it":"Elemento del Parco della Memoria di Pian dei Buoi: resti lapidei edificio/postazione","historic":"ruins","name":"Postazione \"del Zavatol\"","ruins":"barrack","start_date":"1915","wikimedia_commons":"File:Postazione_\"del_Zavatol\"_-_P12.jpg","@id":"way/1015315178","kind":"sight"},"geometry":{"type":"Point","coordinates":[12.4275409,46.5157732]}},{"type":"Feature","properties":{"building":"ruins","description:it":"Postazione di tiro che proteggeva i fianchi ovest del Col Cervera","gun_emplacement_type":"field_gun","historic":"ruins","name":"Postazione di tiro \"Soramizoi Est\"","ruins":"gun_emplacement","start_date":"1915","@id":"way/1015444725","kind":"sight"},"geometry":{"type":"Point","coordinates":[12.4166211,46.5063304]}},{"type":"Feature","properties":{"addr:city":"St. Leonhard in Passeier - San Leonardo in Passiria","addr:city:de":"St. Leonhard in Passeier","addr:city:it":"San Leonardo in Passiria","addr:place":"Walten - Valtina","addr:place:de":"Walten","addr:place:it":"Valtina","addr:postcode":"39015","amenity":"restaurant","capacity":"120","cuisine":"italian;regional","dog":"yes","email":"innerwalten@rolmail.net","fax":"+39 0473 656166","name":"Innerwalten","opening_hours":"We-Mo; Th off","outdoor_seating":"yes","phone":"+39 0473 656166","seasonal":"no","source":"http://www.passeiertal.it/smartedit/documents/download/gastro-leonhard.pdf","source:date":"2015-04-22","terrace":"yes","website":"https://www.innerwalten.it/","wheelchair":"yes","@id":"node/2755996465","kind":"refreshment"},"geometry":{"type":"Point","coordinates":[11.3076946,46.8264148]}},{"type":"Feature","properties":{"amenity":"drinking_water","indoor":"no","@id":"node/2505049588","kind":"water","name":null},"geometry":{"type":"Point","coordinates":[11.3075302,46.8264443]}},{"type":"Feature","properties":{"tourism":"picnic_site","@id":"node/3264889721","kind":"picnic","name":null},"geometry":{"type":"Point","coordinates":[11.3071566,46.8299094]}},{"type":"Feature","properties":{"amenity":"fountain","drinking_water":"yes","@id":"node/924305755","kind":"water","name":null},"geometry":{"type":"Point","coordinates":[12.4414046,46.4856327]}},{"type":"Feature","properties":{"amenity":"fountain","drinking_water":"yes","@id":"node/924305805","kind":"water","name":null},"geometry":{"type":"Point","coordinates":[12.4400364,46.4867901]}},{"type":"Feature","properties":{"amenity":"fountain","drinking_water":"yes","@id":"node/924305807","kind":"water","name":null},"geometry":{"type":"Point","coordinates":[12.4407943,46.4859202]}},{"type":"Feature","properties":{"amenity":"fountain","drinking_water":"yes","@id":"node/924305841","kind":"water","name":null},"geometry":{"type":"Point","coordinates":[12.4379003,46.4869079]}},{"type":"Feature","properties":{"amenity":"fountain","drinking_water":"yes","@id":"node/925651672","kind":"water","name":null},"geometry":{"type":"Point","coordinates":[12.4423051,46.4867081]}},{"type":"Feature","properties":{"amenity":"fountain","@id":"node/1215206068","kind":"water","name":null},"geometry":{"type":"Point","coordinates":[12.4340149,46.4902934]}},{"type":"Feature","properties":{"amenity":"fountain","@id":"node/1215206071","kind":"water","name":null},"geometry":{"type":"Point","coordinates":[12.444646,46.4909398]}},{"type":"Feature","properties":{"amenity":"fountain","@id":"node/1215206073","kind":"water","name":null},"geometry":{"type":"Point","coordinates":[12.4341561,46.4905225]}},{"type":"Feature","properties":{"amenity":"fountain","drinking_water":"yes","@id":"way/383859006","kind":"water","name":null},"geometry":{"type":"Point","coordinates":[12.4418411,46.4850278]}},{"type":"Feature","properties":{"amenity":"fountain","drinking_water":"yes","@id":"way/488899220","kind":"water","name":null},"geometry":{"type":"Point","coordinates":[12.4389575,46.4874506]}},{"type":"Feature","properties":{"amenity":"shelter","shelter_type":"weather_shelter","@id":"way/651556677","kind":"shelter","name":null},"geometry":{"type":"Point","coordinates":[12.43855,46.4861681]}},{"type":"Feature","properties":{"addr:city":"Lozzo di Cadore","addr:housenumber":"404","addr:postcode":"32040","addr:street":"Via Padre Marino da Cadore","fee":"no","name":"Museo della Latteria","opening_hours":"Jul-Aug Tu-Su 17:00-19:00","tourism":"museum","wikidata":"Q30894932","@id":"node/967061093","kind":"sight"},"geometry":{"type":"Point","coordinates":[12.441202,46.4857969]}},{"type":"Feature","properties":{"ele":"1303","name":"Soracrode","tourism":"viewpoint","@id":"node/4954672253","kind":"viewpoint"},"geometry":{"type":"Point","coordinates":[12.4405594,46.4967139]}},{"type":"Feature","properties":{"tourism":"viewpoint","@id":"node/6740011505","kind":"viewpoint","name":null},"geometry":{"type":"Point","coordinates":[12.4448825,46.4949875]}},{"type":"Feature","properties":{"tourism":"viewpoint","@id":"node/8046469851","kind":"viewpoint","name":null},"geometry":{"type":"Point","coordinates":[12.4324331,46.49403]}},{"type":"Feature","properties":{"building":"yes","disused:watermill":"yes","historic":"yes","man_made":"watermill","tourism":"attraction","@id":"way/383860174","kind":"sight","name":null},"geometry":{"type":"Point","coordinates":[12.4390686,46.4861868]}},{"type":"Feature","properties":{"building":"yes","disused:watermill":"yes","man_made":"watermill","tourism":"attraction","@id":"way/383860438","kind":"sight","name":null},"geometry":{"type":"Point","coordinates":[12.438391,46.4862035]}},{"type":"Feature","properties":{"natural":"spring","@id":"node/6406841341","kind":"water","name":null},"geometry":{"type":"Point","coordinates":[12.4437982,46.4907217]}},{"type":"Feature","properties":{"name":"Pozaraco de Fontana","natural":"spring","@id":"node/8046469850","kind":"water"},"geometry":{"type":"Point","coordinates":[12.4336655,46.4963197]}},{"type":"Feature","properties":{"leisure":"picnic_table","@id":"node/1215206089","kind":"picnic","name":null},"geometry":{"type":"Point","coordinates":[12.4320265,46.4912575]}},{"type":"Feature","properties":{"backrest":"yes","bench":"yes","covered":"yes","leisure":"picnic_table","material":"wood","@id":"node/11163317866","kind":"picnic","name":null},"geometry":{"type":"Point","coordinates":[12.4378056,46.4863421]}},{"type":"Feature","properties":{"denomination":"catholic","historic":"wayside_cross","religion":"christian","@id":"node/5501714890","kind":"sight","name":null},"geometry":{"type":"Point","coordinates":[12.4385954,46.4877423]}},{"type":"Feature","properties":{"name":"Ega de nouze","natural":"spring","@id":"node/13428669906","kind":"water"},"geometry":{"type":"Point","coordinates":[12.415537,46.4796164]}},{"type":"Feature","properties":{"natural":"spring","@id":"node/6389334322","kind":"water","name":null},"geometry":{"type":"Point","coordinates":[12.4546614,46.5232821]}},{"type":"Feature","properties":{"addr:housenumber":"239b","addr:street":"Via Roma","amenity":"restaurant","name":"Bar Ristorante \"Ai Pellegrini\"","opening_hours":"Mo 09:00-15:00,18:00-24:00; Tu-Sa 00:00-02:00,09:00-15:00,18:00-24:00; Su 00:00-02:00","phone":"+39 0435 76222","@id":"node/924305777","kind":"refreshment"},"geometry":{"type":"Point","coordinates":[12.4422076,46.4846375]}},{"type":"Feature","properties":{"amenity":"fountain","@id":"node/921516805","kind":"water","name":null},"geometry":{"type":"Point","coordinates":[12.4353437,46.4770094]}},{"type":"Feature","properties":{"amenity":"fountain","drinking_water":"yes","@id":"node/5711449532","kind":"water","name":null},"geometry":{"type":"Point","coordinates":[12.4420632,46.484097]}},{"type":"Feature","properties":{"amenity":"fountain","drinking_water":"yes","@id":"way/573656723","kind":"water","name":null},"geometry":{"type":"Point","coordinates":[12.4413187,46.484541]}},{"type":"Feature","properties":{"tourism":"viewpoint","@id":"node/7620197320","kind":"viewpoint","name":null},"geometry":{"type":"Point","coordinates":[12.4370451,46.4841632]}},{"type":"Feature","properties":{"name":"Aga dei Sarote","natural":"spring","@id":"node/7400688530","kind":"water"},"geometry":{"type":"Point","coordinates":[12.4412763,46.5038757]}},{"type":"Feature","properties":{"amenity":"fountain","drinking_water":"yes","@id":"node/11172116286","kind":"water","name":null},"geometry":{"type":"Point","coordinates":[12.449398,46.4907989]}},{"type":"Feature","properties":{"natural":"spring","@id":"node/6406841342","kind":"water","name":null},"geometry":{"type":"Point","coordinates":[12.4479218,46.4919757]}},{"type":"Feature","properties":{"historic":"wayside_shrine","religion":"christian","@id":"way/383858989","kind":"sight","name":null},"geometry":{"type":"Point","coordinates":[12.4514848,46.4906789]}},{"type":"Feature","properties":{"amenity":"restaurant","cuisine":"pizza","name":"Pizzeria Petra","tourism":"guest_house","website":"https://www.pizzeriapetra.it/","@id":"node/2015403529","kind":"refreshment"},"geometry":{"type":"Point","coordinates":[11.8103679,46.8082158]}},{"type":"Feature","properties":{"amenity":"cafe","name":"Zum Treyen","@id":"node/2016914125","kind":"refreshment"},"geometry":{"type":"Point","coordinates":[11.8035444,46.8108535]}},{"type":"Feature","properties":{"amenity":"fountain","@id":"node/991943978","kind":"water","name":null},"geometry":{"type":"Point","coordinates":[11.8036098,46.8142964]}},{"type":"Feature","properties":{"leisure":"picnic_table","@id":"node/5291454548","kind":"picnic","name":null},"geometry":{"type":"Point","coordinates":[11.797976,46.8101575]}},{"type":"Feature","properties":{"historic":"wayside_cross","@id":"node/2016914114","kind":"sight","name":null},"geometry":{"type":"Point","coordinates":[11.8079208,46.810002]}},{"type":"Feature","properties":{"addr:city":"Kastelruth - Castelrotto","addr:city:de":"Kastelruth","addr:city:it":"Castelrotto","addr:hamlet":"Seis - Siusi","addr:hamlet:de":"Seis","addr:hamlet:it":"Siusi","addr:housenumber":"39","addr:postcode":"39040","addr:street":"Schlernstraße - Via Sciliar","addr:street:de":"Schlernstraße","addr:street:it":"Via Sciliar","amenity":"restaurant","cuisine":"pizza","indoor_seating":"yes","name":"Santner's","outdoor_seating":"yes","smoking":"outside","takeaway":"yes","website":"https://www.santners.it/de/restaurant-pizzeria/","wheelchair":"yes","@id":"node/2755696485","kind":"refreshment"},"geometry":{"type":"Point","coordinates":[11.5637138,46.5402793]}},{"type":"Feature","properties":{"amenity":"cafe","building":"yes","name":"Fulterer","tourism":"guest_house","@id":"way/209266555","kind":"refreshment"},"geometry":{"type":"Point","coordinates":[11.5624811,46.5414499]}},{"type":"Feature","properties":{"amenity":"restaurant","building":"yes","indoor_seating":"yes","name":"Restaurant Pizzeria Salegg","outdoor_seating":"yes","@id":"way/389915938","kind":"refreshment"},"geometry":{"type":"Point","coordinates":[11.5563888,46.5386641]}},{"type":"Feature","properties":{"amenity":"drinking_water","description":"Wasserhahn mit Quellwasser \"Bad Ratzes\"","@id":"node/9893755040","kind":"water","name":null},"geometry":{"type":"Point","coordinates":[11.5842032,46.5332898]}},{"type":"Feature","properties":{"amenity":"toilets","fee":"no","@id":"node/12866785701","kind":"toilets","name":null},"geometry":{"type":"Point","coordinates":[11.5637511,46.5402889]}},{"type":"Feature","properties":{"amenity":"shelter","bench":"yes","building":"yes","shelter_type":"public_transport","@id":"way/840632856","kind":"shelter","name":null},"geometry":{"type":"Point","coordinates":[11.5617964,46.539898]}},{"type":"Feature","properties":{"tourism":"picnic_site","@id":"node/4340370753","kind":"picnic","name":null},"geometry":{"type":"Point","coordinates":[11.5756993,46.5354251]}},{"type":"Feature","properties":{"artwork_type":"sculpture","tourism":"artwork","@id":"node/12057793496","kind":"sight","name":null},"geometry":{"type":"Point","coordinates":[11.558348,46.5361814]}},{"type":"Feature","properties":{"artwork_type":"sculpture","tourism":"artwork","@id":"node/12057793499","kind":"sight","name":null},"geometry":{"type":"Point","coordinates":[11.557511,46.5368987]}},{"type":"Feature","properties":{"contact:email":"hubert.mussner@Virgilio.it","description":"metal and wood sculptures by Hubert Mussner","name":"Denise Karbon, Patrik Pigneter, Peter Fill","tourism":"artwork","@id":"node/12123965702","kind":"sight"},"geometry":{"type":"Point","coordinates":[11.563882,46.5399375]}},{"type":"Feature","properties":{"leisure":"picnic_table","@id":"node/10553308373","kind":"picnic","name":null},"geometry":{"type":"Point","coordinates":[11.5617496,46.5405506]}},{"type":"Feature","properties":{"leisure":"picnic_table","material":"wood","@id":"node/12961241967","kind":"picnic","name":null},"geometry":{"type":"Point","coordinates":[11.5767105,46.5365322]}},{"type":"Feature","properties":{"historic":"wayside_cross","@id":"node/9893755021","kind":"sight","name":null},"geometry":{"type":"Point","coordinates":[11.5836775,46.5340122]}},{"type":"Feature","properties":{"access":"yes","building":"yes","castle_type":"defensive","historic":"castle","historic:civilization":"medieval","name":"Ruine Hauenstein - Rovine di Castelvecchio","name:de":"Ruine Hauenstein","name:it":"Rovine di Castelvecchio","ruins":"yes","wikidata":"Q1012220","wikipedia":"it:Castelvecchio (Siusi)","@id":"way/132627914","kind":"sight"},"geometry":{"type":"Point","coordinates":[11.5686138,46.5362622]}},{"type":"Feature","properties":{"access":"yes","alt_name":"Burgruine Saleck","building":"yes","castle_type":"defensive","historic":"castle","historic:civilization":"medieval","name":"Burgruine Salegg - Rovine Castel Salego","name:de":"Burgruine Salegg","name:it":"Rovine Castel Salego","ruins":"yes","wikidata":"Q1013806","wikipedia":"de:Burg Salegg","@id":"way/390862430","kind":"sight"},"geometry":{"type":"Point","coordinates":[11.5582844,46.5361621]}},{"type":"Feature","properties":{"amenity":"pub","name":"Zur Sonne","@id":"node/850636739","kind":"refreshment"},"geometry":{"type":"Point","coordinates":[11.5649305,46.6089524]}},{"type":"Feature","properties":{"amenity":"restaurant","name":"Zur Sonne","@id":"node/850636743","kind":"refreshment"},"geometry":{"type":"Point","coordinates":[11.5650172,46.6089859]}},{"type":"Feature","properties":{"amenity":"restaurant","contact:email":"info@lajen.com","contact:phone":"+39 0471 655635","contact:website":"http://www.lajen.com/","internet_access":"wlan","name":"Gasthof zur Krone","operator":"Familie Ploner","rooms":"8","stars":"2","tourism":"hotel","@id":"node/3658506325","kind":"refreshment"},"geometry":{"type":"Point","coordinates":[11.5638168,46.6089659]}},{"type":"Feature","properties":{"amenity":"cafe","name":"Cafè Am Platzl","opening_hours":"Tu-Sa 07:15-23:00; Su 07:15-19:00","@id":"node/4123891384","kind":"refreshment"},"geometry":{"type":"Point","coordinates":[11.5639759,46.6093154]}},{"type":"Feature","properties":{"addr:housenumber":"8a","addr:postcode":"39040","addr:street":"Kesselweg","amenity":"restaurant","building":"yes","building:levels":"1","cuisine":"pizza","name":"Sportbar Lajen","opening_hours":"We-Th, Sa 14:00-22:00; Su, Fr 14:00-23:00","phone":"+39 347 0113349","@id":"way/236951872","kind":"refreshment"},"geometry":{"type":"Point","coordinates":[11.56594,46.6101688]}},{"type":"Feature","properties":{"amenity":"restaurant","building":"yes","@id":"way/314322400","kind":"refreshment","name":null},"geometry":{"type":"Point","coordinates":[11.5600811,46.622911]}},{"type":"Feature","properties":{"amenity":"restaurant","building":"yes","cuisine":"buschenschank","name":"Buschenschank Putzerhof","@id":"way/412082468","kind":"refreshment"},"geometry":{"type":"Point","coordinates":[11.5520421,46.6013191]}},{"type":"Feature","properties":{"amenity":"restaurant","building":"yes","name":"Buschenschank Buchnerhof","@id":"way/412992379","kind":"refreshment"},"geometry":{"type":"Point","coordinates":[11.5495684,46.60217]}},{"type":"Feature","properties":{"amenity":"restaurant","building":"yes","cuisine":"buschenschank","name":"Buchfelderhof","@id":"way/412992399","kind":"refreshment"},"geometry":{"type":"Point","coordinates":[11.5489451,46.6024302]}},{"type":"Feature","properties":{"amenity":"restaurant","building":"yes","cuisine":"buschenschank","name":"Hofschank Dillerhof","@id":"way/912463165","kind":"refreshment"},"geometry":{"type":"Point","coordinates":[11.5632057,46.6229059]}},{"type":"Feature","properties":{"amenity":"watering_place","description":"Dorfbrunnen","drinking_water":"yes","@id":"node/3203724726","kind":"water","name":null},"geometry":{"type":"Point","coordinates":[11.560702,46.6230543]}},{"type":"Feature","properties":{"amenity":"watering_place","description":"Dorfbrunnen","drinking_water":"yes","@id":"node/3203724727","kind":"water","name":null},"geometry":{"type":"Point","coordinates":[11.5611817,46.6239002]}},{"type":"Feature","properties":{"access":"yes","amenity":"drinking_water","fee":"no","wheelchair":"yes","@id":"node/6815774825","kind":"water","name":null},"geometry":{"type":"Point","coordinates":[11.5477166,46.6030151]}},{"type":"Feature","properties":{"amenity":"fountain","start_date":"2013","@id":"node/7727344250","kind":"water","name":null},"geometry":{"type":"Point","coordinates":[11.5642347,46.6093258]}},{"type":"Feature","properties":{"amenity":"toilets","@id":"node/9372155992","kind":"toilets","name":null},"geometry":{"type":"Point","coordinates":[11.5627872,46.6079263]}},{"type":"Feature","properties":{"amenity":"drinking_water","@id":"node/9575576442","kind":"water","name":null},"geometry":{"type":"Point","coordinates":[11.5597304,46.6230824]}},{"type":"Feature","properties":{"amenity":"drinking_water","ele":"1050 hm","fee":"no","indoor":"no","name:de":"Dorfbrunnen Lajen","seasonal":"yes","source":"Refill Südtirol / Alto Adige","source:date":"2024-04-10","wheelchair":"limited","@id":"node/11808110869","kind":"water","name":null},"geometry":{"type":"Point","coordinates":[11.56429,46.609325]}},{"type":"Feature","properties":{"amenity":"drinking_water","bottle":"yes","ele":"1050 hm","fee":"no","indoor":"no","name:de":"Tantscher Brunnen","seasonal":"yes","source":"Refill Südtirol / Alto Adige","source:date":"2024-04-10","wheelchair":"yes","@id":"node/11808110969","kind":"water","name":null},"geometry":{"type":"Point","coordinates":[11.5667632,46.6094206]}},{"type":"Feature","properties":{"amenity":"drinking_water","bottle":"yes","ele":"1120","image":"https://www.refill.bz.it/images/sitemap/o_1hr9d4mrq1up4dr21bb71i5a172ta.jpg","indoor":"no","name:de":"Oberdorf Brunnen","seasonal":"yes","source":"Refill Südtirol / Alto Adige","source:date":"2024-04-12","wheelchair":"limited","@id":"node/11812056369","kind":"water","name":null},"geometry":{"type":"Point","coordinates":[11.56928,46.609101]}},{"type":"Feature","properties":{"contact:phone":"+39 0471 655633","contact:website":"https://www.lajen.info","information":"office","name":"Tourismusverein Lajen - Associazione Turistica di Laion","name:de":"Tourismusverein Lajen","name:it":"Associazione Turistica di Laion","tourism":"information","@id":"node/1844483113","kind":"information"},"geometry":{"type":"Point","coordinates":[11.5648922,46.6087652]}},{"type":"Feature","properties":{"tourism":"viewpoint","@id":"node/6815774834","kind":"viewpoint","name":null},"geometry":{"type":"Point","coordinates":[11.5482994,46.605709]}},{"type":"Feature","properties":{"artwork_subject":"figurative","artwork_type":"installation","description":"Teil der Reihe zu Walther von der Vogelweide","tourism":"artwork","@id":"node/9372175048","kind":"sight","name":null},"geometry":{"type":"Point","coordinates":[11.5615077,46.6121368]}},{"type":"Feature","properties":{"artwork_type":"installation","description":"Teil der Reihe zu Walther von der Vogelweide","tourism":"artwork","@id":"node/9575576426","kind":"sight","name":null},"geometry":{"type":"Point","coordinates":[11.5617273,46.6162977]}},{"type":"Feature","properties":{"artwork_type":"installation","tourism":"artwork","@id":"node/9575576435","kind":"sight","name":null},"geometry":{"type":"Point","coordinates":[11.5617961,46.6218111]}},{"type":"Feature","properties":{"information":"office","name":"Tourist Info","name:de":"Tourist Info","tourism":"information","@id":"node/9575877207","kind":"information"},"geometry":{"type":"Point","coordinates":[11.5640253,46.6089906]}},{"type":"Feature","properties":{"artwork_type":"installation","tourism":"artwork","@id":"node/9575889376","kind":"sight","name":null},"geometry":{"type":"Point","coordinates":[11.5600526,46.6080808]}},{"type":"Feature","properties":{"artwork_type":"installation","tourism":"artwork","@id":"node/9576104228","kind":"sight","name":null},"geometry":{"type":"Point","coordinates":[11.544353,46.6068985]}},{"type":"Feature","properties":{"man_made":"water_well","@id":"node/9456047080","kind":"water","name":null},"geometry":{"type":"Point","coordinates":[11.5607366,46.6229028]}},{"type":"Feature","properties":{"covered":"no","leisure":"picnic_table","material":"wood","@id":"node/6815774821","kind":"picnic","name":null},"geometry":{"type":"Point","coordinates":[11.561283,46.6120476]}},{"type":"Feature","properties":{"leisure":"picnic_table","@id":"node/9456047079","kind":"picnic","name":null},"geometry":{"type":"Point","coordinates":[11.5607044,46.622892]}},{"type":"Feature","properties":{"denomination":"catholic","historic":"wayside_shrine","religion":"christian","@id":"node/3658506359","kind":"sight","name":null},"geometry":{"type":"Point","coordinates":[11.5640847,46.6091491]}},{"type":"Feature","properties":{"denomination":"catholic","historic":"wayside_cross","religion":"christian","@id":"node/7727344243","kind":"sight","name":null},"geometry":{"type":"Point","coordinates":[11.5674693,46.6091239]}},{"type":"Feature","properties":{"denomination":"catholic","historic":"wayside_shrine","religion":"christian","@id":"node/7727344248","kind":"sight","name":null},"geometry":{"type":"Point","coordinates":[11.5667394,46.6093811]}},{"type":"Feature","properties":{"denomination":"catholic","historic":"wayside_cross","religion":"christian","@id":"node/9456047090","kind":"sight","name":null},"geometry":{"type":"Point","coordinates":[11.5610095,46.6239505]}},{"type":"Feature","properties":{"denomination":"catholic","historic":"wayside_cross","religion":"christian","@id":"node/9575576428","kind":"sight","name":null},"geometry":{"type":"Point","coordinates":[11.562644,46.6181732]}},{"type":"Feature","properties":{"denomination":"catholic","historic":"wayside_cross","religion":"christian","@id":"node/9575576431","kind":"sight","name":null},"geometry":{"type":"Point","coordinates":[11.562307,46.6193145]}},{"type":"Feature","properties":{"denomination":"catholic","historic":"wayside_cross","religion":"christian","@id":"node/9575576441","kind":"sight","name":null},"geometry":{"type":"Point","coordinates":[11.5604231,46.6230852]}},{"type":"Feature","properties":{"denomination":"catholic","historic":"wayside_shrine","religion":"christian","@id":"node/9575576443","kind":"sight","name":null},"geometry":{"type":"Point","coordinates":[11.5597053,46.6231066]}},{"type":"Feature","properties":{"denomination":"catholic","historic":"wayside_shrine","religion":"christian","@id":"node/9575850453","kind":"sight","name":null},"geometry":{"type":"Point","coordinates":[11.5628795,46.61454]}},{"type":"Feature","properties":{"denomination":"catholic","historic":"wayside_cross","religion":"christian","@id":"node/9576003362","kind":"sight","name":null},"geometry":{"type":"Point","coordinates":[11.5498071,46.6022687]}},{"type":"Feature","properties":{"denomination":"catholic","historic":"wayside_shrine","religion":"christian","@id":"node/9576003374","kind":"sight","name":null},"geometry":{"type":"Point","coordinates":[11.5488992,46.6043572]}},{"type":"Feature","properties":{"denomination":"catholic","historic":"wayside_shrine","religion":"christian","@id":"node/9576029838","kind":"sight","name":null},"geometry":{"type":"Point","coordinates":[11.5478938,46.603052]}},{"type":"Feature","properties":{"denomination":"catholic","historic":"wayside_shrine","religion":"christian","@id":"node/9576030023","kind":"sight","name":null},"geometry":{"type":"Point","coordinates":[11.5490128,46.6043233]}},{"type":"Feature","properties":{"denomination":"catholic","historic":"wayside_cross","religion":"christian","@id":"node/9576030038","kind":"sight","name":null},"geometry":{"type":"Point","coordinates":[11.5520771,46.6055561]}},{"type":"Feature","properties":{"denomination":"catholic","historic":"wayside_shrine","religion":"christian","@id":"node/9576030039","kind":"sight","name":null},"geometry":{"type":"Point","coordinates":[11.5527926,46.6053677]}},{"type":"Feature","properties":{"denomination":"catholic","historic":"wayside_shrine","religion":"christian","@id":"node/9576030043","kind":"sight","name":null},"geometry":{"type":"Point","coordinates":[11.5570841,46.6057224]}},{"type":"Feature","properties":{"denomination":"catholic","historic":"wayside_cross","religion":"christian","@id":"node/9576047308","kind":"sight","name":null},"geometry":{"type":"Point","coordinates":[11.5599889,46.6208562]}},{"type":"Feature","properties":{"denomination":"catholic","historic":"wayside_shrine","religion":"christian","@id":"node/11595127743","kind":"sight","name":null},"geometry":{"type":"Point","coordinates":[11.5543416,46.6036404]}},{"type":"Feature","properties":{"denomination":"catholic","historic":"wayside_shrine","religion":"christian","@id":"node/11595127748","kind":"sight","name":null},"geometry":{"type":"Point","coordinates":[11.5577095,46.606407]}},{"type":"Feature","properties":{"denomination":"catholic","historic":"wayside_cross","religion":"christian","@id":"node/11595127753","kind":"sight","name":null},"geometry":{"type":"Point","coordinates":[11.5651692,46.6072307]}},{"type":"Feature","properties":{"amenity":"restaurant","name":"Nagler","@id":"node/278461430","kind":"refreshment"},"geometry":{"type":"Point","coordinates":[11.8940268,46.6102115]}},{"type":"Feature","properties":{"addr:city":"Badia - Abtei","addr:housenumber":"43","addr:postcode":"39036","addr:street":"Strada Pedraces","amenity":"restaurant","capacity":"130","cuisine":"italian;regional","ele":"1315","name":"Restaurant Ustaria Posta","opening_hours":"11:30-14:00, 18:30-21:00","phone":"+39 0471 839735","smoking":"outside","takeaway":"no","website":"http://www.ustariaposta.it","@id":"node/3806515685","kind":"refreshment"},"geometry":{"type":"Point","coordinates":[11.894545,46.6087531]}},{"type":"Feature","properties":{"addr:housenumber":"17","addr:postcode":"39036","addr:street":"Strada Pedraces","amenity":"cafe","cuisine":"cake","level":"1","name":"Pasticceria Bar “I Dolci di Ricky”","name:de":"Konditorei Cafe Bar “I Dolci di Ricky”","opening_hours":"We-Mo 07:30-19:00","phone":"+39 0471 838018","website":"https://idolcidiricky.it/","@id":"node/11181235037","kind":"refreshment"},"geometry":{"type":"Point","coordinates":[11.8943021,46.6113971]}},{"type":"Feature","properties":{"addr:housenumber":"1","addr:street":"Strada La Müda","amenity":"restaurant","@id":"node/13564897701","kind":"refreshment","name":null},"geometry":{"type":"Point","coordinates":[11.8959811,46.6091979]}},{"type":"Feature","properties":{"amenity":"restaurant","building":"yes","name":"Residence Ciasa Vedla","rooms:appartements":"4x4persons","stars":"2","tourism":"apartment","website":"http://www.residenceciasavedla.it/","wheelchair":"limited","@id":"way/42325321","kind":"refreshment"},"geometry":{"type":"Point","coordinates":[11.8942039,46.5964722]}},{"type":"Feature","properties":{"amenity":"cafe","building":"yes","name":"Malga Paraciora","@id":"way/120668326","kind":"refreshment"},"geometry":{"type":"Point","coordinates":[11.8995367,46.5971775]}},{"type":"Feature","properties":{"addr:city":"Badia - Abtei","addr:housenumber":"11","addr:postcode":"39036","addr:street":"Runch","amenity":"restaurant","building":"yes","email":"info@masorunch.it","name":"Maso Runch","name:de":"Maso Runch hof","name:en":"Maso Runch Farm","phone":"+39 0471 839796","ref:vatin":"03097650216","website":"https://www.masorunch.it","@id":"way/458152497","kind":"refreshment"},"geometry":{"type":"Point","coordinates":[11.8884722,46.6108608]}},{"type":"Feature","properties":{"addr:city":"Badia - Abtei","addr:housenumber":"53","addr:postcode":"39036","addr:street":"Strada Pedraces","amenity":"restaurant","building":"yes","name":"Badia Pub","phone":"+39 351 327 9791","website":"https://badia-pub.com/","@id":"way/459071671","kind":"refreshment"},"geometry":{"type":"Point","coordinates":[11.8963457,46.6071991]}},{"type":"Feature","properties":{"amenity":"toilets","@id":"node/224098351","kind":"toilets","name":null},"geometry":{"type":"Point","coordinates":[11.8962315,46.6093296]}},{"type":"Feature","properties":{"amenity":"drinking_water","@id":"node/1352468995","kind":"water","name":null},"geometry":{"type":"Point","coordinates":[11.8941968,46.5960439]}},{"type":"Feature","properties":{"amenity":"toilets","@id":"node/3389125560","kind":"toilets","name":null},"geometry":{"type":"Point","coordinates":[11.8996571,46.5971528]}},{"type":"Feature","properties":{"access":"yes","amenity":"drinking_water","fountain":"drinking","name":"Wasserstelle","@id":"node/7777367653","kind":"water"},"geometry":{"type":"Point","coordinates":[11.8935745,46.6104883]}},{"type":"Feature","properties":{"amenity":"drinking_water","fountain":"drinking","@id":"node/12966592504","kind":"water","name":null},"geometry":{"type":"Point","coordinates":[11.8935583,46.6099454]}},{"type":"Feature","properties":{"addr:housenumber":"29A","addr:street":"Strada Pedraces","alt_name:de":"Tourismusbüro Abtei","alt_name:lld":"Ofize turistich Badia; Ofize informaziuns Badia","email":"badia@altabadia.org","information":"office","name":"Informaziun","name:de":"Tourismusbüro Badia","name:en":"Badia Tourist Office","name:it":"Ufficio Turistico Badia","name:lld":"Informaziun","opening_hours":"Mo,Tu,Th-Sa 08:00-12:00,15:00-19:00; We 08:30-12:00,15:00-19:00; Su,PH 09:00-12:00,16:00-18:00","phone":"+39 0471 839695","tourism":"information","url":"https://www.altabadia.org/","@id":"node/278461432","kind":"information"},"geometry":{"type":"Point","coordinates":[11.8939795,46.6106376]}},{"type":"Feature","properties":{"tourism":"picnic_site","@id":"node/2450880651","kind":"picnic","name":null},"geometry":{"type":"Point","coordinates":[11.879089,46.6157181]}},{"type":"Feature","properties":{"amenity":"restaurant","cuisine":"italian_pizza;local","name":"San Linêrt","@id":"node/278462651","kind":"refreshment"},"geometry":{"type":"Point","coordinates":[11.9000638,46.6112509]}},{"type":"Feature","properties":{"amenity":"cafe","cuisine":"cake","name":"Elvi","@id":"node/4319959090","kind":"refreshment"},"geometry":{"type":"Point","coordinates":[11.8996071,46.6107558]}},{"type":"Feature","properties":{"amenity":"restaurant","building":"yes","name":"Maso Alfarëi Hof","@id":"way/460099487","kind":"refreshment"},"geometry":{"type":"Point","coordinates":[11.9078291,46.6170987]}},{"type":"Feature","properties":{"amenity":"restaurant","building":"yes","cuisine":"regional","name":"Ranch da Andrè","@id":"way/464968939","kind":"refreshment"},"geometry":{"type":"Point","coordinates":[11.921865,46.6341909]}},{"type":"Feature","properties":{"amenity":"drinking_water","source":"Refill Südtirol / Alto Adige","source:date":"2019-10-15","@id":"node/4600218809","kind":"water","name":null},"geometry":{"type":"Point","coordinates":[11.919362,46.623462]}},{"type":"Feature","properties":{"historic":"wayside_cross","@id":"node/916565948","kind":"sight","name":null},"geometry":{"type":"Point","coordinates":[11.9243118,46.6364085]}},{"type":"Feature","properties":{"historic":"wayside_cross","@id":"node/5165826335","kind":"sight","name":null},"geometry":{"type":"Point","coordinates":[11.9220658,46.6340434]}},{"type":"Feature","properties":{"archaeological_site":"settlement","description:it":"Abitato protostorico di Sotciastel","historic":"archaeological_site","historic:civilization":"bronze-age","@id":"node/8420476417","kind":"sight","name":null},"geometry":{"type":"Point","coordinates":[11.8939382,46.622872]}},{"type":"Feature","properties":{"amenity":"restaurant","check_date":"2024-01-30","cuisine":"italian","name":"L'Fana","phone":"+390471847025","website":"https://www.lfana.com/","@id":"node/349238903","kind":"refreshment"},"geometry":{"type":"Point","coordinates":[11.9047592,46.5846269]}},{"type":"Feature","properties":{"amenity":"restaurant","check_date":"2024-01-30","name":"Aurora","@id":"node/2980829322","kind":"refreshment"},"geometry":{"type":"Point","coordinates":[11.9038699,46.5828395]}},{"type":"Feature","properties":{"amenity":"pub","check_date":"2024-01-30","name":"Durni's Pub","phone":"+39 0471 847062","website":"https://durnis-pub.business.site/","@id":"node/4434947751","kind":"refreshment"},"geometry":{"type":"Point","coordinates":[11.9042038,46.58581]}},{"type":"Feature","properties":{"amenity":"restaurant","cuisine":"regional","internet_access":"no","name":"Ütia L'Tama","toilets":"yes","@id":"node/6298798893","kind":"refreshment"},"geometry":{"type":"Point","coordinates":[11.908805,46.609387]}},{"type":"Feature","properties":{"amenity":"cafe","check_date":"2024-01-30","name":"Glam's","@id":"node/11569339537","kind":"refreshment"},"geometry":{"type":"Point","coordinates":[11.9043897,46.5836596]}},{"type":"Feature","properties":{"amenity":"restaurant","building":"yes","name":"Tana dell'orso","phone":"+390471839671","@id":"way/458156567","kind":"refreshment"},"geometry":{"type":"Point","coordinates":[11.907824,46.6053398]}},{"type":"Feature","properties":{"amenity":"shelter","shelter_type":"Wetterpilz","@id":"node/2394659579","kind":"shelter","name":null},"geometry":{"type":"Point","coordinates":[11.9095281,46.5829661]}},{"type":"Feature","properties":{"amenity":"fountain","name":"L'ega evita","@id":"node/4319958092","kind":"water"},"geometry":{"type":"Point","coordinates":[11.9036343,46.5829542]}},{"type":"Feature","properties":{"amenity":"toilets","check_date":"2024-02-01","@id":"node/11576872492","kind":"toilets","name":null},"geometry":{"type":"Point","coordinates":[11.9009703,46.5810904]}},{"type":"Feature","properties":{"amenity":"drinking_water","man_made":"water_tap","@id":"node/12843897166","kind":"water","name":null},"geometry":{"type":"Point","coordinates":[11.9074893,46.5826353]}},{"type":"Feature","properties":{"information":"office","tourism":"information","@id":"node/291257446","kind":"information","name":null},"geometry":{"type":"Point","coordinates":[11.9047625,46.5834831]}},{"type":"Feature","properties":{"building":"yes","description:it":"Casa natale di San Giuseppe Freinademetz","tourism":"museum","@id":"way/292317685","kind":"sight","name":null},"geometry":{"type":"Point","coordinates":[11.9083471,46.6042017]}},{"type":"Feature","properties":{"man_made":"water_tap","name":"acqua potabile","@id":"node/13964588202","kind":"water"},"geometry":{"type":"Point","coordinates":[11.9036382,46.5829558]}},{"type":"Feature","properties":{"historic":"wayside_cross","inscription":"III","religion":"christian","@id":"node/5107249022","kind":"sight","name":null},"geometry":{"type":"Point","coordinates":[11.90313,46.60768]}},{"type":"Feature","properties":{"historic":"wayside_cross","inscription":"VII","religion":"christian","@id":"node/5107266623","kind":"sight","name":null},"geometry":{"type":"Point","coordinates":[11.90527,46.60793]}},{"type":"Feature","properties":{"historic":"wayside_cross","inscription":"VI","religion":"christian","@id":"node/5107266624","kind":"sight","name":null},"geometry":{"type":"Point","coordinates":[11.90461,46.60818]}},{"type":"Feature","properties":{"historic":"wayside_cross","inscription":"V","religion":"christian","@id":"node/5107283121","kind":"sight","name":null},"geometry":{"type":"Point","coordinates":[11.90413,46.60846]}},{"type":"Feature","properties":{"historic":"wayside_cross","religion":"christian","@id":"node/5107289740","kind":"sight","name":null},"geometry":{"type":"Point","coordinates":[11.90562,46.60775]}},{"type":"Feature","properties":{"historic":"wayside_cross","inscription":"XII","religion":"christian","@id":"node/5121349623","kind":"sight","name":null},"geometry":{"type":"Point","coordinates":[11.90737,46.60601]}},{"type":"Feature","properties":{"historic":"wayside_cross","inscription":"X","religion":"christian","@id":"node/5121349624","kind":"sight","name":null},"geometry":{"type":"Point","coordinates":[11.90674,46.60692]}},{"type":"Feature","properties":{"historic":"wayside_cross","inscription":"IX","religion":"christian","@id":"node/5121349722","kind":"sight","name":null},"geometry":{"type":"Point","coordinates":[11.90631,46.60731]}},{"type":"Feature","properties":{"historic":"wayside_cross","inscription":"VIII","religion":"christian","@id":"node/5121349723","kind":"sight","name":null},"geometry":{"type":"Point","coordinates":[11.90598,46.60764]}},{"type":"Feature","properties":{"historic":"wayside_cross","inscription":"XI","religion":"christian","@id":"node/5121349821","kind":"sight","name":null},"geometry":{"type":"Point","coordinates":[11.90705,46.60641]}},{"type":"Feature","properties":{"historic":"wayside_cross","inscription":"XIII","religion":"christian","@id":"node/5121361521","kind":"sight","name":null},"geometry":{"type":"Point","coordinates":[11.90801,46.6046]}},{"type":"Feature","properties":{"amenity":"restaurant","bar":"yes","internet_access":"wlan","name":"Traube","outdoor_seating":"yes","@id":"node/1443332708","kind":"refreshment"},"geometry":{"type":"Point","coordinates":[11.9020017,46.7830505]}},{"type":"Feature","properties":{"addr:city":"Sankt Lorenzen","addr:housenumber":"12","addr:postcode":"39030","addr:street":"Josef-Renzler-Straße","amenity":"cafe","name":"Niedermair","outdoor_seating":"yes","phone":"+39 0474 474456","tourism":"guest_house","@id":"node/1653040292","kind":"refreshment"},"geometry":{"type":"Point","coordinates":[11.901837,46.7831869]}},{"type":"Feature","properties":{"addr:city":"Sankt Lorenzen","addr:country":"IT","addr:postcode":"39030","addr:street":"Josef-Renzler-Straße","amenity":"restaurant","check_date":"2025-09-02","cuisine":"regional;pizza","diet:vegan":"no","diet:vegetarian":"yes","highchair":"yes","indoor_seating":"yes","internet_access":"no","name":"Alte Post","outdoor_seating":"yes","payment:cash":"yes","payment:credit_cards":"yes","payment:debit_cards":"yes","phone":"+39 0474 474801","reservation":"yes","toilets":"yes","toilets:wheelchair":"yes","wheelchair":"yes","@id":"node/1793736770","kind":"refreshment"},"geometry":{"type":"Point","coordinates":[11.9021214,46.7832182]}},{"type":"Feature","properties":{"amenity":"bar","name:de":"Nikis Bar","@id":"node/12020239869","kind":"refreshment","name":null},"geometry":{"type":"Point","coordinates":[11.9005813,46.7834846]}},{"type":"Feature","properties":{"amenity":"drinking_water","@id":"node/2038685178","kind":"water","name":null},"geometry":{"type":"Point","coordinates":[11.9024778,46.7822729]}},{"type":"Feature","properties":{"amenity":"drinking_water","indoor":"no","wheelchair":"no","@id":"node/3109138118","kind":"water","name":null},"geometry":{"type":"Point","coordinates":[11.9023006,46.78339]}},{"type":"Feature","properties":{"amenity":"fountain","@id":"node/5295228221","kind":"water","name":null},"geometry":{"type":"Point","coordinates":[11.9024312,46.7842121]}},{"type":"Feature","properties":{"amenity":"drinking_water","bottle":"yes","fee":"no","indoor":"no","@id":"node/10066930057","kind":"water","name":null},"geometry":{"type":"Point","coordinates":[11.9033691,46.7815109]}},{"type":"Feature","properties":{"amenity":"drinking_water","@id":"node/11013834735","kind":"water","name":null},"geometry":{"type":"Point","coordinates":[11.9035472,46.7842656]}},{"type":"Feature","properties":{"amenity":"drinking_water","@id":"node/12082428214","kind":"water","name":null},"geometry":{"type":"Point","coordinates":[11.8985382,46.7812728]}},{"type":"Feature","properties":{"access":"customers","amenity":"toilets","check_date":"2024-07-30","@id":"node/12082428216","kind":"toilets","name":null},"geometry":{"type":"Point","coordinates":[11.8985583,46.7815408]}},{"type":"Feature","properties":{"amenity":"shelter","building":"yes","shelter_type":"public_transport","@id":"way/711686708","kind":"shelter","name":null},"geometry":{"type":"Point","coordinates":[11.9040117,46.7818348]}},{"type":"Feature","properties":{"addr:city":"St Lorenzen - San Lorenzo di Sebato","addr:city:de":"St Lorenzen","addr:city:it":"San Lorenzo di Sebato","addr:country":"IT","addr:housenumber":"9","addr:postcode":"39030","addr:street":"Josef-Renzler-Straße - Via Josef Renzler","addr:street:de":"Josef-Renzler-Straße","addr:street:it":"Via Josef Renzler","email":"info@st-lorenzen.com","information":"office","name":"Informationsbüro St. Lorenzen","opening_hours":"Sep-Jun Mo-Fr 09:00-12:00,15:00-18:00; Jul-Aug Mo-Sa 09:00-13:00,15:00-18:00; Su,PH off","operator":"Tourismusverein Bruneck","phone":"+39 0474 538 196","tourism":"information","@id":"node/1653040456","kind":"information"},"geometry":{"type":"Point","coordinates":[11.9022556,46.7829099]}},{"type":"Feature","properties":{"addr:housenumber":"9","addr:postcode":"39030","addr:street":"Josef-Renzler-Straße - Via Josef Renzler","alt_name":"Museum Mansio Sebatum","alt_name:de":"Museum Mansio Sebatum;Archäologiemuseum Mansio Sebatum","alt_name:en":"Mansio Sebatum Archaeological Museum","alt_name:it":"Museo Archeologico Mansio Sebatum","email":"info@mansio-sebatum.it","level":"0","name":"Mansio Sebatum","opening_hours":"Sep-Jun Mo-Fr 09:00-12:00,15:00-18:00; Jul-Aug Mo-Sa 09:00-13:00,15:00-18:00; Su,PH off","phone":"+39 0474 538196","reservation":"no","tourism":"museum","website":"https://www.mansio-sebatum.it/","@id":"node/12477141327","kind":"sight"},"geometry":{"type":"Point","coordinates":[11.9021858,46.7829535]}},{"type":"Feature","properties":{"description:de":"Blick auf Siedlungen im Talbecken von St. Lorenzen","description:en":"View of settlements in the San Lorenzo basin","description:it":"Vista su castellieri nella conca di San Lorenzo","tourism":"viewpoint","@id":"node/12477141379","kind":"viewpoint","name":null},"geometry":{"type":"Point","coordinates":[11.8985085,46.7854587]}},{"type":"Feature","properties":{"leisure":"picnic_table","@id":"node/12031568190","kind":"picnic","name":null},"geometry":{"type":"Point","coordinates":[11.9034047,46.7844117]}},{"type":"Feature","properties":{"leisure":"picnic_table","@id":"node/12031568191","kind":"picnic","name":null},"geometry":{"type":"Point","coordinates":[11.9034347,46.7844154]}},{"type":"Feature","properties":{"historic":"archaeological_site","historic:civilization":"ancient_roman","name":"Macellum","@id":"way/42768557","kind":"sight"},"geometry":{"type":"Point","coordinates":[11.9027345,46.7855188]}},{"type":"Feature","properties":{"alt_name":"Mansio","archaeological_site":"baths","historic":"archaeological_site","historic:civilization":"ancient_roman","name":"Thermae","@id":"way/417374142","kind":"sight"},"geometry":{"type":"Point","coordinates":[11.9062051,46.7848594]}},{"type":"Feature","properties":{"historic":"archaeological_site","historic:civilization":"ancient_roman","name:la":"Macellum","@id":"way/417375351","kind":"sight","name":null},"geometry":{"type":"Point","coordinates":[11.9041475,46.7858907]}},{"type":"Feature","properties":{"archaeological_site":"roman_villa","historic":"archaeological_site","historic:civilization":"ancient_roman","name":"Villa Rustica","@id":"way/1348853950","kind":"sight"},"geometry":{"type":"Point","coordinates":[11.9101905,46.784954]}},{"type":"Feature","properties":{"alt_name:it":"Insediamento di Sebatum","archaeological_site":"settlement","description":"Römische Straßenstation Sebatum - Stazione romana di Sebatum","description:de":"Römische Straßenstation Sebatum","description:it":"Stazione romana di Sebatum","historic":"archaeological_site","historic:civilization":"ancient_roman","name":"Sebatum","type":"site","wikidata":"Q14880144","wikipedia":"it:Sebatum","@id":"relation/18508309","kind":"sight"},"geometry":{"type":"Point","coordinates":[11.9065305,46.7853331]}},{"type":"Feature","properties":{"amenity":"restaurant","cuisine":"pizza","name":"Pizzeria Bar Sylvanerhof","@id":"node/946826806","kind":"refreshment"},"geometry":{"type":"Point","coordinates":[11.6585225,46.7504032]}},{"type":"Feature","properties":{"addr:city":"Natz-Schabs - Naz-Sciaves","addr:city:de":"Natz-Schabs","addr:city:it":"Naz-Sciaves","addr:hamlet":"Viums - Fiumes","addr:hamlet:de":"Viums","addr:hamlet:it":"Fiumes","addr:housenumber":"41","addr:postcode":"39040","addr:street":"St.-Magdalena-Straße - Via S. Maddalena","addr:street:de":"St.-Magdalena-Straße","addr:street:it":"Via S. Maddalena","amenity":"restaurant","contact:phone":"+39 380 8939249","cuisine":"regional","name":"Plattnerhof Hofschenke","opening_hours":"We-Fr 17:00-22:00; Sa 10:00-22:00; Su 10:00-17:00; PH 11:00-22:00","website":"https://www.plattnerhof-viums.it","@id":"node/2755894949","kind":"refreshment"},"geometry":{"type":"Point","coordinates":[11.6843475,46.7655856]}},{"type":"Feature","properties":{"addr:city":"Natz-Schabs - Naz-Sciaves","addr:city:de":"Natz-Schabs","addr:city:it":"Naz-Sciaves","addr:hamlet":"Schabs - Sciaves","addr:hamlet:de":"Schabs","addr:hamlet:it":"Sciaves","addr:housenumber":"8","addr:postcode":"39040","addr:street":"Johann-Oberhofer-Straße - Via Johann Oberhofer","addr:street:de":"Johann-Oberhofer-Straße","addr:street:it":"Via Johann Oberhofer","amenity":"pub","name":"Treffpunkt","name:de":"Treffpunkt","@id":"node/2755895292","kind":"refreshment"},"geometry":{"type":"Point","coordinates":[11.6658513,46.7676452]}},{"type":"Feature","properties":{"amenity":"drinking_water","fountain":"drinking","@id":"node/946831029","kind":"water","name":null},"geometry":{"type":"Point","coordinates":[11.6590459,46.7498984]}},{"type":"Feature","properties":{"amenity":"drinking_water","@id":"node/1404697279","kind":"water","name":null},"geometry":{"type":"Point","coordinates":[11.6818229,46.7661469]}},{"type":"Feature","properties":{"amenity":"drinking_water","bottle":"yes","drinking_water":"yes","ele":"823","fee":"no","image":"https://www.refill.bz.it/images/sitemap/img_20200508_114917.jpg","indoor":"no","name:de":"Dorfbrunnen","operator":"Stadtwerke Brixen AG","seasonal":"yes","source":"Refill Südtirol / Alto Adige","source:date":"2020-05-26","wheelchair":"yes","@id":"node/2722890619","kind":"water","name":null},"geometry":{"type":"Point","coordinates":[11.6610218,46.7498909]}},{"type":"Feature","properties":{"amenity":"fountain","drinking_water":"yes","@id":"node/3677732944","kind":"water","name":null},"geometry":{"type":"Point","coordinates":[11.6656224,46.7701912]}},{"type":"Feature","properties":{"amenity":"drinking_water","name":"Karlsbrunnen","@id":"node/5032812968","kind":"water"},"geometry":{"type":"Point","coordinates":[11.6710052,46.7712737]}},{"type":"Feature","properties":{"amenity":"watering_place","drinking_water":"no","@id":"node/8491650108","kind":"water","name":null},"geometry":{"type":"Point","coordinates":[11.6640221,46.7508647]}},{"type":"Feature","properties":{"amenity":"toilets","unisex":"yes","wheelchair":"yes","@id":"node/8630189509","kind":"toilets","name":null},"geometry":{"type":"Point","coordinates":[11.68247,46.7646566]}},{"type":"Feature","properties":{"amenity":"drinking_water","@id":"node/8636299157","kind":"water","name":null},"geometry":{"type":"Point","coordinates":[11.6656002,46.7696221]}},{"type":"Feature","properties":{"amenity":"drinking_water","@id":"node/8638602430","kind":"water","name":null},"geometry":{"type":"Point","coordinates":[11.6842154,46.7647318]}},{"type":"Feature","properties":{"amenity":"drinking_water","@id":"node/8641680467","kind":"water","name":null},"geometry":{"type":"Point","coordinates":[11.6660405,46.7694236]}},{"type":"Feature","properties":{"amenity":"drinking_water","@id":"node/8648731851","kind":"water","name":null},"geometry":{"type":"Point","coordinates":[11.6658068,46.768329]}},{"type":"Feature","properties":{"amenity":"shelter","bench":"yes","bin":"yes","shelter_type":"weather_shelter","@id":"node/8656379723","kind":"shelter","name":null},"geometry":{"type":"Point","coordinates":[11.661022,46.749861]}},{"type":"Feature","properties":{"amenity":"toilets","@id":"node/9588332040","kind":"toilets","name":null},"geometry":{"type":"Point","coordinates":[11.6655765,46.7693266]}},{"type":"Feature","properties":{"access":"yes","amenity":"toilets","changing_table":"no","description":"unlabeled button next to door has to be held to open it","fee":"no","supervised":"no","toilets:disposal":"flush","toilets:position":"seated;urinal","unisex":"yes","wheelchair":"no","@id":"node/9990951517","kind":"toilets","name":null},"geometry":{"type":"Point","coordinates":[11.6651723,46.7517362]}},{"type":"Feature","properties":{"covered":"yes","description":"Reservetaion required Tourism Office: +39 0472 415020","fireplace":"yes","name":"Schützenkapelle","name:de":"Schützenkapelle","reservation":"required","tourism":"picnic_site","@id":"node/416692045","kind":"picnic"},"geometry":{"type":"Point","coordinates":[11.6707172,46.7714672]}},{"type":"Feature","properties":{"tourism":"picnic_site","@id":"node/1404697297","kind":"picnic","name":null},"geometry":{"type":"Point","coordinates":[11.6678327,46.7692782]}},{"type":"Feature","properties":{"tourism":"picnic_site","@id":"node/2722886603","kind":"picnic","name":null},"geometry":{"type":"Point","coordinates":[11.6639763,46.7540914]}},{"type":"Feature","properties":{"tourism":"picnic_site","@id":"node/8556215094","kind":"picnic","name":null},"geometry":{"type":"Point","coordinates":[11.6648147,46.7493591]}},{"type":"Feature","properties":{"tourism":"picnic_site","@id":"node/8660066663","kind":"picnic","name":null},"geometry":{"type":"Point","coordinates":[11.6678225,46.7692533]}},{"type":"Feature","properties":{"covered":"no","leisure":"picnic_table","@id":"node/8614449758","kind":"picnic","name":null},"geometry":{"type":"Point","coordinates":[11.6648566,46.7494788]}},{"type":"Feature","properties":{"leisure":"picnic_table","@id":"node/8660066154","kind":"picnic","name":null},"geometry":{"type":"Point","coordinates":[11.671146,46.7709536]}},{"type":"Feature","properties":{"covered":"no","leisure":"picnic_table","@id":"node/11883337983","kind":"picnic","name":null},"geometry":{"type":"Point","coordinates":[11.6648039,46.7513398]}},{"type":"Feature","properties":{"historic":"wayside_shrine","religion":"christian","@id":"node/1388893287","kind":"sight","name":null},"geometry":{"type":"Point","coordinates":[11.6808514,46.763556]}},{"type":"Feature","properties":{"historic":"wayside_shrine","religion":"christian","@id":"node/1388893325","kind":"sight","name":null},"geometry":{"type":"Point","coordinates":[11.6815876,46.7640301]}},{"type":"Feature","properties":{"historic":"wayside_shrine","inscription":"St. Hubertus beschütze unser Jagdrevier","@id":"node/2722886604","kind":"sight","name":null},"geometry":{"type":"Point","coordinates":[11.6639978,46.7540583]}},{"type":"Feature","properties":{"denomination":"catholic","historic":"wayside_cross","religion":"christian","@id":"node/8567134734","kind":"sight","name":null},"geometry":{"type":"Point","coordinates":[11.6669822,46.7522862]}},{"type":"Feature","properties":{"denomination":"catholic","historic":"wayside_cross","inscription":"Franz Krautgartner","religion":"christian","@id":"node/8630260320","kind":"sight","name":null},"geometry":{"type":"Point","coordinates":[11.681838,46.7656616]}},{"type":"Feature","properties":{"denomination":"catholic","historic":"wayside_cross","religion":"christian","@id":"node/8630260322","kind":"sight","name":null},"geometry":{"type":"Point","coordinates":[11.6821374,46.7662344]}},{"type":"Feature","properties":{"denomination":"catholic","historic":"wayside_cross","religion":"christian","@id":"node/8636299165","kind":"sight","name":null},"geometry":{"type":"Point","coordinates":[11.666657,46.7690772]}},{"type":"Feature","properties":{"denomination":"catholic","historic":"wayside_cross","religion":"christian","@id":"node/8638602429","kind":"sight","name":null},"geometry":{"type":"Point","coordinates":[11.6842981,46.7649574]}},{"type":"Feature","properties":{"denomination":"catholic","historic":"wayside_cross","religion":"christian","@id":"node/8648713711","kind":"sight","name":null},"geometry":{"type":"Point","coordinates":[11.659199,46.7499251]}},{"type":"Feature","properties":{"denomination":"catholic","historic":"wayside_cross","religion":"christian","@id":"node/8648713714","kind":"sight","name":null},"geometry":{"type":"Point","coordinates":[11.6566943,46.7493483]}},{"type":"Feature","properties":{"denomination":"catholic","historic":"wayside_cross","religion":"christian","@id":"node/8656379725","kind":"sight","name":null},"geometry":{"type":"Point","coordinates":[11.6610333,46.7498906]}},{"type":"Feature","properties":{"denomination":"catholic","historic":"memorial","name":"Viummer Kreuz - Croce di Fiumes","name:de":"Viummer Kreuz","name:it":"Croce di Fiumes","religion":"christian","source":"https://www.val-pusteria.net/it/sport-e-tempo-libero/montagne-ed-escursioni/escursioni-in-bassa-pusteria/attraverso-la-gola-della-rienza-a-rodengo/","@id":"node/8660066138","kind":"sight"},"geometry":{"type":"Point","coordinates":[11.6710403,46.7711889]}},{"type":"Feature","properties":{"denomination":"catholic","historic":"wayside_cross","religion":"christian","@id":"node/8660066151","kind":"sight","name":null},"geometry":{"type":"Point","coordinates":[11.671319,46.7709556]}},{"type":"Feature","properties":{"denomination":"catholic","historic":"wayside_cross","religion":"christian","@id":"node/8660066156","kind":"sight","name":null},"geometry":{"type":"Point","coordinates":[11.6669353,46.7685453]}},{"type":"Feature","properties":{"denomination":"catholic","historic":"wayside_shrine","religion":"christian","@id":"node/8743836551","kind":"sight","name":null},"geometry":{"type":"Point","coordinates":[11.6561776,46.7474934]}},{"type":"Feature","properties":{"denomination":"catholic","historic":"wayside_cross","religion":"christian","@id":"node/8743846209","kind":"sight","name":null},"geometry":{"type":"Point","coordinates":[11.6740529,46.7563309]}},{"type":"Feature","properties":{"denomination":"catholic","historic":"wayside_cross","religion":"christian","@id":"node/13046522880","kind":"sight","name":null},"geometry":{"type":"Point","coordinates":[11.6654353,46.7712073]}},{"type":"Feature","properties":{"amenity":"restaurant","cuisine":"pizza","name":"Gubidunes","opening_hours":"We-Su 17:00-22:00","outdoor_seating":"yes","phone":"+39 333 3988967","takeaway":"yes","@id":"node/2636971061","kind":"refreshment"},"geometry":{"type":"Point","coordinates":[11.6023197,46.6480473]}},{"type":"Feature","properties":{"addr:housenumber":"45","addr:street":"Gudon","amenity":"restaurant","building":"yes","name":"Der Unterwirt","@id":"way/258320531","kind":"refreshment"},"geometry":{"type":"Point","coordinates":[11.6014559,46.6484703]}},{"type":"Feature","properties":{"amenity":"restaurant","building":"yes","name":"Turmwirt","wikidata":"Q107180877","@id":"way/258320554","kind":"refreshment"},"geometry":{"type":"Point","coordinates":[11.6026379,46.6486048]}},{"type":"Feature","properties":{"amenity":"shelter","shelter_type":"pavilion","@id":"node/5779030149","kind":"shelter","name":null},"geometry":{"type":"Point","coordinates":[11.5988755,46.6501124]}},{"type":"Feature","properties":{"amenity":"drinking_water","artwork_type":"sculpture","material":"wood","name":"Trattermandl","name:de":"Trattermandl","tourism":"artwork","@id":"node/9456264436","kind":"water"},"geometry":{"type":"Point","coordinates":[11.5997674,46.6492655]}},{"type":"Feature","properties":{"amenity":"toilets","female":"yes","male":"yes","wheelchair":"yes","@id":"node/9456264454","kind":"toilets","name":null},"geometry":{"type":"Point","coordinates":[11.5990657,46.6504774]}},{"type":"Feature","properties":{"amenity":"watering_place","drinking_water":"yes","@id":"node/9456264500","kind":"water","name":null},"geometry":{"type":"Point","coordinates":[11.5960305,46.6485816]}},{"type":"Feature","properties":{"contact:mobile":"+39 348 774 7339","email":"info@dorfmuseum-gufidaun.it","fee":"yes","name":"Dorfmuseum Gufidaun - Museo locale di Gudon","name:de":"Dorfmuseum Gufidaun","name:it":"Museo locale di Gudon","phone":"+39 0472 847 399","tourism":"museum","website":"https://www.dorfmuseum-gufidaun.it/","@id":"node/2636971069","kind":"sight"},"geometry":{"type":"Point","coordinates":[11.6019098,46.6483066]}},{"type":"Feature","properties":{"information":"office","tourism":"information","@id":"node/3607999783","kind":"information","name":null},"geometry":{"type":"Point","coordinates":[11.6018488,46.6482992]}},{"type":"Feature","properties":{"leisure":"picnic_table","@id":"node/9456264447","kind":"picnic","name":null},"geometry":{"type":"Point","coordinates":[11.5991636,46.6501802]}},{"type":"Feature","properties":{"leisure":"picnic_table","@id":"node/9456264497","kind":"picnic","name":null},"geometry":{"type":"Point","coordinates":[11.5960913,46.6486435]}},{"type":"Feature","properties":{"leisure":"picnic_table","@id":"node/9456264498","kind":"picnic","name":null},"geometry":{"type":"Point","coordinates":[11.5961344,46.648618]}},{"type":"Feature","properties":{"description:de":"Haus aus der Eisenzeit","description:it":"Casa dell'età del Ferro","historic":"archaeological_site","@id":"node/4051480991","kind":"sight","name":null},"geometry":{"type":"Point","coordinates":[11.6020569,46.6483734]}},{"type":"Feature","properties":{"denomination":"catholic","historic":"wayside_shrine","religion":"christian","@id":"node/6813822299","kind":"sight","name":null},"geometry":{"type":"Point","coordinates":[11.6029887,46.6483872]}},{"type":"Feature","properties":{"denomination":"catholic","historic":"wayside_shrine","religion":"christian","@id":"node/9455911198","kind":"sight","name":null},"geometry":{"type":"Point","coordinates":[11.5979787,46.6457121]}},{"type":"Feature","properties":{"denomination":"catholic","historic":"wayside_cross","religion":"christian","@id":"node/9455911208","kind":"sight","name":null},"geometry":{"type":"Point","coordinates":[11.5984203,46.6468349]}},{"type":"Feature","properties":{"denomination":"catholic","historic":"wayside_cross","religion":"christian","@id":"node/9455911211","kind":"sight","name":null},"geometry":{"type":"Point","coordinates":[11.6001201,46.6474913]}},{"type":"Feature","properties":{"denomination":"catholic","historic":"wayside_cross","religion":"christian","@id":"node/9456264437","kind":"sight","name":null},"geometry":{"type":"Point","coordinates":[11.5998352,46.6491899]}},{"type":"Feature","properties":{"denomination":"catholic","historic":"wayside_cross","religion":"christian","@id":"node/9456264441","kind":"sight","name":null},"geometry":{"type":"Point","coordinates":[11.5998756,46.649735]}},{"type":"Feature","properties":{"denomination":"catholic","historic":"wayside_shrine","religion":"christian","@id":"node/9456264442","kind":"sight","name":null},"geometry":{"type":"Point","coordinates":[11.5999649,46.6501956]}},{"type":"Feature","properties":{"historic":"wayside_cross","@id":"node/11506797542","kind":"sight","name":null},"geometry":{"type":"Point","coordinates":[11.5918661,46.6521573]}},{"type":"Feature","properties":{"denomination":"catholic","historic":"wayside_cross","religion":"christian","@id":"node/11998952815","kind":"sight","name":null},"geometry":{"type":"Point","coordinates":[11.5989593,46.6452152]}},{"type":"Feature","properties":{"historic":"wayside_cross","material":"wood","@id":"node/12479171185","kind":"sight","name":null},"geometry":{"type":"Point","coordinates":[11.6018701,46.6489401]}},{"type":"Feature","properties":{"historic":"wayside_cross","@id":"node/12492796768","kind":"sight","name":null},"geometry":{"type":"Point","coordinates":[11.6024315,46.6481681]}},{"type":"Feature","properties":{"historic":"wayside_cross","material":"wood","@id":"node/12492829384","kind":"sight","name":null},"geometry":{"type":"Point","coordinates":[11.5963645,46.6480637]}},{"type":"Feature","properties":{"historic":"wayside_cross","@id":"node/12492843293","kind":"sight","name":null},"geometry":{"type":"Point","coordinates":[11.5892411,46.6494031]}},{"type":"Feature","properties":{"historic":"wayside_cross","material":"wood","@id":"node/12492845253","kind":"sight","name":null},"geometry":{"type":"Point","coordinates":[11.5918737,46.6473934]}},{"type":"Feature","properties":{"historic":"wayside_cross","@id":"node/12492850660","kind":"sight","name":null},"geometry":{"type":"Point","coordinates":[11.5893952,46.648981]}},{"type":"Feature","properties":{"historic":"wayside_cross","@id":"node/12492866511","kind":"sight","name":null},"geometry":{"type":"Point","coordinates":[11.6029863,46.6481483]}},{"type":"Feature","properties":{"building":"yes","historic":"castle","name":"Schloss Summersberg - Castel Sommo","name:de":"Schloss Summersberg","name:it":"Castel Sommo","wikidata":"Q1466844","wikipedia":"it:Castel Sommo","@id":"way/72352436","kind":"sight"},"geometry":{"type":"Point","coordinates":[11.6035468,46.6486881]}},{"type":"Feature","properties":{"access":"private","building":"yes","castle_type":"manor","historic":"castle","name":"Ansitz Koburg - Castel Coburgo","name:de":"Ansitz Koburg","name:it":"Castel Coburgo","wikidata":"Q16537877","wikipedia":"it:Castel Coburgo","@id":"way/258320539","kind":"sight"},"geometry":{"type":"Point","coordinates":[11.5999195,46.6486855]}},{"type":"Feature","properties":{"amenity":"restaurant","name":"Goldenes Lamm","@id":"node/2440274876","kind":"refreshment"},"geometry":{"type":"Point","coordinates":[11.6402501,46.7385786]}},{"type":"Feature","properties":{"addr:city":"Vahrn - Varna","addr:city:de":"Vahrn","addr:city:it":"Varna","addr:housenumber":"5","addr:postcode":"39040","addr:street":"Voitsbergstraße - Via Voitsberg","addr:street:de":"Voitsbergstraße","addr:street:it":"Via Voitsberg","amenity":"bar","name":"Voitsberg","opening_hours":"Mo-Th 07:30-01:00; Fr-Sa 07:30-02:00; Su 08:00-18:00","outdoor_seating":"yes","website":"https://www.voitsberg.it","@id":"node/2756057242","kind":"refreshment"},"geometry":{"type":"Point","coordinates":[11.6361896,46.7402866]}},{"type":"Feature","properties":{"addr:city":"Vahrn - Varna","addr:city:de":"Vahrn","addr:city:it":"Varna","addr:housenumber":"13","addr:postcode":"39040","addr:street":"Dorfstraße - Via del Paese","addr:street:de":"Dorfstraße","addr:street:it":"Via del Paese","amenity":"restaurant","contact:email":"turispizza@gmail.com","contact:phone":"+39 0472 055470","contact:website":"https://turispizzeria.it/","name":"Turi's Pizzeria","opening_hours":"Mo, Tu, Th-Sa 11:30-14:30, 17:00-22:00; Su 16:00-22:00","ref:vatin":"IT03102300211","takeaway":"yes","@id":"node/8957798894","kind":"refreshment"},"geometry":{"type":"Point","coordinates":[11.6375427,46.7387804]}},{"type":"Feature","properties":{"amenity":"restaurant","name":"Hubenbauer","@id":"node/9703707334","kind":"refreshment"},"geometry":{"type":"Point","coordinates":[11.635703,46.7376989]}},{"type":"Feature","properties":{"amenity":"restaurant","building":"yes","cuisine":"italian","name":"Goldener Adler","@id":"way/234957380","kind":"refreshment"},"geometry":{"type":"Point","coordinates":[11.6406135,46.7383823]}},{"type":"Feature","properties":{"amenity":"toilets","@id":"node/2721021334","kind":"toilets","name":null},"geometry":{"type":"Point","coordinates":[11.6359087,46.7383389]}},{"type":"Feature","properties":{"access":"yes","amenity":"drinking_water","fee":"no","wheelchair":"limited","@id":"node/4394596723","kind":"water","name":null},"geometry":{"type":"Point","coordinates":[11.6295873,46.7406533]}},{"type":"Feature","properties":{"amenity":"toilets","@id":"node/4394597996","kind":"toilets","name":null},"geometry":{"type":"Point","coordinates":[11.6288862,46.7408478]}},{"type":"Feature","properties":{"amenity":"drinking_water","@id":"node/8569961965","kind":"water","name":null},"geometry":{"type":"Point","coordinates":[11.6367353,46.7371068]}},{"type":"Feature","properties":{"amenity":"drinking_water","@id":"node/8569961967","kind":"water","name":null},"geometry":{"type":"Point","coordinates":[11.6360256,46.7376024]}},{"type":"Feature","properties":{"amenity":"drinking_water","@id":"node/8779549666","kind":"water","name":null},"geometry":{"type":"Point","coordinates":[11.6336478,46.7406391]}},{"type":"Feature","properties":{"access":"yes","amenity":"drinking_water","fee":"no","@id":"node/12000552373","kind":"water","name":null},"geometry":{"type":"Point","coordinates":[11.631687,46.7413535]}},{"type":"Feature","properties":{"board_type":"nature","information":"board","name":"Wasserrad mit Lerntafeln","tourism":"attraction","@id":"node/12000552379","kind":"sight"},"geometry":{"type":"Point","coordinates":[11.6289592,46.7405552]}},{"type":"Feature","properties":{"name":"water play for kids","tourism":"attraction","@id":"node/12003369462","kind":"sight"},"geometry":{"type":"Point","coordinates":[11.6276558,46.7403091]}},{"type":"Feature","properties":{"building":"yes","historic":"ruins","name":"Ruine Voitsberg","tourism":"attraction","@id":"way/292474117","kind":"sight"},"geometry":{"type":"Point","coordinates":[11.6277856,46.7467446]}},{"type":"Feature","properties":{"man_made":"water_well","@id":"node/4394604393","kind":"water","name":null},"geometry":{"type":"Point","coordinates":[11.6296683,46.7409553]}},{"type":"Feature","properties":{"bench":"yes","leisure":"picnic_table","@id":"node/11998705469","kind":"picnic","name":null},"geometry":{"type":"Point","coordinates":[11.6288909,46.7405158]}},{"type":"Feature","properties":{"bench":"yes","leisure":"picnic_table","material":"wood","seats":"12","@id":"node/11998721769","kind":"picnic","name":null},"geometry":{"type":"Point","coordinates":[11.62587,46.7399006]}},{"type":"Feature","properties":{"bench":"yes","leisure":"picnic_table","@id":"node/12000543579","kind":"picnic","name":null},"geometry":{"type":"Point","coordinates":[11.6292488,46.7406068]}},{"type":"Feature","properties":{"bench":"yes","leisure":"picnic_table","@id":"node/12000543581","kind":"picnic","name":null},"geometry":{"type":"Point","coordinates":[11.6291655,46.7406753]}},{"type":"Feature","properties":{"bench":"yes","leisure":"picnic_table","@id":"node/12000552273","kind":"picnic","name":null},"geometry":{"type":"Point","coordinates":[11.6289619,46.7406167]}},{"type":"Feature","properties":{"bench":"yes","colour":"brown","leisure":"picnic_table","material":"wood","@id":"node/12000552377","kind":"picnic","name":null},"geometry":{"type":"Point","coordinates":[11.6291578,46.7408501]}},{"type":"Feature","properties":{"bench":"yes","colour":"brown","leisure":"picnic_table","material":"wood","@id":"node/12000552378","kind":"picnic","name":null},"geometry":{"type":"Point","coordinates":[11.6297758,46.7406711]}},{"type":"Feature","properties":{"leisure":"picnic_table","@id":"node/12000552472","kind":"picnic","name":null},"geometry":{"type":"Point","coordinates":[11.6290432,46.7405707]}},{"type":"Feature","properties":{"bench":"yes","colour":"brown","leisure":"picnic_table","material":"wood","@id":"node/12000552473","kind":"picnic","name":null},"geometry":{"type":"Point","coordinates":[11.6290362,46.7408123]}},{"type":"Feature","properties":{"bench":"yes","colour":"brown","leisure":"picnic_table","material":"wood","@id":"node/12000552869","kind":"picnic","name":null},"geometry":{"type":"Point","coordinates":[11.6297103,46.7406448]}},{"type":"Feature","properties":{"historic":"wayside_cross","religion":"christian","@id":"node/5043411647","kind":"sight","name":null},"geometry":{"type":"Point","coordinates":[11.6344172,46.7456875]}},{"type":"Feature","properties":{"historic":"wayside_shrine","religion":"christian","@id":"node/5279348732","kind":"sight","name":null},"geometry":{"type":"Point","coordinates":[11.6335763,46.7440113]}},{"type":"Feature","properties":{"denomination":"catholic","historic":"wayside_cross","religion":"christian","@id":"node/8569855701","kind":"sight","name":null},"geometry":{"type":"Point","coordinates":[11.6292094,46.7390293]}},{"type":"Feature","properties":{"denomination":"catholic","historic":"wayside_cross","religion":"christian","start_date":"1731","@id":"node/8569961961","kind":"sight","name":null},"geometry":{"type":"Point","coordinates":[11.6376634,46.7360885]}},{"type":"Feature","properties":{"denomination":"catholic","historic":"wayside_cross","religion":"christian","@id":"node/8569961966","kind":"sight","name":null},"geometry":{"type":"Point","coordinates":[11.6366046,46.7370155]}},{"type":"Feature","properties":{"denomination":"catholic","historic":"wayside_cross","religion":"christian","@id":"node/8779549658","kind":"sight","name":null},"geometry":{"type":"Point","coordinates":[11.6315627,46.7433541]}},{"type":"Feature","properties":{"denomination":"catholic","historic":"wayside_cross","religion":"christian","@id":"node/8779549663","kind":"sight","name":null},"geometry":{"type":"Point","coordinates":[11.6316998,46.7413582]}},{"type":"Feature","properties":{"denomination":"catholic","historic":"wayside_shrine","name":"Marterle am Gallhof","name:de":"Marterle am Gallhof","religion":"christian","@id":"node/8779549664","kind":"sight"},"geometry":{"type":"Point","coordinates":[11.6315486,46.7413964]}},{"type":"Feature","properties":{"denomination":"catholic","historic":"wayside_cross","religion":"christian","@id":"node/8779549669","kind":"sight","name":null},"geometry":{"type":"Point","coordinates":[11.6336893,46.7406117]}},{"type":"Feature","properties":{"denomination":"catholic","historic":"wayside_shrine","religion":"christian","@id":"node/8779549672","kind":"sight","name":null},"geometry":{"type":"Point","coordinates":[11.6344543,46.7396367]}},{"type":"Feature","properties":{"denomination":"catholic","historic":"wayside_cross","religion":"christian","@id":"node/8779549676","kind":"sight","name":null},"geometry":{"type":"Point","coordinates":[11.6364845,46.7369328]}},{"type":"Feature","properties":{"denomination":"catholic","historic":"wayside_shrine","religion":"christian","@id":"node/9831580054","kind":"sight","name":null},"geometry":{"type":"Point","coordinates":[11.6251269,46.7430422]}},{"type":"Feature","properties":{"historic":"wayside_cross","@id":"node/12492851699","kind":"sight","name":null},"geometry":{"type":"Point","coordinates":[11.6386863,46.7462352]}},{"type":"Feature","properties":{"castle_type":"defensive","historic":"castle","name":"Schloß Salern - Castel Salern","name:de":"Schloß Salern","name:it":"Castel Salern","ruins":"yes","wikidata":"Q3662123","wikipedia":"it:Castel Salern","@id":"way/41681783","kind":"sight"},"geometry":{"type":"Point","coordinates":[11.6288542,46.7431814]}},{"type":"Feature","properties":{"amenity":"place_of_worship","building":"wayside_shrine","denomination":"roman_catholic","historic":"wayside_shrine","religion":"christian","@id":"way/1420062565","kind":"sight","name":null},"geometry":{"type":"Point","coordinates":[11.6343217,46.7393991]}},{"type":"Feature","properties":{"amenity":"restaurant","cuisine":"regional","name":"Zanser Schwaige","phone":"+39 0472 840563","website":"https://www.zanserschwaige.com/","@id":"node/2430581842","kind":"refreshment"},"geometry":{"type":"Point","coordinates":[11.7686462,46.6346509]}},{"type":"Feature","properties":{"addr:city":"Villnöß - Funes","addr:city:de":"Villnöß","addr:city:it":"Funes","addr:housenumber":"1","addr:postcode":"39040","addr:street":"Alm - Alpe","addr:street:de":"Alm","addr:street:it":"Alpe","alt_name:de":"Zanser Info","amenity":"restaurant","bar":"yes","cuisine":"regional;coffee_shop","delivery":"no","description":"Almhütte mit Innen - und Außenbereich. Sowie Souveniershop und Informationszentrum für das Wandergebiet Zans.","ele":"1680","email":"info@zans.it","internet_access":"wlan","internet_access:fee":"yes","name":"Treffpunkt Zans","opening_hours":"Tu-Su 09:00-18:00","outdoor_seating":"yes","phone":"+39 0472 840054","rental":"sled","smoking":"outside","source":"local knowledge","website":"https://www.zans.it/","@id":"node/2756060359","kind":"refreshment"},"geometry":{"type":"Point","coordinates":[11.7657765,46.6359889]}},{"type":"Feature","properties":{"amenity":"drinking_water","bottle":"yes","drinking_water":"conditional","ele":"1680","fee":"no","indoor":"no","name:de":"Brunnen AVS Hütte","operator":"Alpenverein Südtirol - Club Alpino Altoatesino","operator:de":"Alpenverein Südtirol","operator:it":"Club Alpino Altoatesino","operator:short":"AVS","operator:wikidata":"Q348270","seasonal":"spring;summer;autumn","source":"Refill Südtirol / Alto Adige","source:date":"2020-06-11","wheelchair":"yes","@id":"node/7612516685","kind":"water","name":null},"geometry":{"type":"Point","coordinates":[11.7631223,46.6364941]}},{"type":"Feature","properties":{"amenity":"watering_place","bottle":"yes","drinking_water":"conditional","ele":"1680","fee":"no","image":"https://www.refill.bz.it/images/sitemap/brunnen_lehrpfad_2.jpg","indoor":"no","operator":"Naturpark","source":"Refill Südtirol / Alto Adige","source:date":"2020-06-12","wheelchair":"no","@id":"node/7614513085","kind":"water","name":null},"geometry":{"type":"Point","coordinates":[11.759598,46.636531]}},{"type":"Feature","properties":{"amenity":"watering_place","bottle":"yes","drinking_water":"conditional","ele":"1680","fee":"no","image":"https://www.refill.bz.it/images/sitemap/img_6210.jpg","indoor":"no","operator":"Domäne","source":"Refill Südtirol / Alto Adige","source:date":"2020-08-04","wheelchair":"yes","@id":"node/7782927585","kind":"water","name":null},"geometry":{"type":"Point","coordinates":[11.77111,46.634295]}},{"type":"Feature","properties":{"access":"yes","amenity":"toilets","check_date":"2024-07-20","opening_hours":"08:00-18:00","@id":"node/12067012095","kind":"toilets","name":null},"geometry":{"type":"Point","coordinates":[11.7658762,46.6360005]}},{"type":"Feature","properties":{"tourism":"picnic_site","@id":"node/510961764","kind":"picnic","name":null},"geometry":{"type":"Point","coordinates":[11.7710565,46.6340992]}},{"type":"Feature","properties":{"tourism":"picnic_site","@id":"node/510961768","kind":"picnic","name":null},"geometry":{"type":"Point","coordinates":[11.7734949,46.6319196]}},{"type":"Feature","properties":{"layer":"1","tourism":"picnic_site","@id":"node/2454691638","kind":"picnic","name":null},"geometry":{"type":"Point","coordinates":[11.7695771,46.6333692]}},{"type":"Feature","properties":{"name":"Dolomites UNESCO Info Point Zans","tourism":"museum","@id":"node/7505760985","kind":"sight"},"geometry":{"type":"Point","coordinates":[11.7655749,46.6358925]}},{"type":"Feature","properties":{"covered":"no","leisure":"picnic_table","@id":"node/12222311473","kind":"picnic","name":null},"geometry":{"type":"Point","coordinates":[11.7696344,46.637558]}},{"type":"Feature","properties":{"amenity":"restaurant","building":"yes","cuisine":"regional","name":"Hotel Sonneck","stars":"3","tourism":"hotel","url":"http://www.hotel-sonneck.it","@id":"way/43065122","kind":"refreshment"},"geometry":{"type":"Point","coordinates":[11.6645984,46.7753229]}},{"type":"Feature","properties":{"addr:street":"Pustertaler Straße - Via Pusteria","amenity":"fast_food","building":"yes","email":"info@lanz-suedtirol.it","name":"Raststätte Lanz","opening_hours":"Mo-Su 06:00-20:00","outdoor_seating":"yes","phone":"+390472611890","shop":"convenience","website":"http://www.lanz-suedtirol.it","wheelchair":"yes","@id":"way/583752795","kind":"refreshment"},"geometry":{"type":"Point","coordinates":[11.6668337,46.776656]}},{"type":"Feature","properties":{"amenity":"drinking_water","@id":"node/1357417093","kind":"water","name":null},"geometry":{"type":"Point","coordinates":[11.6669351,46.776686]}},{"type":"Feature","properties":{"leisure":"picnic_table","@id":"node/8660066146","kind":"picnic","name":null},"geometry":{"type":"Point","coordinates":[11.6725586,46.7724228]}},{"type":"Feature","properties":{"abandoned:building":"industrial","area":"yes","description":"Abandoned water reservoir","heritage":"6","historic":"ruins","name":"Reservoir","ref:heritage":"16263","@id":"way/184029158","kind":"sight"},"geometry":{"type":"Point","coordinates":[11.6794111,46.7727478]}},{"type":"Feature","properties":{"building":"yes","historic":"wayside_shrine","religion":"christian","wikidata":"Q107076959","@id":"way/437671928","kind":"sight","name":null},"geometry":{"type":"Point","coordinates":[11.6640019,46.7749547]}},{"type":"Feature","properties":{"abandoned:power":"plant","area":"yes","description":"Abandoned turbine house","heritage":"6","historic":"ruins","name":"Rundl - Rotondo","name:de":"Rundl","name:it":"Rotondo","operator":"Städtisches Elektricitätswerk Brixen","plant:output:electricity":"yes","plant:source":"hydro","ref:heritage":"16263","start_date":"1903","@id":"way/939100054","kind":"sight"},"geometry":{"type":"Point","coordinates":[11.6800431,46.7730295]}},{"type":"Feature","properties":{"amenity":"restaurant","cuisine":"pizza","name":"Gasthof Anich Pizzeria","opening_hours":"May-Oct Mo,Fr,Sa 18:00-21:00","website":"https://www.gasthof-anich.com/pizzeria.html","@id":"node/758569371","kind":"refreshment"},"geometry":{"type":"Point","coordinates":[11.6802465,46.7528502]}},{"type":"Feature","properties":{"addr:city":"Natz - Naz","addr:city:de":"Natz","addr:city:it":"Naz","addr:housenumber":"10","addr:postcode":"39040","addr:street":"Schlossergasse - Via Schlossergasse","addr:street:de":"Schlossergasse","addr:street:it":"Via Schlossergasse","amenity":"restaurant","capacity":"150","cuisine":"regional,Pizza","email":"info@goldenerapfel.com","name":"Pizzeria Goldener Apfel","note":"Küche 17.00 - 21.00 Uhr\nPizza 17.00 - 22.30 Uhr\nBar 17.00 - 24.00 Uhr","opening_hours":"Tu-Su 17:00-24:00","phone":"+39 0472 415504","website":"https://www.goldenerapfel.com/de/restaurant/pizzeria","website:menu":"https://www.goldenerapfel.com/de/restaurant/speisekarte","@id":"node/1128112507","kind":"refreshment"},"geometry":{"type":"Point","coordinates":[11.6814442,46.7534641]}},{"type":"Feature","properties":{"amenity":"bar","name":"Langhof Bar","outdoor_seating":"yes","@id":"node/1128115836","kind":"refreshment"},"geometry":{"type":"Point","coordinates":[11.6793879,46.7526356]}},{"type":"Feature","properties":{"amenity":"cafe","cuisine":"cake;ice_cream;juice;coffee_shop","name":"Langhof","outdoor_seating":"yes","phone":"+390472415101","website":"https://www.hotel-langhof.com/de/kulinarik/cafe-eisdiele-bar.html","@id":"node/1388892375","kind":"refreshment"},"geometry":{"type":"Point","coordinates":[11.6798832,46.7526577]}},{"type":"Feature","properties":{"addr:city":"Natz - Naz","addr:city:de":"Natz","addr:city:it":"Naz","addr:housenumber":"20","addr:postcode":"39040","addr:street":"Schlossergasse - Via Schlossergasse","addr:street:de":"Schlossergasse","addr:street:it":"Via Schlossergasse","amenity":"restaurant","cuisine":"german","drive_in":"no","internet_access":"yes","internet_access:fee":"no","name":"Hofschenke Walderhof","opening_hours":"Mo,Fr-Su 11:00-23:00; Tu,Th 11:00-15:00","outdoor_seating":"yes","phone":"+39 0472415558","reservation":"recommended","smoking":"separated","takeaway":"no","website":"https://www.walderhof.bz.it/hofschank-walderschaenke.html","wheelchair":"limited","@id":"node/3586751294","kind":"refreshment"},"geometry":{"type":"Point","coordinates":[11.681643,46.753623]}},{"type":"Feature","properties":{"amenity":"cafe","name":"Cafe Paul","opening_hours":"Mo-Th,Su 07:30-17:00","outdoor_seating":"yes","phone":"+39 0472 415124","website":"https://gasthof-paul.com/main/?page_id=799","@id":"node/12174731233","kind":"refreshment"},"geometry":{"type":"Point","coordinates":[11.6808055,46.7523398]}},{"type":"Feature","properties":{"addr:housename":"Hansen Gut","addr:housenumber":"1","addr:postcode":"39040","addr:street":"Oberbrunnergasse","amenity":"toilets","information":"office","tourism":"information","@id":"node/1388892049","kind":"toilets","name":null},"geometry":{"type":"Point","coordinates":[11.680306,46.7526009]}},{"type":"Feature","properties":{"amenity":"fountain","drinking_water":"yes","inscription":"Jakob Auer","@id":"node/7434819736","kind":"water","name":null},"geometry":{"type":"Point","coordinates":[11.6809683,46.7525076]}},{"type":"Feature","properties":{"amenity":"drinking_water","bottle":"yes","fee":"no","wheelchair":"yes","@id":"node/8491650106","kind":"water","name":null},"geometry":{"type":"Point","coordinates":[11.6804678,46.7525363]}},{"type":"Feature","properties":{"description:de":"Grillplatz, Anmeldung erforgerlich","email":"info@natz-schabs.info","name":"Ölberg","operator":"Gemeinde Natz-Schabs","phone":"+39 0472 415020","reservation":"required","tourism":"picnic_site","@id":"node/5121960785","kind":"picnic"},"geometry":{"type":"Point","coordinates":[11.6808542,46.7492527]}},{"type":"Feature","properties":{"tourism":"picnic_site","@id":"node/8566768797","kind":"picnic","name":null},"geometry":{"type":"Point","coordinates":[11.6816941,46.7484126]}},{"type":"Feature","properties":{"tourism":"picnic_site","@id":"node/11987088722","kind":"picnic","name":null},"geometry":{"type":"Point","coordinates":[11.6819382,46.7484428]}},{"type":"Feature","properties":{"building":"yes","name":"Rudl Bacher Museum","opening_hours":"\"Nach Vereinbarung mit dem Verkehrsbüro\"","tourism":"museum","@id":"way/69764315","kind":"sight"},"geometry":{"type":"Point","coordinates":[11.6811666,46.7529288]}},{"type":"Feature","properties":{"covered":"no","leisure":"picnic_table","@id":"node/11898654844","kind":"picnic","name":null},"geometry":{"type":"Point","coordinates":[11.6810154,46.7495477]}},{"type":"Feature","properties":{"covered":"no","leisure":"picnic_table","@id":"node/11987221773","kind":"picnic","name":null},"geometry":{"type":"Point","coordinates":[11.6809667,46.7495135]}},{"type":"Feature","properties":{"historic":"wayside_cross","@id":"node/1388893106","kind":"sight","name":null},"geometry":{"type":"Point","coordinates":[11.6813798,46.7538339]}},{"type":"Feature","properties":{"denomination":"catholic","historic":"wayside_shrine","name":"VII","religion":"christian","worship":"stations_of_the_cross","@id":"node/8566768790","kind":"sight"},"geometry":{"type":"Point","coordinates":[11.6809515,46.7490117]}},{"type":"Feature","properties":{"denomination":"catholic","historic":"wayside_shrine","name":"VIII","religion":"christian","worship":"stations_of_the_cross","@id":"node/8566768791","kind":"sight"},"geometry":{"type":"Point","coordinates":[11.681017,46.7489307]}},{"type":"Feature","properties":{"denomination":"catholic","historic":"wayside_shrine","name":"IX","religion":"christian","worship":"stations_of_the_cross","@id":"node/8566768792","kind":"sight"},"geometry":{"type":"Point","coordinates":[11.6811376,46.7485684]}},{"type":"Feature","properties":{"denomination":"catholic","historic":"wayside_shrine","name":"X","religion":"christian","worship":"stations_of_the_cross","@id":"node/8566768794","kind":"sight"},"geometry":{"type":"Point","coordinates":[11.6813031,46.7484732]}},{"type":"Feature","properties":{"denomination":"catholic","historic":"wayside_shrine","name":"XI","religion":"christian","worship":"stations_of_the_cross","@id":"node/8566768795","kind":"sight"},"geometry":{"type":"Point","coordinates":[11.6814363,46.7485762]}},{"type":"Feature","properties":{"denomination":"catholic","historic":"wayside_shrine","name":"XII","religion":"christian","worship":"stations_of_the_cross","@id":"node/8566768796","kind":"sight"},"geometry":{"type":"Point","coordinates":[11.6819898,46.7485666]}},{"type":"Feature","properties":{"denomination":"catholic","historic":"wayside_shrine","name":"XIII","religion":"christian","worship":"stations_of_the_cross","@id":"node/8566768798","kind":"sight"},"geometry":{"type":"Point","coordinates":[11.6819753,46.7483583]}},{"type":"Feature","properties":{"denomination":"catholic","historic":"wayside_shrine","name":"XIV","religion":"christian","worship":"stations_of_the_cross","@id":"node/8566768800","kind":"sight"},"geometry":{"type":"Point","coordinates":[11.6816804,46.7481622]}},{"type":"Feature","properties":{"denomination":"catholic","historic":"wayside_shrine","name":"XV","religion":"christian","worship":"stations_of_the_cross","@id":"node/8566768802","kind":"sight"},"geometry":{"type":"Point","coordinates":[11.6815215,46.7482662]}},{"type":"Feature","properties":{"denomination":"catholic","historic":"wayside_shrine","religion":"christian","@id":"node/8566768803","kind":"sight","name":null},"geometry":{"type":"Point","coordinates":[11.6815013,46.7482833]}},{"type":"Feature","properties":{"denomination":"catholic","historic":"wayside_cross","religion":"christian","@id":"node/8566787764","kind":"sight","name":null},"geometry":{"type":"Point","coordinates":[11.6801539,46.7512922]}},{"type":"Feature","properties":{"denomination":"catholic","historic":"wayside_shrine","name":"I","religion":"christian","worship":"stations_of_the_cross","@id":"node/8566787766","kind":"sight"},"geometry":{"type":"Point","coordinates":[11.6801975,46.7509467]}},{"type":"Feature","properties":{"denomination":"catholic","historic":"wayside_shrine","name":"II","religion":"christian","worship":"stations_of_the_cross","@id":"node/8566787767","kind":"sight"},"geometry":{"type":"Point","coordinates":[11.6801281,46.7505562]}},{"type":"Feature","properties":{"denomination":"catholic","historic":"wayside_shrine","name":"III","religion":"christian","worship":"stations_of_the_cross","@id":"node/8566787769","kind":"sight"},"geometry":{"type":"Point","coordinates":[11.6803181,46.7501673]}},{"type":"Feature","properties":{"denomination":"catholic","historic":"wayside_shrine","name":"IV","religion":"christian","worship":"stations_of_the_cross","@id":"node/8566787770","kind":"sight"},"geometry":{"type":"Point","coordinates":[11.6803016,46.7497785]}},{"type":"Feature","properties":{"denomination":"catholic","historic":"wayside_shrine","name":"V","religion":"christian","worship":"stations_of_the_cross","@id":"node/8566787771","kind":"sight"},"geometry":{"type":"Point","coordinates":[11.6803611,46.7495091]}},{"type":"Feature","properties":{"denomination":"catholic","historic":"wayside_shrine","name":"VI","religion":"christian","worship":"stations_of_the_cross","@id":"node/8566787774","kind":"sight"},"geometry":{"type":"Point","coordinates":[11.6805311,46.7492463]}},{"type":"Feature","properties":{"denomination":"catholic","historic":"wayside_cross","religion":"christian","@id":"node/8572999483","kind":"sight","name":null},"geometry":{"type":"Point","coordinates":[11.6815715,46.7525267]}},{"type":"Feature","properties":{"denomination":"catholic","historic":"wayside_cross","religion":"christian","@id":"node/8572999484","kind":"sight","name":null},"geometry":{"type":"Point","coordinates":[11.6827513,46.752226]}},{"type":"Feature","properties":{"denomination":"catholic","historic":"wayside_shrine","religion":"christian","@id":"node/8580816853","kind":"sight","name":null},"geometry":{"type":"Point","coordinates":[11.6815812,46.7546385]}},{"type":"Feature","properties":{"denomination":"catholic","historic":"wayside_cross","religion":"christian","@id":"node/8630260379","kind":"sight","name":null},"geometry":{"type":"Point","coordinates":[11.684375,46.7489022]}},{"type":"Feature","properties":{"amenity":"restaurant","name":"Hochrainer","@id":"node/2294709704","kind":"refreshment"},"geometry":{"type":"Point","coordinates":[11.721712,46.816894]}},{"type":"Feature","properties":{"amenity":"bar","@id":"node/2294710506","kind":"refreshment","name":null},"geometry":{"type":"Point","coordinates":[11.7219212,46.81388]}},{"type":"Feature","properties":{"addr:district":"Vandoies","addr:housenumber":"1","addr:postcode":"39030","addr:province":"Bolzano","addr:state":"Trentino Alto Adoge","addr:street":"Troyenbachstraße","amenity":"bar","name":"Stampfl","opening_hours":"closed","@id":"node/2294710880","kind":"refreshment"},"geometry":{"type":"Point","coordinates":[11.7228063,46.8166664]}},{"type":"Feature","properties":{"amenity":"restaurant","cuisine":"pizza;regional;italian","name":"Lodenwirt","@id":"node/2294711157","kind":"refreshment"},"geometry":{"type":"Point","coordinates":[11.7360123,46.8155061]}},{"type":"Feature","properties":{"amenity":"bar","name":"Capriz","@id":"node/4078862868","kind":"refreshment"},"geometry":{"type":"Point","coordinates":[11.7378954,46.8154278]}},{"type":"Feature","properties":{"addr:city":"Vintl - Vandoies","addr:city:de":"Vintl","addr:city:it":"Vandoies","addr:hamlet":"Obervintl - Vandoies di Sopra","addr:hamlet:de":"Obervintl","addr:hamlet:it":"Vandoies di Sopra","addr:housenumber":"5b","addr:postcode":"39030","addr:street":"Nikolausweg - Via San Nicolò","addr:street:de":"Nikolausweg","addr:street:it":"Via San Nicolò","amenity":"restaurant","contact:facebook":"lapassionvintl","contact:website":"https://www.lapassion.it/","email":"info@lapassion.it","name":"la Passion","opening_hours":"Tu-Su 12:00-15:00,19:00-21:00; PH off","phone":"+39 0472 868595","@id":"node/10675598442","kind":"refreshment"},"geometry":{"type":"Point","coordinates":[11.7602897,46.8142526]}},{"type":"Feature","properties":{"addr:city":"Vintl - Vandoies","addr:housenumber":"12","addr:postcode":"39030","addr:street":"Josef-Anton-Zoller-Straße - Via Josef Anton Zoller","amenity":"cafe","changing_table":"no","cuisine":"regional;ice_cream;cake","internet_access":"no","name":"Cafè Bergl","outdoor_seating":"yes","toilets":"yes","wheelchair":"limited","@id":"node/12054539786","kind":"refreshment"},"geometry":{"type":"Point","coordinates":[11.7216659,46.8168648]}},{"type":"Feature","properties":{"amenity":"restaurant","building":"yes","name":"Hubertus","@id":"way/81124357","kind":"refreshment"},"geometry":{"type":"Point","coordinates":[11.7449047,46.8146522]}},{"type":"Feature","properties":{"amenity":"bar","building":"yes","name":"Hochrainer","@id":"way/81637645","kind":"refreshment"},"geometry":{"type":"Point","coordinates":[11.7216684,46.8169186]}},{"type":"Feature","properties":{"amenity":"restaurant","building":"yes","name":"Bruggenwirt","@id":"way/81637685","kind":"refreshment"},"geometry":{"type":"Point","coordinates":[11.7203172,46.8160229]}},{"type":"Feature","properties":{"addr:city:de":"Vintl","addr:hamlet:de":"Niedervintl","addr:street:de":"Raiffeisenplatz 1","amenity":"drinking_water","bottle":"yes","drinking_water":"yes","elevation":"756","fee":"no","image":"https://www.refill.bz.it/refill-assets/images/stations/2025/08/refill_68ad6405d352a.jpg","indoor":"no","name:de":"Brunnen am Raiffeisenplatz","postcode":"39030","seasonal":"summer","source":"Refill Südtirol / Alto Adige","source:updated":"2025-10-14","wheelchair":"yes","@id":"node/9522307972","kind":"water","name":null},"geometry":{"type":"Point","coordinates":[11.7228394,46.8171565]}},{"type":"Feature","properties":{"access":"yes","addr:city:de":"Vintl","addr:city:en":"Vintl - Vandoies","addr:city:it":"Vandoies","addr:hamlet:de":"Niedervintl","addr:hamlet:en":"Vintl - Vandoies South Tyrol","addr:hamlet:it":"Vintl - Vandoies Bolzano","addr:street:de":"Bartlmä-von-Guggenbergstraße","addr:street:en":"Bartlmä-von-Guggenbergstraße - Via Bartlmä von Guggenberg","addr:street:it":"Via Bartlmä von Guggenberg","amenity":"drinking_water","bottle":"yes","country":"Italien","drinking_water":"yes","elevation":"756","fee":"no","image":"https://www.refill.bz.it/refill-assets/images/stations/2025/08/refill_68ad64ae13f43.jpg","indoor":"no","name:de":"Naherholungszone Grubenfeld","name:en":"Gruibnfeld","name:it":"Gruibnfeld","postcode":"39030","seasonal":"spring;summer;autumn","source":"Refill Südtirol / Alto Adige","source:updated":"2025-08-27","wheelchair":"yes","@id":"node/12054550314","kind":"water","name":null},"geometry":{"type":"Point","coordinates":[11.7190743,46.8165953]}},{"type":"Feature","properties":{"addr:city:de":"Vintl","addr:city:en":"Vintl - Vandoies","addr:city:it":"Vandoies","addr:hamlet:de":"Obervintl","addr:hamlet:en":"Obervintl South Tyrol","addr:hamlet:it":"Obervintl Bolzano","addr:street:de":"Dorfstraße","addr:street:en":"Dorfstraße - Via del Paese","addr:street:it":"Via del Paese","amenity":"drinking_water","bottle":"yes","country":"Italien","drinking_water":"yes","elevation":"757","fee":"no","image":"https://www.refill.bz.it/refill-assets/images/stations/2025/08/refill_68ad65b55c3c5.jpg","indoor":"no","name:de":"Naherholungszone Obervintl","postcode":"39030","seasonal":"spring;summer;autumn","source":"Refill Südtirol / Alto Adige","source:updated":"2025-08-27","wheelchair":"yes","@id":"node/13097857415","kind":"water","name":null},"geometry":{"type":"Point","coordinates":[11.7556917,46.8136421]}},{"type":"Feature","properties":{"addr:city:de":"Vintl","addr:city:en":"Vintl - Vandoies","addr:city:it":"Vandoies","addr:hamlet:de":"Obervintl","addr:hamlet:en":"Obervintl South Tyrol","addr:hamlet:it":"Obervintl Bolzano","addr:street:de":"Dorfstraße","addr:street:en":"Dorfstraße - Via del Paese","addr:street:it":"Via del Paese","amenity":"drinking_water","bottle":"yes","country":"Italien","drinking_water":"yes","elevation":"757","fee":"no","image":"https://www.refill.bz.it/refill-assets/images/stations/2025/08/refill_68ad669f54492.jpg","indoor":"no","name:de":"Am Friedhofseingang","postcode":"39030","seasonal":"spring;summer;autumn","source":"Refill Südtirol / Alto Adige","source:updated":"2025-08-27","wheelchair":"yes","@id":"node/13097862812","kind":"water","name":null},"geometry":{"type":"Point","coordinates":[11.7547579,46.8135018]}},{"type":"Feature","properties":{"addr:city:de":"Vintl","addr:city:en":"Vintl - Vandoies","addr:city:it":"Vandoies","addr:hamlet:de":"Niedervintl","addr:hamlet:en":"Vintl - Vandoies South Tyrol","addr:hamlet:it":"Vintl - Vandoies Bolzano","addr:street:de":"Wiedenhofeggstraße 27","addr:street:en":"Wiedenhofeggstraße - Via Wiedenhofegg 27","addr:street:it":"Via Wiedenhofegg 27","amenity":"drinking_water","bottle":"yes","country":"Italien","drinking_water":"yes","fee":"no","image":"https://www.refill.bz.it/refill-assets/images/stations/2025/08/refill_68af254edf006.jpg","indoor":"no","name:de":"Brunnen an der Terner Kreuzung","postcode":"39030","source":"Refill Südtirol / Alto Adige","source:updated":"2025-08-27","wheelchair":"limited","@id":"node/13100919848","kind":"water","name":null},"geometry":{"type":"Point","coordinates":[11.7270927,46.8162443]}},{"type":"Feature","properties":{"addr:city:de":"Vintl","addr:city:en":"Vintl - Vandoies","addr:city:it":"Vandoies","addr:hamlet:de":"Niedervintl","addr:hamlet:en":"Vintl - Vandoies South Tyrol","addr:hamlet:it":"Vintl - Vandoies Bolzano","addr:street:de":"Kirchweg 11","addr:street:en":"Kirchweg - Via della Chiesa 11","addr:street:it":"Via della Chiesa 11","amenity":"drinking_water","bottle":"yes","country":"Italien","drinking_water":"yes","fee":"no","image":"https://www.refill.bz.it/refill-assets/images/stations/2025/08/refill_68af2622de680.jpg","indoor":"no","name:de":"Vor der Pfarrkirche &quot;Maria Verkündigung&quot;","postcode":"39030","source":"Refill Südtirol / Alto Adige","source:updated":"2025-08-27","wheelchair":"limited","@id":"node/13100925477","kind":"water","name":null},"geometry":{"type":"Point","coordinates":[11.7207578,46.815453]}},{"type":"Feature","properties":{"addr:city:de":"Vintl","addr:city:en":"Vintl - Vandoies","addr:city:it":"Vandoies","addr:hamlet:de":"Niedervintl","addr:hamlet:en":"Vintl - Vandoies South Tyrol","addr:hamlet:it":"Vintl - Vandoies Bolzano","addr:street:de":"Bartlmä-von-Guggenbergstraße 3","addr:street:en":"Bartlmä-von-Guggenbergstraße - Via Bartlmä von Guggenberg 3","addr:street:it":"Via Bartlmä von Guggenberg 3","amenity":"drinking_water","bottle":"yes","country":"Italien","drinking_water":"yes","fee":"no","image":"https://www.refill.bz.it/refill-assets/images/stations/2025/08/refill_68af26c86f862.jpg","indoor":"no","name:de":"Bartlmä-von-Guggenberg-Brunnen","postcode":"39030","source":"Refill Südtirol / Alto Adige","source:updated":"2025-08-27","wheelchair":"yes","@id":"node/13100928801","kind":"water","name":null},"geometry":{"type":"Point","coordinates":[11.7200218,46.8162643]}},{"type":"Feature","properties":{"addr:city:de":"Vintl","addr:city:en":"Vintl - Vandoies","addr:city:it":"Vandoies","addr:hamlet:de":"Obervintl","addr:hamlet:en":"Obervintl South Tyrol","addr:hamlet:it":"Obervintl Bolzano","addr:street:de":"Dörfl","addr:street:en":"Dörfl - Villetta","addr:street:it":"Villetta","amenity":"drinking_water","bottle":"yes","country":"Italien","drinking_water":"yes","fee":"no","image":"https://www.refill.bz.it/refill-assets/images/stations/2025/09/refill_68ceb2234ed30.jpg","indoor":"no","man_made":"water_tap","name:de":"Ansitz Baumgarten","name:en":"Dörfl - Villetta","name:it":"Villetta","postcode":"39030","source":"Refill Südtirol / Alto Adige","source:updated":"2025-09-20","wheelchair":"yes","@id":"node/13158105518","kind":"water","name":null},"geometry":{"type":"Point","coordinates":[11.7653234,46.81138]}},{"type":"Feature","properties":{"addr:city:de":"Vintl","addr:city:en":"Vintl - Vandoies","addr:city:it":"Vandoies","addr:hamlet:de":"Niedervintl","addr:hamlet:en":"Vintl - Vandoies South Tyrol","addr:hamlet:it":"Vintl - Vandoies Bolzano","addr:street:de":"Wiedenhofeggstraße 7","addr:street:en":"Wiedenhofeggstraße - Via Wiedenhofegg 7","addr:street:it":"Via Wiedenhofegg 7","amenity":"drinking_water","bottle":"yes","country":"Italien","drinking_water":"yes","fee":"no","image":"https://www.refill.bz.it/refill-assets/images/stations/2025/09/refill_68ceb2807bd0c.jpg","indoor":"no","name:de":"Kreithner","postcode":"39030","source":"Refill Südtirol / Alto Adige","source:updated":"2025-09-20","wheelchair":"yes","@id":"node/13158127407","kind":"water","name":null},"geometry":{"type":"Point","coordinates":[11.7243624,46.8165206]}},{"type":"Feature","properties":{"addr:city:de":"Vintl","addr:city:en":"Vintl - Vandoies","addr:city:it":"Vandoies","addr:hamlet:de":"Niedervintl","addr:hamlet:en":"Vintl - Vandoies South Tyrol","addr:hamlet:it":"Vintl - Vandoies Bolzano","addr:street:de":"Wiedenhofeggstraße 27","addr:street:en":"Wiedenhofeggstraße - Via Wiedenhofegg 27","addr:street:it":"Via Wiedenhofegg 27","amenity":"drinking_water","bottle":"yes","country":"Italien","drinking_water":"yes","fee":"no","image":"https://www.refill.bz.it/refill-assets/images/stations/2025/08/refill_68af254edf006.jpg","indoor":"no","name:de":"Brunnen an der Terner Kreuzung","postcode":"39030","source":"Refill Südtirol / Alto Adige","source:updated":"2025-10-14","wheelchair":"limited","@id":"node/13232487189","kind":"water","name":null},"geometry":{"type":"Point","coordinates":[11.7270927,46.8162443]}},{"type":"Feature","properties":{"addr:city:de":"Vintl","addr:city:en":"Vintl - Vandoies","addr:city:it":"Vandoies","addr:hamlet:de":"Niedervintl","addr:hamlet:en":"Vintl - Vandoies South Tyrol","addr:hamlet:it":"Vintl - Vandoies Bolzano","addr:street:de":"Bartlmä-von-Guggenbergstraße 3","addr:street:en":"Bartlmä-von-Guggenbergstraße - Via Bartlmä von Guggenberg 3","addr:street:it":"Via Bartlmä von Guggenberg 3","amenity":"drinking_water","bottle":"yes","country":"Italien","drinking_water":"yes","fee":"no","image":"https://www.refill.bz.it/refill-assets/images/stations/2025/08/refill_68af26c86f862.jpg","indoor":"no","name:de":"Bartlmä-von-Guggenberg-Brunnen","postcode":"39030","source":"Refill Südtirol / Alto Adige","source:updated":"2025-10-14","wheelchair":"yes","@id":"node/13232501790","kind":"water","name":null},"geometry":{"type":"Point","coordinates":[11.7200218,46.8162643]}},{"type":"Feature","properties":{"addr:city:de":"Vintl","addr:city:en":"Vintl - Vandoies","addr:city:it":"Vandoies","addr:hamlet:de":"Obervintl","addr:hamlet:en":"Obervintl South Tyrol","addr:hamlet:it":"Obervintl Bolzano","addr:street:de":"Dorfstraße","addr:street:en":"Dorfstraße - Via del Paese","addr:street:it":"Via del Paese","amenity":"drinking_water","bottle":"yes","country":"Italien","drinking_water":"yes","fee":"no","image":"https://www.refill.bz.it/refill-assets/images/stations/2025/08/refill_68ad65b55c3c5.jpg","indoor":"no","name:de":"Naherholungszone Obervintl","postcode":"39030","source":"Refill Südtirol / Alto Adige","source:updated":"2025-10-14","wheelchair":"yes","@id":"node/13232521137","kind":"water","name":null},"geometry":{"type":"Point","coordinates":[11.7556917,46.8136421]}},{"type":"Feature","properties":{"addr:city:de":"Vintl","addr:city:en":"Vintl - Vandoies","addr:city:it":"Vandoies","addr:hamlet:de":"Niedervintl","addr:hamlet:en":"Vintl - Vandoies South Tyrol","addr:hamlet:it":"Vintl - Vandoies Bolzano","addr:street:de":"Wiedenhofeggstraße 7","addr:street:en":"Wiedenhofeggstraße - Via Wiedenhofegg 7","addr:street:it":"Via Wiedenhofegg 7","amenity":"drinking_water","bottle":"yes","country":"Italien","drinking_water":"yes","fee":"no","image":"https://www.refill.bz.it/refill-assets/images/stations/2025/09/refill_68ceb2807bd0c.jpg","indoor":"no","name:de":"Kreithner","postcode":"39030","source":"Refill Südtirol / Alto Adige","source:updated":"2025-10-14","wheelchair":"yes","@id":"node/13232540252","kind":"water","name":null},"geometry":{"type":"Point","coordinates":[11.7243624,46.8165206]}},{"type":"Feature","properties":{"addr:city:de":"Vintl","addr:city:en":"Vintl - Vandoies","addr:city:it":"Vandoies","addr:hamlet:de":"Obervintl","addr:hamlet:en":"Obervintl South Tyrol","addr:hamlet:it":"Obervintl Bolzano","addr:street:de":"Dörfl","addr:street:en":"Dörfl - Villetta","addr:street:it":"Villetta","amenity":"drinking_water","bottle":"yes","country":"Italien","drinking_water":"yes","fee":"no","image":"https://www.refill.bz.it/refill-assets/images/stations/2025/09/refill_68ceb2234ed30.jpg","indoor":"no","man_made":"water_tap","name:de":"Ansitz Baumgarten","name:en":"Dörfl - Villetta","name:it":"Villetta","postcode":"39030","source":"Refill Südtirol / Alto Adige","source:updated":"2025-10-14","wheelchair":"yes","@id":"node/13232544425","kind":"water","name":null},"geometry":{"type":"Point","coordinates":[11.7653234,46.81138]}},{"type":"Feature","properties":{"addr:city:de":"Vintl","addr:city:en":"Vintl - Vandoies","addr:city:it":"Vandoies","addr:hamlet:de":"Obervintl","addr:hamlet:en":"Obervintl South Tyrol","addr:hamlet:it":"Obervintl Bolzano","addr:street:de":"Dorfstraße","addr:street:en":"Dorfstraße - Via del Paese","addr:street:it":"Via del Paese","amenity":"drinking_water","bottle":"yes","country":"Italien","drinking_water":"yes","fee":"no","image":"https://www.refill.bz.it/refill-assets/images/stations/2025/08/refill_68ad669f54492.jpg","indoor":"no","name:de":"Am Friedhofseingang","postcode":"39030","source":"Refill Südtirol / Alto Adige","source:updated":"2025-10-14","wheelchair":"yes","@id":"node/13232545505","kind":"water","name":null},"geometry":{"type":"Point","coordinates":[11.7547579,46.8135018]}},{"type":"Feature","properties":{"addr:city:de":"Vintl","addr:city:en":"Vintl - Vandoies","addr:city:it":"Vandoies","addr:hamlet:de":"Niedervintl","addr:hamlet:en":"Vintl - Vandoies South Tyrol","addr:hamlet:it":"Vintl - Vandoies Bolzano","addr:street:de":"Kirchweg 11","addr:street:en":"Kirchweg - Via della Chiesa 11","addr:street:it":"Via della Chiesa 11","amenity":"drinking_water","bottle":"yes","country":"Italien","drinking_water":"yes","fee":"no","image":"https://www.refill.bz.it/refill-assets/images/stations/2025/08/refill_68af2622de680.jpg","indoor":"no","name:de":"Vor der Pfarrkirche &quot;Maria Verkündigung&quot;","postcode":"39030","source":"Refill Südtirol / Alto Adige","source:updated":"2025-10-14","wheelchair":"limited","@id":"node/13232549333","kind":"water","name":null},"geometry":{"type":"Point","coordinates":[11.7207578,46.815453]}},{"type":"Feature","properties":{"amenity":"shelter","building":"yes","shelter_type":"public_transport","@id":"way/711686678","kind":"shelter","name":null},"geometry":{"type":"Point","coordinates":[11.7223789,46.8148222]}},{"type":"Feature","properties":{"amenity":"shelter","building":"yes","layer":"1","shelter_type":"public_transport","@id":"way/711686696","kind":"shelter","name":null},"geometry":{"type":"Point","coordinates":[11.7232115,46.8148775]}},{"type":"Feature","properties":{"amenity":"shelter","building":"yes","shelter_type":"public_transport","@id":"way/713006424","kind":"shelter","name":null},"geometry":{"type":"Point","coordinates":[11.7238578,46.8153131]}},{"type":"Feature","properties":{"amenity":"shelter","building":"yes","shelter_type":"public_transport","@id":"way/713006425","kind":"shelter","name":null},"geometry":{"type":"Point","coordinates":[11.72357,46.8154106]}},{"type":"Feature","properties":{"tourism":"viewpoint","@id":"node/4202670553","kind":"viewpoint","name":null},"geometry":{"type":"Point","coordinates":[11.7354834,46.8193795]}},{"type":"Feature","properties":{"name":"Aussichtspunkt Obervintl - Punto panoramico Vandoies di Sopra","name:de":"Aussichtspunkt Obervintl","name:it":"Punto panoramico Vandoies di Sopra","tourism":"viewpoint","@id":"node/5027116605","kind":"viewpoint"},"geometry":{"type":"Point","coordinates":[11.7648244,46.8137332]}},{"type":"Feature","properties":{"denomination":"catholic","historic":"wayside_shrine","religion":"christian","@id":"node/944652088","kind":"sight","name":null},"geometry":{"type":"Point","coordinates":[11.7517703,46.8138341]}},{"type":"Feature","properties":{"historic":"wayside_shrine","religion":"christian","@id":"node/1793442157","kind":"sight","name":null},"geometry":{"type":"Point","coordinates":[11.7178269,46.8121853]}},{"type":"Feature","properties":{"historic":"wayside_cross","@id":"node/5287344265","kind":"sight","name":null},"geometry":{"type":"Point","coordinates":[11.7371074,46.8122174]}},{"type":"Feature","properties":{"denomination":"catholic","historic":"wayside_cross","religion":"christian","@id":"node/9522307996","kind":"sight","name":null},"geometry":{"type":"Point","coordinates":[11.7217637,46.8167406]}},{"type":"Feature","properties":{"historic":"memorial","memorial":"plaque","name":"Bartlmä Guggenberg von Riedhofen","name:de":"Bartlmä Guggenberg von Riedhofen","@id":"node/9522308000","kind":"sight"},"geometry":{"type":"Point","coordinates":[11.7193886,46.8158711]}},{"type":"Feature","properties":{"denomination":"catholic","historic":"wayside_cross","religion":"christian","@id":"node/9522308001","kind":"sight","name":null},"geometry":{"type":"Point","coordinates":[11.7193606,46.8147854]}},{"type":"Feature","properties":{"historic":"wayside_cross","@id":"node/11951587306","kind":"sight","name":null},"geometry":{"type":"Point","coordinates":[11.7241254,46.8144433]}},{"type":"Feature","properties":{"historic":"wayside_cross","@id":"node/11951627107","kind":"sight","name":null},"geometry":{"type":"Point","coordinates":[11.7221672,46.814226]}},{"type":"Feature","properties":{"addr:housenumber":"4","addr:postcode":"39040","addr:street":"Dolomitenstraße","amenity":"restaurant","name":"Pizzeria Bachler","website":"http://www.bachler-kastelruth.com","@id":"node/2711121246","kind":"refreshment"},"geometry":{"type":"Point","coordinates":[11.5586468,46.5674494]}},{"type":"Feature","properties":{"amenity":"cafe","internet_access":"yes","internet_access:fee":"no","name":"Martins Bar","opening_hours":"Mo, We-Sa 09:00-18:00; Tu 08:00-18:00","@id":"node/2715439838","kind":"refreshment"},"geometry":{"type":"Point","coordinates":[11.5583302,46.5670447]}},{"type":"Feature","properties":{"amenity":"pub","indoor_seating":"yes","name":"Zur Dorfschenke","outdoor_seating":"yes","wheelchair":"yes","@id":"node/2717928127","kind":"refreshment"},"geometry":{"type":"Point","coordinates":[11.5603318,46.5665699]}},{"type":"Feature","properties":{"addr:city":"Kastelruth - Castelrotto","addr:city:de":"Kastelruth","addr:city:it":"Castelrotto","addr:hamlet":"Kastelruth - Castelrotto","addr:hamlet:de":"Kastelruth","addr:hamlet:it":"Castelrotto","addr:housenumber":"5","addr:place":"Krausenplatz - Piazza Krausen","addr:place:de":"Krausenplatz","addr:place:it":"Piazza Krausen","addr:postcode":"39040","amenity":"bar","name":"Nomad","opening_hours":"Tu-Sa 16:00-00:00","@id":"node/2755698827","kind":"refreshment"},"geometry":{"type":"Point","coordinates":[11.5596233,46.5676945]}},{"type":"Feature","properties":{"amenity":"cafe","indoor_seating":"yes","name":"Cafè Viva","outdoor_seating":"yes","wheelchair":"yes","@id":"node/3832920965","kind":"refreshment"},"geometry":{"type":"Point","coordinates":[11.5590183,46.5672366]}},{"type":"Feature","properties":{"amenity":"cafe","indoor_seating":"yes","name":"Spatzen Café","outdoor_seating":"yes","wheelchair":"yes","@id":"node/4292784073","kind":"refreshment"},"geometry":{"type":"Point","coordinates":[11.5589424,46.567563]}},{"type":"Feature","properties":{"amenity":"bar","name":"Postkeller","@id":"node/4292784076","kind":"refreshment"},"geometry":{"type":"Point","coordinates":[11.5592569,46.5676249]}},{"type":"Feature","properties":{"amenity":"restaurant","name":"Hexenkeller","@id":"node/4292924461","kind":"refreshment"},"geometry":{"type":"Point","coordinates":[11.5590245,46.5679908]}},{"type":"Feature","properties":{"addr:housenumber":"3","amenity":"fast_food","delivery":"yes","name":"Dolomiten Pizza Express","opening_hours":"Mo, We-Su 11:30-13:30, 18:00-23:00; Tu 18:00-23:00","phone":"+39 0471 711 039","takeaway":"yes","@id":"node/9981590884","kind":"refreshment"},"geometry":{"type":"Point","coordinates":[11.5583995,46.5679323]}},{"type":"Feature","properties":{"amenity":"restaurant","indoor_seating":"yes","name":"Saalstuben","outdoor_seating":"yes","@id":"node/10106649666","kind":"refreshment"},"geometry":{"type":"Point","coordinates":[11.5596217,46.5668339]}},{"type":"Feature","properties":{"amenity":"fast_food","diet:vegan":"no","diet:vegetarian":"yes","indoor_seating":"yes","name":"Abby","opening_hours":"Mo-Su,PH 12:00-19:00","outdoor_seating":"yes","smoking":"outside","wheelchair":"no","@id":"node/10106654935","kind":"refreshment"},"geometry":{"type":"Point","coordinates":[11.5610661,46.5676303]}},{"type":"Feature","properties":{"amenity":"restaurant","indoor_seating":"yes","outdoor_seating":"yes","@id":"node/10106671017","kind":"refreshment","name":null},"geometry":{"type":"Point","coordinates":[11.5598228,46.5665858]}},{"type":"Feature","properties":{"amenity":"restaurant","indoor_seating":"yes","name":"Posthotel Lamm","outdoor_seating":"yes","stars":"4","tourism":"hotel","@id":"node/10111794681","kind":"refreshment"},"geometry":{"type":"Point","coordinates":[11.5593324,46.567593]}},{"type":"Feature","properties":{"amenity":"cafe","name":"Cafe Stern","opening_hours":"07:30-19:00; Sa off","@id":"node/12004365367","kind":"refreshment"},"geometry":{"type":"Point","coordinates":[11.5588497,46.568088]}},{"type":"Feature","properties":{"amenity":"restaurant","cuisine":"italian_pizza;local","internet_access":"wlan","name":"Zur alten schmiede","opening_hours":"Tu-Su 12:00-22:00","@id":"node/12022735769","kind":"refreshment"},"geometry":{"type":"Point","coordinates":[11.5613096,46.5673981]}},{"type":"Feature","properties":{"addr:city":"Kastelruth - Castelrotto","amenity":"restaurant","email":"info@lamm-hotel.it","name":"Lampl Stube","phone":"+39 0471 706343","website":"https://www.lamm-hotel.it/gourmet-restaurant","@id":"node/12277252701","kind":"refreshment"},"geometry":{"type":"Point","coordinates":[11.559393,46.5676755]}},{"type":"Feature","properties":{"amenity":"cafe","building":"yes","indoor_seating":"yes","name":"Café Doris","outdoor_seating":"yes","@id":"way/39847677","kind":"refreshment"},"geometry":{"type":"Point","coordinates":[11.5594749,46.5656594]}},{"type":"Feature","properties":{"amenity":"restaurant","building":"yes","name":"Restaurant Ausserzoll","@id":"way/262033991","kind":"refreshment"},"geometry":{"type":"Point","coordinates":[11.559457,46.5661285]}},{"type":"Feature","properties":{"amenity":"drinking_water","bottle":"yes","drinking_water":"yes","ele":"1060","fee":"no","image":"https://www.refill.bz.it/images/sitemap/img_20201020_145138_3.jpg","indoor":"no","operator":"TWG Kastelruth","seasonal":"yes","source":"Refill Südtirol / Alto Adige","source:date":"2019-10-15","wheelchair":"yes","@id":"node/2287184778","kind":"water","name":null},"geometry":{"type":"Point","coordinates":[11.562081,46.566957]}},{"type":"Feature","properties":{"amenity":"shelter","fireplace":"no","shelter_type":"picnic_shelter","@id":"node/6037557252","kind":"shelter","name":null},"geometry":{"type":"Point","coordinates":[11.5628985,46.5689938]}},{"type":"Feature","properties":{"amenity":"drinking_water","bottle":"yes","drinking_water":"yes","ele":"1060","fee":"no","image":"https://www.refill.bz.it/images/sitemap/img_20201020_145814_7.jpg","indoor":"no","operator":"TWG Kastelruth","seasonal":"yes","source":"Refill Südtirol / Alto Adige","source:date":"2020-08-18","wheelchair":"yes","@id":"node/7823149401","kind":"water","name":null},"geometry":{"type":"Point","coordinates":[11.559146,46.568384]}},{"type":"Feature","properties":{"amenity":"drinking_water","bottle":"yes","drinking_water":"yes","ele":"1060","fee":"no","image":"https://www.refill.bz.it/images/sitemap/img_20201020_150017_3.jpg","indoor":"no","operator":"TWG Kastelruth","seasonal":"yes","source":"Refill Südtirol / Alto Adige","source:date":"20225-05-18","status":"inactive","wheelchair":"limited","@id":"node/8024666786","kind":"water","name":null},"geometry":{"type":"Point","coordinates":[11.5573582,46.5679865]}},{"type":"Feature","properties":{"amenity":"drinking_water","bottle":"yes","drinking_water":"conditional","ele":"1100","fee":"no","image":"https://www.refill.bz.it/images/sitemap/img_20201020_150321_8_2.jpg","indoor":"no","name:de":"Brunnen Kaiserbrunnen, Kastelruth","operator":"Gemeinde Kastelruth","seasonal":"yes","source":"Refill Südtirol / Alto Adige","source:date":"2020-10-22","wheelchair":"no","@id":"node/8035392785","kind":"water","name":null},"geometry":{"type":"Point","coordinates":[11.5595787,46.5698714]}},{"type":"Feature","properties":{"amenity":"drinking_water","bottle":"yes","drinking_water":"conditional","ele":"1100","fee":"no","image":"https://www.refill.bz.it/images/sitemap/img_20201020_100909_3.jpg","indoor":"no","operator":"Gemeinde Kastelruth","seasonal":"yes","source":"Refill Südtirol / Alto Adige","source:date":"2020-10-22","wheelchair":"no","@id":"node/8035404185","kind":"water","name":null},"geometry":{"type":"Point","coordinates":[11.559902,46.569988]}},{"type":"Feature","properties":{"access":"yes","amenity":"toilets","changing_table":"no","check_date":"2025-08-17","fee":"no","toilets:disposal":"flush","wheelchair":"yes","@id":"node/10106177559","kind":"toilets","name":null},"geometry":{"type":"Point","coordinates":[11.5604103,46.5679781]}},{"type":"Feature","properties":{"amenity":"drinking_water","bottle":"yes","@id":"node/12063035908","kind":"water","name":null},"geometry":{"type":"Point","coordinates":[11.5577216,46.5681608]}},{"type":"Feature","properties":{"amenity":"fountain","bottle":"yes","drinking_water":"yes","ele":"1060","fee":"no","image":"https://www.refill.bz.it/images/sitemap/img_20201020_145620_3.jpg","indoor":"no","name:de":"Dorfbrunnen","name:it":"Fontana del paese","operator":"TWG Kastelruth","source:date":"2025-05-18","wheelchair":"yes","@id":"way/371909288","kind":"water","name":null},"geometry":{"type":"Point","coordinates":[11.5595577,46.5677818]}},{"type":"Feature","properties":{"amenity":"fountain","name":"Kaiser Franz Josef Jubiläumsbrunnen - La fontana del giubileo dell’imperatore Francesco Giuseppe","name:de":"Kaiser Franz Josef Jubiläumsbrunnen","name:en":"Emperor Franz Joseph Jubilee Fountain","name:it":"La fontana del giubileo dell’imperatore Francesco Giuseppe","@id":"way/1253696672","kind":"water"},"geometry":{"type":"Point","coordinates":[11.5595776,46.5698609]}},{"type":"Feature","properties":{"artwork_type":"installation","description":"Kastelruther Spatzen","tourism":"artwork","wikimedia_commons":"File:Kunstwerk der Kastelruther Spatzen in Kastelruth 2022-10-16.jpg","@id":"node/5809091164","kind":"sight","name":null},"geometry":{"type":"Point","coordinates":[11.5588987,46.5653894]}},{"type":"Feature","properties":{"information":"office","name":"Tourist Information","opening_hours":"Mo-Sa 08:30-12:30,14:00-18:00","tourism":"information","wheelchair":"yes","@id":"node/10106633002","kind":"information"},"geometry":{"type":"Point","coordinates":[11.5592631,46.5678674]}},{"type":"Feature","properties":{"historic":"castle","name":"Ruine Kastelruth - Rovine di Castelrotto","name:de":"Ruine Kastelruth","name:it":"Rovine di Castelrotto","ruins":"yes","@id":"node/5977833791","kind":"sight"},"geometry":{"type":"Point","coordinates":[11.5596738,46.5698609]}},{"type":"Feature","properties":{"historic":"wayside_shrine","religion":"christian","@id":"node/11650023010","kind":"sight","name":null},"geometry":{"type":"Point","coordinates":[11.5591604,46.5701447]}},{"type":"Feature","properties":{"historic":"wayside_shrine","religion":"christian","@id":"node/11650023011","kind":"sight","name":null},"geometry":{"type":"Point","coordinates":[11.5591644,46.569759]}},{"type":"Feature","properties":{"historic":"wayside_shrine","religion":"christian","@id":"node/11650023012","kind":"sight","name":null},"geometry":{"type":"Point","coordinates":[11.5592935,46.5704682]}},{"type":"Feature","properties":{"historic":"wayside_cross","@id":"node/13019032480","kind":"sight","name":null},"geometry":{"type":"Point","coordinates":[11.5649961,46.5706284]}},{"type":"Feature","properties":{"amenity":"fountain","@id":"node/6696661485","kind":"water","name":null},"geometry":{"type":"Point","coordinates":[11.8590835,46.7714428]}},{"type":"Feature","properties":{"amenity":"drinking_water","bottle":"yes","drinking_water":"yes","ele":"863","fee":"no","indoor":"no","operator":"Gemeinde","source":"Refill Südtirol / Alto Adige","source:date":"2020-06-06","wheelchair":"yes","@id":"node/7597838085","kind":"water","name":null},"geometry":{"type":"Point","coordinates":[11.859081,46.771556]}},{"type":"Feature","properties":{"craft":"cheese_maturing","mobile":"+393478447653","name":"Genussbunker","tourism":"attraction","website":"https://genussbunker.it/","@id":"node/12185371872","kind":"sight"},"geometry":{"type":"Point","coordinates":[11.8527107,46.7688708]}},{"type":"Feature","properties":{"natural":"spring","@id":"node/11241798871","kind":"water","name":null},"geometry":{"type":"Point","coordinates":[11.8542057,46.7656815]}},{"type":"Feature","properties":{"historic":"wayside_cross","@id":"node/2459808447","kind":"sight","name":null},"geometry":{"type":"Point","coordinates":[11.865491,46.7644132]}},{"type":"Feature","properties":{"amenity":"restaurant","cuisine":"pizza;regional","diet:vegetarian":"yes","level":"1","name":"Alte Mühle","toilets":"yes","toilets:access":"yes","toilets:wheelchair":"yes","wheelchair":"yes","@id":"node/621170176","kind":"refreshment"},"geometry":{"type":"Point","coordinates":[11.6211725,46.8511327]}},{"type":"Feature","properties":{"amenity":"restaurant","name":"Luckner Huette","@id":"node/804040391","kind":"refreshment"},"geometry":{"type":"Point","coordinates":[11.630421,46.8453483]}},{"type":"Feature","properties":{"amenity":"restaurant","@id":"node/9917477586","kind":"refreshment","name":null},"geometry":{"type":"Point","coordinates":[11.6200691,46.8489652]}},{"type":"Feature","properties":{"addr:city":"Mühlbach - Rio di Pusteria","addr:city:de":"Mühlbach","addr:city:it":"Rio di Pusteria","addr:hamlet":"Vals - Valles","addr:hamlet:de":"Vals","addr:hamlet:it":"Valles","addr:housenumber":"10","addr:postcode":"39037","addr:street":"Hinterlände","amenity":"fast_food","building":"yes","name":"Martin's Grilloase","@id":"way/104529215","kind":"refreshment"},"geometry":{"type":"Point","coordinates":[11.6223154,46.8509901]}},{"type":"Feature","properties":{"addr:hamlet:de":"Vintl","addr:hamlet:en":"Vintl - Vandoies","addr:hamlet:it":"Vandoies","addr:postcode":"39037","addr:street:de":"Skiweg Bergstation","addr:street:en":"Skiweg Bergstation","addr:street:it":"Skiweg Bergstation","amenity":"drinking_water","bottle":"yes","drinking_water":"yes","ele":"1370","fee":"no","image":"https://www.refill.bz.it/images/sitemap/vals_dorf_1.jpg","indoor":"no","name:de":"Dorfbrunnen Vals","operator":"Fraktion Vals","seasonal":"spring;summer;autumn","source":"Refill Südtirol / Alto Adige","source:date":"2019-10-15","wheelchair":"yes","@id":"node/3661313096","kind":"water","name":null},"geometry":{"type":"Point","coordinates":[11.625874,46.841253]}},{"type":"Feature","properties":{"access":"yes","amenity":"toilets","changing_table":"no","fee":"no","level":"0","wheelchair":"yes","@id":"node/6337710825","kind":"toilets","name":null},"geometry":{"type":"Point","coordinates":[11.6212948,46.8506048]}},{"type":"Feature","properties":{"amenity":"fountain","@id":"node/9180941408","kind":"water","name":null},"geometry":{"type":"Point","coordinates":[11.6280824,46.8355506]}},{"type":"Feature","properties":{"amenity":"shelter","@id":"node/12058755885","kind":"shelter","name":null},"geometry":{"type":"Point","coordinates":[11.6215845,46.851327]}},{"type":"Feature","properties":{"amenity":"toilets","building":"yes","@id":"way/1082136601","kind":"toilets","name":null},"geometry":{"type":"Point","coordinates":[11.6190871,46.8495367]}},{"type":"Feature","properties":{"amenity":"toilets","building":"yes","@id":"way/1082136609","kind":"toilets","name":null},"geometry":{"type":"Point","coordinates":[11.6200328,46.8490911]}},{"type":"Feature","properties":{"information":"office","tourism":"information","@id":"node/1405563453","kind":"information","name":null},"geometry":{"type":"Point","coordinates":[11.6214076,46.8506579]}},{"type":"Feature","properties":{"man_made":"water_tap","@id":"node/12058755879","kind":"water","name":null},"geometry":{"type":"Point","coordinates":[11.6258307,46.84112]}},{"type":"Feature","properties":{"addr:city":"Durnholz - Valdurna","addr:postcode":"39058","amenity":"restaurant","name":"Jägerhof","phone":"+39 0471 625210","website":"https://www.jaegerhof.org/","@id":"node/3950162540","kind":"refreshment"},"geometry":{"type":"Point","coordinates":[11.4380546,46.7390952]}},{"type":"Feature","properties":{"amenity":"drinking_water","@id":"node/3569633093","kind":"water","name":null},"geometry":{"type":"Point","coordinates":[11.4381392,46.7392491]}},{"type":"Feature","properties":{"amenity":"drinking_water","@id":"node/3569633094","kind":"water","name":null},"geometry":{"type":"Point","coordinates":[11.4446617,46.7442978]}},{"type":"Feature","properties":{"amenity":"toilets","@id":"node/12138431257","kind":"toilets","name":null},"geometry":{"type":"Point","coordinates":[11.4399447,46.7391693]}},{"type":"Feature","properties":{"denomination":"catholic","historic":"wayside_cross","religion":"christian","@id":"node/3906804410","kind":"sight","name":null},"geometry":{"type":"Point","coordinates":[11.4383973,46.7359445]}},{"type":"Feature","properties":{"historic":"wayside_cross","@id":"node/13888875743","kind":"sight","name":null},"geometry":{"type":"Point","coordinates":[11.4390226,46.7395508]}},{"type":"Feature","properties":{"historic":"wayside_cross","@id":"node/13888889417","kind":"sight","name":null},"geometry":{"type":"Point","coordinates":[11.4557077,46.7419965]}},{"type":"Feature","properties":{"historic":"wayside_cross","@id":"node/13888889418","kind":"sight","name":null},"geometry":{"type":"Point","coordinates":[11.4363991,46.736691]}},{"type":"Feature","properties":{"historic":"wayside_cross","@id":"node/13888893410","kind":"sight","name":null},"geometry":{"type":"Point","coordinates":[11.4486276,46.7444933]}},{"type":"Feature","properties":{"historic":"wayside_cross","@id":"node/13888896618","kind":"sight","name":null},"geometry":{"type":"Point","coordinates":[11.4517796,46.7456706]}},{"type":"Feature","properties":{"historic":"wayside_cross","@id":"node/13888908038","kind":"sight","name":null},"geometry":{"type":"Point","coordinates":[11.44458,46.7440827]}},{"type":"Feature","properties":{"historic":"wayside_cross","@id":"node/13888908438","kind":"sight","name":null},"geometry":{"type":"Point","coordinates":[11.4464986,46.7419897]}},{"type":"Feature","properties":{"historic":"wayside_cross","@id":"node/13888909498","kind":"sight","name":null},"geometry":{"type":"Point","coordinates":[11.4531837,46.7429795]}},{"type":"Feature","properties":{"historic":"wayside_cross","@id":"node/13888910739","kind":"sight","name":null},"geometry":{"type":"Point","coordinates":[11.4531058,46.7461884]}},{"type":"Feature","properties":{"historic":"wayside_cross","@id":"node/13888911828","kind":"sight","name":null},"geometry":{"type":"Point","coordinates":[11.439712,46.7405476]}},{"type":"Feature","properties":{"historic":"wayside_cross","@id":"node/13888912251","kind":"sight","name":null},"geometry":{"type":"Point","coordinates":[11.4369407,46.7389069]}},{"type":"Feature","properties":{"historic":"wayside_cross","@id":"node/13888921719","kind":"sight","name":null},"geometry":{"type":"Point","coordinates":[11.4504158,46.7463791]}},{"type":"Feature","properties":{"amenity":"cafe","name":"Lintner","opening_hours":"Fr-We 08:00-18:00","@id":"node/751963089","kind":"refreshment"},"geometry":{"type":"Point","coordinates":[11.4648216,46.5377305]}},{"type":"Feature","properties":{"amenity":"restaurant","name":"Zentral","outdoor_seating":"yes","@id":"node/751963094","kind":"refreshment"},"geometry":{"type":"Point","coordinates":[11.4650404,46.5379137]}},{"type":"Feature","properties":{"amenity":"restaurant","indoor_seating":"yes","name":"Poststube","outdoor_seating":"yes","@id":"node/4306274334","kind":"refreshment"},"geometry":{"type":"Point","coordinates":[11.4640247,46.5372634]}},{"type":"Feature","properties":{"amenity":"restaurant","name":"Gasthof Amtmann","opening_hours":"Mo-Su 09:00-21:00","@id":"node/6442056486","kind":"refreshment"},"geometry":{"type":"Point","coordinates":[11.4675351,46.5419702]}},{"type":"Feature","properties":{"amenity":"fast_food","name":"Ritten Pizza Express","@id":"node/13112422994","kind":"refreshment"},"geometry":{"type":"Point","coordinates":[11.4602149,46.537942]}},{"type":"Feature","properties":{"addr:hamlet:de":"Ritten","addr:hamlet:en":"Ritten - Renon","addr:hamlet:it":"Renon","addr:postcode":"39054","addr:street:de":"Dorfstraße 14","addr:street:en":"Dorfstraße - Via del Paese 14","addr:street:it":"Via del Paese 14","amenity":"drinking_water","drinking_water":"yes","man_made":"water_tap","name:de":"Dorfbrunnen Klobenstein","source":"Refill Südtirol / Alto Adige","source:date":"2019-10-15","@id":"node/4370342599","kind":"water","name":null},"geometry":{"type":"Point","coordinates":[11.463495,46.536993]}},{"type":"Feature","properties":{"amenity":"toilets","fee":"no","@id":"node/8968201076","kind":"toilets","name":null},"geometry":{"type":"Point","coordinates":[11.4681313,46.5422734]}},{"type":"Feature","properties":{"tourism":"viewpoint","@id":"node/751963104","kind":"viewpoint","name":null},"geometry":{"type":"Point","coordinates":[11.4710603,46.5392915]}},{"type":"Feature","properties":{"tourism":"viewpoint","@id":"node/751963139","kind":"viewpoint","name":null},"geometry":{"type":"Point","coordinates":[11.4710807,46.5437106]}},{"type":"Feature","properties":{"tourism":"viewpoint","@id":"node/2467745372","kind":"viewpoint","name":null},"geometry":{"type":"Point","coordinates":[11.4742001,46.5417673]}},{"type":"Feature","properties":{"addr:city":"Ritten - Renon","addr:city:de":"Ritten","addr:city:it":"Renon","addr:hamlet":"Klobenstein - Collalbo","addr:hamlet:de":"Klobenstein","addr:hamlet:it":"Collalbo","addr:housenumber":"5","addr:postcode":"39054","addr:street":"Dorfstraße - Via del Paese","addr:street:de":"Dorfstraße","addr:street:it":"Via del Paese","information":"office","name":"Tourismusverein Riiten","opening_hours":"Mo-Fr 08:30-18:00; Sa 08:30-12:00","ref:vatin":"IT00879850212","tourism":"information","@id":"node/2755943350","kind":"information"},"geometry":{"type":"Point","coordinates":[11.4641098,46.5368421]}},{"type":"Feature","properties":{"tourism":"viewpoint","@id":"node/3450868940","kind":"viewpoint","name":null},"geometry":{"type":"Point","coordinates":[11.4651249,46.5395834]}},{"type":"Feature","properties":{"tourism":"viewpoint","@id":"node/3450868942","kind":"viewpoint","name":null},"geometry":{"type":"Point","coordinates":[11.4639371,46.5392549]}},{"type":"Feature","properties":{"tourism":"picnic_site","@id":"node/6733296009","kind":"picnic","name":null},"geometry":{"type":"Point","coordinates":[11.4660399,46.5400843]}},{"type":"Feature","properties":{"tourism":"picnic_site","@id":"node/9682788639","kind":"picnic","name":null},"geometry":{"type":"Point","coordinates":[11.4638115,46.5388833]}},{"type":"Feature","properties":{"historic":"memorial","name":"Peter Mayr","@id":"node/13112411888","kind":"sight"},"geometry":{"type":"Point","coordinates":[11.4633935,46.5369978]}},{"type":"Feature","properties":{"addr:country":"IT","addr:postcode":"39033","amenity":"restaurant","building":"yes","cuisine":"regional","ele":"2095","name":"Ütia Cherz","name:de":"Cherz-Hütte","name:it":"Rifugio Cherz","phone":"+39 0436 79270","tourism":"alpine_hut","@id":"way/199514205","kind":"hut"},"geometry":{"type":"Point","coordinates":[11.8848118,46.5168994]}},{"type":"Feature","properties":{"tourism":"viewpoint","@id":"node/12230147500","kind":"viewpoint","name":null},"geometry":{"type":"Point","coordinates":[11.8943806,46.503992]}},{"type":"Feature","properties":{"amenity":"bar","name":"Pider","@id":"node/8266806845","kind":"refreshment"},"geometry":{"type":"Point","coordinates":[11.9236827,46.658069]}},{"type":"Feature","properties":{"amenity":"bar","name":"Alpenrose","@id":"node/8266806846","kind":"refreshment"},"geometry":{"type":"Point","coordinates":[11.9238691,46.6575217]}},{"type":"Feature","properties":{"amenity":"biergarten","building":"yes","@id":"way/127094274","kind":"refreshment","name":null},"geometry":{"type":"Point","coordinates":[11.9301331,46.6624874]}},{"type":"Feature","properties":{"amenity":"restaurant","building":"yes","cuisine":"regional","name":"Lüch De Survisc","@id":"way/461632775","kind":"refreshment"},"geometry":{"type":"Point","coordinates":[11.9217927,46.6615518]}},{"type":"Feature","properties":{"amenity":"watering_place","@id":"node/8262410124","kind":"water","name":null},"geometry":{"type":"Point","coordinates":[11.9346227,46.6599076]}},{"type":"Feature","properties":{"amenity":"fountain","@id":"node/8264695632","kind":"water","name":null},"geometry":{"type":"Point","coordinates":[11.9245469,46.657633]}},{"type":"Feature","properties":{"amenity":"toilets","@id":"node/8266806843","kind":"toilets","name":null},"geometry":{"type":"Point","coordinates":[11.924606,46.6578077]}},{"type":"Feature","properties":{"information":"office","name":"Tourist office - La Valle/ Wengen","source":"Personal knowledgement","tourism":"information","@id":"node/2142526964","kind":"information"},"geometry":{"type":"Point","coordinates":[11.9249851,46.6575434]}},{"type":"Feature","properties":{"artwork_type":"installation","material":"wood","name":"Tru de meditaziun","operator":"cüra La Val","tourism":"artwork","@id":"node/4788697693","kind":"sight"},"geometry":{"type":"Point","coordinates":[11.9204532,46.6597409]}},{"type":"Feature","properties":{"tourism":"viewpoint","@id":"node/5707300788","kind":"viewpoint","name":null},"geometry":{"type":"Point","coordinates":[11.9303235,46.6619845]}},{"type":"Feature","properties":{"tourism":"viewpoint","@id":"node/8262410118","kind":"viewpoint","name":null},"geometry":{"type":"Point","coordinates":[11.9307237,46.6594003]}},{"type":"Feature","properties":{"denomination":"roman_catholic","name:it":"Casa del Servo di Dio Don Enrico Videsott","tourism":"attraction","@id":"node/8264695622","kind":"sight","name":null},"geometry":{"type":"Point","coordinates":[11.9252778,46.6579332]}},{"type":"Feature","properties":{"artwork_type":"sculpture","name":"La Gana","tourism":"artwork","@id":"node/8264695633","kind":"sight"},"geometry":{"type":"Point","coordinates":[11.9245579,46.6576452]}},{"type":"Feature","properties":{"artwork_type":"installation","tourism":"artwork","@id":"node/8264695655","kind":"sight","name":null},"geometry":{"type":"Point","coordinates":[11.9244712,46.6596643]}},{"type":"Feature","properties":{"artwork_type":"installation","tourism":"artwork","@id":"node/8264695656","kind":"sight","name":null},"geometry":{"type":"Point","coordinates":[11.9263835,46.659005]}},{"type":"Feature","properties":{"artwork_type":"installation","tourism":"artwork","@id":"node/8264695658","kind":"sight","name":null},"geometry":{"type":"Point","coordinates":[11.9273695,46.6586994]}},{"type":"Feature","properties":{"artwork_type":"installation","tourism":"artwork","@id":"node/8264695660","kind":"sight","name":null},"geometry":{"type":"Point","coordinates":[11.9278085,46.6590071]}},{"type":"Feature","properties":{"artwork_type":"installation","tourism":"artwork","@id":"node/8264695664","kind":"sight","name":null},"geometry":{"type":"Point","coordinates":[11.9296598,46.6598763]}},{"type":"Feature","properties":{"artist_name":"Domëne Moling","artwork_type":"mural","name:it":"Santi partoni di La Valle","tourism":"artwork","@id":"node/8264695676","kind":"sight","name":null},"geometry":{"type":"Point","coordinates":[11.9321258,46.6603908]}},{"type":"Feature","properties":{"artist_name":"Friederich Pacher","artwork_type":"mural","name":"Crocifissione","tourism":"artwork","@id":"node/8264695677","kind":"sight"},"geometry":{"type":"Point","coordinates":[11.9308389,46.6594131]}},{"type":"Feature","properties":{"historic":"wayside_cross","@id":"node/4439103690","kind":"sight","name":null},"geometry":{"type":"Point","coordinates":[11.931871,46.6605368]}},{"type":"Feature","properties":{"historic":"wayside_cross","@id":"node/8264695654","kind":"sight","name":null},"geometry":{"type":"Point","coordinates":[11.9240752,46.6595649]}},{"type":"Feature","properties":{"historic":"wayside_cross","@id":"node/8264695662","kind":"sight","name":null},"geometry":{"type":"Point","coordinates":[11.9299267,46.6598095]}},{"type":"Feature","properties":{"building":"ruins","historic":"ruins","name":"Dlijia vedla San Sénese","name:de":"Alte Kirche Hl. Genesius","name:it":"Chiesa antica San Genesio","name:lld":"Dlijia vedla San Sénese","@id":"way/446675100","kind":"sight"},"geometry":{"type":"Point","coordinates":[11.9318379,46.6606643]}},{"type":"Feature","properties":{"denomination":"roman_catholic","historic":"wayside_shrine","religion":"christian","@id":"way/532070219","kind":"sight","name":null},"geometry":{"type":"Point","coordinates":[11.9357403,46.6598017]}},{"type":"Feature","properties":{"historic":"wayside_shrine","@id":"way/532689758","kind":"sight","name":null},"geometry":{"type":"Point","coordinates":[11.9295336,46.664753]}},{"type":"Feature","properties":{"denomination":"roman_catholic","historic":"wayside_shrine","religion":"christian","@id":"way/889056095","kind":"sight","name":null},"geometry":{"type":"Point","coordinates":[11.9254506,46.6577587]}},{"type":"Feature","properties":{"denomination":"roman_catholic","historic":"wayside_shrine","religion":"christian","@id":"way/889056096","kind":"sight","name":null},"geometry":{"type":"Point","coordinates":[11.9269914,46.6567244]}},{"type":"Feature","properties":{"denomination":"roman_catholic","historic":"wayside_shrine","religion":"christian","@id":"way/889056097","kind":"sight","name":null},"geometry":{"type":"Point","coordinates":[11.9263877,46.6564604]}},{"type":"Feature","properties":{"amenity":"restaurant","cuisine":"regional","name":"Ristorante-Pizzeria-Sarathei","@id":"node/796043189","kind":"refreshment"},"geometry":{"type":"Point","coordinates":[12.3522842,46.1198806]}},{"type":"Feature","properties":{"amenity":"restaurant","name":"Agriturismo Mezzomiglio","@id":"node/940225428","kind":"refreshment"},"geometry":{"type":"Point","coordinates":[12.3677408,46.0906224]}},{"type":"Feature","properties":{"addr:housenumber":"1","addr:street":"Via Giacomo Matteotti","amenity":"restaurant","check_date":"2024-10-19","indoor_seating":"yes","name":"Albergo Ristorante Bortoluzzi","outdoor_seating":"yes","tourism":"hotel","@id":"node/1261958046","kind":"refreshment"},"geometry":{"type":"Point","coordinates":[12.3588105,46.1212403]}},{"type":"Feature","properties":{"amenity":"bar","@id":"node/1271158933","kind":"refreshment","name":null},"geometry":{"type":"Point","coordinates":[12.3549285,46.1242302]}},{"type":"Feature","properties":{"amenity":"restaurant","name":"Agriturismo S. Anna","@id":"node/1756268472","kind":"refreshment"},"geometry":{"type":"Point","coordinates":[12.4284327,46.1176398]}},{"type":"Feature","properties":{"addr:housenumber":"11","addr:street":"Via Trieste","amenity":"bar","indoor_seating":"yes","name":"Da Guerrino","outdoor_seating":"no","@id":"node/2194901312","kind":"refreshment"},"geometry":{"type":"Point","coordinates":[12.3592032,46.1198339]}},{"type":"Feature","properties":{"amenity":"bar","@id":"node/2194914637","kind":"refreshment","name":null},"geometry":{"type":"Point","coordinates":[12.3599809,46.1214139]}},{"type":"Feature","properties":{"amenity":"cafe","indoor_seating":"yes","outdoor_seating":"no","@id":"node/2194914640","kind":"refreshment","name":null},"geometry":{"type":"Point","coordinates":[12.3583529,46.1212208]}},{"type":"Feature","properties":{"amenity":"bar","indoor_seating":"yes","name":"Bar alimentari Peterle e Celant","outdoor_seating":"no","@id":"node/2194914665","kind":"refreshment"},"geometry":{"type":"Point","coordinates":[12.3598281,46.1218194]}},{"type":"Feature","properties":{"amenity":"cafe","check_date":"2024-10-19","indoor_seating":"yes","name":"Bar da Fernanda","outdoor_seating":"yes","@id":"node/2194914683","kind":"refreshment"},"geometry":{"type":"Point","coordinates":[12.3580414,46.1215332]}},{"type":"Feature","properties":{"amenity":"restaurant","@id":"node/2463156103","kind":"refreshment","name":null},"geometry":{"type":"Point","coordinates":[12.4370301,46.1215276]}},{"type":"Feature","properties":{"amenity":"cafe","@id":"node/2514502410","kind":"refreshment","name":null},"geometry":{"type":"Point","coordinates":[12.357075,46.1214989]}},{"type":"Feature","properties":{"amenity":"restaurant","cuisine":"italian","name":"Locanda \"al Capriolo\"","@id":"node/3650875231","kind":"refreshment"},"geometry":{"type":"Point","coordinates":[12.4115323,46.0905143]}},{"type":"Feature","properties":{"amenity":"restaurant","name":"Malga Illary","@id":"node/11227536337","kind":"refreshment"},"geometry":{"type":"Point","coordinates":[12.4372185,46.1610833]}},{"type":"Feature","properties":{"amenity":"restaurant","name":"La Calesita","opening_hours":"Fr-Su 09:30-15:00","@id":"node/11385104171","kind":"refreshment"},"geometry":{"type":"Point","coordinates":[12.3312078,46.1510966]}},{"type":"Feature","properties":{"addr:city":"Bastia","addr:housenumber":"150/152","addr:postcode":"32016","addr:street":"Viale Alpago","amenity":"restaurant","cuisine":"pizza;italian","diet:local":"yes","name":"Ristorante Hotel BEIO","opening_hours":"Mo-Su 07:00-22:00","phone":"+39 392 698 0001","@id":"node/12553857279","kind":"refreshment"},"geometry":{"type":"Point","coordinates":[12.3367177,46.1325392]}},{"type":"Feature","properties":{"amenity":"restaurant","building":"yes","name":"Ristorante \"La Huta\"","@id":"way/154290958","kind":"refreshment"},"geometry":{"type":"Point","coordinates":[12.4113572,46.0910188]}},{"type":"Feature","properties":{"addr:city":"Farra d'Alpago","addr:housenumber":"33","addr:postcode":"32010","addr:street":"Viale al Lago","amenity":"restaurant","building":"yes","capacity":"150","cuisine":"italian","indoor_seating":"yes","name":"Villa Al Lago","outdoor_seating":"yes","phone":"+39 338 5230255","smoking":"outside","takeaway":"no","@id":"way/208787125","kind":"refreshment"},"geometry":{"type":"Point","coordinates":[12.3545776,46.1189055]}},{"type":"Feature","properties":{"amenity":"restaurant","building":"yes","name":"Agriturismo Pian Formosa","outdoor_seating":"yes","@id":"way/209022841","kind":"refreshment"},"geometry":{"type":"Point","coordinates":[12.4340783,46.1675769]}},{"type":"Feature","properties":{"addr:city":"Chies d'Alpago","addr:postcode":"32010","addr:street":"Via Cate","amenity":"restaurant","building":"yes","contact:facebook":"https://www.facebook.com/agriturismocaserapal","name":"Malga Cate","phone":"+39 329 4428227","website":"https://www.caserapal.it/","@id":"way/209023048","kind":"refreshment"},"geometry":{"type":"Point","coordinates":[12.4433772,46.1604128]}},{"type":"Feature","properties":{"amenity":"drinking_water","@id":"node/303958797","kind":"water","name":null},"geometry":{"type":"Point","coordinates":[12.3264864,46.1719357]}},{"type":"Feature","properties":{"amenity":"drinking_water","@id":"node/303958804","kind":"water","name":null},"geometry":{"type":"Point","coordinates":[12.327298,46.171719]}},{"type":"Feature","properties":{"amenity":"drinking_water","@id":"node/303958813","kind":"water","name":null},"geometry":{"type":"Point","coordinates":[12.3290212,46.1711193]}},{"type":"Feature","properties":{"amenity":"drinking_water","drinking_water":"conditional","name":"Fontana Roana","natural":"spring","@id":"node/310624863","kind":"water"},"geometry":{"type":"Point","coordinates":[12.3348235,46.1779977]}},{"type":"Feature","properties":{"amenity":"drinking_water","@id":"node/708873104","kind":"water","name":null},"geometry":{"type":"Point","coordinates":[12.3675751,46.1088742]}},{"type":"Feature","properties":{"amenity":"shelter","@id":"node/708878168","kind":"shelter","name":null},"geometry":{"type":"Point","coordinates":[12.373506,46.0949996]}},{"type":"Feature","properties":{"amenity":"drinking_water","@id":"node/799360973","kind":"water","name":null},"geometry":{"type":"Point","coordinates":[12.4115682,46.0900865]}},{"type":"Feature","properties":{"amenity":"drinking_water","@id":"node/813196389","kind":"water","name":null},"geometry":{"type":"Point","coordinates":[12.4166424,46.0665713]}},{"type":"Feature","properties":{"amenity":"fountain","@id":"node/1261933921","kind":"water","name":null},"geometry":{"type":"Point","coordinates":[12.3594729,46.1216744]}},{"type":"Feature","properties":{"amenity":"fountain","@id":"node/1261933956","kind":"water","name":null},"geometry":{"type":"Point","coordinates":[12.3572521,46.1221057]}},{"type":"Feature","properties":{"amenity":"drinking_water","description":"Senza attacco","@id":"node/1882501850","kind":"water","name":null},"geometry":{"type":"Point","coordinates":[12.4116589,46.0901733]}},{"type":"Feature","properties":{"amenity":"drinking_water","@id":"node/1882501851","kind":"water","name":null},"geometry":{"type":"Point","coordinates":[12.4090036,46.0978206]}},{"type":"Feature","properties":{"amenity":"drinking_water","source":"wetap.org","wetap:status":"working","@id":"node/2351683043","kind":"water","name":null},"geometry":{"type":"Point","coordinates":[12.353976,46.11884]}},{"type":"Feature","properties":{"amenity":"drinking_water","source":"wetap.org","wetap:status":"working","@id":"node/2351683047","kind":"water","name":null},"geometry":{"type":"Point","coordinates":[12.336145,46.132866]}},{"type":"Feature","properties":{"amenity":"drinking_water","check_date":"2021-09-26","@id":"node/2359404932","kind":"water","name":null},"geometry":{"type":"Point","coordinates":[12.4029542,46.0668662]}},{"type":"Feature","properties":{"amenity":"fountain","@id":"node/2514502412","kind":"water","name":null},"geometry":{"type":"Point","coordinates":[12.3575724,46.1215535]}},{"type":"Feature","properties":{"amenity":"drinking_water","@id":"node/3137004970","kind":"water","name":null},"geometry":{"type":"Point","coordinates":[12.4385328,46.1115656]}},{"type":"Feature","properties":{"amenity":"fountain","drinking_water":"yes","@id":"node/3848917601","kind":"water","name":null},"geometry":{"type":"Point","coordinates":[12.4298129,46.1184072]}},{"type":"Feature","properties":{"amenity":"drinking_water","@id":"node/4095764703","kind":"water","name":null},"geometry":{"type":"Point","coordinates":[12.4198702,46.1945228]}},{"type":"Feature","properties":{"amenity":"drinking_water","@id":"node/5058203921","kind":"water","name":null},"geometry":{"type":"Point","coordinates":[12.4409269,46.1048699]}},{"type":"Feature","properties":{"amenity":"watering_place","@id":"node/6789970159","kind":"water","name":null},"geometry":{"type":"Point","coordinates":[12.43432,46.1673824]}},{"type":"Feature","properties":{"amenity":"shelter","bin":"no","fixme":"Sembra non esserci più. Controllare","source":"survey","@id":"node/7229036585","kind":"shelter","name":null},"geometry":{"type":"Point","coordinates":[12.4432466,46.0629362]}},{"type":"Feature","properties":{"access":"yes","amenity":"drinking_water","bottle":"yes","fee":"no","@id":"node/7262876535","kind":"water","name":null},"geometry":{"type":"Point","coordinates":[12.4293443,46.1676531]}},{"type":"Feature","properties":{"access":"yes","amenity":"drinking_water","bottle":"yes","fee":"no","@id":"node/7262918112","kind":"water","name":null},"geometry":{"type":"Point","coordinates":[12.4319321,46.1674685]}},{"type":"Feature","properties":{"access":"yes","amenity":"drinking_water","bottle":"yes","fee":"no","@id":"node/7262960659","kind":"water","name":null},"geometry":{"type":"Point","coordinates":[12.4317219,46.1605704]}},{"type":"Feature","properties":{"access":"yes","amenity":"drinking_water","bottle":"yes","fee":"no","@id":"node/7291319178","kind":"water","name":null},"geometry":{"type":"Point","coordinates":[12.4433207,46.1605858]}},{"type":"Feature","properties":{"amenity":"bbq","@id":"node/8949457959","kind":"picnic","name":null},"geometry":{"type":"Point","coordinates":[12.4330333,46.1488659]}},{"type":"Feature","properties":{"amenity":"drinking_water","bottle":"yes","@id":"node/8949468344","kind":"water","name":null},"geometry":{"type":"Point","coordinates":[12.4332204,46.1489193]}},{"type":"Feature","properties":{"amenity":"drinking_water","@id":"node/9146345063","kind":"water","name":null},"geometry":{"type":"Point","coordinates":[12.3831768,46.207234]}},{"type":"Feature","properties":{"amenity":"drinking_water","@id":"node/9165125327","kind":"water","name":null},"geometry":{"type":"Point","coordinates":[12.4347869,46.1149221]}},{"type":"Feature","properties":{"amenity":"drinking_water","@id":"node/12150377841","kind":"water","name":null},"geometry":{"type":"Point","coordinates":[12.357804,46.182773]}},{"type":"Feature","properties":{"amenity":"drinking_water","@id":"node/12915626410","kind":"water","name":null},"geometry":{"type":"Point","coordinates":[12.4285669,46.1782218]}},{"type":"Feature","properties":{"amenity":"drinking_water","fountain":"drinking","@id":"node/13124810616","kind":"water","name":null},"geometry":{"type":"Point","coordinates":[12.356259,46.1206995]}},{"type":"Feature","properties":{"amenity":"toilets","building":"yes","@id":"way/341200741","kind":"toilets","name":null},"geometry":{"type":"Point","coordinates":[12.3532985,46.1188701]}},{"type":"Feature","properties":{"amenity":"toilets","building":"yes","fee":"no","wheelchair":"yes","@id":"way/621783229","kind":"toilets","name":null},"geometry":{"type":"Point","coordinates":[12.3535914,46.1187297]}},{"type":"Feature","properties":{"amenity":"shelter","shelter_type":"picnic_shelter","@id":"way/989689835","kind":"shelter","name":null},"geometry":{"type":"Point","coordinates":[12.3816053,46.2018794]}},{"type":"Feature","properties":{"tourism":"picnic_site","@id":"node/796138561","kind":"picnic","name":null},"geometry":{"type":"Point","coordinates":[12.3676748,46.1088466]}},{"type":"Feature","properties":{"information":"office","tourism":"information","@id":"node/796138598","kind":"information","name":null},"geometry":{"type":"Point","coordinates":[12.355401,46.1211806]}},{"type":"Feature","properties":{"tourism":"viewpoint","@id":"node/804003821","kind":"viewpoint","name":null},"geometry":{"type":"Point","coordinates":[12.3419843,46.122883]}},{"type":"Feature","properties":{"tourism":"viewpoint","@id":"node/804003886","kind":"viewpoint","name":null},"geometry":{"type":"Point","coordinates":[12.3426072,46.1236339]}},{"type":"Feature","properties":{"tourism":"picnic_site","@id":"node/805613507","kind":"picnic","name":null},"geometry":{"type":"Point","coordinates":[12.3558197,46.1154604]}},{"type":"Feature","properties":{"description":"View of \"Pian Cansiglio\" and Alpago mountains","tourism":"viewpoint","@id":"node/811334113","kind":"viewpoint","name":null},"geometry":{"type":"Point","coordinates":[12.4407577,46.0643439]}},{"type":"Feature","properties":{"covered":"no","tourism":"picnic_site","@id":"node/859237372","kind":"picnic","name":null},"geometry":{"type":"Point","coordinates":[12.4221575,46.064444]}},{"type":"Feature","properties":{"circumference":"4.75 m","description":"natural_monument","height":"15 m","leaf_type":"broadleaved","name":"Fagheron di Sant'Anna","natural":"tree","species":"Fagus sylvatica","species:it":"Faggio","start_date":"~C17","tourism":"attraction","wikidata":"Q67644347","@id":"node/1212412871","kind":"sight"},"geometry":{"type":"Point","coordinates":[12.4336079,46.1162696]}},{"type":"Feature","properties":{"name":"Area picnic ex Caserma Bianchin","tourism":"picnic_site","@id":"node/2359404869","kind":"picnic"},"geometry":{"type":"Point","coordinates":[12.4022297,46.0670422]}},{"type":"Feature","properties":{"note":"panorama su Farra d'Alpago e lago di Santa Croce","tourism":"viewpoint","@id":"node/3148909779","kind":"viewpoint","name":null},"geometry":{"type":"Point","coordinates":[12.3623366,46.1122264]}},{"type":"Feature","properties":{"tourism":"viewpoint","@id":"node/3153192522","kind":"viewpoint","name":null},"geometry":{"type":"Point","coordinates":[12.3777938,46.1004194]}},{"type":"Feature","properties":{"tourism":"picnic_site","@id":"node/7262879917","kind":"picnic","name":null},"geometry":{"type":"Point","coordinates":[12.4284085,46.1674796]}},{"type":"Feature","properties":{"access":"yes","tourism":"picnic_site","@id":"node/7291319177","kind":"picnic","name":null},"geometry":{"type":"Point","coordinates":[12.4329563,46.1603963]}},{"type":"Feature","properties":{"artist_name":"Giorgio Vazza","artwork_type":"sculpture","material":"wood","name":"Occhio","tourism":"artwork","@id":"node/9054087351","kind":"sight"},"geometry":{"type":"Point","coordinates":[12.3450063,46.1229048]}},{"type":"Feature","properties":{"artist_name":"Giorgio Vazza","artwork_type":"sculpture","material":"wood","name":"Uccello","tourism":"artwork","@id":"node/9060728795","kind":"sight"},"geometry":{"type":"Point","coordinates":[12.3394745,46.1255891]}},{"type":"Feature","properties":{"artwork_type":"sculpture","material":"wood","name":"Cavallo","tourism":"artwork","@id":"node/9060728796","kind":"sight"},"geometry":{"type":"Point","coordinates":[12.3385886,46.1259544]}},{"type":"Feature","properties":{"artwork_type":"sculpture","tourism":"artwork","@id":"node/13142203477","kind":"sight","name":null},"geometry":{"type":"Point","coordinates":[12.4319935,46.16747]}},{"type":"Feature","properties":{"building":"hotel","disused:building":"yes","name":"Rifugio Sant'Osvaldo","state":"closed","tourism":"alpine_hut","website":"http://www.albergosantosvaldo.it/","@id":"way/147745930","kind":"hut"},"geometry":{"type":"Point","coordinates":[12.4047402,46.0659355]}},{"type":"Feature","properties":{"building":"yes","tourism":"museum","@id":"way/154290900","kind":"sight","name":null},"geometry":{"type":"Point","coordinates":[12.4123824,46.0904095]}},{"type":"Feature","properties":{"barrier":"fence","fence_type":"wood","name":"Archeton","surface":"grass","tourism":"picnic_site","@id":"way/169266037","kind":"picnic"},"geometry":{"type":"Point","coordinates":[12.4169703,46.0659763]}},{"type":"Feature","properties":{"amenity":"restaurant","building":"retail","building:levels":"1","name":"Rifugio Carota","roof:levels":"2","tourism":"alpine_hut","@id":"way/208885398","kind":"hut"},"geometry":{"type":"Point","coordinates":[12.3538174,46.1794747]}},{"type":"Feature","properties":{"building":"yes","ele":"1166","name":"Casera Crosetta","tourism":"alpine_hut","@id":"way/209014263","kind":"hut"},"geometry":{"type":"Point","coordinates":[12.4195494,46.1944217]}},{"type":"Feature","properties":{"tourism":"picnic_site","@id":"way/518565465","kind":"picnic","name":null},"geometry":{"type":"Point","coordinates":[12.4412425,46.1049418]}},{"type":"Feature","properties":{"name":"Cava Le Val","sport":"climbing","tourism":"picnic_site","@id":"way/617623064","kind":"picnic"},"geometry":{"type":"Point","coordinates":[12.4378049,46.1241099]}},{"type":"Feature","properties":{"building":"yes","information":"office","tourism":"information","@id":"way/1533466655","kind":"information","name":null},"geometry":{"type":"Point","coordinates":[12.3553834,46.1211841]}},{"type":"Feature","properties":{"tourism":"picnic_site","type":"multipolygon","@id":"relation/12262396","kind":"picnic","name":null},"geometry":{"type":"Point","coordinates":[12.4439723,46.1089547]}},{"type":"Feature","properties":{"tourism":"picnic_site","type":"multipolygon","@id":"relation/12262397","kind":"picnic","name":null},"geometry":{"type":"Point","coordinates":[12.440685,46.1054039]}},{"type":"Feature","properties":{"tourism":"picnic_site","type":"multipolygon","@id":"relation/12262398","kind":"picnic","name":null},"geometry":{"type":"Point","coordinates":[12.4407529,46.1048741]}},{"type":"Feature","properties":{"natural":"spring","@id":"node/1616662488","kind":"water","name":null},"geometry":{"type":"Point","coordinates":[12.3830856,46.2082385]}},{"type":"Feature","properties":{"ele":"1128","intermittent":"yes","name":"Fontana Pian de L'Erba","natural":"spring","source":"survey;gps","@id":"node/7055709866","kind":"water"},"geometry":{"type":"Point","coordinates":[12.4362733,46.0675753]}},{"type":"Feature","properties":{"name":"Fontana Col del Nas","natural":"spring","source":"survey","survey:date":"2021-05-26","@id":"node/8769032204","kind":"water"},"geometry":{"type":"Point","coordinates":[12.461375,46.0787858]}},{"type":"Feature","properties":{"leisure":"picnic_table","@id":"node/811334122","kind":"picnic","name":null},"geometry":{"type":"Point","coordinates":[12.4407373,46.0643096]}},{"type":"Feature","properties":{"leisure":"picnic_table","@id":"node/859236982","kind":"picnic","name":null},"geometry":{"type":"Point","coordinates":[12.4411325,46.0640231]}},{"type":"Feature","properties":{"leisure":"picnic_table","@id":"node/859237038","kind":"picnic","name":null},"geometry":{"type":"Point","coordinates":[12.4413749,46.0641287]}},{"type":"Feature","properties":{"leisure":"picnic_table","@id":"node/859237305","kind":"picnic","name":null},"geometry":{"type":"Point","coordinates":[12.4411006,46.0642004]}},{"type":"Feature","properties":{"leisure":"picnic_table","@id":"node/859237850","kind":"picnic","name":null},"geometry":{"type":"Point","coordinates":[12.4413354,46.0644351]}},{"type":"Feature","properties":{"covered":"no","leisure":"picnic_table","@id":"node/961401976","kind":"picnic","name":null},"geometry":{"type":"Point","coordinates":[12.4221716,46.0643622]}},{"type":"Feature","properties":{"leisure":"picnic_table","@id":"node/1557477604","kind":"picnic","name":null},"geometry":{"type":"Point","coordinates":[12.4175025,46.0658432]}},{"type":"Feature","properties":{"covered":"no","leisure":"picnic_table","@id":"node/1557477605","kind":"picnic","name":null},"geometry":{"type":"Point","coordinates":[12.417953,46.0659316]}},{"type":"Feature","properties":{"leisure":"picnic_table","@id":"node/1557477607","kind":"picnic","name":null},"geometry":{"type":"Point","coordinates":[12.4170656,46.0659363]}},{"type":"Feature","properties":{"leisure":"picnic_table","@id":"node/1557477610","kind":"picnic","name":null},"geometry":{"type":"Point","coordinates":[12.4167473,46.0660378]}},{"type":"Feature","properties":{"leisure":"picnic_table","@id":"node/1557477611","kind":"picnic","name":null},"geometry":{"type":"Point","coordinates":[12.4163762,46.0660469]}},{"type":"Feature","properties":{"check_date":"2021-09-26","leisure":"picnic_table","@id":"node/2359404918","kind":"picnic","name":null},"geometry":{"type":"Point","coordinates":[12.4032353,46.0666648]}},{"type":"Feature","properties":{"check_date":"2021-09-26","leisure":"picnic_table","@id":"node/2359404925","kind":"picnic","name":null},"geometry":{"type":"Point","coordinates":[12.4033413,46.0667472]}},{"type":"Feature","properties":{"check_date":"2021-09-26","leisure":"picnic_table","@id":"node/2359404928","kind":"picnic","name":null},"geometry":{"type":"Point","coordinates":[12.4031309,46.0668119]}},{"type":"Feature","properties":{"check_date":"2021-09-26","leisure":"picnic_table","@id":"node/2359404938","kind":"picnic","name":null},"geometry":{"type":"Point","coordinates":[12.4024631,46.0669832]}},{"type":"Feature","properties":{"check_date":"2021-09-26","leisure":"picnic_table","@id":"node/2359404939","kind":"picnic","name":null},"geometry":{"type":"Point","coordinates":[12.4023033,46.066992]}},{"type":"Feature","properties":{"check_date":"2021-09-26","leisure":"picnic_table","@id":"node/2359404949","kind":"picnic","name":null},"geometry":{"type":"Point","coordinates":[12.4021198,46.0670655]}},{"type":"Feature","properties":{"check_date":"2021-09-26","leisure":"picnic_table","@id":"node/2359404950","kind":"picnic","name":null},"geometry":{"type":"Point","coordinates":[12.4022147,46.0671029]}},{"type":"Feature","properties":{"check_date":"2021-09-26","leisure":"picnic_table","@id":"node/2359404951","kind":"picnic","name":null},"geometry":{"type":"Point","coordinates":[12.4019663,46.067172]}},{"type":"Feature","properties":{"covered":"no","leisure":"picnic_table","@id":"node/5118282915","kind":"picnic","name":null},"geometry":{"type":"Point","coordinates":[12.3503372,46.1196109]}},{"type":"Feature","properties":{"covered":"no","leisure":"picnic_table","@id":"node/5118283023","kind":"picnic","name":null},"geometry":{"type":"Point","coordinates":[12.3497752,46.1192142]}},{"type":"Feature","properties":{"covered":"no","leisure":"picnic_table","@id":"node/7930440404","kind":"picnic","name":null},"geometry":{"type":"Point","coordinates":[12.4218222,46.0643697]}},{"type":"Feature","properties":{"covered":"no","leisure":"picnic_table","@id":"node/7930451479","kind":"picnic","name":null},"geometry":{"type":"Point","coordinates":[12.4218853,46.064438]}},{"type":"Feature","properties":{"covered":"no","leisure":"picnic_table","@id":"node/7930470668","kind":"picnic","name":null},"geometry":{"type":"Point","coordinates":[12.4222764,46.064604]}},{"type":"Feature","properties":{"covered":"no","leisure":"picnic_table","@id":"node/7930478832","kind":"picnic","name":null},"geometry":{"type":"Point","coordinates":[12.4220731,46.0643894]}},{"type":"Feature","properties":{"covered":"no","leisure":"picnic_table","@id":"node/7930483840","kind":"picnic","name":null},"geometry":{"type":"Point","coordinates":[12.424035,46.0648859]}},{"type":"Feature","properties":{"leisure":"picnic_table","@id":"node/9146345034","kind":"picnic","name":null},"geometry":{"type":"Point","coordinates":[12.3816106,46.2018716]}},{"type":"Feature","properties":{"bench":"yes","leisure":"picnic_table","lit":"no","material":"wood","@id":"node/9310346297","kind":"picnic","name":null},"geometry":{"type":"Point","coordinates":[12.4384525,46.1217347]}},{"type":"Feature","properties":{"bench":"yes","leisure":"picnic_table","lit":"no","material":"wood","@id":"node/9310346298","kind":"picnic","name":null},"geometry":{"type":"Point","coordinates":[12.4384981,46.1217211]}},{"type":"Feature","properties":{"leisure":"picnic_table","@id":"node/9566595546","kind":"picnic","name":null},"geometry":{"type":"Point","coordinates":[12.4081835,46.0976229]}},{"type":"Feature","properties":{"backrest":"no","covered":"no","leisure":"picnic_table","material":"metal","@id":"node/11998914559","kind":"picnic","name":null},"geometry":{"type":"Point","coordinates":[12.353861,46.1186163]}},{"type":"Feature","properties":{"backrest":"no","covered":"no","leisure":"picnic_table","material":"metal","@id":"node/11998923055","kind":"picnic","name":null},"geometry":{"type":"Point","coordinates":[12.3542939,46.1184068]}},{"type":"Feature","properties":{"backrest":"no","covered":"no","leisure":"picnic_table","material":"metal","@id":"node/11998929821","kind":"picnic","name":null},"geometry":{"type":"Point","coordinates":[12.3539692,46.1185769]}},{"type":"Feature","properties":{"backrest":"no","covered":"no","leisure":"picnic_table","material":"metal","@id":"node/11998938271","kind":"picnic","name":null},"geometry":{"type":"Point","coordinates":[12.3542747,46.1185307]}},{"type":"Feature","properties":{"historic":"memorial","material":"stone","memorial":"war_memorial","name":"Monumento ai Caduti","@id":"node/303749241","kind":"sight"},"geometry":{"type":"Point","coordinates":[12.3245812,46.172494]}},{"type":"Feature","properties":{"historic":"memorial","memorial":"statue","name":"Monumento ai caduti della Seconda Guerra Mondiale","@id":"node/813196385","kind":"sight"},"geometry":{"type":"Point","coordinates":[12.4059579,46.0668761]}},{"type":"Feature","properties":{"historic":"memorial","@id":"node/961539477","kind":"sight","name":null},"geometry":{"type":"Point","coordinates":[12.4113486,46.0890701]}},{"type":"Feature","properties":{"historic":"memorial","memorial":"obelisk","name":"Farra ai Suoi Caduti","@id":"node/1261958165","kind":"sight"},"geometry":{"type":"Point","coordinates":[12.3576933,46.121325]}},{"type":"Feature","properties":{"historic":"memorial","memorial":"statue","@id":"node/1261958241","kind":"sight","name":null},"geometry":{"type":"Point","coordinates":[12.3563079,46.1211613]}},{"type":"Feature","properties":{"historic":"wayside_shrine","name":"Grotta","religion":"christian","@id":"node/4584392798","kind":"sight"},"geometry":{"type":"Point","coordinates":[12.3401579,46.1349541]}},{"type":"Feature","properties":{"denomination":"catholic","historic":"wayside_shrine","name":"Nostra Signora del Cansiglio","@id":"node/5058204795","kind":"sight"},"geometry":{"type":"Point","coordinates":[12.4464218,46.1084483]}},{"type":"Feature","properties":{"historic":"wayside_shrine","image":"https://photos.app.goo.gl/ddgVZQ2ozbsqbKs66","religion":"christian","@id":"node/5118521332","kind":"sight","name":null},"geometry":{"type":"Point","coordinates":[12.3491886,46.1200766]}},{"type":"Feature","properties":{"direction":"NNW","historic":"memorial","inscription":"N. 2-10-1964 M. 7-9-1980 Zoppé Antonio tu vivi con noi I tuoi amici","material":"stone","memorial":"plaque","name":"Zoppé Antonio","source":"survey","@id":"node/7264246741","kind":"sight"},"geometry":{"type":"Point","coordinates":[12.4478582,46.0660759]}},{"type":"Feature","properties":{"historic":"monument","inscription":"Al GRUPPO ALPINI di BORSOI GRAZIE!\n1991/2016: venticinque anni di solidarietà ed amicizia.\nANFFAS SAN VENDEMIANO\n3 luglio 2016","material":"stone","@id":"node/8986568043","kind":"sight","name":null},"geometry":{"type":"Point","coordinates":[12.4328872,46.1488585]}},{"type":"Feature","properties":{"historic":"memorial","inscription":"Alla memoria del Ten. Col. Vincenzo Ficuciello e dei Soldati Giosuè Palma Guido Panetti","memorial":"stele","@id":"node/9182881884","kind":"sight","name":null},"geometry":{"type":"Point","coordinates":[12.4370663,46.1120946]}},{"type":"Feature","properties":{"historic":"memorial","inscription":"Ricordando Bepi Cantoni 11-8-85","memorial":"plaque","@id":"node/11883665280","kind":"sight","name":null},"geometry":{"type":"Point","coordinates":[12.33481,46.1780744]}},{"type":"Feature","properties":{"historic":"wayside_cross","start_date":"1985-08-11","@id":"node/11883665281","kind":"sight","name":null},"geometry":{"type":"Point","coordinates":[12.3348623,46.1781255]}},{"type":"Feature","properties":{"amenity":"restaurant","name":"Oberölgart","@id":"node/1828692675","kind":"refreshment"},"geometry":{"type":"Point","coordinates":[11.4226983,46.4731905]}},{"type":"Feature","properties":{"amenity":"drinking_water","@id":"node/2486158958","kind":"water","name":null},"geometry":{"type":"Point","coordinates":[11.448999,46.4638105]}},{"type":"Feature","properties":{"historic":"wayside_cross","@id":"node/2486167097","kind":"sight","name":null},"geometry":{"type":"Point","coordinates":[11.4471788,46.4671102]}},{"type":"Feature","properties":{"addr:postcode":"39040","amenity":"restaurant","building":"yes","cuisine":"regional","name":"Lahneralm - Malga Laner","name:de":"Lahneralm","name:it":"Malga Laner","opening_hours":"May 01-Jul 31,Sep 01-Oct 31: Sa-Th,PH 10:00-17:00; Fr off; Aug: Mo-Su,PH 10:00-17:00","outdoor_seating":"yes","self_service":"no","website":"https://www.lahner-alm.com","@id":"way/39255832","kind":"refreshment"},"geometry":{"type":"Point","coordinates":[11.4114597,46.368825]}},{"type":"Feature","properties":{"amenity":"drinking_water","name":"Floscherbrindl","@id":"node/8733467103","kind":"water"},"geometry":{"type":"Point","coordinates":[11.4185275,46.3633927]}},{"type":"Feature","properties":{"amenity":"watering_place","@id":"node/8948882606","kind":"water","name":null},"geometry":{"type":"Point","coordinates":[11.4325843,46.3547219]}},{"type":"Feature","properties":{"amenity":"drinking_water","@id":"node/13049985050","kind":"water","name":null},"geometry":{"type":"Point","coordinates":[11.4332762,46.3548922]}},{"type":"Feature","properties":{"addr:city":"Aldein - Aldino","addr:housenumber":"40","addr:postcode":"39040","addr:street":"Lerch","ele":"1535","email":"info@bletterbach.info","fee":"yes","name":"GEOPARC Bletterbach - Visitor Center","opening_hours":"May-Oct: 09:30-18:00","operator":"GEOPARC Bletterbach","phone":"+39 0471 886946","tourism":"museum","website":"https://www.bletterbach.info","wheelchair":"yes","@id":"node/1474261044","kind":"sight"},"geometry":{"type":"Point","coordinates":[11.4070465,46.3663055]}},{"type":"Feature","properties":{"tourism":"viewpoint","@id":"node/1764589096","kind":"viewpoint","name":null},"geometry":{"type":"Point","coordinates":[11.4168097,46.363772]}},{"type":"Feature","properties":{"tourism":"viewpoint","@id":"node/1764589097","kind":"viewpoint","name":null},"geometry":{"type":"Point","coordinates":[11.4163948,46.3635602]}},{"type":"Feature","properties":{"tourism":"viewpoint","@id":"node/3379332612","kind":"viewpoint","name":null},"geometry":{"type":"Point","coordinates":[11.4138595,46.3651087]}},{"type":"Feature","properties":{"name":"Panorama Bletterbach","tourism":"viewpoint","@id":"node/3379343394","kind":"viewpoint"},"geometry":{"type":"Point","coordinates":[11.4341986,46.3548378]}},{"type":"Feature","properties":{"tourism":"viewpoint","@id":"node/3379349247","kind":"viewpoint","name":null},"geometry":{"type":"Point","coordinates":[11.4175003,46.3613319]}},{"type":"Feature","properties":{"tourism":"viewpoint","@id":"node/3489098264","kind":"viewpoint","name":null},"geometry":{"type":"Point","coordinates":[11.4306287,46.3620927]}},{"type":"Feature","properties":{"name":"Bletterbach-Schlucht - Gola del Bletterbach","name:de":"Bletterbach-Schlucht","name:fr":"Gorges du Bletterbach","name:it":"Gola del Bletterbach","place":"locality","tourism":"attraction","@id":"node/6574545607","kind":"sight"},"geometry":{"type":"Point","coordinates":[11.4116996,46.3628801]}},{"type":"Feature","properties":{"tourism":"viewpoint","@id":"node/7232656857","kind":"viewpoint","name":null},"geometry":{"type":"Point","coordinates":[11.4280188,46.3631265]}},{"type":"Feature","properties":{"check_date":"2024-05-12","source":"mt","tourism":"viewpoint","@id":"node/11899602800","kind":"viewpoint","name":null},"geometry":{"type":"Point","coordinates":[11.4267681,46.3568121]}},{"type":"Feature","properties":{"artwork_type":"installation","tourism":"artwork","@id":"node/12986483306","kind":"sight","name":null},"geometry":{"type":"Point","coordinates":[11.4121919,46.3678172]}},{"type":"Feature","properties":{"artwork_type":"installation","tourism":"artwork","@id":"node/12986483307","kind":"sight","name":null},"geometry":{"type":"Point","coordinates":[11.4120906,46.3677124]}},{"type":"Feature","properties":{"artwork_type":"installation","tourism":"artwork","@id":"node/12986487607","kind":"sight","name":null},"geometry":{"type":"Point","coordinates":[11.4121899,46.3673038]}},{"type":"Feature","properties":{"artwork_type":"tilework","material":"metal","note":"mit Metall in den Boden eingelassene Karte von Südtirol mit den UNESCO Naturerberegionen","tourism":"artwork","@id":"node/13021362785","kind":"sight","name":null},"geometry":{"type":"Point","coordinates":[11.4137813,46.3650772]}},{"type":"Feature","properties":{"name":"Bletterbach-Schlucht - Gola del Bletterbach","name:de":"Bletterbach-Schlucht","name:it":"Gola del Bletterbach","natural":"valley","tourism":"attraction","@id":"way/768330518","kind":"sight"},"geometry":{"type":"Point","coordinates":[11.4078191,46.3598032]}},{"type":"Feature","properties":{"historic":"wayside_shrine","@id":"node/5836593664","kind":"sight","name":null},"geometry":{"type":"Point","coordinates":[11.427926,46.3636484]}},{"type":"Feature","properties":{"historic":"wayside_shrine","name":"Hl. Florian","@id":"node/8863612847","kind":"sight"},"geometry":{"type":"Point","coordinates":[11.4277837,46.3562721]}},{"type":"Feature","properties":{"historic":"memorial","inscription":"In ricordo di MARIO BIASIOLLI","material":"stone","memorial":"plaque","@id":"node/12923864767","kind":"sight","name":null},"geometry":{"type":"Point","coordinates":[11.4165525,46.3639422]}},{"type":"Feature","properties":{"historic":"memorial","inscription":"Karlheinz Kuper","material":"wood","memorial":"plaque","@id":"node/12924765523","kind":"sight","name":null},"geometry":{"type":"Point","coordinates":[11.4186948,46.3623469]}},{"type":"Feature","properties":{"historic":"wayside_shrine","religion":"christian","@id":"node/12924770151","kind":"sight","name":null},"geometry":{"type":"Point","coordinates":[11.4234904,46.3607584]}},{"type":"Feature","properties":{"amenity":"drinking_water","@id":"node/7042190016","kind":"water","name":null},"geometry":{"type":"Point","coordinates":[11.3818082,46.2694371]}},{"type":"Feature","properties":{"amenity":"drinking_water","@id":"node/7042190017","kind":"water","name":null},"geometry":{"type":"Point","coordinates":[11.3855536,46.2687978]}},{"type":"Feature","properties":{"name":"Tavolo e panchina vista lago Stramentizzo","tourism":"picnic_site","@id":"node/12331175963","kind":"picnic"},"geometry":{"type":"Point","coordinates":[11.3790153,46.2681877]}},{"type":"Feature","properties":{"man_made":"water_well","@id":"node/4331379212","kind":"water","name":null},"geometry":{"type":"Point","coordinates":[11.3818421,46.2693913]}},{"type":"Feature","properties":{"leisure":"picnic_table","name":"Panchina e tavolo vista lago di Stramentizzo","@id":"node/12331192387","kind":"picnic"},"geometry":{"type":"Point","coordinates":[11.3788755,46.2681581]}},{"type":"Feature","properties":{"amenity":"restaurant","building":"yes","contact:email":"info@gasthof-huber.it","cuisine":"italian","name":"Gasthof Huber","opening_hours":"Mo-Su 12:00-14:00, 18:00-21:00","phone":"+390474748670","tourism":"guest_house","website":"https://www.gasthof-huber.it","@id":"way/103317133","kind":"refreshment"},"geometry":{"type":"Point","coordinates":[12.1300876,46.7190172]}},{"type":"Feature","properties":{"amenity":"restaurant","building":"yes","contact:email":"info@gasthof-dolomiten.com","cuisine":"italian","name":"Gasthof Dolomiten","opening_hours":"Mo-Su 12:00-14:00, 18:00-20:30","phone":"+390474748677","tourism":"guest_house","website":"https://www.gasthof-dolomiten.com","@id":"way/119446225","kind":"refreshment"},"geometry":{"type":"Point","coordinates":[12.1306577,46.7196601]}},{"type":"Feature","properties":{"amenity":"drinking_water","bottle":"yes","drinking_water":"conditional","ele":"1220","fee":"no","image":"https://www.refill.bz.it/images/sitemap/brunnen_gasthof_dolomiten.jpg","indoor":"no","operator":"Comune di Braies","seasonal":"yes","source":"Refill Südtirol / Alto Adige","source:date":"2019-10-15","wheelchair":"yes","@id":"node/420787100","kind":"water","name":null},"geometry":{"type":"Point","coordinates":[12.130942,46.719843]}},{"type":"Feature","properties":{"amenity":"drinking_water","@id":"node/1811602723","kind":"water","name":null},"geometry":{"type":"Point","coordinates":[12.1325642,46.720357]}},{"type":"Feature","properties":{"amenity":"drinking_water","bottle":"yes","drinking_water":"yes","ele":"1220","indoor":"no","name:de":"Brunnen Kirche Schmieden","name:en":"Fountain Church Schmieden/Ferrara","name:it":"Fontana Chiesa Ferrara","operator":"Gemeinde Prags","seasonal":"yes","source":"Refill Südtirol / Alto Adige","source:date":"2020-12-29","wheelchair":"yes","@id":"node/8269340217","kind":"water","name":null},"geometry":{"type":"Point","coordinates":[12.129904,46.719332]}},{"type":"Feature","properties":{"amenity":"shelter","building":"yes","shelter_type":"public_transport","@id":"way/119389954","kind":"shelter","name":null},"geometry":{"type":"Point","coordinates":[12.1388965,46.7209078]}},{"type":"Feature","properties":{"addr:city":"Niederdorf - Villabassa","addr:housenumber":"1","addr:postcode":"39039","addr:street":"Jakob-Traunsteiner-Straße - Via Jakob Traunsteiner","addr:street:de":"Jakob-Traunsteiner-Straße","addr:street:it":"Via Jakob Traunsteiner","amenity":"pub","check_date":"2025-01-10","contact:facebook":"https://www.facebook.com/profile.php?id=100028473173440","contact:phone":"+39 329 1916091","indoor_seating":"yes","name":"Alp Tirol","opening_hours":"Tu-Su 08:00-01:00","outdoor_seating":"pedestrian_zone","@id":"node/279716572","kind":"refreshment"},"geometry":{"type":"Point","coordinates":[12.169633,46.7378752]}},{"type":"Feature","properties":{"addr:city":"Niederdorf - Villabassa","addr:city:de":"Niederdorf","addr:city:it":"Villabassa","addr:housenumber":"12","addr:postcode":"39039","addr:street":"Frau-Emma-Straße - Via Frau Emma","addr:street:de":"Frau-Emma-Straße","addr:street:it":"Via Frau Emma","amenity":"cafe","name":"Gartencafe","@id":"node/279716579","kind":"refreshment"},"geometry":{"type":"Point","coordinates":[12.1708508,46.7375106]}},{"type":"Feature","properties":{"amenity":"cafe","diet:vegetarian":"yes","name":"Tennisbar","opening_hours":"Mo-Sa 11:00-22:00; Su 10:00-20:00","phone":"+39 340 8946194","@id":"node/4656760753","kind":"refreshment"},"geometry":{"type":"Point","coordinates":[12.1766733,46.7376524]}},{"type":"Feature","properties":{"amenity":"restaurant","contact:phone":"+39 0474 745330","cuisine":"pizza;mexican","diet:vegan":"yes","diet:vegetarian":"yes","email":"mexicocity.eu@gmail.com","indoor_seating":"yes","level":"0","name":"Mexico City","opening_hours":"Mo 00:00-01:30; Tu 18:00-24:00; We-Fr 00:00-01:30, 18:00-24:00; Sa-Su 00:00-02:00, 18:00-24:00","outdoor_seating":"no","payment:credit_cards":"yes","payment:debit_cards":"yes","ref:vatin":"IT00709360218","toilets":"yes","toilets:wheelchair":"limited","website":"https://www.mexico-city.eu/","wheelchair":"limited","@id":"node/12232848024","kind":"refreshment"},"geometry":{"type":"Point","coordinates":[12.1683546,46.7389987]}},{"type":"Feature","properties":{"addr:city":"Niederdorf - Villabassa","addr:city:de":"Niederdorf","addr:city:it":"Villabassa","addr:housenumber":"8","addr:postcode":"39039","addr:street":"Hans-Wassermann-Straße - Via Hans Wassermann","addr:street:de":"Hans-Wassermann-Straße","addr:street:it":"Via Hans Wassermann","amenity":"cafe","check_date":"2025-01-21","contact:instagram":"https://www.instagram.com/apfelcaffee/","contact:pec":"apfel.cafe@pec.cgn.it","name":"Apfel Caffè","opening_hours":"Mo,We,Th,Fr 08:00-12:00,15:00-18:00; Tu off; Sa,Su 08:00-12:00,15:00-18:00","operator":"Walsh Luah & CO","ref:vatin":"IT03245390210","@id":"node/12521029437","kind":"refreshment"},"geometry":{"type":"Point","coordinates":[12.1675198,46.7381896]}},{"type":"Feature","properties":{"addr:city":"Niederdorf - Villabassa","addr:city:de":"Niederdorf","addr:city:it":"Villabassa","addr:housenumber":"6","addr:street":"Von-Kurz-Platz - Piazza Von Kurz","addr:street:de":"Von-Kurz-Platz","addr:street:it":"Piazza Von Kurz","amenity":"fast_food","branch":"Niederdorf - Villabassa","branch:de":"Niederdorf","branch:it":"Villabassa","brand":"Pizza Döner Südtirol","check_date":"2025-07-28","contact:email":"mustafasardar796@gmail.com","contact:facebook":"https://www.facebook.com/PizzaDoenerSuedtirol/","contact:phone":"+39 329 4111827","contact:website":"https://pizza-suedtirol-doner.eatbu.com/","cuisine":"kebab;pizza","delivery":"yes","indoor_seating":"yes","name":"Pizza Döner Südtirol","opening_hours":"11:30-23:00","outdoor_seating":"pedestrian_zone","payment:cash":"yes","payment:credit_cards":"yes","payment:debit_cards":"yes","ref:ATECO":"56.10.2","ref:vatin":"IT03097320216","takeaway":"yes","@id":"node/13032141585","kind":"refreshment"},"geometry":{"type":"Point","coordinates":[12.1693962,46.7377169]}},{"type":"Feature","properties":{"amenity":"cafe","building":"yes","indoor_seating":"yes","loc_name":"Eisbar","name":"Wunderbar","outdoor_seating":"yes","@id":"way/217502350","kind":"refreshment"},"geometry":{"type":"Point","coordinates":[12.169178,46.7373864]}},{"type":"Feature","properties":{"amenity":"drinking_water","bottle":"yes","drinking_water":"yes","fee":"no","fountain":"drinking","historic":"yes","image":"https://www.refill.bz.it/images/sitemap/img_0984.jpg","indoor":"no","name":"Lexer","name:de":"Lexer","start_date":"1880","wheelchair":"yes","@id":"node/279714547","kind":"water"},"geometry":{"type":"Point","coordinates":[12.1661059,46.738216]}},{"type":"Feature","properties":{"amenity":"drinking_water","bottle":"yes","drinking_water":"yes","fee":"no","fountain":"drinking","image":"https://www.refill.bz.it/images/sitemap/img_1015.jpg","indoor":"no","source":"Refill Südtirol / Alto Adige","source:date":"2019-10-15","wheelchair":"yes","@id":"node/279714554","kind":"water","name":null},"geometry":{"type":"Point","coordinates":[12.1672008,46.7387429]}},{"type":"Feature","properties":{"access":"yes","amenity":"drinking_water","bottle":"yes","drinking_water":"yes","fee":"no","fountain":"drinking","image":"https://www.refill.bz.it/images/sitemap/img_1035.jpg","indoor":"no","opening_hours":"24/7","seasonal":"no","source":"Refill Südtirol / Alto Adige","source:date":"2019-10-15","wheelchair":"yes","@id":"node/279716575","kind":"water","name":null},"geometry":{"type":"Point","coordinates":[12.1707811,46.7378158]}},{"type":"Feature","properties":{"amenity":"drinking_water","bottle":"yes","drinking_water":"yes","fee":"no","fountain":"drinking","image":"https://www.refill.bz.it/images/sitemap/img_1055.jpg","indoor":"no","source":"Refill Südtirol / Alto Adige","source:date":"2019-10-15","wheelchair":"yes","@id":"node/279716583","kind":"water","name":null},"geometry":{"type":"Point","coordinates":[12.1727685,46.7373634]}},{"type":"Feature","properties":{"amenity":"drinking_water","bottle":"yes","drinking_water":"yes","fee":"no","fountain":"drinking","image":"https://www.refill.bz.it/images/sitemap/img_1069.jpg","indoor":"no","source":"Refill Südtirol / Alto Adige","source:date":"2019-10-15","wheelchair":"yes","@id":"node/279716589","kind":"water","name":null},"geometry":{"type":"Point","coordinates":[12.1744934,46.7370893]}},{"type":"Feature","properties":{"amenity":"drinking_water","bottle":"yes","drinking_water":"yes","fee":"no","fountain":"drinking","image":"https://www.refill.bz.it/images/sitemap/sonnta_brunnen.jpg","indoor":"no","loc_name":"Sonta","name":"Santer","opening_hours":"24/7","seasonal":"no","source":"Refill Südtirol / Alto Adige","source:date":"2019-10-15","wheelchair":"limited","@id":"node/5758450901","kind":"water"},"geometry":{"type":"Point","coordinates":[12.1673875,46.7380048]}},{"type":"Feature","properties":{"amenity":"drinking_water","bottle":"yes","drinking_water":"yes","fee":"no","fountain":"drinking","image":"https://www.refill.bz.it/images/sitemap/img_1003.jpg","indoor":"no","source":"Refill Südtirol / Alto Adige","source:date":"2020-06-06","start_date":"1975","wheelchair":"yes","@id":"node/7597331186","kind":"water","name":null},"geometry":{"type":"Point","coordinates":[12.1693947,46.7392099]}},{"type":"Feature","properties":{"amenity":"drinking_water","check_date":"2025-09-13","fee":"no","fountain":"drinking","opening_hours":"24/7","@id":"node/7597331187","kind":"water","name":null},"geometry":{"type":"Point","coordinates":[12.1692,46.739645]}},{"type":"Feature","properties":{"amenity":"drinking_water","bottle":"no","drinking_water":"yes","fee":"no","fountain":"drinking","image":"https://www.refill.bz.it/images/sitemap/img_0928.jpg","indoor":"no","seasonal":"yes","source":"Refill Südtirol / Alto Adige","source:date":"2020-09-02","wheelchair":"yes","@id":"node/7868892286","kind":"water","name":null},"geometry":{"type":"Point","coordinates":[12.1674328,46.7366483]}},{"type":"Feature","properties":{"amenity":"drinking_water","bottle":"yes","description:de":"Brunnen Bahnhof Niederdorf","description:it":"Fontana stazione di Villabassa","drinking_water":"yes","fee":"no","fountain":"drinking","image":"https://www.refill.bz.it/images/sitemap/img_0939.jpg","indoor":"no","seasonal":"yes","source":"Refill Südtirol / Alto Adige","source:date":"2020-09-02","wheelchair":"yes","@id":"node/7868938985","kind":"water","name":null},"geometry":{"type":"Point","coordinates":[12.1667727,46.7366692]}},{"type":"Feature","properties":{"amenity":"drinking_water","bottle":"yes","drinking_water":"yes","fee":"no","fountain":"drinking","image":"https://www.refill.bz.it/images/sitemap/img_0964.jpg","indoor":"no","name":"Ex Waage","source":"Refill Südtirol / Alto Adige","source:date":"2020-09-02","wheelchair":"yes","@id":"node/7868938986","kind":"water"},"geometry":{"type":"Point","coordinates":[12.1645173,46.7381719]}},{"type":"Feature","properties":{"amenity":"drinking_water","bottle":"yes","drinking_water":"yes","fee":"no","fountain":"drinking","image":"https://www.refill.bz.it/images/sitemap/img_1047.jpg","indoor":"no","name":"Schneider","source":"Refill Südtirol / Alto Adige","source:date":"2020-09-03","wheelchair":"yes","@id":"node/7871471485","kind":"water"},"geometry":{"type":"Point","coordinates":[12.1720272,46.7370346]}},{"type":"Feature","properties":{"access":"customers","amenity":"toilets","wheelchair":"yes","@id":"node/11824993058","kind":"toilets","name":null},"geometry":{"type":"Point","coordinates":[12.1767322,46.7376765]}},{"type":"Feature","properties":{"amenity":"fountain","fountain":"decorative","@id":"node/12434334285","kind":"water","name":null},"geometry":{"type":"Point","coordinates":[12.1709318,46.7377544]}},{"type":"Feature","properties":{"access":"yes","amenity":"drinking_water","check_date":"2025-09-13","covered":"yes","fee":"no","fountain":"drinking","man_made":"water_tap","opening_hours":"24/7","@id":"node/13134731994","kind":"water","name":null},"geometry":{"type":"Point","coordinates":[12.1692956,46.739905]}},{"type":"Feature","properties":{"access":"yes","amenity":"drinking_water","check_date":"2025-09-13","fee":"no","fountain":"drinking","man_made":"water_tap","opening_hours":"24/7","@id":"node/13134734620","kind":"water","name":null},"geometry":{"type":"Point","coordinates":[12.1701046,46.7393608]}},{"type":"Feature","properties":{"access":"yes","amenity":"drinking_water","check_date":"2025-09-13","covered":"yes","fee":"no","fountain":"drinking","man_made":"water_tap","opening_hours":"24/7","@id":"node/13134757751","kind":"water","name":null},"geometry":{"type":"Point","coordinates":[12.1705283,46.7398167]}},{"type":"Feature","properties":{"amenity":"shelter","bench":"yes","building":"yes","shelter_type":"public_transport","@id":"way/711724237","kind":"shelter","name":null},"geometry":{"type":"Point","coordinates":[12.1689484,46.7382483]}},{"type":"Feature","properties":{"amenity":"shelter","building":"yes","shelter_type":"public_transport","@id":"way/711724246","kind":"shelter","name":null},"geometry":{"type":"Point","coordinates":[12.1694652,46.7380104]}},{"type":"Feature","properties":{"amenity":"shelter","bench":"yes","building":"roof","layer":"1","shelter_type":"public_transport","@id":"way/1318003751","kind":"shelter","name":null},"geometry":{"type":"Point","coordinates":[12.1667486,46.7364677]}},{"type":"Feature","properties":{"amenity":"shelter","bench":"yes","building":"roof","layer":"1","shelter_type":"public_transport","@id":"way/1318003752","kind":"shelter","name":null},"geometry":{"type":"Point","coordinates":[12.166596,46.7366189]}},{"type":"Feature","properties":{"amenity":"fountain","bottle":"yes","drinking_water":"yes","fee":"no","fountain":"drinking","image":"https://www.refill.bz.it/images/sitemap/img_1020.jpg","opening_hours":"24/7","seasonal":"no","source":"Refill Südtirol / Alto Adige","source:date":"2019-10-15","wheelchair":"no","@id":"way/1351552077","kind":"water","name":null},"geometry":{"type":"Point","coordinates":[12.1692102,46.7379955]}},{"type":"Feature","properties":{"amenity":"toilets","fee":"no","female":"yes","level":"0","male":"yes","toilets:position":"seated;urinal","unisex":"no","wheelchair":"yes","@id":"way/1427366946","kind":"toilets","name":null},"geometry":{"type":"Point","coordinates":[12.166913,46.7366897]}},{"type":"Feature","properties":{"addr:city":"Niederdorf - Villabassa","addr:city:de":"Niederdorf","addr:city:it":"Villabassa","addr:housenumber":"8","addr:postcode":"39039","addr:street":"Hans-Wassermann-Straße - Via Hans Wassermann","addr:street:de":"Hans-Wassermann-Straße","addr:street:it":"Via Hans Wassermann","fee":"yes","museum":"local","name":"Fremdenverkehrsmuseum Haus Wassermann - Museo del Turismo Wassermann","name:de":"Fremdenverkehrsmuseum Haus Wassermann","name:it":"Museo del Turismo Wassermann","operator":"Gemeinde Niederdorf - Comune di Villabassa","operator:de":"Gemeinde Niederdorf","operator:it":"Comune di Villabassa","operator:wikidata":"Q504724","phone":"+39 0474 745133","tourism":"museum","@id":"node/279714556","kind":"sight"},"geometry":{"type":"Point","coordinates":[12.1675824,46.7382406]}},{"type":"Feature","properties":{"artist_name":"Georg Krautgasser","artwork_type":"sculpture","tourism":"artwork","@id":"node/12503195422","kind":"sight","name":null},"geometry":{"type":"Point","coordinates":[12.1704941,46.7366756]}},{"type":"Feature","properties":{"artist_name":"Georg Krautgasser","artwork_type":"sculpture","tourism":"artwork","@id":"node/12503195423","kind":"sight","name":null},"geometry":{"type":"Point","coordinates":[12.1707218,46.7366684]}},{"type":"Feature","properties":{"artist_name":"Georg Krautgasser","artwork_type":"sculpture","tourism":"artwork","@id":"node/12503195424","kind":"sight","name":null},"geometry":{"type":"Point","coordinates":[12.1705572,46.7366275]}},{"type":"Feature","properties":{"artist_name":"Georg Krautgasser","artwork_type":"sculpture","tourism":"artwork","@id":"node/12503195425","kind":"sight","name":null},"geometry":{"type":"Point","coordinates":[12.1705004,46.7366294]}},{"type":"Feature","properties":{"artwork_type":"sculpture","tourism":"artwork","@id":"node/12893725119","kind":"sight","name":null},"geometry":{"type":"Point","coordinates":[12.1778564,46.7373375]}},{"type":"Feature","properties":{"tourism":"viewpoint","@id":"node/13091376752","kind":"viewpoint","name":null},"geometry":{"type":"Point","coordinates":[12.1750523,46.7338408]}},{"type":"Feature","properties":{"addr:city":"Niederdorf - Villabassa","addr:city:de":"Niederdorf","addr:city:it":"Villabassa","addr:housenumber":"3","addr:postcode":"39039","addr:street":"Bahnhofstraße - Via Stazione","addr:street:de":"Bahnhofstraße","addr:street:it":"Via Stazione","check_date":"2025-09-05","contact:email":"info@niederdorf.it","contact:facebook":"https://www.facebook.com/Niederdorf.Villabassa/","contact:instagram":"https://www.instagram.com/villabassa_niederdorf/","contact:phone":"+39 0474 745136","contact:website":"http://www.niederdorf.info/","information":"office","level":"0","name":"Tourismusbüro Niederdorf - Ufficio Turistico di Villabassa","name:de":"Tourismusbüro Niederdorf","name:it":"Ufficio Turistico di Villabassa","opening_hours":"Mo-Fr 09:00-12:00,15:00-18:00; Sa 09:00-12:00; Su off","operator":"Tourismusverein Niederdorf - Associazione Turistica di Villabassa","operator:de":"Tourismusverein Niederdorf","operator:it":"Associazione Turistica di Villabassa","ref:SDI":"USAL8PV","ref:vatin":"IT00508560216","short_name:de":"TV Niederdorf","tourism":"information","@id":"node/13125710293","kind":"information"},"geometry":{"type":"Point","coordinates":[12.1671006,46.7366984]}},{"type":"Feature","properties":{"covered":"no","leisure":"picnic_table","lit":"no","@id":"node/12031293256","kind":"picnic","name":null},"geometry":{"type":"Point","coordinates":[12.1783587,46.7374845]}},{"type":"Feature","properties":{"covered":"no","leisure":"picnic_table","material":"wood","@id":"node/12031293259","kind":"picnic","name":null},"geometry":{"type":"Point","coordinates":[12.1673255,46.7380313]}},{"type":"Feature","properties":{"covered":"no","leisure":"picnic_table","material":"wood","@id":"node/12503195250","kind":"picnic","name":null},"geometry":{"type":"Point","coordinates":[12.1726213,46.7364132]}},{"type":"Feature","properties":{"denomination":"roman_catholic","historic":"wayside_cross","religion":"christian","@id":"node/12487289619","kind":"sight","name":null},"geometry":{"type":"Point","coordinates":[12.1682481,46.7399235]}},{"type":"Feature","properties":{"denomination":"roman_catholic","historic":"wayside_cross","religion":"christian","@id":"node/12508330983","kind":"sight","name":null},"geometry":{"type":"Point","coordinates":[12.168265,46.7376516]}},{"type":"Feature","properties":{"historic":"memorial","inscription:1":"DAS K. u. K. INFRANTERIEREGIMENT REICHSGRAF BROWNE № 36 SEINEN IN TREUER PFLICHTERFÜLLUNG AM 21 DEZEMBER 1910 DURCH LAWINENSTURZ VERUNGLÜCKTEN KAMERADEN","inscription:2":"ES RUHEN HIER ZUGSFéHRER WENZEL WYBORN UND INFANTERIST FRANZ DUCHAN DER 5 KORPORAL WENZEL HORCIK INFANTERIST ANTON KORINEK UND IWAN KEFURT DER 7 FELDKOMPANIE INFANTERIST MORKO SUSSMANN IST IN SEINER HEIMAT BEERDIGT P PRUGGER NIEDERDORF","memorial":"statue","memorial:conflict":"WW1","name":"Soldatendenkmal des K. u. K. Infanterie-Regiments Nr. 36 - Memoriale dei soldati del reggimento di fanteria K. u. K. n. 36","name:de":"Soldatendenkmal des K. u. K. Infanterie-Regiments Nr. 36","name:it":"Memoriale dei soldati del reggimento di fanteria K. u. K. n. 36","war_memorial":"yes","@id":"node/12508477895","kind":"sight"},"geometry":{"type":"Point","coordinates":[12.1698369,46.7395525]}},{"type":"Feature","properties":{"denomination":"roman_catholic","historic":"wayside_cross","material":"wood","religion":"christian","@id":"node/12607193270","kind":"sight","name":null},"geometry":{"type":"Point","coordinates":[12.1721313,46.7380268]}},{"type":"Feature","properties":{"denomination":"roman_catholic","historic":"wayside_cross","religion":"christian","@id":"node/12998933751","kind":"sight","name":null},"geometry":{"type":"Point","coordinates":[12.1745754,46.7366093]}},{"type":"Feature","properties":{"denomination":"roman_catholic","historic":"wayside_cross","religion":"christian","@id":"node/13100251678","kind":"sight","name":null},"geometry":{"type":"Point","coordinates":[12.1749011,46.7396247]}},{"type":"Feature","properties":{"denomination":"roman_catholic","historic":"wayside_cross","religion":"christian","@id":"node/13100259829","kind":"sight","name":null},"geometry":{"type":"Point","coordinates":[12.1729882,46.7388997]}},{"type":"Feature","properties":{"denomination":"roman_catholic","historic":"wayside_cross","religion":"christian","@id":"node/13100264294","kind":"sight","name":null},"geometry":{"type":"Point","coordinates":[12.1660258,46.7389049]}},{"type":"Feature","properties":{"denomination":"roman_catholic","historic":"wayside_cross","religion":"christian","@id":"node/13100269333","kind":"sight","name":null},"geometry":{"type":"Point","coordinates":[12.1687775,46.7401336]}},{"type":"Feature","properties":{"denomination":"roman_catholic","historic":"wayside_cross","religion":"christian","@id":"node/13100274142","kind":"sight","name":null},"geometry":{"type":"Point","coordinates":[12.1673152,46.7370883]}},{"type":"Feature","properties":{"denomination":"roman_catholic","historic":"wayside_cross","material":"wood","religion":"christian","@id":"node/13514755446","kind":"sight","name":null},"geometry":{"type":"Point","coordinates":[12.1725062,46.7377812]}},{"type":"Feature","properties":{"amenity":"place_of_worship","building":"wayside_shrine","denomination":"catholic","historic":"wayside_shrine","name":"Stöckl","name:de":"Stöckl","religion":"christian","source:name:de":"Flurnamen-Datenbank Südtirol - Banca dati dei nomi geografici dell'Alto Adige","@id":"way/1473253919","kind":"sight"},"geometry":{"type":"Point","coordinates":[12.1691473,46.730377]}},{"type":"Feature","properties":{"amenity":"restaurant","name":"La Lanterna","@id":"node/651743048","kind":"refreshment"},"geometry":{"type":"Point","coordinates":[11.0116136,46.169092]}},{"type":"Feature","properties":{"amenity":"restaurant","cuisine":"pizza","@id":"node/1127041223","kind":"refreshment","name":null},"geometry":{"type":"Point","coordinates":[11.0038261,46.1695893]}},{"type":"Feature","properties":{"addr:city":"Andalo","addr:country":"IT","addr:housenumber":"1","addr:postcode":"38010","addr:street":"Via Laghet","amenity":"pub","name":"Apres ski Piz - Pub Al Laghet","@id":"node/1405084830","kind":"refreshment"},"geometry":{"type":"Point","coordinates":[11.0022655,46.1615929]}},{"type":"Feature","properties":{"addr:city":"Andalo","addr:housenumber":"4","addr:postcode":"38010","addr:street":"Via Ponte Lambin","amenity":"restaurant","contact:email":"info@lacucinadifilippo.com","contact:facebook":"https://www.facebook.com/bistrotdolomieu/","contact:website":"https://www.lacucinadifilippo.com/","cuisine":"pizza","name":"Bistrot Dolomieu","@id":"node/2364540524","kind":"refreshment"},"geometry":{"type":"Point","coordinates":[11.0028361,46.1645327]}},{"type":"Feature","properties":{"amenity":"bar","name":"Bar BO","@id":"node/2364540527","kind":"refreshment"},"geometry":{"type":"Point","coordinates":[11.0037291,46.1647583]}},{"type":"Feature","properties":{"amenity":"bar","name":"Caffè Centrale","outdoor_seating":"yes","smoking":"outside","@id":"node/2364540528","kind":"refreshment"},"geometry":{"type":"Point","coordinates":[11.0033829,46.1646476]}},{"type":"Feature","properties":{"addr:city":"Andalo","addr:country":"IT","addr:housenumber":"1","addr:postcode":"38010","addr:street":"Via Piz Galin","amenity":"bar","name":"Caffè Vienna","outdoor_seating":"yes","@id":"node/2364540529","kind":"refreshment"},"geometry":{"type":"Point","coordinates":[11.0035753,46.1642792]}},{"type":"Feature","properties":{"addr:city":"Andalo","addr:country":"IT","addr:housenumber":"26a","addr:postcode":"38010","addr:street":"Via Perli","amenity":"fast_food","cuisine":"pizza","name":"La Marenda","@id":"node/2364540530","kind":"refreshment"},"geometry":{"type":"Point","coordinates":[11.0032713,46.1630857]}},{"type":"Feature","properties":{"amenity":"bar","check_date":"2025-06-14","name":"La Stua","opening_hours":"07:00-23:00","outdoor_seating":"yes","payment:cash":"yes","payment:contactless":"yes","payment:credit_cards":"yes","payment:mastercard":"yes","payment:visa":"yes","smoking":"outside","website:menu":"https://amministrazione317.wixsite.com/menu-lastua-andalo","@id":"node/2364540531","kind":"refreshment"},"geometry":{"type":"Point","coordinates":[11.0023687,46.1641285]}},{"type":"Feature","properties":{"amenity":"restaurant","cuisine":"pizza","name":"Pizzeria Romantica","@id":"node/2367677548","kind":"refreshment"},"geometry":{"type":"Point","coordinates":[11.0029148,46.1631238]}},{"type":"Feature","properties":{"addr:city":"Andalo","addr:housenumber":"6","addr:place":"Località Laghet","amenity":"restaurant","name":"Ski Bar","phone":"+39 0461 585611","@id":"node/2598641850","kind":"refreshment"},"geometry":{"type":"Point","coordinates":[11.0013525,46.1602069]}},{"type":"Feature","properties":{"addr:housenumber":"13b","addr:street":"Viale Trento","amenity":"bar","name":"Dolci Note","phone":"+39 046 1585383","@id":"node/3996897857","kind":"refreshment"},"geometry":{"type":"Point","coordinates":[11.0041486,46.1675851]}},{"type":"Feature","properties":{"amenity":"restaurant","name":"Ristorante al faggio","@id":"node/9971658084","kind":"refreshment"},"geometry":{"type":"Point","coordinates":[11.0051766,46.1665217]}},{"type":"Feature","properties":{"amenity":"bar","name":"Bar le Rindole","@id":"node/10275408050","kind":"refreshment"},"geometry":{"type":"Point","coordinates":[11.0059762,46.1609661]}},{"type":"Feature","properties":{"amenity":"restaurant","bar":"yes","check_date":"2025-06-15","name":"El Tavel","outdoor_seating":"yes","payment:cash":"yes","payment:contactless":"yes","payment:credit_cards":"yes","payment:mastercard":"yes","payment:visa":"yes","@id":"node/12917450916","kind":"refreshment"},"geometry":{"type":"Point","coordinates":[11.0028066,46.1635348]}},{"type":"Feature","properties":{"amenity":"restaurant","@id":"node/13713174969","kind":"refreshment","name":null},"geometry":{"type":"Point","coordinates":[11.0060893,46.171341]}},{"type":"Feature","properties":{"amenity":"bar","building":"yes","name":"Snow Bar","@id":"way/1284883907","kind":"refreshment"},"geometry":{"type":"Point","coordinates":[11.0080106,46.1613366]}},{"type":"Feature","properties":{"amenity":"drinking_water","@id":"node/2364540871","kind":"water","name":null},"geometry":{"type":"Point","coordinates":[11.0164038,46.1698185]}},{"type":"Feature","properties":{"amenity":"drinking_water","@id":"node/2364680491","kind":"water","name":null},"geometry":{"type":"Point","coordinates":[10.9993388,46.1668018]}},{"type":"Feature","properties":{"amenity":"drinking_water","@id":"node/2364875163","kind":"water","name":null},"geometry":{"type":"Point","coordinates":[11.0088398,46.1632902]}},{"type":"Feature","properties":{"amenity":"drinking_water","@id":"node/2364875304","kind":"water","name":null},"geometry":{"type":"Point","coordinates":[11.014004,46.1700741]}},{"type":"Feature","properties":{"amenity":"drinking_water","@id":"node/7840286017","kind":"water","name":null},"geometry":{"type":"Point","coordinates":[11.0064073,46.1630595]}},{"type":"Feature","properties":{"amenity":"drinking_water","@id":"node/9066292019","kind":"water","name":null},"geometry":{"type":"Point","coordinates":[11.0030889,46.1649212]}},{"type":"Feature","properties":{"amenity":"drinking_water","@id":"node/10933729621","kind":"water","name":null},"geometry":{"type":"Point","coordinates":[11.0057508,46.1658216]}},{"type":"Feature","properties":{"amenity":"drinking_water","@id":"node/11128619723","kind":"water","name":null},"geometry":{"type":"Point","coordinates":[11.0045831,46.1708031]}},{"type":"Feature","properties":{"access":"yes","amenity":"drinking_water","fee":"no","wheelchair":"yes","@id":"node/12917445377","kind":"water","name":null},"geometry":{"type":"Point","coordinates":[11.0025783,46.1638418]}},{"type":"Feature","properties":{"amenity":"drinking_water","@id":"node/12996958507","kind":"water","name":null},"geometry":{"type":"Point","coordinates":[10.9947327,46.1657461]}},{"type":"Feature","properties":{"amenity":"toilets","building":"yes","@id":"way/97305980","kind":"toilets","name":null},"geometry":{"type":"Point","coordinates":[11.0071299,46.1714896]}},{"type":"Feature","properties":{"artwork_type":"statue","inscription":"Entant chje pousest taia en poch de legna","tourism":"artwork","@id":"node/5796946877","kind":"sight","name":null},"geometry":{"type":"Point","coordinates":[11.0031878,46.1649294]}},{"type":"Feature","properties":{"information":"office","name":"APT Dolomiti Paganella","tourism":"information","@id":"node/7862177930","kind":"information"},"geometry":{"type":"Point","coordinates":[11.0032233,46.163886]}},{"type":"Feature","properties":{"tourism":"picnic_site","@id":"node/11980726669","kind":"picnic","name":null},"geometry":{"type":"Point","coordinates":[10.992222,46.1671146]}},{"type":"Feature","properties":{"tourism":"picnic_site","@id":"node/11980728169","kind":"picnic","name":null},"geometry":{"type":"Point","coordinates":[10.9915687,46.1667961]}},{"type":"Feature","properties":{"leisure":"picnic_table","@id":"node/12996955891","kind":"picnic","name":null},"geometry":{"type":"Point","coordinates":[10.9947833,46.1656817]}},{"type":"Feature","properties":{"historic":"monument","name":"Ai Caduti","@id":"node/1525471505","kind":"sight"},"geometry":{"type":"Point","coordinates":[11.0028366,46.1641485]}},{"type":"Feature","properties":{"historic":"wayside_shrine","wikidata":"Q132243726","@id":"node/2364540870","kind":"sight","name":null},"geometry":{"type":"Point","coordinates":[11.0163043,46.1698129]}},{"type":"Feature","properties":{"historic":"wayside_shrine","@id":"node/2364680465","kind":"sight","name":null},"geometry":{"type":"Point","coordinates":[10.9962913,46.1663336]}},{"type":"Feature","properties":{"historic":"wayside_cross","@id":"node/2364680571","kind":"sight","name":null},"geometry":{"type":"Point","coordinates":[10.9995614,46.1703694]}},{"type":"Feature","properties":{"historic":"wayside_shrine","wikidata":"Q132243649","@id":"node/2364875271","kind":"sight","name":null},"geometry":{"type":"Point","coordinates":[11.0107072,46.1674126]}},{"type":"Feature","properties":{"building":"yes","historic":"wayside_shrine","@id":"way/227827197","kind":"sight","name":null},"geometry":{"type":"Point","coordinates":[10.9978571,46.1667896]}},{"type":"Feature","properties":{"addr:housenumber":"2","addr:street":"Franadega - Frondeigen","amenity":"restaurant","name":"Gasthof Kurterhof","phone":"+39 0474 979093","tourism":"guest_house","@id":"node/1314040458","kind":"refreshment"},"geometry":{"type":"Point","coordinates":[12.2303874,46.7638716]}},{"type":"Feature","properties":{"addr:housename":"31","amenity":"restaurant","name":"Enzianhütte - Rifugio Genziana","name:de":"Enzianhütte","name:it":"Rifugio Genziana","operator":"Fam. Kröll","@id":"node/2448112089","kind":"refreshment"},"geometry":{"type":"Point","coordinates":[12.2384265,46.7510726]}},{"type":"Feature","properties":{"amenity":"restaurant","name":"Schnegga Soge","opening_hours":"We-Mo 11:00-19:00","phone":"+39 0474 250045","website":"https://www.schnegga-soge.it/it","@id":"node/11073787152","kind":"refreshment"},"geometry":{"type":"Point","coordinates":[12.2565821,46.7587939]}},{"type":"Feature","properties":{"addr:city":"Toblach - Dobbiaco","addr:housenumber":"7","addr:place":"Kandellen - Candelle","addr:postcode":"39034","amenity":"restaurant","fax":"+39 0474 979049","name":"Seiterhof","phone":"+39 0474 976330","ref:vatin":"01282820214","website":"http://www.seiterhof.info/restaurant.html","@id":"node/12282296749","kind":"refreshment"},"geometry":{"type":"Point","coordinates":[12.2484086,46.7619109]}},{"type":"Feature","properties":{"amenity":"restaurant","building":"yes","ele":"1800","name":"Silvesteralm - Malga San Silvestro","name:de":"Silvesteralm","name:it":"Malga San Silvestro","@id":"way/236711949","kind":"refreshment"},"geometry":{"type":"Point","coordinates":[12.3049074,46.7600166]}},{"type":"Feature","properties":{"amenity":"restaurant","building":"yes","name":"Rifugio Genziana - Enzianhütte","@id":"way/236844813","kind":"refreshment"},"geometry":{"type":"Point","coordinates":[12.2384218,46.751104]}},{"type":"Feature","properties":{"amenity":"restaurant","building":"yes","ele":"1975","name":"Steinberghütte","@id":"way/517722085","kind":"refreshment"},"geometry":{"type":"Point","coordinates":[12.302202,46.7697855]}},{"type":"Feature","properties":{"amenity":"drinking_water","@id":"node/1825698637","kind":"water","name":null},"geometry":{"type":"Point","coordinates":[12.2307357,46.7624356]}},{"type":"Feature","properties":{"amenity":"drinking_water","bottle":"yes","drinking_water":"conditional","ele":"1950","fee":"no","indoor":"no","seasonal":"yes","source":"Refill Südtirol / Alto Adige","source:date":"2019-10-15","wheelchair":"no","@id":"node/1825698827","kind":"water","name":null},"geometry":{"type":"Point","coordinates":[12.231986,46.776361]}},{"type":"Feature","properties":{"amenity":"drinking_water","@id":"node/2454680055","kind":"water","name":null},"geometry":{"type":"Point","coordinates":[12.2316901,46.7616095]}},{"type":"Feature","properties":{"amenity":"drinking_water","@id":"node/9022921278","kind":"water","name":null},"geometry":{"type":"Point","coordinates":[12.2637228,46.7589954]}},{"type":"Feature","properties":{"amenity":"drinking_water","@id":"node/9026030519","kind":"water","name":null},"geometry":{"type":"Point","coordinates":[12.304996,46.7601757]}},{"type":"Feature","properties":{"email":"info@marchhuette.it","name":"Marchhütte","operator":"Albin und Andreas Innerhofer","tourism":"alpine_hut","website":"https://marchhuette.it/de/startseite","@id":"node/9917675843","kind":"hut"},"geometry":{"type":"Point","coordinates":[12.3272297,46.7807087]}},{"type":"Feature","properties":{"tourism":"viewpoint","@id":"node/14099126553","kind":"viewpoint","name":null},"geometry":{"type":"Point","coordinates":[12.2626846,46.7642829]}},{"type":"Feature","properties":{"drinking_water":"yes","name":"Silvesterquelle","natural":"spring","@id":"node/12081205533","kind":"water"},"geometry":{"type":"Point","coordinates":[12.2938567,46.7798158]}},{"type":"Feature","properties":{"bench":"yes","covered":"no","leisure":"picnic_table","lit":"no","@id":"node/14099126552","kind":"picnic","name":null},"geometry":{"type":"Point","coordinates":[12.2627099,46.7642768]}},{"type":"Feature","properties":{"historic":"wayside_cross","@id":"node/891719324","kind":"sight","name":null},"geometry":{"type":"Point","coordinates":[12.2895774,46.7554814]}},{"type":"Feature","properties":{"historic":"wayside_cross","@id":"node/1825698792","kind":"sight","name":null},"geometry":{"type":"Point","coordinates":[12.2345167,46.7756289]}},{"type":"Feature","properties":{"addr:city":"San Martin de Tor - St. Martin in Thurn - San Martino in Badia","addr:city:de":"St. Martin in Thurn","addr:city:it":"San Martino in Badia","addr:city:lld":"San Martin de Tor","addr:hamlet":"Antermoia","addr:hamlet:de":"Untermoi","addr:hamlet:it":"Antermoia","addr:hamlet:lld":"Antermoia","addr:housenumber":"26","addr:postcode":"39030","addr:street":"Strada Börz","addr:street:de":"Straße Börz","addr:street:it":"Strada Börz","addr:street:lld":"Strada Börz","amenity":"restaurant","bar":"yes","cuisine":"regional","diet:vegetarian":"yes","ele":"2007","email":"info@boerz.it","indoor_seating":"yes","name":"Ütia de Börz - Würzjochhütte","name:de":"Würzjochhütte","name:lld":"Ütia de Börz","opening_hours":"Mo-Su 12:00-15:00,18:30-21:00","opening_hours:kitchen":"11:00-17:00;18:00-21:30","operator":"Camping Sass Dlacia Spa","outdoor_seating":"yes","payment:credit_cards":"yes","payment:debit_cards":"yes","phone":"+390474520066","website":"https://www.boerz.it","@id":"node/2755948808","kind":"refreshment"},"geometry":{"type":"Point","coordinates":[11.8137673,46.6756184]}},{"type":"Feature","properties":{"amenity":"restaurant","check_date":"2023-09-26","cuisine":"regional","name":"Ütia Cir","name:lld":"Ütia Cir","note":"\"Ütia Al Cir\" ist 8 km östlich","opening_hours":"Mo off; Tu-Su,PH 09:00-18:30","@id":"node/9123088881","kind":"refreshment"},"geometry":{"type":"Point","coordinates":[11.8149356,46.6743518]}},{"type":"Feature","properties":{"amenity":"restaurant","cuisine":"regional","email":"info@muntdefornella.it","name":"Fornella","name:de":"Fornella Alm","name:lld":"Munt de Fornella","phone":"+39 3356166673","website":"https://www.muntdefornella.it/de/","@id":"node/11055240759","kind":"refreshment"},"geometry":{"type":"Point","coordinates":[11.8145072,46.6668488]}},{"type":"Feature","properties":{"amenity":"restaurant","name":"Peitler Hütte","name:lld":"Ütia Sot Pütia","@id":"node/11055240764","kind":"refreshment"},"geometry":{"type":"Point","coordinates":[11.8116216,46.6671566]}},{"type":"Feature","properties":{"amenity":"restaurant","check_date":"2023-10-14","cuisine":"regional","internet_access":"no","name":"Göma Hütte - Ütja de Göma","name:de":"Göma Hütte","name:it":"Ütja de Göma","@id":"node/11055252806","kind":"refreshment"},"geometry":{"type":"Point","coordinates":[11.8320798,46.6670511]}},{"type":"Feature","properties":{"amenity":"restaurant","cuisine":"regional","name":"Vaciara Almhütte - Ütia Vaciara","name:de":"Vaciara Almhütte","name:it":"Ütia Vaciara","operator":"Giuseppe Zingerle","outdoor_seating":"yes","phone":"+39 0474 523163","@id":"node/11055252865","kind":"refreshment"},"geometry":{"type":"Point","coordinates":[11.8408774,46.6553129]}},{"type":"Feature","properties":{"amenity":"watering_place","bottle":"yes","check_date":"2023-08-14","drinking_water":"conditional","fee":"no","image":"https://www.refill.bz.it/images/sitemap/fontana.png","indoor":"no","seasonal":"yes","source":"Refill Südtirol / Alto Adige;mt","source:date":"2020-03-23","wheelchair":"no","@id":"node/7321332085","kind":"water","name":null},"geometry":{"type":"Point","coordinates":[11.808286,46.663538]}},{"type":"Feature","properties":{"amenity":"fountain","drinking_water":"yes","fountain":"hose","@id":"node/7846353197","kind":"water","name":null},"geometry":{"type":"Point","coordinates":[11.8063589,46.6715694]}},{"type":"Feature","properties":{"amenity":"drinking_water","@id":"node/11385735871","kind":"water","name":null},"geometry":{"type":"Point","coordinates":[11.8451064,46.6596756]}},{"type":"Feature","properties":{"amenity":"drinking_water","@id":"node/13007206232","kind":"water","name":null},"geometry":{"type":"Point","coordinates":[11.8329002,46.6687384]}},{"type":"Feature","properties":{"amenity":"drinking_water","@id":"node/13007206242","kind":"water","name":null},"geometry":{"type":"Point","coordinates":[11.8144716,46.6669731]}},{"type":"Feature","properties":{"amenity":"watering_place","@id":"node/13067603941","kind":"water","name":null},"geometry":{"type":"Point","coordinates":[11.8387191,46.6525684]}},{"type":"Feature","properties":{"amenity":"watering_place","@id":"node/13067603942","kind":"water","name":null},"geometry":{"type":"Point","coordinates":[11.8434621,46.6566157]}},{"type":"Feature","properties":{"artwork_type":"sculpture","historic":"memorial","inscription":"St. Josef Freinademetz","material":"wood","name":"St. Josef Freinademetz","tourism":"artwork","@id":"node/5705323821","kind":"sight"},"geometry":{"type":"Point","coordinates":[11.8399362,46.6532753]}},{"type":"Feature","properties":{"check_date":"2023-08-14","direction":"150","image":"https://photos.komoot.de/www/1l/1li1kxmahmr6sdrupgsiqa5m14odto20p-p380301552-full/189edc60265?width=3072&height=2304&crop=false&q=70","source":"mt","tourism":"viewpoint","@id":"node/7804283994","kind":"viewpoint","name":null},"geometry":{"type":"Point","coordinates":[11.8136825,46.6733192]}},{"type":"Feature","properties":{"access":"yes","artwork_type":"sculpture","description":"eagle","inscription":"GÖMA 2106 M.","material":"wood","tourism":"artwork","@id":"node/11116302163","kind":"sight","name":null},"geometry":{"type":"Point","coordinates":[11.8504712,46.6611836]}},{"type":"Feature","properties":{"natural":"spring","@id":"node/1430150379","kind":"water","name":null},"geometry":{"type":"Point","coordinates":[11.8082824,46.6634504]}},{"type":"Feature","properties":{"bench":"yes","check_date":"2023-08-14","image":"https://photos.komoot.de/www/18/1861t771wdbm616xbvslx35pjh4odtowqo-p380301696-full/189edc69da9?width=3072&height=2304&crop=false&q=70","leisure":"picnic_table","lit":"no","material":"wood","source":"mt","@id":"node/2447565734","kind":"picnic","name":null},"geometry":{"type":"Point","coordinates":[11.8084973,46.6635733]}},{"type":"Feature","properties":{"leisure":"picnic_table","@id":"node/11057096534","kind":"picnic","name":null},"geometry":{"type":"Point","coordinates":[11.812561,46.6729124]}},{"type":"Feature","properties":{"bench":"yes","check_date":"2023-08-14","image":"https://photos.komoot.de/www/fl/fluikdnyt9xq1j7kuy4vlrxkk4odto9mg-p380301586-full/189edc62902?width=3072&height=2304&crop=false&q=70","leisure":"picnic_table","lit":"no","material":"wood","source":"mt","@id":"node/11114688711","kind":"picnic","name":null},"geometry":{"type":"Point","coordinates":[11.8129317,46.672922]}},{"type":"Feature","properties":{"check_date":"2023-08-15","historic":"wayside_cross","inscription":"2003","material":"wood","religion":"christian","source":"mt","@id":"node/472898803","kind":"sight","name":null},"geometry":{"type":"Point","coordinates":[11.81477,46.6503332]}},{"type":"Feature","properties":{"check_date":"2023-08-14","denomination":"catholic","historic":"wayside_cross","image":"https://photos.komoot.de/www/1r/1rm2duxpbnd9rpy4x4vvzpqnf4odtoeom-p380301610-full/189edc6424c?width=3072&height=2304&crop=false&q=70","material":"wood","religion":"christian","source":"mt","@id":"node/757346583","kind":"sight","name":null},"geometry":{"type":"Point","coordinates":[11.8137519,46.6683735]}},{"type":"Feature","properties":{"historic":"wayside_cross","@id":"node/828923478","kind":"sight","name":null},"geometry":{"type":"Point","coordinates":[11.8508581,46.6614207]}},{"type":"Feature","properties":{"historic":"wayside_cross","@id":"node/5705225023","kind":"sight","name":null},"geometry":{"type":"Point","coordinates":[11.8428178,46.6565786]}},{"type":"Feature","properties":{"historic":"wayside_cross","@id":"node/6566480426","kind":"sight","name":null},"geometry":{"type":"Point","coordinates":[11.8506785,46.6611416]}},{"type":"Feature","properties":{"check_date":"2023-08-15","historic":"wayside_cross","image":"https://photos.komoot.de/www/zq/zqwhv2bizljt26ftcob6fc2b4oej01jk-p380968662-full/189f04f43b2?width=3072&height=2304&crop=false&q=70","material":"wood","religion":"christian","source":"mt","@id":"node/6566484105","kind":"sight","name":null},"geometry":{"type":"Point","coordinates":[11.8306993,46.6484111]}},{"type":"Feature","properties":{"check_date":"2023-08-15","historic":"wayside_cross","image":"https://photos.komoot.de/www/1t/1the07w2o7ibs129kwvlxyp2954oees68e-p380877192-full/189efe32575?width=3072&height=2304&crop=false&q=70","material":"wood","source":"mt","@id":"node/6566484432","kind":"sight","name":null},"geometry":{"type":"Point","coordinates":[11.8204214,46.6461928]}},{"type":"Feature","properties":{"access":"yes","check_date":"2023-08-15","historic":"monument","material":"wood","source":"mt","@id":"node/11116302147","kind":"sight","name":null},"geometry":{"type":"Point","coordinates":[11.8209114,46.6461028]}},{"type":"Feature","properties":{"denomination":"catholic","historic":"wayside_cross","religion":"christian","@id":"node/13007206231","kind":"sight","name":null},"geometry":{"type":"Point","coordinates":[11.8331447,46.6709162]}},{"type":"Feature","properties":{"denomination":"catholic","historic":"wayside_cross","religion":"christian","@id":"node/13007206239","kind":"sight","name":null},"geometry":{"type":"Point","coordinates":[11.8308806,46.6690491]}},{"type":"Feature","properties":{"addr:city":"Salorno - Salurn","addr:city:de":"Salurn","addr:city:it":"Salorno","addr:country":"IT","addr:housenumber":"1","addr:postcode":"39040","addr:street":"Via Roma - Romstraße","addr:street:de":"Romstraße","addr:street:it":"Via Roma","amenity":"fast_food","contact:phone":"+39 0471 883197","cuisine":"pizza","name":"Pizza al taglio da Ibra","@id":"node/1250591391","kind":"refreshment"},"geometry":{"type":"Point","coordinates":[11.2101324,46.240392]}},{"type":"Feature","properties":{"addr:city":"Salorno - Salurn","addr:city:de":"Salurn","addr:city:it":"Salorno","addr:country":"IT","addr:housenumber":"9","addr:postcode":"39040","addr:street":"Via Asilo - Kindergartenstraße","addr:street:de":"Kindergartenstraße","addr:street:it":"Via Asilo","amenity":"cafe","name":"Dürer Schänke","@id":"node/1265090444","kind":"refreshment"},"geometry":{"type":"Point","coordinates":[11.2123775,46.2398973]}},{"type":"Feature","properties":{"addr:city":"Salorno - Salurn","addr:city:de":"Salurn","addr:city:it":"Salorno","addr:housenumber":"4","addr:postcode":"39040","addr:street":"Via Max De Gelmini - Max-Von-Gelmini-Straße","addr:street:de":"Max-Von-Gelmini-Straße","addr:street:it":"Via Max De Gelmini","amenity":"cafe","name":"Caffè Cristian","@id":"node/1265090446","kind":"refreshment"},"geometry":{"type":"Point","coordinates":[11.2101552,46.2396226]}},{"type":"Feature","properties":{"addr:city":"Salorno - Salurn","addr:city:de":"Salurn","addr:city:it":"Salorno","addr:housenumber":"3","addr:postcode":"39040","addr:street":"Piazza S. Andrea - St.-Andreas-Platz","addr:street:de":"St.-Andreas-Platz","addr:street:it":"Piazza S. Andrea","amenity":"cafe","contact:email":"Info@amaliapernter.at","contact:phone":"+39 339 2169953","contact:website":"https://it-it.facebook.com/pg/amaliapernter1896/posts/","craft":"tailor","name":"Amalia Pernter 1896","shop":"clothes","@id":"node/9283269993","kind":"refreshment"},"geometry":{"type":"Point","coordinates":[11.2124905,46.238522]}},{"type":"Feature","properties":{"addr:city":"Salorno - Salurn","addr:city:de":"Salurn","addr:city:it":"Salorno","addr:housenumber":"6","addr:postcode":"39040","addr:street":"Via Monte - Bergweg","addr:street:de":"Bergweg","addr:street:it":"Via Monte","amenity":"cafe","building":"yes","name":"Zum Wasserfall","@id":"way/117391575","kind":"refreshment"},"geometry":{"type":"Point","coordinates":[11.2119795,46.238537]}},{"type":"Feature","properties":{"amenity":"drinking_water","@id":"node/447945723","kind":"water","name":null},"geometry":{"type":"Point","coordinates":[11.2156826,46.2389682]}},{"type":"Feature","properties":{"amenity":"fountain","@id":"node/669559747","kind":"water","name":null},"geometry":{"type":"Point","coordinates":[11.210538,46.240183]}},{"type":"Feature","properties":{"amenity":"fountain","name":"Fontana dei delfini - Delphin-Brunnen","name:de":"Delphin-Brunnen","name:en":"Dolphin Fountain","name:it":"Fontana dei delfini","@id":"node/1269712028","kind":"water"},"geometry":{"type":"Point","coordinates":[11.2121667,46.2391532]}},{"type":"Feature","properties":{"amenity":"drinking_water","@id":"node/1380842711","kind":"water","name":null},"geometry":{"type":"Point","coordinates":[11.2189027,46.2397618]}},{"type":"Feature","properties":{"amenity":"drinking_water","@id":"node/1756179601","kind":"water","name":null},"geometry":{"type":"Point","coordinates":[11.2104479,46.2374472]}},{"type":"Feature","properties":{"addr:city":"Salorno - Salurn","addr:city:de":"Salurn","addr:city:it":"Salorno","addr:postcode":"39040","amenity":"drinking_water","name":"Piazza S. Andrea - St.-Andreas-Platz","name:de":"St.-Andreas-Platz","name:it":"Piazza S. Andrea","@id":"node/1829573010","kind":"water"},"geometry":{"type":"Point","coordinates":[11.212727,46.2386834]}},{"type":"Feature","properties":{"amenity":"fountain","@id":"node/8045271581","kind":"water","name":null},"geometry":{"type":"Point","coordinates":[11.2103637,46.238224]}},{"type":"Feature","properties":{"amenity":"drinking_water","@id":"node/8045271597","kind":"water","name":null},"geometry":{"type":"Point","coordinates":[11.2101129,46.2374574]}},{"type":"Feature","properties":{"amenity":"drinking_water","bottle":"yes","drinking_water":"conditional","fee":"no","image":"https://www.refill.bz.it/images/sitemap/o_1g8lfp4l66l21u8b1cfs137vlgna.jpg","indoor":"no","seasonal":"yes","source":"Refill Südtirol / Alto Adige","source:date":"2022-07-23","wheelchair":"yes","@id":"node/10770850210","kind":"water","name":null},"geometry":{"type":"Point","coordinates":[11.212025,46.23968]}},{"type":"Feature","properties":{"amenity":"drinking_water","@id":"way/884832961","kind":"water","name":null},"geometry":{"type":"Point","coordinates":[11.2129225,46.2379191]}},{"type":"Feature","properties":{"tourism":"viewpoint","@id":"node/671044142","kind":"viewpoint","name":null},"geometry":{"type":"Point","coordinates":[11.2156307,46.2376363]}},{"type":"Feature","properties":{"fixme":"Waterfall either only after rain or dried","name":"Cascata - Wasserfall","name:de":"Titschenbach - Wasserfall","name:it":"Cascata Rio Tigia","tourism":"attraction","waterway":"waterfall","wikidata":"Q113628553","wikimedia_commons":"File:Wasserfall Salurn.jpg","@id":"node/1300463643","kind":"sight"},"geometry":{"type":"Point","coordinates":[11.2142918,46.2372187]}},{"type":"Feature","properties":{"building":"yes","name":"Kalkofen - Calcara","name:de":"Kalkofen","name:it":"Calcara","tourism":"attraction","@id":"node/3270519561","kind":"sight"},"geometry":{"type":"Point","coordinates":[11.2237977,46.2395184]}},{"type":"Feature","properties":{"tourism":"viewpoint","@id":"node/3270519622","kind":"viewpoint","name":null},"geometry":{"type":"Point","coordinates":[11.2240855,46.2402684]}},{"type":"Feature","properties":{"tourism":"picnic_site","@id":"node/3743246806","kind":"picnic","name":null},"geometry":{"type":"Point","coordinates":[11.2253055,46.2385818]}},{"type":"Feature","properties":{"tourism":"picnic_site","@id":"way/116530174","kind":"picnic","name":null},"geometry":{"type":"Point","coordinates":[11.2159836,46.2384852]}},{"type":"Feature","properties":{"addr:city":"Salorno - Salurn","addr:city:de":"Salurn","addr:city:it":"Salorno","addr:postcode":"39040","addr:street":"Piazza Municipio - Rathausplatz","addr:street:de":"Rathausplatz","addr:street:it":"Piazza Municipio","designation":"World Wars Memorial","historic":"memorial","name":"Monumento ai caduti - Kriegerdenkmal","name:de":"Kriegerdenkmal","name:it":"Monumento ai Caduti","@id":"node/1288221937","kind":"sight"},"geometry":{"type":"Point","coordinates":[11.2126324,46.2391993]}},{"type":"Feature","properties":{"historic":"wayside_cross","@id":"node/1699502118","kind":"sight","name":null},"geometry":{"type":"Point","coordinates":[11.216614,46.2370197]}},{"type":"Feature","properties":{"historic":"wayside_cross","@id":"node/1781548796","kind":"sight","name":null},"geometry":{"type":"Point","coordinates":[11.21034,46.2377689]}},{"type":"Feature","properties":{"historic":"wayside_shrine","@id":"node/3260072057","kind":"sight","name":null},"geometry":{"type":"Point","coordinates":[11.2150934,46.2348217]}},{"type":"Feature","properties":{"historic":"wayside_cross","@id":"node/3270519613","kind":"sight","name":null},"geometry":{"type":"Point","coordinates":[11.2228154,46.2400733]}},{"type":"Feature","properties":{"historic":"wayside_shrine","@id":"node/8804800904","kind":"sight","name":null},"geometry":{"type":"Point","coordinates":[11.2198573,46.2372672]}},{"type":"Feature","properties":{"historic":"wayside_cross","@id":"node/9035022494","kind":"sight","name":null},"geometry":{"type":"Point","coordinates":[11.21171,46.2404539]}},{"type":"Feature","properties":{"historic":"wayside_cross","@id":"node/9532610025","kind":"sight","name":null},"geometry":{"type":"Point","coordinates":[11.2194275,46.2398547]}},{"type":"Feature","properties":{"building":"yes","historic":"wayside_shrine","@id":"way/320519623","kind":"sight","name":null},"geometry":{"type":"Point","coordinates":[11.2226541,46.240054]}},{"type":"Feature","properties":{"building":"yes","historic":"wayside_shrine","@id":"way/320519626","kind":"sight","name":null},"geometry":{"type":"Point","coordinates":[11.2228497,46.2399585]}},{"type":"Feature","properties":{"building":"yes","historic":"wayside_shrine","@id":"way/320528977","kind":"sight","name":null},"geometry":{"type":"Point","coordinates":[11.2205126,46.2393379]}},{"type":"Feature","properties":{"building":"yes","historic":"wayside_shrine","@id":"way/320528978","kind":"sight","name":null},"geometry":{"type":"Point","coordinates":[11.2218292,46.2397117]}},{"type":"Feature","properties":{"building":"yes","historic":"wayside_shrine","@id":"way/320528979","kind":"sight","name":null},"geometry":{"type":"Point","coordinates":[11.2178129,46.2389577]}},{"type":"Feature","properties":{"building":"yes","historic":"wayside_shrine","@id":"way/320528980","kind":"sight","name":null},"geometry":{"type":"Point","coordinates":[11.2188305,46.2391418]}},{"type":"Feature","properties":{"building":"yes","historic":"wayside_shrine","@id":"way/320528981","kind":"sight","name":null},"geometry":{"type":"Point","coordinates":[11.2224414,46.2398832]}},{"type":"Feature","properties":{"building":"yes","historic":"wayside_shrine","@id":"way/320528982","kind":"sight","name":null},"geometry":{"type":"Point","coordinates":[11.2212096,46.2394606]}},{"type":"Feature","properties":{"addr:city:de":"Vintl","addr:city:en":"Vintl - Vandoies","addr:city:it":"Vandoies","addr:hamlet:de":"Weitental","addr:hamlet:en":"Weitental - Vallarga South Tyrol","addr:hamlet:it":"Weitental - Vallarga Bolzano","addr:street:de":"Georg-Lantschner-Straße 9","addr:street:en":"Georg-Lantschner-Straße - Via Georg Lantschner 9","addr:street:it":"Via Georg Lantschner 9","amenity":"drinking_water","bottle":"yes","country":"Italien","drinking_water":"yes","fee":"no","image":"https://www.refill.bz.it/refill-assets/images/stations/2025/08/refill_68af278e7f927.jpg","indoor":"no","name:de":"Am Festplatz","postcode":"39030","seasonal":"spring;summer;autumn","source":"Refill Südtirol / Alto Adige","source:updated":"2025-09-20","wheelchair":"yes","@id":"node/13100924585","kind":"water","name":null},"geometry":{"type":"Point","coordinates":[11.7263411,46.8438788]}},{"type":"Feature","properties":{"addr:city:de":"Vintl","addr:city:en":"Vintl - Vandoies","addr:city:it":"Vandoies","addr:hamlet:de":"Weitental","addr:hamlet:en":"Weitental - Vallarga South Tyrol","addr:hamlet:it":"Weitental - Vallarga Bolzano","addr:street:de":"Stollweg 5c","addr:street:en":"Stollweg 5c","addr:street:it":"Stollweg 5c","amenity":"drinking_water","bottle":"yes","country":"Italien","drinking_water":"yes","fee":"no","image":"https://www.refill.bz.it/refill-assets/images/stations/2025/08/refill_68af287ce3dff.jpg","indoor":"no","name:de":"Am Dorfeingang","postcode":"39030","seasonal":"spring;summer;autumn","source":"Refill Südtirol / Alto Adige","source:updated":"2025-09-20","wheelchair":"limited","@id":"node/13100938726","kind":"water","name":null},"geometry":{"type":"Point","coordinates":[11.7281241,46.8430683]}},{"type":"Feature","properties":{"addr:city:de":"Vintl","addr:city:en":"Vintl - Vandoies","addr:city:it":"Vandoies","addr:hamlet:de":"Weitental","addr:hamlet:en":"Weitental - Vallarga South Tyrol","addr:hamlet:it":"Weitental - Vallarga Bolzano","addr:street:de":"Georg-Lantschner-Straße 9","addr:street:en":"Georg-Lantschner-Straße - Via Georg Lantschner 9","addr:street:it":"Via Georg Lantschner 9","amenity":"drinking_water","bottle":"yes","country":"Italien","drinking_water":"yes","fee":"no","image":"https://www.refill.bz.it/refill-assets/images/stations/2025/08/refill_68af278e7f927.jpg","indoor":"no","name:de":"Am Festplatz","postcode":"39030","source":"Refill Südtirol / Alto Adige","source:updated":"2025-10-14","wheelchair":"yes","@id":"node/13232542304","kind":"water","name":null},"geometry":{"type":"Point","coordinates":[11.7263411,46.8438788]}},{"type":"Feature","properties":{"addr:city:de":"Vintl","addr:city:en":"Vintl - Vandoies","addr:city:it":"Vandoies","addr:hamlet:de":"Weitental","addr:hamlet:en":"Weitental - Vallarga South Tyrol","addr:hamlet:it":"Weitental - Vallarga Bolzano","addr:street:de":"Stollweg 5c","addr:street:en":"Stollweg 5c","addr:street:it":"Stollweg 5c","amenity":"drinking_water","bottle":"yes","country":"Italien","drinking_water":"yes","fee":"no","image":"https://www.refill.bz.it/refill-assets/images/stations/2025/08/refill_68af287ce3dff.jpg","indoor":"no","name:de":"Am Dorfeingang","postcode":"39030","source":"Refill Südtirol / Alto Adige","source:updated":"2025-10-14","wheelchair":"limited","@id":"node/13232546279","kind":"water","name":null},"geometry":{"type":"Point","coordinates":[11.7281241,46.8430683]}},{"type":"Feature","properties":{"access":"yes","amenity":"watering_place","drinking_water":"yes","pump":"no","@id":"way/1022782806","kind":"water","name":null},"geometry":{"type":"Point","coordinates":[11.7264122,46.843898]}},{"type":"Feature","properties":{"access":"yes","drinking_water":"yes","man_made":"water_well","pump":"no","@id":"node/9398699067","kind":"water","name":null},"geometry":{"type":"Point","coordinates":[11.7264088,46.8438971]}},{"type":"Feature","properties":{"denomination":"catholic","historic":"wayside_shrine","religion":"christian","@id":"node/9522430525","kind":"sight","name":null},"geometry":{"type":"Point","coordinates":[11.7187469,46.8228282]}},{"type":"Feature","properties":{"denomination":"catholic","historic":"wayside_cross","religion":"christian","@id":"node/9522430529","kind":"sight","name":null},"geometry":{"type":"Point","coordinates":[11.7218103,46.8228917]}},{"type":"Feature","properties":{"amenity":"cafe","name":"Sinn Dorf Bar Cafe","@id":"node/2325503564","kind":"refreshment"},"geometry":{"type":"Point","coordinates":[11.775718,46.8288645]}},{"type":"Feature","properties":{"amenity":"restaurant","name":"Wiedenhofer","tourism":"hotel","@id":"node/2328413576","kind":"refreshment"},"geometry":{"type":"Point","coordinates":[11.7798328,46.8300529]}},{"type":"Feature","properties":{"amenity":"restaurant","name":"Hotel zum Hasen","tourism":"hotel","@id":"node/2328413684","kind":"refreshment"},"geometry":{"type":"Point","coordinates":[11.7759691,46.8289574]}},{"type":"Feature","properties":{"amenity":"cafe","check_date":"2025-10-19","name":"Cafe Sonne","@id":"node/2328413817","kind":"refreshment"},"geometry":{"type":"Point","coordinates":[11.7811304,46.8304091]}},{"type":"Feature","properties":{"amenity":"biergarten","name":"Jenneweinhof","@id":"node/2328414076","kind":"refreshment"},"geometry":{"type":"Point","coordinates":[11.7753847,46.8375065]}},{"type":"Feature","properties":{"amenity":"bar","@id":"node/2328513622","kind":"refreshment","name":null},"geometry":{"type":"Point","coordinates":[11.7613558,46.8332696]}},{"type":"Feature","properties":{"amenity":"restaurant","building":"hotel","email":"info@terentnerhof.com","internet_access":"wlan","name":"Terentner Hof","phone":"+39 0472 546117","stars":"4","tourism":"hotel","website":"https://www.terentnerhof.com/","@id":"way/82729303","kind":"refreshment"},"geometry":{"type":"Point","coordinates":[11.7740412,46.8307328]}},{"type":"Feature","properties":{"amenity":"toilets","fee":"no","@id":"node/2325601083","kind":"toilets","name":null},"geometry":{"type":"Point","coordinates":[11.7768931,46.8286142]}},{"type":"Feature","properties":{"amenity":"toilets","fee":"no","@id":"node/2326445162","kind":"toilets","name":null},"geometry":{"type":"Point","coordinates":[11.7769964,46.8289053]}},{"type":"Feature","properties":{"amenity":"fountain","@id":"node/2328513538","kind":"water","name":null},"geometry":{"type":"Point","coordinates":[11.7758987,46.8286789]}},{"type":"Feature","properties":{"amenity":"drinking_water","bottle":"yes","description:de":"Brunnen am Dorfplatz von Terenten","drinking_water":"yes","ele":"1210","fee":"no","indoor":"no","name:de":"Dorfbrunnen","seasonal":"no","source":"Refill Südtirol / Alto Adige","source:date":"2020-02-06","wheelchair":"yes","@id":"node/7318188985","kind":"water","name":null},"geometry":{"type":"Point","coordinates":[11.776196,46.828989]}},{"type":"Feature","properties":{"addr:postcode":"39030","name":"Erdpyramiden","name:it":"Piramidi di terra","natural":"rock","rock":"hoodoo","tourism":"attraction","@id":"node/1128705099","kind":"sight"},"geometry":{"type":"Point","coordinates":[11.7767213,46.8380436]}},{"type":"Feature","properties":{"tourism":"viewpoint","@id":"node/7626380461","kind":"viewpoint","name":null},"geometry":{"type":"Point","coordinates":[11.7756891,46.8376793]}},{"type":"Feature","properties":{"description":"Aussicht auf Terenten/Terento.","direction":"S-E","tourism":"viewpoint","@id":"node/11514183877","kind":"viewpoint","name":null},"geometry":{"type":"Point","coordinates":[11.7599453,46.8320777]}},{"type":"Feature","properties":{"building":"yes","name":"Schausäge","tourism":"attraction","@id":"way/224697180","kind":"sight"},"geometry":{"type":"Point","coordinates":[11.7598546,46.8341547]}},{"type":"Feature","properties":{"building":"yes","name":"Schausäge","tourism":"attraction","@id":"way/224697181","kind":"sight"},"geometry":{"type":"Point","coordinates":[11.759921,46.8342243]}},{"type":"Feature","properties":{"historic":"wayside_cross","name":"Grabn Stöckl","@id":"node/2328513456","kind":"sight"},"geometry":{"type":"Point","coordinates":[11.7669118,46.8323384]}},{"type":"Feature","properties":{"building":"yes","historic":"ruins","man_made":"watermill","name":"Talackerer-Mühle","@id":"way/97468949","kind":"sight"},"geometry":{"type":"Point","coordinates":[11.7738838,46.8428949]}},{"type":"Feature","properties":{"addr:city":"Welsberg - Monguelfo","addr:city:de":"Welsberg","addr:city:it":"Monguelfo","addr:housenumber":"4","addr:postcode":"39035","addr:street":"Hauptplatz - Piazza Centrale","addr:street:de":"Hauptplatz","addr:street:it":"Piazza Centrale","amenity":"restaurant","indoor_seating":"yes","name":"Restaurant Goldene Löwe","opening_hours":"Tu-Su 12:00-14:00,18:00-21:00","outdoor_seating":"yes","@id":"node/2756072701","kind":"refreshment"},"geometry":{"type":"Point","coordinates":[12.1054336,46.7565213]}},{"type":"Feature","properties":{"addr:city":"Welsberg - Monguelfo","addr:housenumber":"2","addr:postcode":"39035","addr:street":"Sankt-Margarethen-Platz - Piazza Santa Margherita","addr:street:de":"Sankt-Margarethen-Platz","addr:street:it":"Piazza Santa Margherita","amenity":"cafe","contact:email":"info@dorfcafe.it","contact:website":"https://www.dorfcafe.it/","indoor_seating":"yes","internet_access":"wlan","internet_access:fee":"no","name":"Dorfcafe","opening_hours":"Mo-Su 07:00-01:00; Sa off","outdoor_seating":"yes","phone":"+39 0474 944833","@id":"node/3815278145","kind":"refreshment"},"geometry":{"type":"Point","coordinates":[12.1043856,46.7566347]}},{"type":"Feature","properties":{"amenity":"cafe","indoor_seating":"yes","name":"Konditorei Parc Cafè","opening_hours":"Tu-Sa 08:30-12:00,15:00-19:00; Su 09:00-12:00,15:00-18:00","outdoor_seating":"yes","@id":"node/4180912846","kind":"refreshment"},"geometry":{"type":"Point","coordinates":[12.1050629,46.7552473]}},{"type":"Feature","properties":{"amenity":"cafe","indoor_seating":"yes","name":"Ins' Platzl","outdoor_seating":"yes","@id":"node/5390518984","kind":"refreshment"},"geometry":{"type":"Point","coordinates":[12.1037913,46.7578392]}},{"type":"Feature","properties":{"amenity":"drinking_water","check_date":"2023-09-27","fountain":"drinking","@id":"node/1843790083","kind":"water","name":null},"geometry":{"type":"Point","coordinates":[12.1054989,46.7555877]}},{"type":"Feature","properties":{"amenity":"drinking_water","fountain":"drinking","@id":"node/5167581904","kind":"water","name":null},"geometry":{"type":"Point","coordinates":[12.105435,46.7560017]}},{"type":"Feature","properties":{"amenity":"drinking_water","bottle":"yes","fee":"no","fountain":"drinking","@id":"node/7850209428","kind":"water","name":null},"geometry":{"type":"Point","coordinates":[12.1039943,46.7569998]}},{"type":"Feature","properties":{"amenity":"drinking_water","fountain":"drinking","@id":"node/9006242959","kind":"water","name":null},"geometry":{"type":"Point","coordinates":[12.1053116,46.7579497]}},{"type":"Feature","properties":{"access":"yes","amenity":"drinking_water","bottle":"yes","fountain":"drinking","wikimedia_commons":"File:Monguelfo,_fontana_n._1.jpg","@id":"node/10916470437","kind":"water","name":null},"geometry":{"type":"Point","coordinates":[12.1041028,46.7574635]}},{"type":"Feature","properties":{"amenity":"drinking_water","@id":"node/13077826028","kind":"water","name":null},"geometry":{"type":"Point","coordinates":[12.107464,46.7538794]}},{"type":"Feature","properties":{"amenity":"shelter","building":"shed","@id":"way/1347146383","kind":"shelter","name":null},"geometry":{"type":"Point","coordinates":[12.106851,46.7544008]}},{"type":"Feature","properties":{"building":"yes","information":"office","name":"Infobüro - Ufficio informazioni","opening_hours":"Mo-Sa 08:00-12:00,15:00-18:00","tourism":"information","wheelchair":"yes","@id":"way/100393795","kind":"information"},"geometry":{"type":"Point","coordinates":[12.1056547,46.755741]}},{"type":"Feature","properties":{"access":"yes","denomination":"roman_catholic","historic":"wayside_shrine","name":"Tabernakelbildstock Welsberg - Tabernacolo gotico di Monguelfo","name:de":"Tabernakelbildstock Welsberg","name:it":"Tabernacolo gotico di Monguelfo","religion":"christian","wikidata":"Q107077385","wikimedia_commons":"File:Tabernacolo_gotico_di_Monguelfo_.jpg","@id":"node/10916486496","kind":"sight"},"geometry":{"type":"Point","coordinates":[12.1044416,46.7567953]}},{"type":"Feature","properties":{"alt_name:de":"Ruine Thurn","alt_name:it":"Castel Torre di Tesido","building":"yes","historic":"castle","name":"Burgruine Thurn - Castel Thurn","name:de":"Burgruine Thurn","name:it":"Castel Thurn","ruins":"yes","wikidata":"Q3662147","wikipedia":"it:Castel Thurn","@id":"way/237535436","kind":"sight"},"geometry":{"type":"Point","coordinates":[12.1132842,46.7618827]}},{"type":"Feature","properties":{"alt_name:de":"Schloss Welsberg","alt_name:it":"Castello di Monguelfo","castle_type":"defensive","ele":"1166.9","historic":"castle","name":"Schloss Welsperg - Castel Welsperg","name:de":"Schloss Welsperg","name:it":"Castel Welsperg","start_date":"1140","wikidata":"Q781427","wikipedia":"it:Castello di Monguelfo","@id":"way/1347172182","kind":"sight"},"geometry":{"type":"Point","coordinates":[12.1137046,46.7599297]}},{"type":"Feature","properties":{"addr:housenumber":"18a","addr:street":"Prack-Zu-Asch-Straße - Via Prack Zu Asch","amenity":"cafe","check_date":"2025-08-10","name":"Dorfcafè","opening_hours":"Mo off; Tu-Sa 08:00-23:00; Su 08:00-20:00","outdoor_seating":"yes","wheelchair":"yes","@id":"node/1889695080","kind":"refreshment"},"geometry":{"type":"Point","coordinates":[11.9508392,46.7765345]}},{"type":"Feature","properties":{"amenity":"restaurant","check_date":"2025-08-10","contact:facebook":"https://www.facebook.com/pizzeriasigi/","cuisine":"italian_pizza;regional","name":"Sigi","name:de":"Sigi","name:it":"Sigi","opening_hours":"Mo off; Tu-Su 11:00-14:00,17:00-22:00","outdoor_seating":"yes","phone":"+39 371 199 6831","wheelchair":"no","@id":"node/5781606153","kind":"refreshment"},"geometry":{"type":"Point","coordinates":[11.9474095,46.7768055]}},{"type":"Feature","properties":{"addr:housenumber":"7","addr:postcode":"39031","addr:street":"Seilbahnstraße - Via Funivia","amenity":"restaurant","check_date":"2024-03-08","name":"Hardimitz‘n","opening_hours":"We-Mo 12:00-14:20, 18:00-23:00","phone":"+39 0474 549026","website":"https://hardimitzn.com/","@id":"node/7734712385","kind":"refreshment"},"geometry":{"type":"Point","coordinates":[11.9431642,46.7715555]}},{"type":"Feature","properties":{"amenity":"bar","name":"Bar Rischon","@id":"node/7824364172","kind":"refreshment"},"geometry":{"type":"Point","coordinates":[11.9484217,46.7761808]}},{"type":"Feature","properties":{"amenity":"cafe","check_date":"2025-08-10","name":"Feldmessner","@id":"node/13061876120","kind":"refreshment"},"geometry":{"type":"Point","coordinates":[11.9483969,46.7764715]}},{"type":"Feature","properties":{"amenity":"restaurant","building":"yes","check_date":"2025-08-10","cuisine":"barbecue;german;bavarian;italian","email":"info@rischon.it","name":"Restaurant Rischon","opening_hours":"Mo-Tu,Fr-Su 12:00-14:00,18:30-22:30; We-Th off","outdoor_seating":"yes","phone":"+39 0474 431353","reservation":"recommended","website":"https://rischon.it","wheelchair":"no","@id":"way/323704820","kind":"refreshment"},"geometry":{"type":"Point","coordinates":[11.9484866,46.7761501]}},{"type":"Feature","properties":{"amenity":"bbq","description":"Grillplatz Reischach","fuel":"wood;gas","operator":"Fraktionsverwaltung Reischach","@id":"node/436171679","kind":"picnic","name":null},"geometry":{"type":"Point","coordinates":[11.9602071,46.7712952]}},{"type":"Feature","properties":{"amenity":"drinking_water","bottle":"yes","drinking_water":"yes","fee":"no","image":"https://www.refill.bz.it/images/sitemap/prack-zu-asch-strasse_kirche_1.jpg","indoor":"no","seasonal":"yes","source":"Refill Südtirol / Alto Adige","source:date":"2019-10-15","wheelchair":"yes","@id":"node/2904499901","kind":"water","name":null},"geometry":{"type":"Point","coordinates":[11.950378,46.77667]}},{"type":"Feature","properties":{"amenity":"drinking_water","bottle":"yes","drinking_water":"yes","fee":"no","image":"https://www.refill.bz.it/images/sitemap/hans-theodor-niederbacher-strasse_spielplatz_pavillon_2.jpg","indoor":"no","seasonal":"yes","source":"Refill Südtirol / Alto Adige","source:date":"2020-04-15","wheelchair":"yes","@id":"node/7405107586","kind":"water","name":null},"geometry":{"type":"Point","coordinates":[11.953549,46.776137]}},{"type":"Feature","properties":{"amenity":"drinking_water","bottle":"yes","drinking_water":"yes","fee":"no","image":"https://www.refill.bz.it/images/sitemap/schuetzenstrasse_spielplatz_2.jpg","indoor":"no","seasonal":"yes","source":"Refill Südtirol / Alto Adige","source:date":"2020-04-15","wheelchair":"yes","@id":"node/7405131185","kind":"water","name":null},"geometry":{"type":"Point","coordinates":[11.954874,46.773584]}},{"type":"Feature","properties":{"amenity":"drinking_water","bottle":"yes","drinking_water":"yes","fee":"no","image":"https://www.refill.bz.it/images/sitemap/burgstrasse_spielplatz_2.jpg","indoor":"no","seasonal":"yes","source":"Refill Südtirol / Alto Adige","source:date":"2020-04-15","wheelchair":"yes","@id":"node/7405158885","kind":"water","name":null},"geometry":{"type":"Point","coordinates":[11.951419,46.776023]}},{"type":"Feature","properties":{"amenity":"drinking_water","bottle":"yes","drinking_water":"yes","fee":"no","image":"https://www.refill.bz.it/images/sitemap/herrneggweg_kneipanlage_2.jpg","indoor":"no","seasonal":"yes","source":"Refill Südtirol / Alto Adige","source:date":"2020-04-16","wheelchair":"yes","@id":"node/7409859185","kind":"water","name":null},"geometry":{"type":"Point","coordinates":[11.9497962,46.7722197]}},{"type":"Feature","properties":{"amenity":"toilets","toilets:disposal":"dry_toilet","@id":"node/11527481563","kind":"toilets","name":null},"geometry":{"type":"Point","coordinates":[11.9607803,46.7712853]}},{"type":"Feature","properties":{"access":"yes","amenity":"drinking_water","description":"Tröpfelt sehr langsam.","wheelchair":"yes","@id":"node/13061876111","kind":"water","name":null},"geometry":{"type":"Point","coordinates":[11.9453792,46.7762698]}},{"type":"Feature","properties":{"tourism":"picnic_site","@id":"node/11527461528","kind":"picnic","name":null},"geometry":{"type":"Point","coordinates":[11.9604988,46.7712613]}},{"type":"Feature","properties":{"tourism":"picnic_site","@id":"node/11527496063","kind":"picnic","name":null},"geometry":{"type":"Point","coordinates":[11.9583937,46.7722347]}},{"type":"Feature","properties":{"tourism":"picnic_site","@id":"node/11527509260","kind":"picnic","name":null},"geometry":{"type":"Point","coordinates":[11.9514862,46.7717095]}},{"type":"Feature","properties":{"tourism":"artwork","@id":"node/12464137639","kind":"sight","name":null},"geometry":{"type":"Point","coordinates":[11.9522506,46.7716365]}},{"type":"Feature","properties":{"tourism":"artwork","@id":"node/12464137640","kind":"sight","name":null},"geometry":{"type":"Point","coordinates":[11.9520012,46.7717385]}},{"type":"Feature","properties":{"tourism":"artwork","@id":"node/12464137641","kind":"sight","name":null},"geometry":{"type":"Point","coordinates":[11.9517142,46.7717054]}},{"type":"Feature","properties":{"tourism":"artwork","@id":"node/12464137642","kind":"sight","name":null},"geometry":{"type":"Point","coordinates":[11.9509296,46.7719194]}},{"type":"Feature","properties":{"tourism":"artwork","@id":"node/12464137643","kind":"sight","name":null},"geometry":{"type":"Point","coordinates":[11.9507459,46.771981]}},{"type":"Feature","properties":{"tourism":"artwork","@id":"node/12464137644","kind":"sight","name":null},"geometry":{"type":"Point","coordinates":[11.9504347,46.772093]}},{"type":"Feature","properties":{"tourism":"artwork","@id":"node/12464137645","kind":"sight","name":null},"geometry":{"type":"Point","coordinates":[11.9501813,46.7722005]}},{"type":"Feature","properties":{"tourism":"artwork","@id":"node/12464137646","kind":"sight","name":null},"geometry":{"type":"Point","coordinates":[11.9499895,46.7721729]}},{"type":"Feature","properties":{"leisure":"picnic_table","@id":"node/13585060370","kind":"picnic","name":null},"geometry":{"type":"Point","coordinates":[11.9555185,46.7721304]}},{"type":"Feature","properties":{"historic":"wayside_cross","@id":"node/5931862506","kind":"sight","name":null},"geometry":{"type":"Point","coordinates":[11.9601416,46.7715299]}},{"type":"Feature","properties":{"historic":"memorial","memorial":"war_memorial","name":"Monumento ai Caduti","wikimedia_commons":"File:Monumento ai Caduti di Riscone, Brunico (BZ) .jpg","@id":"node/6575109612","kind":"sight"},"geometry":{"type":"Point","coordinates":[11.9502431,46.7768883]}},{"type":"Feature","properties":{"historic":"wayside_cross","@id":"node/13445052018","kind":"sight","name":null},"geometry":{"type":"Point","coordinates":[11.9531735,46.7774202]}},{"type":"Feature","properties":{"addr:city":"Bruneck - Brunico","addr:city:de":"Bruneck","addr:city:it":"Brunico","addr:hamlet":"Reischach - Riscone","addr:hamlet:de":"Reischach","addr:hamlet:it":"Riscone","addr:housenumber":"1","addr:postcode":"39031","addr:street":"H. T. Niederbacher-Straße - Via H. T. Niederbacher","addr:street:de":"H. T. Niederbacher-Straße","addr:street:it":"Via H. T. Niederbacher","building":"yes","historic":"castle","name":"Angerburg","wikidata":"Q107142343","wikimedia_commons":"Category:Angerburg (Reischach)","wikipedia":"de:Ansitz Angerburg","@id":"way/323710804","kind":"sight"},"geometry":{"type":"Point","coordinates":[11.9538645,46.7769565]}},{"type":"Feature","properties":{"addr:city":"Sarntal - Sarentino","addr:city:de":"Sarntal","addr:city:it":"Sarentino","addr:housename":"Gasthof Greif","addr:housenumber":"16","addr:place":"Astfeld - Campolasta","addr:place:de":"Astfeld","addr:place:it":"Campolasta","addr:postcode":"39058","amenity":"bar","name":"Mair Bar","@id":"node/760625056","kind":"refreshment"},"geometry":{"type":"Point","coordinates":[11.3657402,46.6668477]}},{"type":"Feature","properties":{"addr:city":"Sarntal - Sarentino","addr:city:de":"Sarntal","addr:city:it":"Sarentino","addr:housenumber":"6","addr:place":"Astfeld - Campolasta","addr:place:de":"Astfeld","addr:place:it":"Campolasta","addr:postcode":"39058","amenity":"restaurant","name":"Weisses Rössl","@id":"node/760625058","kind":"refreshment"},"geometry":{"type":"Point","coordinates":[11.3651738,46.6657397]}},{"type":"Feature","properties":{"addr:city":"Sarntal - Sarentino","addr:city:de":"Sarntal","addr:city:it":"Sarentino","addr:housenumber":"12","addr:place":"Astfeld - Campolasta","addr:place:de":"Astfeld","addr:place:it":"Campolasta","addr:postcode":"39058","amenity":"restaurant","name":"Stern","@id":"node/1754058968","kind":"refreshment"},"geometry":{"type":"Point","coordinates":[11.3657888,46.6663053]}},{"type":"Feature","properties":{"addr:city":"Sarntal - Sarentino","addr:city:de":"Sarntal","addr:city:it":"Sarentino","addr:housenumber":"34","addr:place":"Astfeld - Campolasta","addr:place:de":"Astfeld","addr:place:it":"Campolasta","addr:postcode":"39058","amenity":"restaurant","building":"yes","name":"Sonne Gasthof","@id":"way/163728105","kind":"refreshment"},"geometry":{"type":"Point","coordinates":[11.3648043,46.6662532]}},{"type":"Feature","properties":{"addr:city":"Sarntal - Sarentino","addr:city:de":"Sarntal","addr:city:it":"Sarentino","addr:housenumber":"16","addr:place":"Astfeld - Campolasta","addr:place:de":"Astfeld","addr:place:it":"Campolasta","addr:postcode":"39058","amenity":"restaurant","building":"yes","name":"Gasthof Greif","@id":"way/163728126","kind":"refreshment"},"geometry":{"type":"Point","coordinates":[11.3658287,46.6668583]}},{"type":"Feature","properties":{"amenity":"drinking_water","@id":"node/11124579430","kind":"water","name":null},"geometry":{"type":"Point","coordinates":[11.3622628,46.6719325]}},{"type":"Feature","properties":{"amenity":"drinking_water","@id":"node/13042709578","kind":"water","name":null},"geometry":{"type":"Point","coordinates":[11.3654315,46.6665284]}},{"type":"Feature","properties":{"historic":"wayside_cross","@id":"node/13882055178","kind":"sight","name":null},"geometry":{"type":"Point","coordinates":[11.3642911,46.6729105]}},{"type":"Feature","properties":{"historic":"wayside_cross","@id":"node/13882068072","kind":"sight","name":null},"geometry":{"type":"Point","coordinates":[11.3716712,46.6706881]}},{"type":"Feature","properties":{"historic":"wayside_shrine","@id":"node/13882084364","kind":"sight","name":null},"geometry":{"type":"Point","coordinates":[11.3654694,46.6691757]}},{"type":"Feature","properties":{"historic":"wayside_cross","@id":"node/13882174817","kind":"sight","name":null},"geometry":{"type":"Point","coordinates":[11.3728061,46.6709531]}},{"type":"Feature","properties":{"historic":"wayside_cross","@id":"node/13882184746","kind":"sight","name":null},"geometry":{"type":"Point","coordinates":[11.3658473,46.6670334]}},{"type":"Feature","properties":{"amenity":"cafe","name":"Bierhitt","@id":"node/1597392751","kind":"refreshment"},"geometry":{"type":"Point","coordinates":[11.3574096,46.6429763]}},{"type":"Feature","properties":{"addr:housenumber":"28","amenity":"cafe","name":"Milchbar","opening_hours":"Mo-Fr 07:00-19:00; Sa 07:00-13:00","@id":"node/1597393520","kind":"refreshment"},"geometry":{"type":"Point","coordinates":[11.3572004,46.6436116]}},{"type":"Feature","properties":{"amenity":"bar","name":"Kröss","@id":"node/1597394572","kind":"refreshment"},"geometry":{"type":"Point","coordinates":[11.3572111,46.6427737]}},{"type":"Feature","properties":{"amenity":"restaurant","cuisine":"international","name":"Braunwirt","@id":"node/1597395058","kind":"refreshment"},"geometry":{"type":"Point","coordinates":[11.356782,46.6427092]}},{"type":"Feature","properties":{"amenity":"restaurant","cuisine":"international","name":"Höllriegl","@id":"node/1597397087","kind":"refreshment"},"geometry":{"type":"Point","coordinates":[11.3576164,46.6431104]}},{"type":"Feature","properties":{"amenity":"bar","name":"Brückenwirt","@id":"node/1597401781","kind":"refreshment"},"geometry":{"type":"Point","coordinates":[11.3576347,46.6423573]}},{"type":"Feature","properties":{"amenity":"restaurant","cuisine":"fish","name":"Sarner Forellenzucht - Troticoltura Sarentino","name:de":"Sarner Forellenzucht","name:it":"Troticoltura Sarentino","@id":"node/1627187846","kind":"refreshment"},"geometry":{"type":"Point","coordinates":[11.3599383,46.6278156]}},{"type":"Feature","properties":{"addr:housenumber":"17","addr:street":"Griesplatz","amenity":"restaurant","description":"Tiroler Küche","name":"Gasthof Rungg","opening_hours":"\"dauerhaft geschlossen\"","phone":"+390471623123","@id":"node/5622694491","kind":"refreshment"},"geometry":{"type":"Point","coordinates":[11.3559628,46.6410362]}},{"type":"Feature","properties":{"amenity":"restaurant","name":"Sarner Bürgerstube","@id":"node/7876706173","kind":"refreshment"},"geometry":{"type":"Point","coordinates":[11.3539695,46.639487]}},{"type":"Feature","properties":{"amenity":"cafe","name":"Café Mair","@id":"node/12138415498","kind":"refreshment"},"geometry":{"type":"Point","coordinates":[11.3570957,46.6442268]}},{"type":"Feature","properties":{"amenity":"restaurant","name":"Gadthof Post Albergo","@id":"node/12138461742","kind":"refreshment"},"geometry":{"type":"Point","coordinates":[11.3569212,46.6435331]}},{"type":"Feature","properties":{"amenity":"restaurant","building":"yes","cuisine":"pizza","name":"Kellerburg","@id":"way/162883011","kind":"refreshment"},"geometry":{"type":"Point","coordinates":[11.3575869,46.6452711]}},{"type":"Feature","properties":{"amenity":"cafe","building":"yes","cuisine":"coffee_shop","internet_access":"wlan","name":"Park Cafe","@id":"way/162990149","kind":"refreshment"},"geometry":{"type":"Point","coordinates":[11.3569865,46.641441]}},{"type":"Feature","properties":{"amenity":"toilets","@id":"node/1821781774","kind":"toilets","name":null},"geometry":{"type":"Point","coordinates":[11.3570542,46.6414015]}},{"type":"Feature","properties":{"amenity":"drinking_water","bottle":"yes","drinking_water":"yes","ele":"970","fee":"no","indoor":"no","name:de":"Dorfbrunnen Kirchplatz","operator":"Gemeinde Sarntal","seasonal":"yes/spring/summer/autumn","source":"Refill Südtirol / Alto Adige","source:date":"2022-12-05","wheelchair":"yes","@id":"node/10770868110","kind":"water","name":null},"geometry":{"type":"Point","coordinates":[11.356819,46.642846]}},{"type":"Feature","properties":{"amenity":"drinking_water","@id":"node/11124616395","kind":"water","name":null},"geometry":{"type":"Point","coordinates":[11.3566031,46.6715067]}},{"type":"Feature","properties":{"amenity":"water_point","@id":"node/12138462532","kind":"water","name":null},"geometry":{"type":"Point","coordinates":[11.3571973,46.6439207]}},{"type":"Feature","properties":{"name":"Urlesteig Libelle","tourism":"attraction","@id":"node/2402346825","kind":"sight"},"geometry":{"type":"Point","coordinates":[11.3698244,46.6507721]}},{"type":"Feature","properties":{"name":"Rohrerhaus","operator":"Associazione Rohrerhaus - Verein Rohrerhaus","tourism":"museum","website":"https://www.rohrerhaus.it/","wikidata":"Q56182910","@id":"way/1456956599","kind":"sight"},"geometry":{"type":"Point","coordinates":[11.3541763,46.6400211]}},{"type":"Feature","properties":{"natural":"spring","@id":"node/11124605537","kind":"water","name":null},"geometry":{"type":"Point","coordinates":[11.3588814,46.6710664]}},{"type":"Feature","properties":{"ele":"1100","historic":"castle","name":"Schloß Reineck - Castel Regino","name:de":"Schloß Reineck","name:it":"Castel Regino","wikidata":"Q3662116","wikipedia":"it:Castel Regino","@id":"node/1739412117","kind":"sight"},"geometry":{"type":"Point","coordinates":[11.3637653,46.6408764]}},{"type":"Feature","properties":{"historic":"wayside_cross","@id":"node/9900091971","kind":"sight","name":null},"geometry":{"type":"Point","coordinates":[11.3540308,46.6783124]}},{"type":"Feature","properties":{"historic":"wayside_cross","@id":"node/12995848474","kind":"sight","name":null},"geometry":{"type":"Point","coordinates":[11.3685956,46.6412201]}},{"type":"Feature","properties":{"historic":"wayside_cross","@id":"node/13882091971","kind":"sight","name":null},"geometry":{"type":"Point","coordinates":[11.3560804,46.6793456]}},{"type":"Feature","properties":{"historic":"wayside_cross","material":"wood","@id":"node/13888895506","kind":"sight","name":null},"geometry":{"type":"Point","coordinates":[11.3659289,46.641353]}},{"type":"Feature","properties":{"amenity":"restaurant","name":"Moar","@id":"node/292811263","kind":"refreshment"},"geometry":{"type":"Point","coordinates":[11.3566442,46.5633788]}},{"type":"Feature","properties":{"amenity":"restaurant","cuisine":"regional","name":"Jausenstation Lanzenschusterhof","@id":"node/12768675667","kind":"refreshment"},"geometry":{"type":"Point","coordinates":[11.29663,46.5955566]}},{"type":"Feature","properties":{"addr:housenumber":"1","addr:street":"Sunnenberg","amenity":"restaurant","building":"yes","building:levels":"4","cuisine":"local;regional","name":"Leitlkeller","opening_hours":"We-Mo 10:00-14:00","phone":"+39 0471 20340075","@id":"way/193533052","kind":"refreshment"},"geometry":{"type":"Point","coordinates":[11.3051978,46.5842679]}},{"type":"Feature","properties":{"amenity":"drinking_water","@id":"node/7751111088","kind":"water","name":null},"geometry":{"type":"Point","coordinates":[11.2961506,46.5852624]}},{"type":"Feature","properties":{"historic":"wayside_cross","@id":"node/7875770120","kind":"sight","name":null},"geometry":{"type":"Point","coordinates":[11.2953068,46.5837721]}},{"type":"Feature","properties":{"historic":"wayside_cross","@id":"node/7875770155","kind":"sight","name":null},"geometry":{"type":"Point","coordinates":[11.2961993,46.5867472]}},{"type":"Feature","properties":{"amenity":"restaurant","building":"yes","cuisine":"regional","name":"Langfenn","opening_hours":"Tu-Su 09:00-18:00; Mo off","opening_hours:kitchen":"Tu-Su 11:30-16:00; Mo off","phone":"+39 0471 668218","website":"https://langfenn.it","@id":"way/116661172","kind":"refreshment"},"geometry":{"type":"Point","coordinates":[11.2815885,46.5850673]}},{"type":"Feature","properties":{"tourism":"viewpoint","@id":"node/3383385038","kind":"viewpoint","name":null},"geometry":{"type":"Point","coordinates":[11.2815621,46.5849027]}},{"type":"Feature","properties":{"amenity":"restaurant","name":"Brunnerhof","stars":"3","tourism":"hotel","@id":"node/2042483063","kind":"refreshment"},"geometry":{"type":"Point","coordinates":[12.04474,46.7765285]}},{"type":"Feature","properties":{"amenity":"restaurant","name":"Wieser","tourism":"guest_house","@id":"node/2042483160","kind":"refreshment"},"geometry":{"type":"Point","coordinates":[12.0442746,46.7760856]}},{"type":"Feature","properties":{"addr:city":"Rasen-Antholz - Rasun Anterselva","addr:city:de":"Rasen-Antholz","addr:city:it":"Rasun Anterselva","addr:housename":"Gasthof Troger","addr:housenumber":"21","addr:postcode":"39030","addr:street":"Oberrasner Straße - Via Rasun di Sopra","addr:street:de":"Oberrasner Straße","addr:street:it":"Via Rasun di Sopra","addr:village":"Oberrasen - Rasun di Sopra","addr:village:de":"Oberrasen","addr:village:it":"Rasun di Sopra","amenity":"restaurant","name":"Gasthof Troger","@id":"node/2055828152","kind":"refreshment"},"geometry":{"type":"Point","coordinates":[12.0581761,46.7897804]}},{"type":"Feature","properties":{"addr:city":"Rasen-Antholz - Rasun Anterselva","addr:housenumber":"10","addr:postcode":"39030","addr:street":"In der Linde","amenity":"restaurant","bar":"no","cuisine":"regional","level":"0","name":"Ansitz Goller","outdoor_seating":"no","phone":"+39 347 2602881","ref:vatin":"IT00423610211","reservation":"yes","smoking":"no","takeaway":"no","website":"http://www.ansitz-goller.it","@id":"node/9983695815","kind":"refreshment"},"geometry":{"type":"Point","coordinates":[12.0454646,46.7806741]}},{"type":"Feature","properties":{"amenity":"bar","building":"yes","layer":"1","name":"Sportbar","@id":"way/39517844","kind":"refreshment"},"geometry":{"type":"Point","coordinates":[12.0415389,46.7744153]}},{"type":"Feature","properties":{"amenity":"drinking_water","bottle":"yes","drinking_water":"yes","ele":"1090","fee":"no","image":"https://www.refill.bz.it/images/sitemap/img-20180628-wa0020.jpg","indoor":"no","seasonal":"yes","source":"Refill Südtirol / Alto Adige","source:date":"2020-02-07","wheelchair":"yes","@id":"node/7318188889","kind":"water","name":null},"geometry":{"type":"Point","coordinates":[12.0583012,46.7894364]}},{"type":"Feature","properties":{"amenity":"drinking_water","bottle":"yes","drinking_water":"yes","ele":"1090","fee":"no","image":"https://www.refill.bz.it/images/sitemap/img-20180628-wa0008.jpg","indoor":"no","name:de":"Pichler","name:en":"Pichler","name:it":"Pichler","seasonal":"yes","source":"Refill Südtirol / Alto Adige","source:date":"2020-02-07","wheelchair":"yes","@id":"node/7318188896","kind":"water","name":null},"geometry":{"type":"Point","coordinates":[12.0560967,46.7913282]}},{"type":"Feature","properties":{"amenity":"drinking_water","bottle":"yes","drinking_water":"yes","ele":"1030","fee":"no","image":"https://www.refill.bz.it/images/sitemap/img-20180628-wa0018_1.jpg","indoor":"no","name:de":"Aberle","name:en":"Aberle","name:it":"Aberle","seasonal":"yes","source":"Refill Südtirol / Alto Adige","source:date":"2020-02-07","wheelchair":"yes","@id":"node/7318188898","kind":"water","name":null},"geometry":{"type":"Point","coordinates":[12.046405,46.781742]}},{"type":"Feature","properties":{"amenity":"drinking_water","bottle":"yes","drinking_water":"yes","ele":"1090","fee":"no","image":"https://www.refill.bz.it/images/sitemap/img-20180628-wa0025.jpg","indoor":"no","seasonal":"yes","source":"Refill Südtirol / Alto Adige","source:date":"2020-02-07","wheelchair":"yes","@id":"node/7318189285","kind":"water","name":null},"geometry":{"type":"Point","coordinates":[12.0588851,46.7914918]}},{"type":"Feature","properties":{"amenity":"drinking_water","bottle":"yes","drinking_water":"yes","ele":"1090","fee":"no","image":"https://www.refill.bz.it/images/sitemap/img-20180628-wa0005.jpg","indoor":"no","name:de":"Wirther","name:en":"Wirther","name:it":"Wirther","seasonal":"yes","source":"Refill Südtirol / Alto Adige","source:date":"2020-02-07","wheelchair":"yes","@id":"node/7318189289","kind":"water","name":null},"geometry":{"type":"Point","coordinates":[12.0565237,46.7920548]}},{"type":"Feature","properties":{"amenity":"drinking_water","bottle":"yes","drinking_water":"yes","ele":"1090","fee":"no","image":"https://www.refill.bz.it/images/sitemap/img-20180628-wa0011.jpg","indoor":"no","name:de":"Kaser","name:en":"Kaser","name:it":"Kaser","seasonal":"yes","source":"Refill Südtirol / Alto Adige","source:date":"2020-02-07","wheelchair":"yes","@id":"node/7318189290","kind":"water","name":null},"geometry":{"type":"Point","coordinates":[12.0538781,46.7918789]}},{"type":"Feature","properties":{"amenity":"drinking_water","drinking_water":"yes","name:de":"Grillplatz Oberrasen","name:en":"Picnic Area Oberrasen","name:it":"Area barbecue Rasun di Sopra","natural":"spring","source":"Refill Südtirol / Alto Adige","source:updated":"2025-09-17","@id":"node/9001872395","kind":"water","name":null},"geometry":{"type":"Point","coordinates":[12.0626255,46.8035184]}},{"type":"Feature","properties":{"amenity":"toilets","@id":"node/13640469481","kind":"toilets","name":null},"geometry":{"type":"Point","coordinates":[12.0366823,46.7754663]}},{"type":"Feature","properties":{"tourism":"viewpoint","@id":"node/893193705","kind":"viewpoint","name":null},"geometry":{"type":"Point","coordinates":[12.0408816,46.7909562]}},{"type":"Feature","properties":{"tourism":"picnic_site","@id":"node/2048599388","kind":"picnic","name":null},"geometry":{"type":"Point","coordinates":[12.0487281,46.7827425]}},{"type":"Feature","properties":{"amenity":"bench","leisure":"picnic_table","tourism":"picnic_site","@id":"node/8999242090","kind":"picnic","name":null},"geometry":{"type":"Point","coordinates":[12.0627666,46.8034595]}},{"type":"Feature","properties":{"amenity":"bench","leisure":"picnic_table","tourism":"picnic_site","@id":"node/8999242091","kind":"picnic","name":null},"geometry":{"type":"Point","coordinates":[12.0628079,46.803526]}},{"type":"Feature","properties":{"amenity":"bench","leisure":"picnic_table","tourism":"picnic_site","@id":"node/8999242092","kind":"picnic","name":null},"geometry":{"type":"Point","coordinates":[12.0628925,46.8035235]}},{"type":"Feature","properties":{"amenity":"bench","board":"yes","board_type":"nature","covered":"no","tourism":"viewpoint","@id":"node/8999242097","kind":"viewpoint","name":null},"geometry":{"type":"Point","coordinates":[12.0462668,46.7921108]}},{"type":"Feature","properties":{"man_made":"water_well","@id":"node/4628204795","kind":"water","name":null},"geometry":{"type":"Point","coordinates":[12.0582517,46.7894352]}},{"type":"Feature","properties":{"covered":"no","leisure":"picnic_table","@id":"node/12456083477","kind":"picnic","name":null},"geometry":{"type":"Point","coordinates":[12.0429133,46.7935556]}},{"type":"Feature","properties":{"covered":"no","leisure":"picnic_table","@id":"node/12456083480","kind":"picnic","name":null},"geometry":{"type":"Point","coordinates":[12.0462332,46.7923661]}},{"type":"Feature","properties":{"denomination":"catholic","historic":"wayside_cross","religion":"christian","@id":"node/12456083476","kind":"sight","name":null},"geometry":{"type":"Point","coordinates":[12.041603,46.7935033]}},{"type":"Feature","properties":{"denomination":"catholic","historic":"wayside_cross","religion":"christian","@id":"node/12456083483","kind":"sight","name":null},"geometry":{"type":"Point","coordinates":[12.0533276,46.7920002]}},{"type":"Feature","properties":{"denomination":"catholic","historic":"wayside_shrine","religion":"christian","@id":"node/12456083484","kind":"sight","name":null},"geometry":{"type":"Point","coordinates":[12.0560038,46.7912941]}},{"type":"Feature","properties":{"historic":"castle","name":"Burg Neurasen - Castelnuovo Rasun","name:de":"Burg Neurasen","name:it":"Castelnuovo Rasun","ruins":"yes","wikidata":"Q16538204","wikipedia":"it:Castelnuovo Rasun","@id":"way/317574852","kind":"sight"},"geometry":{"type":"Point","coordinates":[12.0409372,46.7909398]}},{"type":"Feature","properties":{"amenity":"restaurant","contact:email":"sonnegghof@virgilio.it","contact:website":"http://www.sonnegghof.com/","name":"Restaurant Landgasthof Sonnenegghof - Ristorante","name:de":"Restaurant Landgasthof Sonnenegghof","name:it":"Ristorante Sonnegghof","wheelchair":"yes","@id":"node/768270821","kind":"refreshment"},"geometry":{"type":"Point","coordinates":[11.2375013,46.3781292]}},{"type":"Feature","properties":{"addr:city":"Kaltern an der Weinstraße - Caldaro sulla Strada del Vino","addr:city:de":"Kaltern an der Weinstraße","addr:city:it":"Caldaro sulla Strada del Vino","addr:housenumber":"37","addr:postcode":"39052","addr:street":"Altenburg - Castelvecchio","addr:street:de":"Altenburg","addr:street:it":"Castelvecchio","amenity":"restaurant","contact:email":"info@altenburgerhof.it","contact:website":"https://www.altenburgerhof.com/","name":"Altenburger Hof, Restaurant","opening_hours":"We-Mo 10:00-23:00","@id":"node/768270884","kind":"refreshment"},"geometry":{"type":"Point","coordinates":[11.2390109,46.3771946]}},{"type":"Feature","properties":{"amenity":"restaurant","building":"yes","cuisine":"regional","name":"Waldschenke","@id":"way/59020430","kind":"refreshment"},"geometry":{"type":"Point","coordinates":[11.2352441,46.3740205]}},{"type":"Feature","properties":{"amenity":"drinking_water","bottle":"yes","description:de":"Brunnen oberhalb Widum","drinking_water":"yes","fee":"no","fountain":"drinking","image":"https://www.refill.bz.it/images/sitemap/9_altenburg_oberhalb_widum_1.jpg","indoor":"no","operator":"Gemeinde Kaltern","seasonal":"no","source":"Refill Südtirol / Alto Adige","source:date":"2019-10-15","wheelchair":"yes","@id":"node/1828557119","kind":"water","name":null},"geometry":{"type":"Point","coordinates":[11.2387492,46.3773771]}},{"type":"Feature","properties":{"amenity":"drinking_water","bottle":"yes","drinking_water":"yes","fee":"no","image":"https://www.refill.bz.it/images/sitemap/10_altenburg_28_bei_haus_melitta.jpg","indoor":"no","seasonal":"no","source":"Refill Südtirol / Alto Adige","source:date":"2019-10-15","wheelchair":"yes","@id":"node/2968010904","kind":"water","name":null},"geometry":{"type":"Point","coordinates":[11.238284,46.372376]}},{"type":"Feature","properties":{"addr:hamlet:de":"Tramin an der Weinstraße","addr:hamlet:en":"Tramin an der Weinstraße - Termeno sulla Strada del Vino","addr:hamlet:it":"Termeno sulla Strada del Vino","addr:postcode":"39040","addr:street:de":"Fraktion Söll 57","addr:street:en":"Fraktion Söll - Frazione di Sella 57","addr:street:it":"Frazione di Sella 57","amenity":"drinking_water","bottle":"yes","fee":"no","fountain":"drinking","indoor":"no","name:de":"Brunnen Feuerwehrhalle","seasonal":"no","source":"Refill Südtirol / Alto Adige","source:date":"2019-10-15","wheelchair":"yes","@id":"node/5530087473","kind":"water","name":null},"geometry":{"type":"Point","coordinates":[11.238853,46.362473]}},{"type":"Feature","properties":{"amenity":"drinking_water","bottle":"yes","fee":"no","image":"https://www.refill.bz.it/images/sitemap/12_altenburg_bei_haus_gschnell.jpg","indoor":"no","seasonal":"no","source":"Refill Südtirol / Alto Adige","source:date":"2020-06-10","wheelchair":"yes","@id":"node/7608318385","kind":"water","name":null},"geometry":{"type":"Point","coordinates":[11.237168,46.370666]}},{"type":"Feature","properties":{"amenity":"drinking_water","bottle":"yes","drinking_water":"yes","image":"https://www.refill.bz.it/images/sitemap/11_altenburg_bei_haus_unterkofler.jpg","indoor":"no","seasonal":"no","source":"Refill Südtirol / Alto Adige","source:date":"2020-06-10","wheelchair":"yes","@id":"node/7608459989","kind":"water","name":null},"geometry":{"type":"Point","coordinates":[11.236932,46.369437]}},{"type":"Feature","properties":{"amenity":"drinking_water","bottle":"yes","drinking_water":"yes","fee":"no","image":"https://www.refill.bz.it/images/sitemap/13_altenburg_richtung_waldschenke.jpg","indoor":"no","seasonal":"no","source":"Refill Südtirol / Alto Adige","source:date":"2020-06-10","wheelchair":"yes","@id":"node/7608482985","kind":"water","name":null},"geometry":{"type":"Point","coordinates":[11.235693,46.373324]}},{"type":"Feature","properties":{"access":"yes","amenity":"drinking_water","bottle":"yes","fee":"no","@id":"node/11186686603","kind":"water","name":null},"geometry":{"type":"Point","coordinates":[11.2387066,46.375393]}},{"type":"Feature","properties":{"alt_name":"Klotzbank","name":"Aussichtspunkt Altenburg - Belvedere di Castelvecchio","name:de":"Aussichtspunkt Altenburg","name:it":"Belvedere di Castelvecchio","source":"https://www.kalterersee.com/it/cultura-e-territorio/natura-e-paesaggio/punti-panoramici/belvedere-di-castelvecchio/","tourism":"viewpoint","wheelchair":"yes","@id":"node/381128598","kind":"viewpoint"},"geometry":{"type":"Point","coordinates":[11.2402657,46.3778533]}},{"type":"Feature","properties":{"tourism":"viewpoint","@id":"node/2169109929","kind":"viewpoint","name":null},"geometry":{"type":"Point","coordinates":[11.2411583,46.3729861]}},{"type":"Feature","properties":{"tourism":"viewpoint","@id":"node/2450667203","kind":"viewpoint","name":null},"geometry":{"type":"Point","coordinates":[11.2414717,46.3788573]}},{"type":"Feature","properties":{"tourism":"viewpoint","@id":"node/3712073189","kind":"viewpoint","name":null},"geometry":{"type":"Point","coordinates":[11.2427513,46.3722193]}},{"type":"Feature","properties":{"artwork_type":"stone","material":"stone","name":"La Speranza","name:de":"hoffnung","name:en":"hope","name:it":"La Speranza","tourism":"artwork","@id":"node/7104741508","kind":"sight"},"geometry":{"type":"Point","coordinates":[11.2378816,46.3811791]}},{"type":"Feature","properties":{"tourism":"viewpoint","@id":"node/11734371569","kind":"viewpoint","name":null},"geometry":{"type":"Point","coordinates":[11.2417945,46.3732157]}},{"type":"Feature","properties":{"bench":"yes","covered":"no","leisure":"picnic_table","@id":"node/8986785343","kind":"picnic","name":null},"geometry":{"type":"Point","coordinates":[11.2387062,46.3754098]}},{"type":"Feature","properties":{"building":"ruins","historic":"ruins","name":"Basilika St. Peter - Basilica di San Pietro","name:de":"Basilika St. Peter","name:it":"Basilica di San Pietro","wikidata":"Q3635713","wikipedia":"it:Basilica di San Pietro (Caldaro)","@id":"way/171887744","kind":"sight"},"geometry":{"type":"Point","coordinates":[11.2410582,46.3789877]}},{"type":"Feature","properties":{"area":"yes","historic":"ruins","@id":"way/1391566496","kind":"sight","name":null},"geometry":{"type":"Point","coordinates":[11.2399353,46.3793669]}},{"type":"Feature","properties":{"addr:housenumber":"3","addr:street":"Rathausplatz - Piazza Municipio","amenity":"cafe","name":"Bar Cafe' S'Platzl","opening_hours":"Tu-Sa 08:00-22:00; Su 09:00-12:00","outdoor_seating":"yes","phone":"+39 0471 860918","@id":"node/330498182","kind":"refreshment"},"geometry":{"type":"Point","coordinates":[11.2395183,46.3413364]}},{"type":"Feature","properties":{"amenity":"cafe","created_by":"Potlatch 0.10f","name":"Caffe Obermeier","@id":"node/330498682","kind":"refreshment"},"geometry":{"type":"Point","coordinates":[11.2435544,46.3429921]}},{"type":"Feature","properties":{"amenity":"restaurant","cuisine":"pizza","name":"Ristorante Pizzeria Pernhof","@id":"node/330499384","kind":"refreshment"},"geometry":{"type":"Point","coordinates":[11.2392352,46.3397953]}},{"type":"Feature","properties":{"addr:city":"Tramin an der Weinstraße - Termeno sulla Strada del Vino","addr:city:de":"Tramin an der Weinstraße","addr:city:it":"Termeno sulla Strada del Vino","addr:housenumber":"11","addr:postcode":"39040","addr:street":"Alexander-von-Keller-Weg - Via Alexander von Keller","addr:street:de":"Alexander-von-Keller-Weg","addr:street:it":"Via Alexander von Keller","amenity":"restaurant","name":"Buschenschänke Fam. Gamper","@id":"node/2756026223","kind":"refreshment"},"geometry":{"type":"Point","coordinates":[11.2450503,46.3428066]}},{"type":"Feature","properties":{"addr:city":"Tramin an der Weinstraße - Termeno sulla Strada del Vino","addr:city:de":"Tramin an der Weinstraße","addr:city:it":"Termeno sulla Strada del Vino","addr:housenumber":"2","addr:postcode":"39040","addr:street":"Julius-Von-Payer-Straße - Via Julius Von Payer","addr:street:de":"Julius-Von-Payer-Straße","addr:street:it":"Via Julius Von Payer","amenity":"restaurant","name":"Goldene Traube","@id":"node/2756026786","kind":"refreshment"},"geometry":{"type":"Point","coordinates":[11.2391904,46.3408364]}},{"type":"Feature","properties":{"addr:city":"Tramin an der Weinstraße - Termeno sulla Strada del Vino","addr:city:de":"Tramin an der Weinstraße","addr:city:it":"Termeno sulla Strada del Vino","addr:housenumber":"2","addr:postcode":"39040","addr:street":"Rathausplatz - Piazza Municipio","addr:street:de":"Rathausplatz","addr:street:it":"Piazza Municipio","amenity":"cafe","name":"Goldener Löwe","@id":"node/2756026792","kind":"refreshment"},"geometry":{"type":"Point","coordinates":[11.2394621,46.341224]}},{"type":"Feature","properties":{"addr:city":"Tramin an der Weinstraße - Termeno sulla Strada del Vino","addr:city:de":"Tramin an der Weinstraße","addr:city:it":"Termeno sulla Strada del Vino","addr:housenumber":"26","addr:postcode":"39040","addr:street":"Sankt-Quirikus-Gasse - Via San Quirico","addr:street:de":"Sankt-Quirikus-Gasse","addr:street:it":"Via San Quirico","amenity":"restaurant","name":"Gerda","@id":"node/2756027438","kind":"refreshment"},"geometry":{"type":"Point","coordinates":[11.2383946,46.3394885]}},{"type":"Feature","properties":{"addr:city":"Tramin an der Weinstraße - Termeno sulla Strada del Vino","addr:housenumber":"7","addr:postcode":"39040","addr:street":"Rathausplatz - Piazza Municipio","amenity":"restaurant","capacity":"30","cuisine":"mediterranean;regional","dog":"no","name":"Alte Post","opening_hours":"Mo-Fr 10:00-15:00,17:30-23:00; Tu off; Sa 09:30-15:00,17:30-23:00; Su 09:30-15:00","smoking":"outside","takeaway":"no","website":"https://www.alte-post-tramin.com/deutsch/restaurant/","@id":"node/5121704034","kind":"refreshment"},"geometry":{"type":"Point","coordinates":[11.2398983,46.3415288]}},{"type":"Feature","properties":{"amenity":"cafe","name":"'s Platzl","name:de":"Café Goldener Löwe","@id":"node/5134748823","kind":"refreshment"},"geometry":{"type":"Point","coordinates":[11.2394506,46.3411767]}},{"type":"Feature","properties":{"addr:city":"Tramin an der Weinstraße - Termeno sulla Strada del Vino","addr:housenumber":"14","addr:postcode":"39040","addr:street":"St. Jakob - S. Giacomo","amenity":"restaurant","name":"Kastelazkeller","phone":"+39 349 7520449","@id":"node/8871505835","kind":"refreshment"},"geometry":{"type":"Point","coordinates":[11.240615,46.3442218]}},{"type":"Feature","properties":{"addr:city":"Tramin an der Weinstraße - Termeno sulla Strada del Vino","addr:housenumber":"53","addr:postcode":"39040","addr:street":"Hans-Feur-Straße - Via Hans Feur","amenity":"bar","bar":"yes","cuisine":"regional","name":"Urbankeller","phone":"+39 0471 860 330","@id":"node/8892468538","kind":"refreshment"},"geometry":{"type":"Point","coordinates":[11.2445243,46.3440532]}},{"type":"Feature","properties":{"addr:housenumber":"28","addr:street":"Hans-Feur-Straße - Via Hans Feur","addr:street:de":"Hans-Feur-Straße","addr:street:it":"Via Hans Feur","amenity":"ice_cream","cafe":"yes","facebook":"https://de-de.facebook.com/pages/category/Bar/Caf%C3%A9-Eisdiele-Obermaier-1746471488997939/","name":"Obermaier","outdoor_seating":"yes","phone":"+39 338 217 4643","@id":"node/8947077558","kind":"refreshment"},"geometry":{"type":"Point","coordinates":[11.2432759,46.342911]}},{"type":"Feature","properties":{"addr:housenumber":"29","addr:street":"Joseph-von-Zallinger-Straße - Via Joseph von Zallinger","addr:street:de":"Joseph-von-Zallinger-Straße","addr:street:it":"Via Joseph von Zallinger","amenity":"restaurant","building":"yes","cuisine":"local","facebook":"https://m.facebook.com/WeisKeller/?locale2=de_DE","name":"Buschenschank Weis-Keller","phone":"+39 0471 860851","@id":"way/303575382","kind":"refreshment"},"geometry":{"type":"Point","coordinates":[11.2389329,46.3392111]}},{"type":"Feature","properties":{"amenity":"drinking_water","check_date":"2022-05-08","@id":"node/330498194","kind":"water","name":null},"geometry":{"type":"Point","coordinates":[11.2397129,46.3414141]}},{"type":"Feature","properties":{"amenity":"toilets","fee":"no","wheelchair":"yes","@id":"node/1473146115","kind":"toilets","name":null},"geometry":{"type":"Point","coordinates":[11.2403717,46.3406921]}},{"type":"Feature","properties":{"addr:hamlet:de":"Tramin an der Weinstraße","addr:hamlet:en":"Tramin an der Weinstraße - Termeno sulla Strada del Vino","addr:hamlet:it":"Termeno sulla Strada del Vino","addr:postcode":"39040","addr:street:de":"Mühlgasse 42","addr:street:en":"Mühlgasse - Via Molini 42","addr:street:it":"Via Mulini 42","amenity":"drinking_water","bottle":"yes","drinking_water":"yes","fee":"no","indoor":"no","name:de":"Brunnen Mittlere Mühlgasse","seasonal":"no","source":"Refill Südtirol / Alto Adige","source:date":"2019-10-15","wheelchair":"yes","@id":"node/5530094131","kind":"water","name":null},"geometry":{"type":"Point","coordinates":[11.240812,46.345499]}},{"type":"Feature","properties":{"addr:hamlet:de":"Tramin an der Weinstraße","addr:hamlet:en":"Tramin an der Weinstraße - Termeno sulla Strada del Vino","addr:hamlet:it":"Termeno sulla Strada del Vino","addr:postcode":"39040","addr:street:de":"St. Jakob - S. Giacomo 13","addr:street:en":"St. Jakob - S. Giacomo 13","addr:street:it":"St. Jakob - S. Giacomo 13","amenity":"drinking_water","bottle":"yes","fee":"no","indoor":"no","name:de":"Brunnen St. Jakob","seasonal":"no","source":"Refill Südtirol / Alto Adige","source:date":"2019-10-15","wheelchair":"yes","@id":"node/5530105313","kind":"water","name":null},"geometry":{"type":"Point","coordinates":[11.2410776,46.3442182]}},{"type":"Feature","properties":{"amenity":"drinking_water","description:de":"in Bibliothek Tramin","description:it":"Chiedi al banco di circolazione!","drinking_water":"yes","ele":"276","image":"https://www.refill.bz.it/images/sitemap/bibliothek_aussen.jpg","indoor":"yes","operator":"Comune di Termeno","seasonal":"no","source":"Refill Südtirol / Alto Adige","source:date":"2021-04-06","wheelchair":"yes","@id":"node/8597779717","kind":"water","name":null},"geometry":{"type":"Point","coordinates":[11.240162,46.340358]}},{"type":"Feature","properties":{"amenity":"fountain","covered":"no","drinking_water":"no","indoor":"no","lit":"yes","@id":"node/8888066682","kind":"water","name":null},"geometry":{"type":"Point","coordinates":[11.2395601,46.3409478]}},{"type":"Feature","properties":{"amenity":"drinking_water","bottle":"no","drinking_water":"conditional","fee":"no","indoor":"no","name:de":"Brunnen bei der Sparkasse","seasonal":"no","source":"Refill Südtirol / Alto Adige","source:date":"2022-03-30","wheelchair":"yes","@id":"node/9855080118","kind":"water","name":null},"geometry":{"type":"Point","coordinates":[11.2395483,46.3409458]}},{"type":"Feature","properties":{"amenity":"drinking_water","bottle":"yes","drinking_water":"yes","fee":"no","indoor":"no","name:de":"Brunnen Alexander-von-Kellerweg","seasonal":"no","source":"Refill Südtirol / Alto Adige","source:date":"2022-03-30","wheelchair":"yes","@id":"node/9855080217","kind":"water","name":null},"geometry":{"type":"Point","coordinates":[11.243531,46.342743]}},{"type":"Feature","properties":{"amenity":"drinking_water","bottle":"yes","drinking_water":"yes","fee":"no","fountain":"drinking","indoor":"no","name:de":"Brunnen Hans-Feur-Strasse","seasonal":"no","source":"Refill Südtirol / Alto Adige","source:date":"2022-03-30","wheelchair":"yes","@id":"node/9855080317","kind":"water","name":null},"geometry":{"type":"Point","coordinates":[11.241417,46.342002]}},{"type":"Feature","properties":{"amenity":"drinking_water","bottle":"yes","drinking_water":"yes","fee":"no","indoor":"no","name:de":"Brunnen im Kirchhof","seasonal":"no","source":"Refill Südtirol / Alto Adige","source:date":"2022-03-30","wheelchair":"yes","@id":"node/9855080417","kind":"water","name":null},"geometry":{"type":"Point","coordinates":[11.240151,46.341662]}},{"type":"Feature","properties":{"amenity":"drinking_water","bottle":"yes","drinking_water":"yes","fee":"no","indoor":"no","name:de":"Brunnen Obere Mühlgasse","seasonal":"no","source":"Refill Südtirol / Alto Adige","source:date":"2022-03-30","wheelchair":"yes","@id":"node/9855080517","kind":"water","name":null},"geometry":{"type":"Point","coordinates":[11.237082,46.346868]}},{"type":"Feature","properties":{"amenity":"drinking_water","bottle":"yes","drinking_water":"yes","fee":"no","indoor":"no","name:de":"Brunnen Schneckenthalerstraße","seasonal":"no","source":"Refill Südtirol / Alto Adige","source:date":"2022-03-30","wheelchair":"yes","@id":"node/9855080617","kind":"water","name":null},"geometry":{"type":"Point","coordinates":[11.238016,46.340854]}},{"type":"Feature","properties":{"amenity":"drinking_water","bottle":"yes","drinking_water":"yes","fee":"no","indoor":"no","name:de":"Brunnen Bachgasse","seasonal":"no","source":"Refill Südtirol / Alto Adige","source:date":"2022-03-30","wheelchair":"yes","@id":"node/9855080619","kind":"water","name":null},"geometry":{"type":"Point","coordinates":[11.243895,46.34475]}},{"type":"Feature","properties":{"amenity":"drinking_water","bottle":"yes","drinking_water":"yes","fee":"no","indoor":"no","name:de":"Brunnen am Kirchensteig","seasonal":"no","source":"Refill Südtirol / Alto Adige","source:date":"2022-03-30","wheelchair":"no","@id":"node/9855080620","kind":"water","name":null},"geometry":{"type":"Point","coordinates":[11.242018,46.343847]}},{"type":"Feature","properties":{"amenity":"drinking_water","bottle":"yes","drinking_water":"yes","fee":"no","indoor":"no","name:de":"Brunnen Quirikus-Gasse","seasonal":"no","source":"Refill Südtirol / Alto Adige","source:date":"2022-03-30","wheelchair":"limited","@id":"node/9855080621","kind":"water","name":null},"geometry":{"type":"Point","coordinates":[11.238059,46.339758]}},{"type":"Feature","properties":{"amenity":"drinking_water","bottle":"yes","drinking_water":"yes","fee":"no","indoor":"no","name:de":"Brunnen am Kastelazwanderweg","seasonal":"yes","source":"Refill Südtirol / Alto Adige","source:date":"2022-03-30","wheelchair":"no","@id":"node/9855080622","kind":"water","name":null},"geometry":{"type":"Point","coordinates":[11.233134,46.341121]}},{"type":"Feature","properties":{"information":"office","name":"Tramin","tourism":"information","@id":"node/1473146125","kind":"information"},"geometry":{"type":"Point","coordinates":[11.2398624,46.3403218]}},{"type":"Feature","properties":{"description:de":"Picknickplatz","tourism":"picnic_site","@id":"node/4477271117","kind":"picnic","name":null},"geometry":{"type":"Point","coordinates":[11.2334692,46.3412409]}},{"type":"Feature","properties":{"description:de":"Picknickplatz","tourism":"picnic_site","@id":"node/4477275378","kind":"picnic","name":null},"geometry":{"type":"Point","coordinates":[11.2346473,46.3430805]}},{"type":"Feature","properties":{"description:de":"Picknickplatz","tourism":"picnic_site","@id":"node/4477275380","kind":"picnic","name":null},"geometry":{"type":"Point","coordinates":[11.2349177,46.3444668]}},{"type":"Feature","properties":{"fee":"yes","name":"Dorfmuseum hoamet","tourism":"museum","@id":"node/8888066684","kind":"sight"},"geometry":{"type":"Point","coordinates":[11.2401376,46.3411724]}},{"type":"Feature","properties":{"name:de":"Gewürztraminerweg","tourism":"attraction","@id":"node/10852501906","kind":"sight","name":null},"geometry":{"type":"Point","coordinates":[11.2374512,46.3411376]}},{"type":"Feature","properties":{"tourism":"viewpoint","@id":"node/11937185894","kind":"viewpoint","name":null},"geometry":{"type":"Point","coordinates":[11.2417905,46.3443354]}},{"type":"Feature","properties":{"historic":"memorial","memorial":"war_memorial","@id":"node/8888066683","kind":"sight","name":null},"geometry":{"type":"Point","coordinates":[11.2399348,46.3411825]}},{"type":"Feature","properties":{"historic":"wayside_cross","@id":"node/11186653472","kind":"sight","name":null},"geometry":{"type":"Point","coordinates":[11.2420764,46.3474633]}},{"type":"Feature","properties":{"denomination":"roman_catholic","historic":"wayside_shrine","inscription":"Heiliger Johannes / schütz uns vor Unwetter","religion":"christian","@id":"node/11196486719","kind":"sight","name":null},"geometry":{"type":"Point","coordinates":[11.239823,46.3465351]}},{"type":"Feature","properties":{"amenity":"restaurant","cuisine":"pizza","name":"Ristorante Pizzeria Bürgerstube","toilets:wheelchair":"yes","wheelchair":"yes","@id":"node/1473146103","kind":"refreshment"},"geometry":{"type":"Point","coordinates":[11.2403915,46.3394376]}},{"type":"Feature","properties":{"addr:city":"Tramin an der Weinstraße - Termeno sulla Strada del Vino","addr:city:de":"Tramin an der Weinstraße","addr:city:it":"Termeno sulla Strada del Vino","addr:housenumber":"10","addr:postcode":"39040","addr:street":"Schießstandweg - Via Tiro a Segno","addr:street:de":"Schießstandweg","addr:street:it":"Via Tiro a Segno","amenity":"restaurant","building":"yes","name":"Pizzeria Schiessstand","phone":"+39 0471 860310","website":"https://www.schiessstand.it/","@id":"way/372432815","kind":"refreshment"},"geometry":{"type":"Point","coordinates":[11.2455714,46.3472555]}},{"type":"Feature","properties":{"amenity":"drinking_water","bottle":"yes","drinking_water":"yes","fee":"no","indoor":"no","name:de":"Brunnen Schießstandweg","seasonal":"no","source":"Refill Südtirol / Alto Adige","source:date":"2022-03-30","wheelchair":"yes","@id":"node/9855080518","kind":"water","name":null},"geometry":{"type":"Point","coordinates":[11.244496,46.347153]}},{"type":"Feature","properties":{"amenity":"bar","name":"Sportbar Laugen","@id":"node/1388893591","kind":"refreshment"},"geometry":{"type":"Point","coordinates":[11.6735061,46.7459632]}},{"type":"Feature","properties":{"amenity":"restaurant","cuisine":"regional","name":"Maratscher","name:de":"Maratscher","outdoor_seating":"yes","@id":"node/8656379752","kind":"refreshment"},"geometry":{"type":"Point","coordinates":[11.6680196,46.7311742]}},{"type":"Feature","properties":{"amenity":"restaurant","cuisine":"regional;törggelen","email":"info@huberhof.net","fax":"+39 0472 830240","name":"Huberhof","name:de":"Huberhof","opening_hours":"Fr-Su 12:00+","phone":"+39 0472 830240","tourism":"guest_house","website":"https://www.huberhof.net/","@id":"node/9155523839","kind":"refreshment"},"geometry":{"type":"Point","coordinates":[11.6684765,46.7341632]}},{"type":"Feature","properties":{"amenity":"drinking_water","bottle":"yes","drinking_water":"yes","ele":"820","fee":"no","image":"https://www.refill.bz.it/images/sitemap/img_20200512_182502.jpg","indoor":"no","man_made":"water_well","operator":"Stadtwerke Brixen AG","operator:wikidata":"Q2328441","source":"Refill Südtirol / Alto Adige;Stadtwerke Brixen AG","source:date":"2019-10-15","wheelchair":"yes","@id":"node/1388892411","kind":"water","name":null},"geometry":{"type":"Point","coordinates":[11.66813,46.7323292]}},{"type":"Feature","properties":{"amenity":"drinking_water","bottle":"yes","ele":"817","fee":"no","image":"https://www.refill.bz.it/images/sitemap/img_20200512_181954.jpg","indoor":"no","name:de":"Kirchbrunnen","name:it":"Fontana alla chiesa","operator":"Stadtwerke Brixen AG","operator:wikidata":"Q2328441","seasonal":"yes","source":"Refill Südtirol / Alto Adige","source:date":"2020-05-26","wheelchair":"yes","@id":"node/7559966242","kind":"water","name":null},"geometry":{"type":"Point","coordinates":[11.66711,46.732186]}},{"type":"Feature","properties":{"amenity":"watering_place","@id":"node/10034964777","kind":"water","name":null},"geometry":{"type":"Point","coordinates":[11.6799813,46.743892]}},{"type":"Feature","properties":{"tourism":"picnic_site","@id":"node/1388892904","kind":"picnic","name":null},"geometry":{"type":"Point","coordinates":[11.666507,46.7474285]}},{"type":"Feature","properties":{"tourism":"viewpoint","@id":"node/8556215074","kind":"viewpoint","name":null},"geometry":{"type":"Point","coordinates":[11.6745325,46.7436598]}},{"type":"Feature","properties":{"direction":"SE","tourism":"viewpoint","@id":"node/8566709984","kind":"viewpoint","name":null},"geometry":{"type":"Point","coordinates":[11.6793148,46.7428477]}},{"type":"Feature","properties":{"tourism":"viewpoint","@id":"node/8743846226","kind":"viewpoint","name":null},"geometry":{"type":"Point","coordinates":[11.6664857,46.7474468]}},{"type":"Feature","properties":{"bench":"yes","leisure":"picnic_table","lit":"no","material":"wood","@id":"node/7792437143","kind":"picnic","name":null},"geometry":{"type":"Point","coordinates":[11.6657151,46.7321626]}},{"type":"Feature","properties":{"leisure":"picnic_table","@id":"node/8613271563","kind":"picnic","name":null},"geometry":{"type":"Point","coordinates":[11.6680598,46.7352549]}},{"type":"Feature","properties":{"historic":"wayside_cross","@id":"node/1388892792","kind":"sight","name":null},"geometry":{"type":"Point","coordinates":[11.672628,46.7450124]}},{"type":"Feature","properties":{"historic":"archaeological_site","name":"Hexenrutsche - Scivolo delle Streghe","name:de":"Hexenrutsche","name:it":"Scivolo delle Streghe","@id":"node/2838432469","kind":"sight"},"geometry":{"type":"Point","coordinates":[11.6626169,46.7330196]}},{"type":"Feature","properties":{"historic":"archaeological_site","name":"Römische Straße - Strada romana","name:de":"Römische Straße","name:it":"Strada romana","wheelchair":"no","@id":"node/3974393627","kind":"sight"},"geometry":{"type":"Point","coordinates":[11.66529,46.7321452]}},{"type":"Feature","properties":{"denomination":"catholic","historic":"wayside_cross","inscription":"Georg Töll","religion":"christian","@id":"node/8556215078","kind":"sight","name":null},"geometry":{"type":"Point","coordinates":[11.6699786,46.7443395]}},{"type":"Feature","properties":{"denomination":"catholic","historic":"wayside_cross","religion":"christian","@id":"node/8576296542","kind":"sight","name":null},"geometry":{"type":"Point","coordinates":[11.6654132,46.7318884]}},{"type":"Feature","properties":{"denomination":"catholic","historic":"wayside_cross","religion":"christian","@id":"node/8579897002","kind":"sight","name":null},"geometry":{"type":"Point","coordinates":[11.6674738,46.7321495]}},{"type":"Feature","properties":{"denomination":"catholic","historic":"wayside_cross","inscription":"Mayr Reinhold","religion":"christian","@id":"node/8580816890","kind":"sight","name":null},"geometry":{"type":"Point","coordinates":[11.6717023,46.7438768]}},{"type":"Feature","properties":{"denomination":"catholic","historic":"wayside_cross","inscription":"Robert Oberprantacher","religion":"christian","@id":"node/8580816893","kind":"sight","name":null},"geometry":{"type":"Point","coordinates":[11.6718524,46.7444461]}},{"type":"Feature","properties":{"denomination":"catholic","historic":"wayside_cross","religion":"christian","@id":"node/8580895851","kind":"sight","name":null},"geometry":{"type":"Point","coordinates":[11.6640307,46.7337338]}},{"type":"Feature","properties":{"denomination":"catholic","historic":"wayside_shrine","religion":"christian","@id":"node/8612404979","kind":"sight","name":null},"geometry":{"type":"Point","coordinates":[11.6688591,46.7377381]}},{"type":"Feature","properties":{"denomination":"catholic","historic":"wayside_cross","religion":"christian","@id":"node/8613192105","kind":"sight","name":null},"geometry":{"type":"Point","coordinates":[11.6694331,46.732374]}},{"type":"Feature","properties":{"denomination":"catholic","historic":"wayside_shrine","religion":"christian","@id":"node/8613521689","kind":"sight","name":null},"geometry":{"type":"Point","coordinates":[11.6672565,46.7320881]}},{"type":"Feature","properties":{"historic":"wayside_shrine","ref":"VII;VIII","worship":"stations_of_the_cross","@id":"node/8715727848","kind":"sight","name":null},"geometry":{"type":"Point","coordinates":[11.6681378,46.7305168]}},{"type":"Feature","properties":{"historic":"wayside_shrine","ref":"V;VI","worship":"stations_of_the_cross","@id":"node/8715727849","kind":"sight","name":null},"geometry":{"type":"Point","coordinates":[11.6683434,46.7302415]}},{"type":"Feature","properties":{"historic":"wayside_shrine","ref":"IV","worship":"stations_of_the_cross","@id":"node/8715727851","kind":"sight","name":null},"geometry":{"type":"Point","coordinates":[11.6687633,46.7292389]}},{"type":"Feature","properties":{"historic":"wayside_shrine","ref":"I;II;III","worship":"stations_of_the_cross","@id":"node/8715727852","kind":"sight","name":null},"geometry":{"type":"Point","coordinates":[11.668859,46.7286706]}},{"type":"Feature","properties":{"denomination":"catholic","historic":"wayside_cross","religion":"christian","@id":"node/9664449167","kind":"sight","name":null},"geometry":{"type":"Point","coordinates":[11.6684728,46.7326464]}},{"type":"Feature","properties":{"amenity":"cafe","name":"Bar Mensa","@id":"node/939307147","kind":"refreshment"},"geometry":{"type":"Point","coordinates":[11.6425441,46.6892247]}},{"type":"Feature","properties":{"amenity":"bar","name":"Gepa Bar","@id":"node/2420087843","kind":"refreshment"},"geometry":{"type":"Point","coordinates":[11.6388039,46.6874827]}},{"type":"Feature","properties":{"amenity":"restaurant","contact:phone":"+39 371 3484081","contact:website":"https://www.hofkeller.it","cuisine":"pizza;regional","diet:gluten_free":"yes","diet:vegetarian":"yes","indoor_seating":"yes","name":"Hofkeller","opening_hours":"Tu-Su 17:00-23:00","outdoor_seating":"yes","@id":"node/2432920779","kind":"refreshment"},"geometry":{"type":"Point","coordinates":[11.6293929,46.6757526]}},{"type":"Feature","properties":{"amenity":"bar","name":"Bar Cafe Sarns","name:de":"Bar Cafe Sarns","@id":"node/8770314223","kind":"refreshment"},"geometry":{"type":"Point","coordinates":[11.6481749,46.688024]}},{"type":"Feature","properties":{"addr:city":"Brixen - Bressanone","addr:housenumber":"76","addr:postcode":"39042","addr:street":"Julius-Durst-Straße - Via Julius Durst","amenity":"restaurant","building":"retail","name":"Mensa Brixen Sozialgenossenschaft","name:it":"Mensa Bressanone Coop. Sociale","phone":"+39 0472 837474","@id":"way/198882579","kind":"refreshment"},"geometry":{"type":"Point","coordinates":[11.6424669,46.6893209]}},{"type":"Feature","properties":{"amenity":"restaurant","building":"yes","cuisine":"regional","heritage":"yes","name":"Kircherhof","website":"https://www.kircherhof.it/","@id":"way/199773101","kind":"refreshment"},"geometry":{"type":"Point","coordinates":[11.6328418,46.6752864]}},{"type":"Feature","properties":{"amenity":"drinking_water","bottle":"yes","drinking_water":"yes","ele":"549","fee":"no","image":"https://www.refill.bz.it/images/sitemap/img_20200425_173535.jpg","indoor":"no","man_made":"water_tap","not:operator:wikidata":"Q2328441","operator":"Stadtwerke Brixen AG","source":"Refill Südtirol / Alto Adige;Stadtwerke Brixen AG","source:date":"2019-10-15","wheelchair":"yes","@id":"node/939307151","kind":"water","name":null},"geometry":{"type":"Point","coordinates":[11.6411121,46.6871569]}},{"type":"Feature","properties":{"access":"yes","amenity":"drinking_water","bottle":"yes","drinking_water":"yes","ele":"601","fee":"no","image":"https://www.refill.bz.it/images/sitemap/img_20200425_174817.jpg","indoor":"no","name:de":"Dorfbrunnen","operator":"Stadtwerke Brixen AG","source":"Refill Südtirol / Alto Adige","source:date":"2019-10-15","wheelchair":"yes","@id":"node/2095315558","kind":"water","name":null},"geometry":{"type":"Point","coordinates":[11.6486339,46.688156]}},{"type":"Feature","properties":{"amenity":"drinking_water","bottle":"yes","drinking_water":"yes","ele":"599","fee":"no","image":"https://www.refill.bz.it/images/sitemap/img_20200425_174637.jpg","indoor":"no","name:de":"Kirchbrunnen","operator":"Stadtwerke Brixen AG","source":"Refill Südtirol / Alto Adige","source:date":"2020-04-27","wheelchair":"yes","@id":"node/7452289994","kind":"water","name":null},"geometry":{"type":"Point","coordinates":[11.647507,46.688702]}},{"type":"Feature","properties":{"amenity":"drinking_water","bottle":"yes","ele":"601","fee":"no","indoor":"no","source":"Refill Südtirol / Alto Adige","source:date":"2020-04-27","wheelchair":"yes","@id":"node/7452719619","kind":"water","name":null},"geometry":{"type":"Point","coordinates":[11.6328023,46.6757049]}},{"type":"Feature","properties":{"amenity":"drinking_water","bottle":"yes","drinking_water":"yes","ele":"852","fee":"no","image":"https://www.refill.bz.it/images/sitemap/img_20200502_104254.jpg","indoor":"no","operator":"Wasserinteressentschaft Klerant-Mellaun","source":"Refill Südtirol / Alto Adige","source:date":"2020-05-05","wheelchair":"yes","@id":"node/7484003619","kind":"water","name":null},"geometry":{"type":"Point","coordinates":[11.6603694,46.6881776]}},{"type":"Feature","properties":{"amenity":"fountain","drinking_water":"no","@id":"node/8677767880","kind":"water","name":null},"geometry":{"type":"Point","coordinates":[11.6347755,46.674599]}},{"type":"Feature","properties":{"amenity":"drinking_water","@id":"node/8766283130","kind":"water","name":null},"geometry":{"type":"Point","coordinates":[11.63283,46.6761776]}},{"type":"Feature","properties":{"tourism":"picnic_site","@id":"node/939307141","kind":"picnic","name":null},"geometry":{"type":"Point","coordinates":[11.6412081,46.6871713]}},{"type":"Feature","properties":{"leisure":"picnic_table","@id":"node/9102208309","kind":"picnic","name":null},"geometry":{"type":"Point","coordinates":[11.6657484,46.6886884]}},{"type":"Feature","properties":{"leisure":"picnic_table","@id":"node/9102215718","kind":"picnic","name":null},"geometry":{"type":"Point","coordinates":[11.6645498,46.6893322]}},{"type":"Feature","properties":{"denomination":"catholic","historic":"wayside_shrine","religion":"christian","@id":"node/4189877979","kind":"sight","name":null},"geometry":{"type":"Point","coordinates":[11.6484429,46.6881156]}},{"type":"Feature","properties":{"denomination":"catholic","historic":"wayside_cross","inscription":"Hubert Weissteiner","religion":"christian","@id":"node/8677553188","kind":"sight","name":null},"geometry":{"type":"Point","coordinates":[11.6432725,46.6907155]}},{"type":"Feature","properties":{"denomination":"catholic","historic":"wayside_shrine","religion":"christian","@id":"node/8677767892","kind":"sight","name":null},"geometry":{"type":"Point","coordinates":[11.6343867,46.6745778]}},{"type":"Feature","properties":{"denomination":"catholic","historic":"wayside_cross","religion":"christian","@id":"node/8677767902","kind":"sight","name":null},"geometry":{"type":"Point","coordinates":[11.6313488,46.6770018]}},{"type":"Feature","properties":{"denomination":"catholic","historic":"wayside_shrine","religion":"christian","@id":"node/8713042012","kind":"sight","name":null},"geometry":{"type":"Point","coordinates":[11.6310246,46.6774347]}},{"type":"Feature","properties":{"denomination":"catholic","historic":"wayside_cross","religion":"christian","@id":"node/8754354111","kind":"sight","name":null},"geometry":{"type":"Point","coordinates":[11.6302179,46.6749475]}},{"type":"Feature","properties":{"denomination":"catholic","historic":"wayside_cross","name":"Albein Hofkreuz","name:de":"Albein Hofkreuz","religion":"christian","@id":"node/8766283061","kind":"sight"},"geometry":{"type":"Point","coordinates":[11.6602952,46.6878784]}},{"type":"Feature","properties":{"denomination":"catholic","historic":"wayside_cross","name":"Reifer Kreuz","name:de":"Reifer Kreuz","religion":"christian","@id":"node/9102208307","kind":"sight"},"geometry":{"type":"Point","coordinates":[11.6661062,46.6903448]}},{"type":"Feature","properties":{"denomination":"catholic","historic":"wayside_cross","name":"Albein Thurnertall Wegkreuz","name:de":"Albein Thurnertall Wegkreuz","religion":"christian","@id":"node/9102208313","kind":"sight"},"geometry":{"type":"Point","coordinates":[11.6645455,46.6888628]}},{"type":"Feature","properties":{"denomination":"catholic","historic":"wayside_cross","religion":"christian","@id":"node/11975279950","kind":"sight","name":null},"geometry":{"type":"Point","coordinates":[11.6349061,46.6807919]}},{"type":"Feature","properties":{"building":"yes","ele":"603","historic":"castle","name":"Schloss Pallaus - Castel Pallaus","name:de":"Schloss Pallaus","name:it":"Castel Pallaus","wikidata":"Q24233122","wikimedia_commons":"Category:Pallaus","wikipedia":"de:Schloss Pallaus","@id":"way/203378755","kind":"sight"},"geometry":{"type":"Point","coordinates":[11.6499391,46.6911344]}},{"type":"Feature","properties":{"building":"yes","ele":"551","historic":"castle","name":"Schloss Kampan","name:de":"Schloss Kampan","name:it":"Castel Campan","wikidata":"Q128602692","@id":"way/203380976","kind":"sight"},"geometry":{"type":"Point","coordinates":[11.6487076,46.6918401]}},{"type":"Feature","properties":{"addr:city":"Brixen - Bressanone","addr:city:de":"Brixen","addr:city:it":"Bressanone","addr:housenumber":"37","addr:postcode":"39042","addr:street":"Altenmarktgasse - Via Mercato Vecchio","addr:street:de":"Altenmarktgasse","addr:street:it":"Via Mercato Vecchio","amenity":"cafe","changing_table":"yes","check_date:opening_hours":"2023-01-02","contact:website":"https://www.pupp.it","diet:vegetarian":"yes","indoor_seating":"yes","name":"Pupp Café","opening_hours":"Tu-Sa 07:00-19:00; Su-Mo off","outdoor_seating":"yes","takeaway":"yes","wheelchair":"yes","@id":"node/471031304","kind":"refreshment"},"geometry":{"type":"Point","coordinates":[11.6561384,46.719061]}},{"type":"Feature","properties":{"amenity":"cafe","name":"Café am Gries","@id":"node/471632921","kind":"refreshment"},"geometry":{"type":"Point","coordinates":[11.6584653,46.7157737]}},{"type":"Feature","properties":{"addr:housenumber":"35a","addr:street":"Altenmarktgasse - Via Mercato Vecchio","amenity":"bar","check_date:opening_hours":"2023-01-02","contact:facebook":"barthaler","indoor_seating":"yes","name":"bar thaler","opening_hours":"Mo-Th 08:00-22:00; Fr-Sa 08:00-00:00","opening_hours:signed":"no","outdoor_seating":"yes","phone":"+39 329 195 9504","website":"https://bar-thaler.business.site/","wheelchair":"yes","@id":"node/471632924","kind":"refreshment"},"geometry":{"type":"Point","coordinates":[11.656198,46.7189891]}},{"type":"Feature","properties":{"amenity":"restaurant","contact:phone":"+39 0472 830604","contact:website":"https://www.grillage.it/","cuisine":"mexican;traditional;meat","name":"Grillage","opening_hours":"Mo-Sa 10:00-15:00,18:00-23:00; PH 10:00-15:00,18:00-23:00","outdoor_seating":"yes","@id":"node/471639285","kind":"refreshment"},"geometry":{"type":"Point","coordinates":[11.6554488,46.7165455]}},{"type":"Feature","properties":{"addr:city":"Brixen - Bressanone","addr:city:de":"Brixen","addr:city:it":"Bressanone","addr:country":"IT","addr:housenumber":"3","addr:postcode":"39042","addr:street":"Pfarrplatz - Piazza Parrocchia","addr:street:de":"Pfarrplatz","amenity":"cafe","changing_table":"yes","diet:vegetarian":"yes","indoor_seating":"yes","name":"Dom-Café","name:de":"Dom-Café","opening_hours":"Mo-Fr 08:15-18:00; Sa 08:15-16:15","outdoor_seating":"yes","smoking":"outside","wheelchair":"yes","@id":"node/471639288","kind":"refreshment"},"geometry":{"type":"Point","coordinates":[11.6574379,46.716586]}},{"type":"Feature","properties":{"addr:city":"Brixen - Bressanone","addr:housenumber":"3","addr:postcode":"39042","addr:street":"Bäckergasse","amenity":"bar","internet_access":"wlan","name":"3fiori","opening_hours":"Mo-Sa 09:30-24:00","website":"https://www.3fiori.com/","@id":"node/496080624","kind":"refreshment"},"geometry":{"type":"Point","coordinates":[11.6561406,46.7162301]}},{"type":"Feature","properties":{"amenity":"bar","changing_table":"yes","name":"Krone","wheelchair":"yes","@id":"node/614388392","kind":"refreshment"},"geometry":{"type":"Point","coordinates":[11.6550951,46.7174794]}},{"type":"Feature","properties":{"amenity":"restaurant","cuisine":"regional","name":"Finsterwirt - Oste Scuro","name:de":"Finsterwirt","name:it":"Oste Scuro","toilets:wheelchair":"no","wheelchair":"no","@id":"node/614388396","kind":"refreshment"},"geometry":{"type":"Point","coordinates":[11.6563029,46.7158224]}},{"type":"Feature","properties":{"amenity":"fast_food","cuisine":"burger","name":"Hons","wheelchair":"limited","@id":"node/621432741","kind":"refreshment"},"geometry":{"type":"Point","coordinates":[11.6540838,46.7169284]}},{"type":"Feature","properties":{"amenity":"bar","indoor_seating":"yes","name":"Platzl","outdoor_seating":"yes","wheelchair":"yes","@id":"node/621451540","kind":"refreshment"},"geometry":{"type":"Point","coordinates":[11.657172,46.7171122]}},{"type":"Feature","properties":{"amenity":"bar","contact:website":"http://www.vinothekvinus.it/","indoor_seating":"yes","name":"Vinus","opening_hours":"Tu 10:00-13:00,16:00-21:00; We-Fr 10:00-13:00,16:00-23:00; Sa 10:00-18:00; Su,Mo off","outdoor_seating":"no","shop":"wine","wheelchair":"yes","@id":"node/621451551","kind":"refreshment"},"geometry":{"type":"Point","coordinates":[11.6573883,46.7175001]}},{"type":"Feature","properties":{"amenity":"restaurant","cuisine":"regional","email":"info@gasthof-haller.com","fax":"+39 0472 208294","name":"Haller","operator":"Familie Pichler","phone":"+39 0472 834601","stars":"3","website":"Familie Pichler","@id":"node/921214488","kind":"refreshment"},"geometry":{"type":"Point","coordinates":[11.6607912,46.7274811]}},{"type":"Feature","properties":{"amenity":"cafe","contact:phone":"+39 0472 837780","name":"Almatosa","opening_hours":"Mo-Sa 08:00-12:30,14:30-18:00; We off","website":"https://www.almatosa.it/","@id":"node/1270490892","kind":"refreshment"},"geometry":{"type":"Point","coordinates":[11.6571227,46.7188162]}},{"type":"Feature","properties":{"amenity":"cafe","diet:vegetarian":"yes","indoor_seating":"yes","name":"Cafè City","outdoor_seating":"yes","toilets":"yes","toilets:access":"customers","wheelchair":"yes","@id":"node/1944811006","kind":"refreshment"},"geometry":{"type":"Point","coordinates":[11.6555422,46.7171561]}},{"type":"Feature","properties":{"amenity":"restaurant","cuisine":"asian;pizza;sushi;italian","name":"Grissino","takeaway":"yes","wheelchair":"yes","@id":"node/1944814264","kind":"refreshment"},"geometry":{"type":"Point","coordinates":[11.6573626,46.7191395]}},{"type":"Feature","properties":{"amenity":"bar","name":"Amadeus","outdoor_seating":"yes","wheelchair":"yes","@id":"node/2423383042","kind":"refreshment"},"geometry":{"type":"Point","coordinates":[11.6564899,46.7162782]}},{"type":"Feature","properties":{"amenity":"cafe","diet:vegetarian":"yes","indoor_seating":"yes","name":"Traube's Wis a Wi","outdoor_seating":"yes","payment:credit_cards":"yes","payment:debit_cards":"yes","wheelchair":"yes","@id":"node/2427876851","kind":"refreshment"},"geometry":{"type":"Point","coordinates":[11.655429,46.7160015]}},{"type":"Feature","properties":{"amenity":"cafe","check_date":"2024-09-13","cuisine":"pizza;ice_cream","indoor_seating":"yes","level":"0","name":"Millenium","outdoor_seating":"yes","payment:cash":"yes","payment:credit_cards":"yes","payment:debit_cards":"yes","wheelchair":"limited","@id":"node/2429850748","kind":"refreshment"},"geometry":{"type":"Point","coordinates":[11.6566219,46.7153155]}},{"type":"Feature","properties":{"amenity":"cafe","cuisine":"pizza","indoor_seating":"yes","name":"Agorà Bar","outdoor_seating":"yes","wheelchair":"yes","@id":"node/2429850751","kind":"refreshment"},"geometry":{"type":"Point","coordinates":[11.6565649,46.7157192]}},{"type":"Feature","properties":{"amenity":"restaurant","check_date":"2025-06-09","check_date:diet:vegetarian":"2025-06-09","cuisine":"pizza","diet:vegetarian":"yes","indoor_seating":"yes","level":"0","name":"Restaurant Weißer Turm","name:it":"Ristorante Torre Bianca","outdoor_seating":"yes","@id":"node/2430631797","kind":"refreshment"},"geometry":{"type":"Point","coordinates":[11.6578472,46.7169182]}},{"type":"Feature","properties":{"amenity":"bar","indoor_seating":"yes","name":"Café Marilyn","outdoor_seating":"yes","@id":"node/2430772664","kind":"refreshment"},"geometry":{"type":"Point","coordinates":[11.6568584,46.7176525]}},{"type":"Feature","properties":{"amenity":"fast_food","check_date":"2024-09-04","cuisine":"pizza;kebab","diet:vegetarian":"yes","indoor_seating":"yes","name":"Dai Romani","outdoor_seating":"yes","takeaway":"yes","wheelchair":"yes","@id":"node/2430772941","kind":"refreshment"},"geometry":{"type":"Point","coordinates":[11.6567651,46.7178296]}},{"type":"Feature","properties":{"amenity":"fast_food","cuisine":"pizza","diet:vegetarian":"yes","indoor_seating":"yes","name":"La Pizzetta","opening_hours":"Mo-Fr 10:00-19:00; Sa 10:00-15:00","outdoor_seating":"yes","wheelchair":"limited","@id":"node/2430772944","kind":"refreshment"},"geometry":{"type":"Point","coordinates":[11.6556165,46.7169384]}},{"type":"Feature","properties":{"amenity":"fast_food","cuisine":"sushi","indoor_seating":"yes","name":"Byblo's Café","outdoor_seating":"yes","@id":"node/2430778231","kind":"refreshment"},"geometry":{"type":"Point","coordinates":[11.6564432,46.71847]}},{"type":"Feature","properties":{"amenity":"restaurant","cuisine":"regional","name":"Stremitzer","toilets:wheelchair":"yes","wheelchair":"limited","@id":"node/2430873915","kind":"refreshment"},"geometry":{"type":"Point","coordinates":[11.6593526,46.7171449]}},{"type":"Feature","properties":{"amenity":"cafe","diet:vegetarian":"yes","indoor_seating":"yes","name":"AdlerCafé","outdoor_seating":"yes","payment:credit_cards":"yes","payment:debit_cards":"yes","wheelchair":"yes","@id":"node/2430874884","kind":"refreshment"},"geometry":{"type":"Point","coordinates":[11.658536,46.7167735]}},{"type":"Feature","properties":{"addr:city":"Brixen - Bressanone","addr:housenumber":"25","addr:postcode":"39042","addr:street":"Großer Graben - Bastioni Maggiori","amenity":"fast_food","cuisine":"pizza","diet:vegetarian":"yes","indoor_seating":"yes","name":"Break by Marie","opening_hours":"Mo-Fr 10:00-20:00; Sa 10:00-19:00","outdoor_seating":"yes","phone":"+39 0472 832450","wheelchair":"no","@id":"node/2432498082","kind":"refreshment"},"geometry":{"type":"Point","coordinates":[11.6557372,46.7169492]}},{"type":"Feature","properties":{"addr:city":"Brixen - Bressanone","addr:city:de":"Brixen","addr:city:it":"Bressanone","addr:housenumber":"27","addr:postcode":"39042","addr:street":"Altenmarktgasse - Via Mercato Vecchio","addr:street:de":"Altenmarktgasse","addr:street:it":"Via Mercato Vecchio","amenity":"restaurant","contact:website":"http://www.grauerbaer.it","indoor_seating":"yes","internet_access":"wlan","internet_access:fee":"no","name":"Hotel Grauer Bär","name:de":"Hotel Grauer Bär","name:it":"Hotel Orso Grigio","opening_hours":"We-Mo 14:00-22:00","outdoor_seating":"yes","rooms":"15","tourism":"hotel","wheelchair":"no","@id":"node/2432670235","kind":"refreshment"},"geometry":{"type":"Point","coordinates":[11.6563498,46.718714]}},{"type":"Feature","properties":{"amenity":"bar","name":"La Cantinota","shop":"wine","@id":"node/2432670241","kind":"refreshment"},"geometry":{"type":"Point","coordinates":[11.654395,46.7190725]}},{"type":"Feature","properties":{"amenity":"fast_food","cuisine":"pizza;kebab","name":"Istanbul Kebab House","@id":"node/2432685913","kind":"refreshment"},"geometry":{"type":"Point","coordinates":[11.6566895,46.718711]}},{"type":"Feature","properties":{"amenity":"bar","name":"Sole","@id":"node/2432692615","kind":"refreshment"},"geometry":{"type":"Point","coordinates":[11.6541328,46.7167886]}},{"type":"Feature","properties":{"amenity":"cafe","name":"Stadt Caffe","opening_hours":"Mo-Sa 06:00-21:00; Su 06:00-13:00","website":"https://www.stadtcaffe.it/","@id":"node/2432692616","kind":"refreshment"},"geometry":{"type":"Point","coordinates":[11.6540868,46.7167795]}},{"type":"Feature","properties":{"amenity":"bar","indoor_seating":"yes","name":"La Habana","outdoor_seating":"yes","wheelchair":"limited","@id":"node/2432699280","kind":"refreshment"},"geometry":{"type":"Point","coordinates":[11.6561868,46.7166219]}},{"type":"Feature","properties":{"amenity":"restaurant","check_date":"2023-09-26","name":"vitis","@id":"node/2434423554","kind":"refreshment"},"geometry":{"type":"Point","coordinates":[11.6562116,46.7158505]}},{"type":"Feature","properties":{"amenity":"bar","name":"Eni","@id":"node/2451931997","kind":"refreshment"},"geometry":{"type":"Point","coordinates":[11.6555328,46.7204189]}},{"type":"Feature","properties":{"amenity":"bar","level":"1","name":"Horizontale","@id":"node/2502201940","kind":"refreshment"},"geometry":{"type":"Point","coordinates":[11.6568052,46.7202043]}},{"type":"Feature","properties":{"addr:city":"Brixen - Bressanone","addr:city:de":"Brixen","addr:city:it":"Bressanone","addr:housenumber":"1b","addr:postcode":"39042","addr:street":"Albuingasse - Via S. Albuino","addr:street:de":"Albuingasse","addr:street:it":"Via S. Albuino","amenity":"bar","indoor_seating":"yes","name":"Absolut","outdoor_seating":"yes","wheelchair":"limited","@id":"node/2749629878","kind":"refreshment"},"geometry":{"type":"Point","coordinates":[11.6581128,46.7164137]}},{"type":"Feature","properties":{"addr:city":"Brixen - Bressanone","addr:city:de":"Brixen","addr:city:it":"Bressanone","addr:housenumber":"31","addr:postcode":"39042","addr:street":"Großer Graben - Via Bastioni Maggiori","addr:street:de":"Großer Graben","addr:street:it":"Via Bastioni Maggiori","amenity":"restaurant","cuisine":"asian","name":"Depoke","@id":"node/2749635582","kind":"refreshment"},"geometry":{"type":"Point","coordinates":[11.6553991,46.716921]}},{"type":"Feature","properties":{"addr:city":"Brixen - Bressanone","addr:city:de":"Brixen","addr:city:it":"Bressanone","addr:housenumber":"4","addr:postcode":"39042","addr:street":"Schlachthausgasse - Vicolo Macello","addr:street:de":"Schlachthausgasse","addr:street:it":"Vicolo Macello","amenity":"cafe","contact:website":"http://www.schlachthof.it/","diet:vegan":"yes","diet:vegetarian":"yes","name":"Alter Schlachthof","opening_hours":"Mo-We 07:30-23:00; Th-Sa 07:30-24:00","outdoor_seating":"yes","wheelchair":"yes","@id":"node/2749636195","kind":"refreshment"},"geometry":{"type":"Point","coordinates":[11.6583252,46.7173689]}},{"type":"Feature","properties":{"addr:city":"Brixen - Bressanone","addr:city:de":"Brixen","addr:city:it":"Bressanone","addr:housenumber":"5","addr:postcode":"39042","addr:street":"Hartwiggasse - Via Hartwig","addr:street:de":"Hartwiggasse","addr:street:it":"Via Hartwig","amenity":"restaurant","diet:vegan":"no","diet:vegetarian":"yes","mapillary":"685647391194401","name":"Decantei","opening_hours":"Tu-Fr 08:30-23:00; Sa, Su 08:30-23:00","website":"https://decantei.it/","@id":"node/2749637198","kind":"refreshment"},"geometry":{"type":"Point","coordinates":[11.6584631,46.7151716]}},{"type":"Feature","properties":{"addr:city":"Brixen - Bressanone","addr:city:de":"Brixen","addr:city:it":"Bressanone","addr:housenumber":"6c","addr:postcode":"39042","addr:street":"Brennerstraße - Via Brennero","addr:street:de":"Brennerstraße","addr:street:it":"Via Brennero","amenity":"restaurant","diet:vegetarian":"yes","indoor_seating":"yes","name":"Carma","opening_hours":"Mo-Sa 08:00-18:00","outdoor_seating":"yes","phone":"+39 345 8705722","website":"https://carma.bz.it/","wheelchair":"yes","@id":"node/2749638297","kind":"refreshment"},"geometry":{"type":"Point","coordinates":[11.6559413,46.7199467]}},{"type":"Feature","properties":{"amenity":"restaurant","contact:facebook":"https://www.facebook.com/people/Shan-Running-Sushi/","cuisine":"sushi;chinese","name":"Running Sushi","opening_hours":"12:00-15:00,18:00-23:00","smoking":"no","@id":"node/3061533685","kind":"refreshment"},"geometry":{"type":"Point","coordinates":[11.6555017,46.7189796]}},{"type":"Feature","properties":{"addr:city":"Brixen - Bressanone","addr:housenumber":"2","addr:postcode":"39042","addr:street":"Adlerbrückengasse - Via Ponte Aquila","amenity":"fast_food","cuisine":"pizza;kebab;burger","delivery":"yes","diet:vegetarian":"yes","email":"pizzeriakebabk2@gmail.com","indoor_seating":"yes","name":"Pizzeria Kebab K2","note":"The opening hours on the entrance door say Mo-Su 10:30-22:00 (10.08.2020).","opening_hours":"Mo-Su 10:30-22:00","outdoor_seating":"yes","phone":"+39 0472 201463;+39 351 1870528","takeaway":"yes","website":"http://pizzeriakebabk2.it/","wheelchair":"limited","@id":"node/5690628799","kind":"refreshment"},"geometry":{"type":"Point","coordinates":[11.6582105,46.7166226]}},{"type":"Feature","properties":{"addr:city":"Brixen - Bressanone","addr:housenumber":"4","addr:postcode":"39042","addr:street":"Kleine Lauben - Via Portici Minori","amenity":"restaurant","contact:website":"http://www.restaurant-fink.it/","cuisine":"regional","diet:local":"yes","diet:organic":"yes","diet:plant_based":"yes","diet:vegetarian":"yes","email":"info@fink1896.it","name":"fink Restaurant & Suites","opening_hours":"Tu-Sa 12:00-21:00","outdoor_seating":"yes","phone":"+39 0472834883","toilets:wheelchair":"yes","website":"https://www.fink1896.it","wheelchair":"yes","@id":"node/5983798415","kind":"refreshment"},"geometry":{"type":"Point","coordinates":[11.6554222,46.7162954]}},{"type":"Feature","properties":{"amenity":"ice_cream","indoor_seating":"no","name":"Bruno's Iceworld","opening_hours":"PH,Mo-Su 13:00-18:00","outdoor_seating":"no","takeaway":"only","wheelchair":"yes","@id":"node/8004528823","kind":"refreshment"},"geometry":{"type":"Point","coordinates":[11.6577886,46.7170795]}},{"type":"Feature","properties":{"amenity":"ice_cream","name":"828","takeaway":"only","@id":"node/8015711911","kind":"refreshment"},"geometry":{"type":"Point","coordinates":[11.6554283,46.7160738]}},{"type":"Feature","properties":{"addr:city":"Brixen - Bressanone","addr:city:de":"Brixen","addr:city:it":"Bressanone","addr:housenumber":"1","addr:postcode":"39042","addr:street":"Große Lauben - Via Portici Maggiori","addr:street:de":"Große Lauben","addr:street:it":"Via Portici Maggiori","amenity":"ice_cream","check_date":"2025-06-09","name":"Pradetto","opening_hours":"Mo-Sa 11:00-22:00; Su 14:00-20:00","takeaway":"only","@id":"node/8019193052","kind":"refreshment"},"geometry":{"type":"Point","coordinates":[11.6570281,46.716578]}},{"type":"Feature","properties":{"amenity":"ice_cream","name":"Cornetti","opening_hours":"Tu-Su 09:30-19:30","@id":"node/8021403616","kind":"refreshment"},"geometry":{"type":"Point","coordinates":[11.6565491,46.7182755]}},{"type":"Feature","properties":{"amenity":"restaurant","contact:email":"info@traubenwirt.it","contact:fax":"+39 0472 834731","contact:phone":"+39 0472 836552","contact:website":"http://www.traubenwirt.it","cuisine":"regional;pizza;italian","diet:vegetarian":"yes","indoor_seating":"yes","name":"Der Traubenwirt","opening_hours":"Mo-Su 11:30-14:30, 18:00-22:00","outdoor_seating":"yes","payment:credit_cards":"yes","payment:debit_cards":"yes","wheelchair":"yes","@id":"node/8021411530","kind":"refreshment"},"geometry":{"type":"Point","coordinates":[11.6556258,46.7159869]}},{"type":"Feature","properties":{"amenity":"cafe","name":"Wunderbar","opening_hours":"Mo-Fr 07:30-17:00; Sa 07:30-13:00","wheelchair":"yes","@id":"node/8032574235","kind":"refreshment"},"geometry":{"type":"Point","coordinates":[11.655141,46.7168759]}},{"type":"Feature","properties":{"amenity":"bar","name":"Raiffeisen Lounge","name:de":"Raiffeisen Lounge","opening_hours":"Mo,Tu,Fr 08:15-16:15; We 08:15-14:00; Th 08:15-18:30","wheelchair":"yes","@id":"node/8729413389","kind":"refreshment"},"geometry":{"type":"Point","coordinates":[11.6563091,46.7172846]}},{"type":"Feature","properties":{"amenity":"restaurant","cuisine":"regional;törggelen","email":"info@gattererhof.it","name":"Gattererhof","name:de":"Gattererhof","opening_hours":"Tu-Fr 16:00+; Sa-Su 12:00+; Dec-Sep off","phone":"+39 0472 838 243","website":"https://www.gattererhof.it/","@id":"node/9155167768","kind":"refreshment"},"geometry":{"type":"Point","coordinates":[11.6621913,46.7232983]}},{"type":"Feature","properties":{"addr:city":"Brixen - Bressanone","addr:postcode":"39042","amenity":"restaurant","cuisine":"italian","indoor_seating":"yes","name":"Pizzeria Agora","outdoor_seating":"yes","wheelchair":"yes","@id":"node/10939613206","kind":"refreshment"},"geometry":{"type":"Point","coordinates":[11.6565951,46.715524]}},{"type":"Feature","properties":{"addr:city":"Brixen - Bressanone","addr:housenumber":"2","addr:postcode":"39042","addr:street":"Brennerstraße - Via Brennero","amenity":"restaurant","diet:vegan":"yes","diet:vegetarian":"yes","indoor_seating":"yes","name":"Soley Restaurant","opening_hours":"Mo,Su off","outdoor_seating":"yes","phone":"+39 0472 268355","website":"https://www.soley-suites.com/restaurant-brixen-zentrum","@id":"node/11105041606","kind":"refreshment"},"geometry":{"type":"Point","coordinates":[11.6563779,46.7193651]}},{"type":"Feature","properties":{"amenity":"restaurant","contact:phone":"+39 0472 413626","cuisine":"regional","name":"Agora 21","opening_hours":"Mo-Sa 18:00-22:15; Tu off; Su 12:00-14:30,18:00-22:15","website":"https://www.agora21.it","wheelchair":"yes","@id":"node/11281705744","kind":"refreshment"},"geometry":{"type":"Point","coordinates":[11.6549159,46.7175142]}},{"type":"Feature","properties":{"amenity":"bar","name":"Agora 21","opening_hours":"Mo-Sa 16:00-23:00; Su 12:00-14:30,18:00-23:00","wheelchair":"yes","@id":"node/11281711312","kind":"refreshment"},"geometry":{"type":"Point","coordinates":[11.6549885,46.7174424]}},{"type":"Feature","properties":{"amenity":"bar","indoor_seating":"yes","name":"Soley","outdoor_seating":"yes","@id":"node/11873963167","kind":"refreshment"},"geometry":{"type":"Point","coordinates":[11.6563861,46.7193347]}},{"type":"Feature","properties":{"addr:city":"Brixen - Bressanone","addr:housenumber":"4","addr:postcode":"39042","addr:street":"Weißenturmgasse - Via Torre Bianca","amenity":"bar","brewery":"viertel_bier","indoor_seating":"yes","internet_access":"wlan","name":"Viertel Bar","name:de":"Viertel Bar","opening_hours":"Mo-Su 10:00-23:00","operator":"Viertel Group GmbH","outdoor_seating":"yes","website":"https://badhaus.it/menus/barkarte_de.pdf","@id":"node/11967416828","kind":"refreshment"},"geometry":{"type":"Point","coordinates":[11.6578898,46.7168152]}},{"type":"Feature","properties":{"addr:city":"Brixen - Bressanone","addr:housenumber":"3a","addr:postcode":"39042","addr:street":"Brennerstraße - Via Brennero","amenity":"restaurant","bar":"yes","cuisine":"pizza","diet:fish":"yes","diet:healthy":"yes","diet:local":"yes","diet:meat":"yes","diet:non-vegetarian":"yes","diet:organic":"yes","diet:vegetarian":"yes","email":"info@goldenesroessl.it","indoor_seating":"yes","internet_access":"wlan","level":"0","name":"Pizzeria Goldenes Rössl","opening_hours":"Mo-Su 17:00-23:00","outdoor_seating":"yes","phone":"+39 0472 835152","takeaway":"yes","toilets":"yes","website":"https://badhaus.it/","wheelchair":"yes","@id":"node/12056738271","kind":"refreshment"},"geometry":{"type":"Point","coordinates":[11.6558774,46.7195841]}},{"type":"Feature","properties":{"amenity":"restaurant","contact:website":"http://www.kutscherhof.it","cuisine":"regional;pizza","indoor_seating":"yes","name":"Kutscherhof","opening_hours":"Mo-Su 10:00-22:00","outdoor_seating":"yes","wheelchair":"yes","@id":"way/40800818","kind":"refreshment"},"geometry":{"type":"Point","coordinates":[11.6557597,46.7153917]}},{"type":"Feature","properties":{"amenity":"bar","building":"yes","name":"Tennisbar","@id":"way/48994377","kind":"refreshment"},"geometry":{"type":"Point","coordinates":[11.6564224,46.7209085]}},{"type":"Feature","properties":{"amenity":"fast_food","building":"yes","check_date":"2024-09-08","name":"Joe's Passion","opening_hours":"Mo-Fr 09:30-19:00","@id":"way/49022844","kind":"refreshment"},"geometry":{"type":"Point","coordinates":[11.6560425,46.720673]}},{"type":"Feature","properties":{"access":"yes","amenity":"drinking_water","bottle":"yes","drinking_water":"yes","ele":"560","fee":"no","fountain":"bubbler","image":"https://www.refill.bz.it/images/sitemap/img_20200419_092244.jpg","indoor":"no","name:de":"Nepomukbrunnen","name:it":"Fontana Nepomuk","operator":"Stadtwerke Brixen AG","operator:wikidata":"Q2328441","source":"Refill Südtirol / Alto Adige;Stadtwerke Brixen AG","source:date":"2019-10-15","wheelchair":"yes","@id":"node/1475234912","kind":"water","name":null},"geometry":{"type":"Point","coordinates":[11.6587512,46.7167804]}},{"type":"Feature","properties":{"access":"yes","amenity":"drinking_water","bottle":"yes","drinking_water":"yes","ele":"559","fee":"no","fountain":"drinking","image":"https://www.refill.bz.it/images/sitemap/img_20200419_091923.jpg","indoor":"no","name:de":"Hartwiggbrunnen","name:it":"Fontana Hartwig","operator":"Stadtwerke Brixen AG","operator:wikidata":"Q2328441","operator:wikipedia":"de:Stadtwerke Brixen","source":"Refill Südtirol / Alto Adige","source:date":"2019-10-15","wheelchair":"no","@id":"node/1481463478","kind":"water","name":null},"geometry":{"type":"Point","coordinates":[11.6586219,46.7147508]}},{"type":"Feature","properties":{"amenity":"fountain","bottle":"yes","drinking_water":"yes","ele":"561","fee":"no","image":"https://www.refill.bz.it/images/sitemap/img_20200419_092845.jpg","indoor":"no","operator":"Stadtwerke Brixen AG","source":"Refill Südtirol / Alto Adige;Stadtwerke Brixen AG","source:date":"2019-10-15","wheelchair":"limited","@id":"node/1929421343","kind":"water","name":null},"geometry":{"type":"Point","coordinates":[11.656887,46.717694]}},{"type":"Feature","properties":{"access":"yes","amenity":"fountain","bottle":"yes","drinking_water":"yes","ele":"560","fee":"no","image":"https://www.refill.bz.it/images/sitemap/img_20200419_093111.jpg","indoor":"no","operator":"Stadtwerke Brixen AG","source":"Refill Südtirol / Alto Adige","source:date":"2019-10-15","wheelchair":"yes","@id":"node/1930956042","kind":"water","name":null},"geometry":{"type":"Point","coordinates":[11.6570746,46.7166666]}},{"type":"Feature","properties":{"amenity":"toilets","changing_table":"no","fee":"yes","wheelchair":"yes","@id":"node/2423415486","kind":"toilets","name":null},"geometry":{"type":"Point","coordinates":[11.6581202,46.7175624]}},{"type":"Feature","properties":{"amenity":"fountain","drinking_water":"no","@id":"node/2465816398","kind":"water","name":null},"geometry":{"type":"Point","coordinates":[11.6547914,46.7169751]}},{"type":"Feature","properties":{"amenity":"drinking_water","bottle":"yes","drinking_water":"yes","ele":"561","fee":"no","image":"https://www.refill.bz.it/images/sitemap/img_20200419_092603.jpg","indoor":"no","operator":"Stadtwerke Brixen AG","operator:wikidata":"Q2328441","seasonal":"spring;summer;autumn","source":"Refill Südtirol / Alto Adige","source:date":"2020-04-19","wheelchair":"limited","@id":"node/5690937860","kind":"water","name":null},"geometry":{"type":"Point","coordinates":[11.657977,46.717764]}},{"type":"Feature","properties":{"access":"yes","amenity":"drinking_water","bottle":"yes","drinking_water":"yes","ele":"560","fee":"no","fountain":"drinking","image":"https://www.refill.bz.it/images/sitemap/img_20200418_114252.jpg","indoor":"no","operator":"Stadtwerke Brixen AG","operator:wikidata":"Q2328441","source":"Refill Südtirol / Alto Adige;Stadtwerke Brixen AG","source:date":"2019-10-15","wheelchair":"yes","@id":"node/5731932311","kind":"water","name":null},"geometry":{"type":"Point","coordinates":[11.6607576,46.7152774]}},{"type":"Feature","properties":{"addr:city:de":"Brixen","addr:city:it":"Bressanone","addr:hamlet:de":"Brixen","addr:hamlet:en":"Brixen - Bressanone","addr:hamlet:it":"Bressanone","addr:postcode":"39042","addr:street:de":"9","addr:street:en":"9","addr:street:it":"9","amenity":"drinking_water","bottle":"yes","drinking_water":"yes","ele":"561","fee":"no","image":"https://www.refill.bz.it/images/sitemap/img_20200418_115521.jpg","indoor":"no","name:de":"Traubenwirt","name:en":"Traubenwirt","name:it":"Traubenwirt","note":"Traubenwirt","operator":"Stadtwerke Brixen AG","operator:wikidata":"Q2328441","seasonal":"spring;summer;autumn","source":"Stadtwerke Brixen AG","source:date":"2020-04-18","wheelchair":"limited","@id":"node/7416705713","kind":"water","name":null},"geometry":{"type":"Point","coordinates":[11.6556081,46.7159456]}},{"type":"Feature","properties":{"addr:city":"Brixen - Bressanone","addr:city:de":"Brixen","addr:city:it":"Bressanone","addr:hamlet":"Brixen - Bressanone","addr:hamlet:de":"Brixen","addr:hamlet:it":"Bressanone","addr:postcode":"39042","addr:street":"Albuingasse - Via S. Albuino","addr:street:de":"Albuingasse","addr:street:it":"Via S. Albuino","amenity":"fountain","bottle":"yes","drinking_water":"yes","ele":"560","fee":"no","image":"https://www.refill.bz.it/images/sitemap/img_20200419_092139.jpg","indoor":"no","name":"Michaelsbrunnen - Fontana S.Michele","name:de":"Michaelsbrunnen","name:en":"Michael's fountain","name:fr":"Fontaine de Michel","name:it":"Fontana S.Michele","operator":"Stadtwerke Brixen AG","operator:de":"Stadtwerke Brixen AG","source":"Stadtwerke Brixen AG","source:date":"2020-04-19","wheelchair":"limited","@id":"node/7418656962","kind":"water"},"geometry":{"type":"Point","coordinates":[11.6580178,46.7165344]}},{"type":"Feature","properties":{"amenity":"drinking_water","bottle":"yes","drinking_water":"yes","ele":"561","fee":"no","image":"https://www.refill.bz.it/images/sitemap/img_20200418_114542.jpg","indoor":"no","operator":"Stadtwerke Brixen AG","operator:wikidata":"Q2328441","seasonal":"yes","source":"Refill Südtirol / Alto Adige","source:date":"2020-05-26","wheelchair":"limited","@id":"node/7559202719","kind":"water","name":null},"geometry":{"type":"Point","coordinates":[11.6591401,46.717144]}},{"type":"Feature","properties":{"addr:city:de":"Brixen","addr:street:de":"Altenmarktgasse 28/d","amenity":"drinking_water","bottle":"yes","description:de":"in Bioecke Brixen","drinking_water":"yes","fee":"no","image":"https://www.refill.bz.it/refill-assets/images/stations/2026/05/refill_69fda491d9f0a.jpg","indoor":"yes","name:de":"Bioecke Brixen","postcode":"39042","seasonal":"no","source":"Refill Südtirol / Alto Adige","source:date":"2020-08-12","source:updated":"2026-05-08","wheelchair":"yes","@id":"node/7806924985","kind":"water","name":null},"geometry":{"type":"Point","coordinates":[11.656907,46.719038]}},{"type":"Feature","properties":{"access":"permissive","addr:city:de":"Eisacktal","addr:city:en":"Eisacktal - Valle Isarco","addr:city:it":"Valle Isarco","addr:hamlet:de":"Kranebitt Bozen","addr:hamlet:en":"Kranebitt - Costa d&amp;#039;Elvas South Tyrol","addr:hamlet:it":"Costa d&amp;#039;Elvas Bolzano","addr:street:de":"Große Lauben","addr:street:en":"Große Lauben - Via Portici Maggiori","addr:street:it":"Via Portici Maggiori","amenity":"drinking_water","bottle":"yes","country":"Italien","description:de":"im Geschäft Dissinger","drinking_water":"yes","elevation":"565","fee":"no","image":"https://www.refill.bz.it/images/sitemap/dissingergeschaeft.jpg","indoor":"yes","name:de":"Dissinger","operator":"Dissinger","postcode":"39042","seasonal":"no","source":"Refill Südtirol / Alto Adige","source:date":"2020-12-17","source:updated":"2025-07-29","wheelchair":"yes","@id":"node/8237011417","kind":"water","name":null},"geometry":{"type":"Point","coordinates":[11.6558885,46.7167617]}},{"type":"Feature","properties":{"amenity":"drinking_water","bottle":"yes","description:de":"im Geschäft Euvita","drinking_water":"yes","fee":"no","image":"https://www.refill.bz.it/images/sitemap/architektur_mit_produkte_-_22.jpg","indoor":"yes","man_made":"water_tap","operator":"Peer 1787 GmbH","seasonal":"no","source":"Refill Südtirol / Alto Adige","source:date":"2021-05-01","wheelchair":"limited","@id":"node/8686410917","kind":"water","name":null},"geometry":{"type":"Point","coordinates":[11.658375,46.716906]}},{"type":"Feature","properties":{"amenity":"fountain","artist_name":"Martin Rainer","artwork_type":"fountain","bottle":"yes","drinking_water":"yes","image":"https://upload.wikimedia.org/wikipedia/commons/b/b7/Brixen_Lebensbrunnen_01.JPG","name":"Lebensbrunnen - Fontana della vita","name:de":"Lebensbrunnen","name:it":"Fontana della vita","operator":"Stadtwerke Brixen AG","seasonal":"no","source":"https://www.suedtirol.info/it/it/esperienze-eventi/plp-esperienze/esperienze-alto-adige/pdp-esperienze.smgpoi583fecbb63df24f7dadc3423b33d1032.la-fontana-della-vita-di-martin-rainer","tourism":"artwork","wheelchair":"limited","@id":"node/8851246317","kind":"water"},"geometry":{"type":"Point","coordinates":[11.6569144,46.7155842]}},{"type":"Feature","properties":{"amenity":"drinking_water","@id":"node/8887343830","kind":"water","name":null},"geometry":{"type":"Point","coordinates":[11.6550295,46.7171401]}},{"type":"Feature","properties":{"access":"yes","amenity":"toilets","opening_hours":"24/7","@id":"node/9063632217","kind":"toilets","name":null},"geometry":{"type":"Point","coordinates":[11.6561647,46.7161547]}},{"type":"Feature","properties":{"addr:city:de":"Eisacktal","addr:city:en":"Eisacktal - Valle Isarco","addr:city:it":"Valle Isarco","addr:hamlet:de":"Kranebitt Bozen","addr:hamlet:en":"Kranebitt - Costa d&#039;Elvas South Tyrol","addr:hamlet:it":"Costa d&#039;Elvas Bolzano","addr:street:de":"Elvaser Straße","addr:street:en":"Elvaser Straße - Via Elvas","addr:street:it":"Via Elvas","amenity":"drinking_water","country":"Italien","elevation":"645","postcode":"39042","source":"Refill Südtirol / Alto Adige","source:updated":"2025-11-07","@id":"node/9159386137","kind":"water","name":null},"geometry":{"type":"Point","coordinates":[11.6624243,46.7234049]}},{"type":"Feature","properties":{"amenity":"toilets","fee":"yes","wheelchair":"yes","@id":"node/10034860813","kind":"toilets","name":null},"geometry":{"type":"Point","coordinates":[11.6572247,46.7155172]}},{"type":"Feature","properties":{"amenity":"toilets","fee":"no","female":"yes","male":"yes","wheelchair":"yes","@id":"node/11135024597","kind":"toilets","name":null},"geometry":{"type":"Point","coordinates":[11.6566688,46.7197308]}},{"type":"Feature","properties":{"access":"yes","amenity":"drinking_water","bottle":"yes","drinking_water":"yes","ele":"560","fee":"no","fountain":"bubbler","image":"https://www.refill.bz.it/images/sitemap/img_20200419_092244.jpg","indoor":"yes","name:de":"Peer Apotheke","name:it":"Farmacia Peer","not:operator:wikidata":"Q2328441","operator":"Stadtwerke Brixen AG","source":"Refill Südtirol / Alto Adige;Stadtwerke Brixen AG","wheelchair":"yes","@id":"node/11862582642","kind":"water","name":null},"geometry":{"type":"Point","coordinates":[11.6583416,46.7165671]}},{"type":"Feature","properties":{"access":"yes","amenity":"drinking_water","bottle":"yes","drinking_water":"yes","ele":"560","fee":"no","fountain":"bubbler","image":"https://www.refill.bz.it/images/sitemap/img_20200419_092244.jpg","indoor":"yes","name:de":"Pharmaziemuseum","name:it":"Museo della farmacia","operator":"Stadtwerke Brixen AG","operator:wikidata":"Q2328441","source":"Refill Südtirol / Alto Adige;Stadtwerke Brixen AG","wheelchair":"yes","@id":"node/11862582643","kind":"water","name":null},"geometry":{"type":"Point","coordinates":[11.6583015,46.7165637]}},{"type":"Feature","properties":{"amenity":"drinking_water","@id":"node/11862638276","kind":"water","name":null},"geometry":{"type":"Point","coordinates":[11.6539323,46.7171777]}},{"type":"Feature","properties":{"access":"yes","amenity":"toilets","fee":"yes","lastcheck":"2024.05.02","unisex":"yes","wheelchair":"yes","@id":"node/11873963166","kind":"toilets","name":null},"geometry":{"type":"Point","coordinates":[11.6609572,46.7150319]}},{"type":"Feature","properties":{"amenity":"drinking_water","@id":"node/12009536653","kind":"water","name":null},"geometry":{"type":"Point","coordinates":[11.6574398,46.7152053]}},{"type":"Feature","properties":{"amenity":"drinking_water","@id":"node/12982666480","kind":"water","name":null},"geometry":{"type":"Point","coordinates":[11.6569461,46.7176692]}},{"type":"Feature","properties":{"amenity":"drinking_water","fountain":"drinking","@id":"node/12982819079","kind":"water","name":null},"geometry":{"type":"Point","coordinates":[11.6570571,46.7166645]}},{"type":"Feature","properties":{"tourism":"viewpoint","@id":"node/2298212604","kind":"viewpoint","name":null},"geometry":{"type":"Point","coordinates":[11.6670833,46.7282709]}},{"type":"Feature","properties":{"tourism":"viewpoint","@id":"node/2298533112","kind":"viewpoint","name":null},"geometry":{"type":"Point","coordinates":[11.6682227,46.7249058]}},{"type":"Feature","properties":{"addr:city":"Brixen - Bressanone","addr:city:de":"Brixen","addr:city:it":"Bressanone","addr:housenumber":"4","addr:postcode":"39042","addr:street":"Adlerbrückengasse - Via Ponte Aquila","email":"contact@pharmaziemuseum.it","fax":"+39 0472 832777","fee":"yes","name":"Pharmaziemuseum - Museo della Farmacia","name:de":"Pharmaziemuseum","name:en":"Pharmacy Museum","name:it":"Museo della Farmacia","opening_hours":"Tu,We 14:00-18:00; Sa 11:00-18:00; Jul-Aug: Mo-Fr 11:00-18:00; Sa 11:00-16:00","phone":"+39 0472 209112","tourism":"museum","website:de":"www.pharmaziemuseum.it","website:it":"www.museofarmacia.it","wikidata":"Q2085142","wikipedia":"it:Museo della farmacia di Bressanone","@id":"node/2388163533","kind":"sight"},"geometry":{"type":"Point","coordinates":[11.6582709,46.7166139]}},{"type":"Feature","properties":{"artwork_type":"statue","heritage":"2","material":"wood","name":"Wilder Mann","name:de":"Wilder Mann","ref:kultis":"14152","start_date":"1590","tourism":"artwork","website":"https://www.provinz.bz.it/kunst-kultur/denkmalpflege/monumentbrowser-suche.asp?status=detail&id=14152","@id":"node/2427126112","kind":"sight"},"geometry":{"type":"Point","coordinates":[11.655399,46.7164911]}},{"type":"Feature","properties":{"tourism":"viewpoint","@id":"node/6720823047","kind":"viewpoint","name":null},"geometry":{"type":"Point","coordinates":[11.6634005,46.7185169]}},{"type":"Feature","properties":{"tourism":"viewpoint","@id":"node/6877245944","kind":"viewpoint","name":null},"geometry":{"type":"Point","coordinates":[11.6629485,46.7248027]}},{"type":"Feature","properties":{"artwork_subject":"Holy Cross","artwork_type":"sculpture","material":"bronze","tourism":"artwork","@id":"node/9624247546","kind":"sight","name":null},"geometry":{"type":"Point","coordinates":[11.6565836,46.715878]}},{"type":"Feature","properties":{"area":"no","bicycle":"no","covered":"yes","highway":"footway","horse":"no","name":"Kreuzgang - Chiostro","name:de":"Kreuzgang","name:it":"Chiostro","opening_hours":"07:00-17:45","surface":"sett","tourism":"attraction","tunnel":"building_passage","wikidata":"Q15428689","wikipedia":"de:Brixner Domkreuzgang","@id":"way/487817142","kind":"sight"},"geometry":{"type":"Point","coordinates":[11.657873,46.7156095]}},{"type":"Feature","properties":{"historic":"wayside_cross","inscription":"Danke Jesus","man_made":"cross","religion":"christian","@id":"node/8000633496","kind":"sight","name":null},"geometry":{"type":"Point","coordinates":[11.6623473,46.7208198]}},{"type":"Feature","properties":{"description":"Disuso / ornamentale","drinking_water":"no","man_made":"water_well","@id":"way/734391139","kind":"water","name":null},"geometry":{"type":"Point","coordinates":[11.6605921,46.7163905]}},{"type":"Feature","properties":{"historic":"wayside_cross","@id":"node/418867391","kind":"sight","name":null},"geometry":{"type":"Point","coordinates":[11.6669806,46.722268]}},{"type":"Feature","properties":{"historic":"memorial","memorial":"statue","name":"Gefallene der Weltkriege","@id":"node/614388398","kind":"sight"},"geometry":{"type":"Point","coordinates":[11.6573069,46.7160415]}},{"type":"Feature","properties":{"historic":"wayside_shrine","religion":"christian","@id":"node/926933489","kind":"sight","name":null},"geometry":{"type":"Point","coordinates":[11.6621376,46.7154587]}},{"type":"Feature","properties":{"historic":"memorial","memorial":"statue","name":"Jahrtausendsäule - Colonna millenaria","name:de":"Jahrtausendsäule","name:it":"Colonna millenaria","@id":"node/1659559815","kind":"sight"},"geometry":{"type":"Point","coordinates":[11.6565492,46.7150298]}},{"type":"Feature","properties":{"historic":"monument","name":"Johannes von Nepomuk","@id":"node/2431410747","kind":"sight"},"geometry":{"type":"Point","coordinates":[11.6587753,46.716785]}},{"type":"Feature","properties":{"historic":"archaeological_site","name":"Schalenstein - Pietra coppellata","name:de":"Schalenstein","name:it":"Pietra coppellata","source":"https://www.bressanone.holiday/elvas/","wheelchair":"no","@id":"node/3976424267","kind":"sight"},"geometry":{"type":"Point","coordinates":[11.6684011,46.726582]}},{"type":"Feature","properties":{"historic":"archaeological_site","name":"Schalenstein - Pietra coppellata","name:de":"Schalenstein","name:it":"Pietra coppellata","source":"https://www.bressanone.holiday/elvas/","@id":"node/3989744387","kind":"sight"},"geometry":{"type":"Point","coordinates":[11.6671329,46.7275917]}},{"type":"Feature","properties":{"historic":"wayside_cross","@id":"node/6314933982","kind":"sight","name":null},"geometry":{"type":"Point","coordinates":[11.6614186,46.7287111]}},{"type":"Feature","properties":{"historic":"memorial","material":"stone","memorial":"sculpture","name":"Denkstein des Oswalds von Wolkenstein","@id":"node/6814131347","kind":"sight"},"geometry":{"type":"Point","coordinates":[11.6572869,46.7161544]}},{"type":"Feature","properties":{"denomination":"catholic","historic":"wayside_shrine","religion":"christian","@id":"node/8572999513","kind":"sight","name":null},"geometry":{"type":"Point","coordinates":[11.6688766,46.7286143]}},{"type":"Feature","properties":{"denomination":"catholic","historic":"wayside_shrine","religion":"christian","@id":"node/8576296555","kind":"sight","name":null},"geometry":{"type":"Point","coordinates":[11.6605362,46.7203084]}},{"type":"Feature","properties":{"denomination":"catholic","historic":"wayside_shrine","religion":"christian","@id":"node/8663117278","kind":"sight","name":null},"geometry":{"type":"Point","coordinates":[11.6594647,46.7202015]}},{"type":"Feature","properties":{"denomination":"catholic","historic":"wayside_cross","religion":"christian","@id":"node/8663117279","kind":"sight","name":null},"geometry":{"type":"Point","coordinates":[11.6607562,46.7269529]}},{"type":"Feature","properties":{"denomination":"catholic","historic":"wayside_cross","religion":"christian","@id":"node/9159386136","kind":"sight","name":null},"geometry":{"type":"Point","coordinates":[11.662471,46.7233895]}},{"type":"Feature","properties":{"building":"yes","historic":"castle","name":"Schloß Hanberg","wikidata":"Q107142203","wikimedia_commons":"Category:Hahnberg (Kranebitt)","@id":"way/211327707","kind":"sight"},"geometry":{"type":"Point","coordinates":[11.6599665,46.7251907]}},{"type":"Feature","properties":{"amenity":"restaurant","name":"Huberhof","phone":"+390472855479","website":"https://restaurants.st/it/gastronomia/gasthaus-huber-chiusa-p6654","@id":"node/420205216","kind":"refreshment"},"geometry":{"type":"Point","coordinates":[11.571443,46.6506412]}},{"type":"Feature","properties":{"amenity":"restaurant","name":"Gasthaus St. Valentin","@id":"node/495979666","kind":"refreshment"},"geometry":{"type":"Point","coordinates":[11.5710851,46.6551634]}},{"type":"Feature","properties":{"amenity":"bar","name":"Bar Gosser","opening_hours":"Mo-Sa 07:30-12:00,14:30-21:00","@id":"node/2329501496","kind":"refreshment"},"geometry":{"type":"Point","coordinates":[11.5715965,46.6558594]}},{"type":"Feature","properties":{"amenity":"restaurant","cuisine":"regional","name":"Buschenschank Moar Zur Viersch","opening_hours":"Oct-Nov:Fr-Su; \"nach Vereinbarung\"","website":"https://www.moarzuviersch.com/buschenschank","@id":"node/12199073935","kind":"refreshment"},"geometry":{"type":"Point","coordinates":[11.5773591,46.6531575]}},{"type":"Feature","properties":{"amenity":"biergarten","covered":"yes","description":"half of the places are covered","outdoor_seating":"yes","@id":"way/494237036","kind":"refreshment","name":null},"geometry":{"type":"Point","coordinates":[11.5716379,46.6507152]}},{"type":"Feature","properties":{"amenity":"drinking_water","@id":"node/13780461719","kind":"water","name":null},"geometry":{"type":"Point","coordinates":[11.571742,46.6564429]}},{"type":"Feature","properties":{"tourism":"viewpoint","@id":"node/420205204","kind":"viewpoint","name":null},"geometry":{"type":"Point","coordinates":[11.5730294,46.651689]}},{"type":"Feature","properties":{"backrest":"no","covered":"no","leisure":"picnic_table","material":"wood","@id":"node/4860136106","kind":"picnic","name":null},"geometry":{"type":"Point","coordinates":[11.5730134,46.6517176]}},{"type":"Feature","properties":{"backrest":"no","covered":"no","leisure":"picnic_table","material":"wood","@id":"node/9291337954","kind":"picnic","name":null},"geometry":{"type":"Point","coordinates":[11.5731321,46.6517006]}},{"type":"Feature","properties":{"historic":"wayside_shrine","religion":"christian","@id":"node/4860135018","kind":"sight","name":null},"geometry":{"type":"Point","coordinates":[11.5716969,46.6556227]}},{"type":"Feature","properties":{"denomination":"roman_catholic","historic":"wayside_cross","religion":"christian","@id":"node/4860135431","kind":"sight","name":null},"geometry":{"type":"Point","coordinates":[11.5756754,46.6570681]}},{"type":"Feature","properties":{"historic":"wayside_cross","religion":"christian","@id":"node/4860135781","kind":"sight","name":null},"geometry":{"type":"Point","coordinates":[11.5730251,46.6517369]}},{"type":"Feature","properties":{"description":"Jesus","historic":"wayside_cross","religion":"christian","@id":"node/4860136108","kind":"sight","name":null},"geometry":{"type":"Point","coordinates":[11.5771418,46.653584]}},{"type":"Feature","properties":{"denomination":"catholic","historic":"wayside_shrine","name":"Rungger","religion":"christian","@id":"node/9175550125","kind":"sight"},"geometry":{"type":"Point","coordinates":[11.57183,46.6567241]}},{"type":"Feature","properties":{"denomination":"catholic","historic":"wayside_shrine","inscription":"Schrott Valentin","name":"Stieber","religion":"christian","@id":"node/9175550126","kind":"sight"},"geometry":{"type":"Point","coordinates":[11.5718778,46.6560828]}},{"type":"Feature","properties":{"denomination":"catholic","historic":"wayside_cross","religion":"christian","@id":"node/9656632886","kind":"sight","name":null},"geometry":{"type":"Point","coordinates":[11.5674346,46.6521071]}},{"type":"Feature","properties":{"amenity":"drinking_water","@id":"node/3179177775","kind":"water","name":null},"geometry":{"type":"Point","coordinates":[12.4296145,46.1433525]}},{"type":"Feature","properties":{"amenity":"drinking_water","bottle":"yes","inscription":"1915-2005","@id":"node/8968542457","kind":"water","name":null},"geometry":{"type":"Point","coordinates":[12.420732,46.1461612]}},{"type":"Feature","properties":{"artwork_type":"mural","inscription":"Barattin 97","tourism":"artwork","@id":"node/9310301177","kind":"sight","name":null},"geometry":{"type":"Point","coordinates":[12.4302798,46.1411258]}},{"type":"Feature","properties":{"historic":"wayside_cross","@id":"node/8977411226","kind":"sight","name":null},"geometry":{"type":"Point","coordinates":[12.4288844,46.1440084]}},{"type":"Feature","properties":{"amenity":"pub","indoor_seating":"yes","name":"Stiftskeller - Mescita dell'Abbazia","name:de":"Stiftskeller","name:it":"Mescita dell'Abbazia","opening_hours":"PH,Mo-Sa 10:00-19:00","outdoor_seating":"yes","website":"https://www.kloster-neustift.it/de/besuchen-erleben/essen-trinken/","wheelchair":"limited","@id":"node/1940010441","kind":"refreshment"},"geometry":{"type":"Point","coordinates":[11.6484859,46.7426923]}},{"type":"Feature","properties":{"amenity":"cafe","diet:vegetarian":"no","name":"Peter's Bistro","opening_hours":"We-Mo 09:30-22:00","wheelchair":"no","@id":"node/2022775101","kind":"refreshment"},"geometry":{"type":"Point","coordinates":[11.6492289,46.7417045]}},{"type":"Feature","properties":{"amenity":"bar","name":"Bistro Frischluft","@id":"node/2022775119","kind":"refreshment"},"geometry":{"type":"Point","coordinates":[11.6507665,46.7392185]}},{"type":"Feature","properties":{"amenity":"restaurant","craft":"winery","name":"Köfererhof","phone":"+39 0472 836649","website":"https://www.koefererhof.it/","@id":"node/2034632298","kind":"refreshment"},"geometry":{"type":"Point","coordinates":[11.6506338,46.7445654]}},{"type":"Feature","properties":{"addr:city":"Natz-Schabs - Naz-Sciaves","addr:city:de":"Natz-Schabs","addr:city:it":"Naz-Sciaves","addr:hamlet":"Raas - Rasa","addr:hamlet:de":"Raas","addr:hamlet:it":"Rasa","addr:housenumber":"1","addr:postcode":"39040","addr:street":"Unterrain","amenity":"restaurant","name":"Steinraffler","opening_hours":"Mo, We-Sa 18:00-23:00; Su 12:00-16:00, 18:00-23:00","website":"https://www.steinraffler.it/","@id":"node/2755894303","kind":"refreshment"},"geometry":{"type":"Point","coordinates":[11.6505932,46.7495261]}},{"type":"Feature","properties":{"amenity":"restaurant","building":"yes","cuisine":"regional","diet:vegan":"no","diet:vegetarian":"yes","fax":"+39 0472 837587","name":"Brückenwirt","name:de":"Brückenwirt","name:it":"Bruggenwirt","opening_hours":"Th-Tu 11:30-14:30, Th-Mo 18:00-21:00","phone":"+39 0472 836692","tourism":"hotel","wheelchair":"yes","wikidata":"Q996579","wikipedia":"de:Brückenwirt (Neustift)","@id":"way/258812277","kind":"refreshment"},"geometry":{"type":"Point","coordinates":[11.6474193,46.7414998]}},{"type":"Feature","properties":{"amenity":"toilets","changing_table":"yes","fee":"no","female":"yes","male":"yes","opening_hours":"Mo-Su 07:00-19:30","wheelchair":"yes","@id":"node/1481455026","kind":"toilets","name":null},"geometry":{"type":"Point","coordinates":[11.6482406,46.7424722]}},{"type":"Feature","properties":{"amenity":"fountain","@id":"node/2022775173","kind":"water","name":null},"geometry":{"type":"Point","coordinates":[11.6520253,46.7410278]}},{"type":"Feature","properties":{"amenity":"fountain","historic":"yes","name":"Wunderbrunnen - Pozzo delle meraviglie","name:de":"Wunderbrunnen","name:it":"Pozzo delle meraviglie","@id":"node/2641388387","kind":"water"},"geometry":{"type":"Point","coordinates":[11.6484192,46.7435977]}},{"type":"Feature","properties":{"amenity":"drinking_water","bottle":"yes","fee":"no","start_date":"1948","@id":"node/8506534403","kind":"water","name":null},"geometry":{"type":"Point","coordinates":[11.6470482,46.7478479]}},{"type":"Feature","properties":{"amenity":"watering_place","drinking_water":"no","@id":"node/8663117304","kind":"water","name":null},"geometry":{"type":"Point","coordinates":[11.6486026,46.7445136]}},{"type":"Feature","properties":{"amenity":"fountain","@id":"node/8663117305","kind":"water","name":null},"geometry":{"type":"Point","coordinates":[11.6487217,46.743984]}},{"type":"Feature","properties":{"amenity":"watering_place","drinking_water":"yes","@id":"node/8663117307","kind":"water","name":null},"geometry":{"type":"Point","coordinates":[11.6482978,46.7420606]}},{"type":"Feature","properties":{"amenity":"fountain","drinking_water":"no","@id":"node/9184175466","kind":"water","name":null},"geometry":{"type":"Point","coordinates":[11.648091,46.7445065]}},{"type":"Feature","properties":{"amenity":"drinking_water","bottle":"yes","drinking_water":"yes","ele":"580","fee":"no","indoor":"no","name:de":"Brunnen","operator":"Stadtwerke Brixen","seasonal":"yes/no","source":"Refill Südtirol / Alto Adige","source:date":"2023-11-08","wheelchair":"no","@id":"node/11332444269","kind":"water","name":null},"geometry":{"type":"Point","coordinates":[11.6504791,46.7391019]}},{"type":"Feature","properties":{"amenity":"drinking_water","@id":"node/12453218890","kind":"water","name":null},"geometry":{"type":"Point","coordinates":[11.6523796,46.7414378]}},{"type":"Feature","properties":{"tourism":"picnic_site","@id":"node/1388892707","kind":"picnic","name":null},"geometry":{"type":"Point","coordinates":[11.654224,46.7435916]}},{"type":"Feature","properties":{"tourism":"viewpoint","@id":"node/6716213211","kind":"viewpoint","name":null},"geometry":{"type":"Point","coordinates":[11.643761,46.7485593]}},{"type":"Feature","properties":{"tourism":"viewpoint","@id":"node/6716213212","kind":"viewpoint","name":null},"geometry":{"type":"Point","coordinates":[11.6442714,46.7489137]}},{"type":"Feature","properties":{"tourism":"picnic_site","@id":"node/8565826793","kind":"picnic","name":null},"geometry":{"type":"Point","coordinates":[11.6419844,46.7475226]}},{"type":"Feature","properties":{"information":"office","name":"Museo abbaziale","name:de":"Stiftsmuseum","name:it":"Museo abbaziale","opening_hours":"Mo-Sa 10:00-17:00","shop":"ticket","tourism":"information","@id":"node/9186576417","kind":"information"},"geometry":{"type":"Point","coordinates":[11.6485139,46.743861]}},{"type":"Feature","properties":{"artwork_type":"installation","material":"metal","tourism":"artwork","@id":"node/9679503733","kind":"sight","name":null},"geometry":{"type":"Point","coordinates":[11.6482985,46.7418751]}},{"type":"Feature","properties":{"amenity":"monastery","community:gender":"male","contact:website":"https://www.kloster-neustift.it","denomination":"roman_catholic","historic":"monastery","loc_name:de":"Kloster Neustift","monastery:type":"monastery","name":"Augustiner Chorherrenstift Neustift - Abbazia di Novacella","name:de":"Augustiner Chorherrenstift Neustift","name:it":"Abbazia di Novacella","religion":"christian","tourism":"attraction","wheelchair":"limited","wikipedia":"de:Kloster Neustift","@id":"way/41684998","kind":"sight"},"geometry":{"type":"Point","coordinates":[11.6479672,46.7436929]}},{"type":"Feature","properties":{"barrier":"wall","description":"Tickets sold at infopoint.","fee":"yes","leisure":"garden","name":"Stiftsgarten - Giardino storico","name:de":"Stiftsgarten","name:it":"Giardino storico","opening_hours":"May-Sep","tourism":"attraction","@id":"way/134644703","kind":"sight"},"geometry":{"type":"Point","coordinates":[11.6494852,46.7434184]}},{"type":"Feature","properties":{"amenity":"place_of_worship","basilica":"minor","building":"church","check_date":"2025-05-02","denomination":"roman_catholic","name":"Stiftskirche - Basilica","name:de":"Stiftskirche","name:it":"Basilica","religion":"christian","tourism":"attraction","wikidata":"Q385925","wikipedia":"it:Abbazia di Novacella","@id":"way/215454733","kind":"sight"},"geometry":{"type":"Point","coordinates":[11.6485101,46.7441538]}},{"type":"Feature","properties":{"building":"yes","fee":"yes","name":"Museum - Museo","name:de":"Museum","name:it":"Museo","tourism":"museum","website":"https://www.kloster-neustift.it/","@id":"way/786997449","kind":"sight"},"geometry":{"type":"Point","coordinates":[11.6491009,46.7438322]}},{"type":"Feature","properties":{"drinking_water":"no","drinking_water:legal":"no","man_made":"water_tap","@id":"node/12804012811","kind":"water","name":null},"geometry":{"type":"Point","coordinates":[11.6482453,46.7442939]}},{"type":"Feature","properties":{"covered":"no","leisure":"picnic_table","material":"wood","@id":"node/13949327240","kind":"picnic","name":null},"geometry":{"type":"Point","coordinates":[11.6503927,46.7399382]}},{"type":"Feature","properties":{"covered":"yes","leisure":"picnic_table","material":"wood","@id":"node/13949340840","kind":"picnic","name":null},"geometry":{"type":"Point","coordinates":[11.6506209,46.7400154]}},{"type":"Feature","properties":{"historic":"wayside_shrine","@id":"node/1479324480","kind":"sight","name":null},"geometry":{"type":"Point","coordinates":[11.6498647,46.7487429]}},{"type":"Feature","properties":{"denomination":"catholic","historic":"wayside_shrine","inscription":"HL. JOHANNES NEPOMUK, bitte f. uns!","religion":"christian","@id":"node/2481405997","kind":"sight","name":null},"geometry":{"type":"Point","coordinates":[11.6460982,46.7445727]}},{"type":"Feature","properties":{"historic":"wayside_shrine","religion":"christian","@id":"node/3461418528","kind":"sight","name":null},"geometry":{"type":"Point","coordinates":[11.6516726,46.7410709]}},{"type":"Feature","properties":{"historic":"archaeological_site","name":"Wallburg Nössing","name:de":"Wallburg Nössing","@id":"node/6716213223","kind":"sight"},"geometry":{"type":"Point","coordinates":[11.6439282,46.7491545]}},{"type":"Feature","properties":{"denomination":"catholic","historic":"wayside_shrine","religion":"christian","@id":"node/7732356232","kind":"sight","name":null},"geometry":{"type":"Point","coordinates":[11.6492991,46.7418464]}},{"type":"Feature","properties":{"denomination":"catholic","historic":"wayside_shrine","religion":"christian","@id":"node/8565826795","kind":"sight","name":null},"geometry":{"type":"Point","coordinates":[11.6418431,46.7474817]}},{"type":"Feature","properties":{"denomination":"catholic","historic":"wayside_cross","religion":"christian","@id":"node/8565826803","kind":"sight","name":null},"geometry":{"type":"Point","coordinates":[11.644451,46.744328]}},{"type":"Feature","properties":{"denomination":"catholic","historic":"wayside_cross","religion":"christian","@id":"node/8565826810","kind":"sight","name":null},"geometry":{"type":"Point","coordinates":[11.6439632,46.7398921]}},{"type":"Feature","properties":{"denomination":"catholic","historic":"wayside_shrine","inscription":"Hl. Josef Freinademetz bitte für uns","religion":"christian","@id":"node/8565905534","kind":"sight","name":null},"geometry":{"type":"Point","coordinates":[11.6466533,46.743916]}},{"type":"Feature","properties":{"denomination":"catholic","historic":"wayside_cross","religion":"christian","@id":"node/8663117293","kind":"sight","name":null},"geometry":{"type":"Point","coordinates":[11.6467993,46.7514015]}},{"type":"Feature","properties":{"denomination":"catholic","historic":"wayside_cross","religion":"christian","@id":"node/8663117301","kind":"sight","name":null},"geometry":{"type":"Point","coordinates":[11.6470682,46.7473396]}},{"type":"Feature","properties":{"denomination":"catholic","historic":"wayside_cross","religion":"christian","@id":"node/8663117314","kind":"sight","name":null},"geometry":{"type":"Point","coordinates":[11.6458708,46.7405983]}},{"type":"Feature","properties":{"denomination":"catholic","historic":"wayside_cross","religion":"christian","@id":"node/8747455790","kind":"sight","name":null},"geometry":{"type":"Point","coordinates":[11.6519881,46.7455046]}},{"type":"Feature","properties":{"historic":"memorial","memorial":"war_memorial","@id":"node/9184175460","kind":"sight","name":null},"geometry":{"type":"Point","coordinates":[11.6481305,46.7440414]}},{"type":"Feature","properties":{"denomination":"catholic","historic":"wayside_cross","religion":"christian","@id":"node/9457756343","kind":"sight","name":null},"geometry":{"type":"Point","coordinates":[11.6445141,46.7442736]}},{"type":"Feature","properties":{"building":"yes","historic":"castle","name":"Engelsburg - Castel Sant'Angelo","name:de":"Engelsburg","name:it":"Castel Sant'Angelo","wikidata":"Q20804310","@id":"way/240403138","kind":"sight"},"geometry":{"type":"Point","coordinates":[11.6486856,46.7423353]}},{"type":"Feature","properties":{"denomination":"catholic","historic":"wayside_cross","religion":"christian","@id":"node/8747455758","kind":"sight","name":null},"geometry":{"type":"Point","coordinates":[11.6385686,46.7520334]}},{"type":"Feature","properties":{"amenity":"restaurant","building":"yes","name":"Sonne - Sole","@id":"way/151359932","kind":"refreshment"},"geometry":{"type":"Point","coordinates":[11.0607035,46.4538608]}},{"type":"Feature","properties":{"addr:city":"Laurein - Lauregno","addr:city:de":"Laurein","addr:city:it":"Lauregno","addr:housenumber":"3","addr:postcode":"39040","addr:street":"Dorfzentrum - Centro Paese","addr:street:de":"Dorfzentrum","addr:street:it":"Centro Paese","amenity":"restaurant","bar":"yes","brewery":"yes","building":"yes","internet_access":"wlan","internet_access:fee":"no","name":"Stern - Stella","opening_hours":"Tu-So 07:00-25:00","outdoor_seating":"yes","phone":"+39 0463 520147","toilets":"yes","wheelchair":"yes","@id":"way/151359940","kind":"refreshment"},"geometry":{"type":"Point","coordinates":[11.062046,46.454289]}},{"type":"Feature","properties":{"amenity":"drinking_water","@id":"node/9954190166","kind":"water","name":null},"geometry":{"type":"Point","coordinates":[11.0709131,46.4573403]}},{"type":"Feature","properties":{"amenity":"drinking_water","@id":"node/12979999276","kind":"water","name":null},"geometry":{"type":"Point","coordinates":[11.0617708,46.4537888]}},{"type":"Feature","properties":{"amenity":"toilets","building":"yes","building:levels":"1","@id":"way/778642861","kind":"toilets","name":null},"geometry":{"type":"Point","coordinates":[11.0681689,46.4536454]}},{"type":"Feature","properties":{"historic":"wayside_cross","name":"Tengerkreuz","@id":"node/5789564019","kind":"sight"},"geometry":{"type":"Point","coordinates":[11.0662533,46.4610847]}},{"type":"Feature","properties":{"amenity":"restaurant","building":"yes","name":"La Capannina","@id":"way/116828666","kind":"refreshment"},"geometry":{"type":"Point","coordinates":[11.2459054,46.1433329]}},{"type":"Feature","properties":{"amenity":"drinking_water","fountain":"drinking","@id":"node/928020037","kind":"water","name":null},"geometry":{"type":"Point","coordinates":[11.2462265,46.1426218]}},{"type":"Feature","properties":{"name":"Bellavista","tourism":"viewpoint","@id":"node/928020933","kind":"viewpoint"},"geometry":{"type":"Point","coordinates":[11.2336523,46.1481744]}},{"type":"Feature","properties":{"tourism":"viewpoint","@id":"node/4816021000","kind":"viewpoint","name":null},"geometry":{"type":"Point","coordinates":[11.2383683,46.1502971]}},{"type":"Feature","properties":{"artwork_type":"statue","tourism":"artwork","@id":"node/8491231317","kind":"sight","name":null},"geometry":{"type":"Point","coordinates":[11.2383518,46.1429884]}},{"type":"Feature","properties":{"backrest":"yes","covered":"no","leisure":"picnic_table","material":"wood","@id":"node/9790387120","kind":"picnic","name":null},"geometry":{"type":"Point","coordinates":[11.2391006,46.1466462]}},{"type":"Feature","properties":{"colour":"brown","covered":"no","leisure":"picnic_table","material":"wood","@id":"node/9790387122","kind":"picnic","name":null},"geometry":{"type":"Point","coordinates":[11.2401452,46.1466156]}},{"type":"Feature","properties":{"backrest":"yes","covered":"no","leisure":"picnic_table","material":"wood","@id":"node/9790387127","kind":"picnic","name":null},"geometry":{"type":"Point","coordinates":[11.2395851,46.1465416]}},{"type":"Feature","properties":{"backrest":"no","covered":"yes","leisure":"picnic_table","material":"wood","@id":"node/10857915864","kind":"picnic","name":null},"geometry":{"type":"Point","coordinates":[11.2460089,46.1432685]}},{"type":"Feature","properties":{"backrest":"no","covered":"no","leisure":"picnic_table","material":"wood","@id":"node/10857915865","kind":"picnic","name":null},"geometry":{"type":"Point","coordinates":[11.2459499,46.1432193]}},{"type":"Feature","properties":{"backrest":"yes","covered":"no","leisure":"picnic_table","material":"wood","@id":"node/10857915879","kind":"picnic","name":null},"geometry":{"type":"Point","coordinates":[11.2467974,46.142724]}},{"type":"Feature","properties":{"backrest":"yes","covered":"no","leisure":"picnic_table","material":"wood","@id":"node/10857915884","kind":"picnic","name":null},"geometry":{"type":"Point","coordinates":[11.2469973,46.1430084]}},{"type":"Feature","properties":{"denomination":"catholic","historic":"wayside_shrine","religion":"christian","@id":"node/10857915863","kind":"sight","name":null},"geometry":{"type":"Point","coordinates":[11.2466687,46.139889]}},{"type":"Feature","properties":{"historic":"wayside_cross","@id":"node/10857915892","kind":"sight","name":null},"geometry":{"type":"Point","coordinates":[11.2400684,46.1465587]}},{"type":"Feature","properties":{"addr:city":"Altrei - Anterivo","addr:city:de":"Altrei","addr:city:it":"Anterivo","addr:housenumber":"1g","addr:postcode":"39040","addr:street":"Rathausplatz - Piazza del Municipio","addr:street:de":"Rathausplatz","addr:street:it":"Piazza del Municipio","amenity":"cafe","outdoor_seating":"no","@id":"node/2749529713","kind":"refreshment","name":null},"geometry":{"type":"Point","coordinates":[11.3660513,46.277526]}},{"type":"Feature","properties":{"amenity":"pub","name":"Altreierhof","@id":"node/5320939694","kind":"refreshment"},"geometry":{"type":"Point","coordinates":[11.3667483,46.2776191]}},{"type":"Feature","properties":{"access":"yes","amenity":"drinking_water","check_date":"2025-06-04","fee":"no","fountain":"drinking","@id":"node/457206180","kind":"water","name":null},"geometry":{"type":"Point","coordinates":[11.3678271,46.2786493]}},{"type":"Feature","properties":{"amenity":"drinking_water","fountain":"drinking","source":"Refill Südtirol / Alto Adige","source:date":"2019-10-15","@id":"node/457206189","kind":"water","name":null},"geometry":{"type":"Point","coordinates":[11.366801,46.277594]}},{"type":"Feature","properties":{"amenity":"drinking_water","@id":"node/544488839","kind":"water","name":null},"geometry":{"type":"Point","coordinates":[11.3599612,46.27997]}},{"type":"Feature","properties":{"amenity":"drinking_water","@id":"node/1268918320","kind":"water","name":null},"geometry":{"type":"Point","coordinates":[11.3678721,46.2782639]}},{"type":"Feature","properties":{"amenity":"drinking_water","check_date":"2025-06-04","fountain":"drinking","@id":"node/1268918369","kind":"water","name":null},"geometry":{"type":"Point","coordinates":[11.3657952,46.2766186]}},{"type":"Feature","properties":{"amenity":"drinking_water","name:de":"Brunnen Pichl","name:en":"Fountain Pichl","name:it":"Fontana Pichl","source":"Refill Südtirol / Alto Adige","source:date":"2025-02-26","@id":"node/12620742801","kind":"water","name":null},"geometry":{"type":"Point","coordinates":[11.368071,46.281597]}},{"type":"Feature","properties":{"amenity":"drinking_water","name:de":"Brunnen Pichlweg","name:it":"Fontana Via Pichl","source":"Refill Südtirol / Alto Adige","source:date":"2025-02-26","@id":"node/12620756801","kind":"water","name":null},"geometry":{"type":"Point","coordinates":[11.368634,46.279959]}},{"type":"Feature","properties":{"amenity":"water_point","note":"Kein Trinkwasser","@id":"node/12881981196","kind":"water","name":null},"geometry":{"type":"Point","coordinates":[11.3734393,46.2816339]}},{"type":"Feature","properties":{"addr:city":"Altrei - Anterivo","addr:city:de":"Altrei","addr:city:it":"Anterivo","addr:housenumber":"1c","addr:postcode":"39040","addr:street":"Rathausplatz - Piazza del Municipio","addr:street:de":"Rathausplatz","addr:street:it":"Piazza del Municipio","amenity":"bicycle_rental","information":"office","tourism":"information","@id":"node/2749529694","kind":"information","name":null},"geometry":{"type":"Point","coordinates":[11.3662078,46.2776598]}},{"type":"Feature","properties":{"historic":"wayside_shrine","@id":"node/3083427855","kind":"sight","name":null},"geometry":{"type":"Point","coordinates":[11.3648765,46.2781215]}},{"type":"Feature","properties":{"historic":"memorial","name":"St. Katharina","@id":"node/12881981198","kind":"sight"},"geometry":{"type":"Point","coordinates":[11.3734908,46.2815532]}},{"type":"Feature","properties":{"historic":"wayside_cross","material":"wood","@id":"node/13844553333","kind":"sight","name":null},"geometry":{"type":"Point","coordinates":[11.3702985,46.2815286]}},{"type":"Feature","properties":{"amenity":"restaurant","name":"Kirchsteiger Alm - Malga Kirchsteiger","name:de":"Kirchsteiger Alm","name:it":"Malga Kirchsteiger","@id":"node/4364879838","kind":"refreshment"},"geometry":{"type":"Point","coordinates":[11.2824339,46.6861555]}},{"type":"Feature","properties":{"amenity":"restaurant","building":"yes","ele":"2300","name":"Kesselberghütte - Rifugio Valcanova","name:de":"Kesselberghütte","name:it":"Rifugio Valcanova","outdoor_seating":"yes","payment:cash":"yes","payment:credit_cards":"no","payment:debit_cards":"no","tourism":"alpine_hut","@id":"way/25385356","kind":"hut"},"geometry":{"type":"Point","coordinates":[11.3032697,46.6906123]}},{"type":"Feature","properties":{"amenity":"restaurant","@id":"way/965563414","kind":"refreshment","name":null},"geometry":{"type":"Point","coordinates":[11.3165597,46.6902862]}},{"type":"Feature","properties":{"amenity":"toilets","building":"yes","@id":"way/276296890","kind":"toilets","name":null},"geometry":{"type":"Point","coordinates":[11.3165284,46.6904141]}},{"type":"Feature","properties":{"building":"yes","dog":"no","ele":"2271","name":"Mittagerhütte","opening_hours":"Tu-Su 09:00-22:00","tourism":"alpine_hut","@id":"way/61635491","kind":"hut"},"geometry":{"type":"Point","coordinates":[11.2962347,46.6810869]}},{"type":"Feature","properties":{"denomination":"catholic","historic":"wayside_cross","religion":"christian","@id":"node/3908107533","kind":"sight","name":null},"geometry":{"type":"Point","coordinates":[11.2967248,46.680983]}},{"type":"Feature","properties":{"historic":"wayside_cross","@id":"node/9900111505","kind":"sight","name":null},"geometry":{"type":"Point","coordinates":[11.3143762,46.6758759]}},{"type":"Feature","properties":{"amenity":"restaurant","email":"info@hotel-alber.com","fax":"+39 0473 278605","name":"Alber","phone":"+39 0473 278245","website":"https://www.hotel-alber.com/","@id":"node/1671767077","kind":"refreshment"},"geometry":{"type":"Point","coordinates":[11.2234775,46.6041477]}},{"type":"Feature","properties":{"addr:city":"Vöran - Verano","addr:city:de":"Vöran","addr:city:it":"Verano","addr:housenumber":"25","addr:postcode":"39010","addr:street":"Vöraner Straße - Via Verano","addr:street:de":"Vöraner Straße","addr:street:it":"Via Verano","amenity":"restaurant","cuisine":"regional","name":"Oberwirt","opening_hours":"Th-Mo 08:00-23:00","wheelchair":"yes","@id":"node/2756070117","kind":"refreshment"},"geometry":{"type":"Point","coordinates":[11.2317677,46.6047224]}},{"type":"Feature","properties":{"amenity":"cafe","check_date":"2025-10-24","cuisine":"pizza","name":"Veranum","opening_hours":"Tu-Sa 12:00-14:00,17:30-23:00; Su 12:00-14:00,17:30-22:00","@id":"node/4374736773","kind":"refreshment"},"geometry":{"type":"Point","coordinates":[11.2261018,46.604366]}},{"type":"Feature","properties":{"addr:housenumber":"13","addr:street":"Seilbahnstraße - Via Funivia","amenity":"cafe","name":"Café Sunnseit","phone":"+39 340 6483212","@id":"node/8094373984","kind":"refreshment"},"geometry":{"type":"Point","coordinates":[11.2232889,46.6035243]}},{"type":"Feature","properties":{"amenity":"restaurant","building":"yes","name":"Grüner Baum","opening_hours":"We off","@id":"way/34493865","kind":"refreshment"},"geometry":{"type":"Point","coordinates":[11.238791,46.6082174]}},{"type":"Feature","properties":{"amenity":"restaurant","building":"yes","check_date:opening_hours":"2024-08-24","name":"S'Stübele","opening_hours":"Tu-Sa 09:00-22:00; Su,PH 09:00-17:00; Mo off","opening_hours:kitchen":"11:30-14:30, 18:00-20:30","toilets:wheelchair":"yes","wheelchair":"yes","@id":"way/264335763","kind":"refreshment"},"geometry":{"type":"Point","coordinates":[11.2380121,46.6090639]}},{"type":"Feature","properties":{"addr:hamlet:de":"Vöran","addr:hamlet:en":"Vöran - Verano","addr:hamlet:it":"Verano","addr:postcode":"39014","amenity":"drinking_water","bottle":"yes","drinking_water":"yes","ele":"1204","fee":"no","image":"https://www.refill.bz.it/images/sitemap/o_1g66b25sm1da4pnu1nus1sqpe8ga.jpg","indoor":"no","name:de":"Brunnen Dorfplatz Vöran","seasonal":"no","source":"Refill Südtirol / Alto Adige","source:date":"2020-09-03","@id":"node/7871776189","kind":"water","name":null},"geometry":{"type":"Point","coordinates":[11.226338,46.605095]}},{"type":"Feature","properties":{"name":"Beimsteinknott","tourism":"viewpoint","@id":"node/13622377995","kind":"viewpoint"},"geometry":{"type":"Point","coordinates":[11.2299572,46.6064236]}},{"type":"Feature","properties":{"man_made":"water_well","@id":"node/9828779735","kind":"water","name":null},"geometry":{"type":"Point","coordinates":[11.2262553,46.6051199]}},{"type":"Feature","properties":{"covered":"yes","leisure":"picnic_table","@id":"node/13622377994","kind":"picnic","name":null},"geometry":{"type":"Point","coordinates":[11.2298164,46.606629]}},{"type":"Feature","properties":{"amenity":"restaurant","name":"Meierei","website":"https://www.meierei.it/","@id":"node/1335786412","kind":"refreshment"},"geometry":{"type":"Point","coordinates":[11.5751396,46.4173689]}},{"type":"Feature","properties":{"amenity":"restaurant","cuisine":"sandwich;italian","name":"Laurin","@id":"node/9210970706","kind":"refreshment"},"geometry":{"type":"Point","coordinates":[11.5825864,46.4081391]}},{"type":"Feature","properties":{"amenity":"restaurant","name:de":"Mony Pizzeria und Bar","@id":"node/13123862901","kind":"refreshment","name":null},"geometry":{"type":"Point","coordinates":[11.5833948,46.4078825]}},{"type":"Feature","properties":{"amenity":"drinking_water","bottle":"yes","drinking_water":"yes","ele":"1600","fee":"no","image":"https://www.refill.bz.it/images/sitemap/spielplatz.jpg","indoor":"no","operator":"Gemeinde Welschnofen","seasonal":"spring;summer;autumn","source":"Refill Südtirol / Alto Adige","source:date":"2019-10-15","wheelchair":"no","@id":"node/6721010568","kind":"water","name":null},"geometry":{"type":"Point","coordinates":[11.5866188,46.4088643]}}]}