{"type":"FeatureCollection","features":[{"type":"Feature","properties":{"@id":"node/3401326531","kind":"refreshment","name":"Le Transalpin","tags":{"amenity":"bar","name":"Le Transalpin"}},"geometry":{"type":"Point","coordinates":[5.7551077,45.4341971]}},{"type":"Feature","properties":{"@id":"node/4726311552","kind":"refreshment","name":"Bar de la Presse","tags":{"amenity":"bar","name":"Bar de la Presse"}},"geometry":{"type":"Point","coordinates":[5.7549117,45.4336465]}},{"type":"Feature","properties":{"@id":"node/12969773540","kind":"refreshment","name":"Papilles et Papote","tags":{"addr:city":"Entre-deux-Guiers","addr:housenumber":"70","addr:postcode":"38380","addr:street":"Place Centrale","amenity":"restaurant","diet:gluten_free":"yes","diet:lactose_free":"yes","diet:vegan":"yes","diet:vegetarian":"yes","name":"Papilles et Papote","phone":"+33 9 84 12 88 23","website":"https://papillesetpapote.fr/"}},"geometry":{"type":"Point","coordinates":[5.7550757,45.4342723]}},{"type":"Feature","properties":{"@id":"way/62111858","kind":"refreshment","name":"L'Escabeau","tags":{"addr:city":"Les Échelles","addr:housenumber":"25","addr:postcode":"73360","amenity":"restaurant","building":"yes","cuisine":"burger;pizza","name":"L'Escabeau","phone":"+336 73 10 18 85","source":"cadastre-dgi-fr source : Direction Générale des Impôts - Cadastre;mise à jour :2010"}},"geometry":{"type":"Point","coordinates":[5.7535358,45.4361961]}},{"type":"Feature","properties":{"@id":"way/202876934","kind":"refreshment","name":"La Corderie","tags":{"addr:city":"Les Échelles","addr:housename":"Rivièr'Alp","addr:housenumber":"15","addr:postcode":"73360","addr:street":"Place de la Corderie","amenity":"restaurant","building":"retail","contact:email":"restaurant.lacorderie@gmail.com","contact:phone":"+33 4 79 79 52 85","contact:website":"https://www.restaurant-la-corderie.fr/","name":"La Corderie","source":"cadastre-dgi-fr source : Direction Générale des Impôts - Cadastre. Mise à jour : 2013"}},"geometry":{"type":"Point","coordinates":[5.7562695,45.435933]}},{"type":"Feature","properties":{"@id":"node/3755019493","kind":"water","name":null,"tags":{"amenity":"drinking_water","check_date":"2023-03-31","man_made":"water_tap"}},"geometry":{"type":"Point","coordinates":[5.7538645,45.433057]}},{"type":"Feature","properties":{"@id":"node/4726311546","kind":"water","name":null,"tags":{"amenity":"water_point"}},"geometry":{"type":"Point","coordinates":[5.753584,45.433507]}},{"type":"Feature","properties":{"@id":"node/4726311558","kind":"water","name":null,"tags":{"amenity":"fountain"}},"geometry":{"type":"Point","coordinates":[5.7546811,45.4336289]}},{"type":"Feature","properties":{"@id":"node/11048188977","kind":"toilets","name":null,"tags":{"access":"yes","amenity":"toilets","fee":"no","survey:date":"2023-07-21"}},"geometry":{"type":"Point","coordinates":[5.7552394,45.4349809]}},{"type":"Feature","properties":{"@id":"node/11059874047","kind":"water","name":null,"tags":{"amenity":"drinking_water","fee":"no","man_made":"water_tap","survey:date":"2023-07-21"}},"geometry":{"type":"Point","coordinates":[5.7551567,45.4348573]}},{"type":"Feature","properties":{"@id":"way/202876613","kind":"toilets","name":null,"tags":{"access":"yes","amenity":"toilets","building":"toilets","source":"cadastre-dgi-fr source : Direction Générale des Impôts - Cadastre. Mise à jour : 2013","toilets:disposal":"flush","unisex":"yes"}},"geometry":{"type":"Point","coordinates":[5.7534637,45.4379392]}},{"type":"Feature","properties":{"@id":"node/4695541690","kind":"sight","name":"Statue du Christ","tags":{"artwork_type":"statue","historic":"yes","name":"Statue du Christ","tourism":"artwork"}},"geometry":{"type":"Point","coordinates":[5.7554513,45.4390358]}},{"type":"Feature","properties":{"@id":"node/10059456693","kind":"viewpoint","name":null,"tags":{"direction":"20-200","tourism":"viewpoint"}},"geometry":{"type":"Point","coordinates":[5.7616357,45.4484469]}},{"type":"Feature","properties":{"@id":"node/11048188976","kind":"viewpoint","name":null,"tags":{"tourism":"viewpoint"}},"geometry":{"type":"Point","coordinates":[5.7549799,45.4348282]}},{"type":"Feature","properties":{"@id":"way/297897576","kind":"information","name":"Maison du Guiers","tags":{"building":"yes","information":"office","name":"Maison du Guiers","tourism":"information"}},"geometry":{"type":"Point","coordinates":[5.7554121,45.4357037]}},{"type":"Feature","properties":{"@id":"node/11048188975","kind":"picnic","name":null,"tags":{"covered":"no","leisure":"picnic_table"}},"geometry":{"type":"Point","coordinates":[5.7549522,45.4347809]}},{"type":"Feature","properties":{"@id":"node/13201529130","kind":"picnic","name":null,"tags":{"leisure":"picnic_table"}},"geometry":{"type":"Point","coordinates":[5.7614646,45.4484258]}},{"type":"Feature","properties":{"@id":"node/774561981","kind":"sight","name":null,"tags":{"historic":"memorial","memorial":"war_memorial","ref:FR:MemorialGenWeb":"34540","source":"cadastre-dgi-fr source : Direction Générale des Impôts - Cadastre ; mise à jour :2010","wikidata":"Q136060601"}},"geometry":{"type":"Point","coordinates":[5.7524572,45.4376821]}},{"type":"Feature","properties":{"@id":"node/774562109","kind":"sight","name":"Croix des Carriers","tags":{"check_date":"2025-10-07","historic":"wayside_cross","name":"Croix des Carriers","note":"Croix manquante, juste le socle","source":"cadastre-dgi-fr source : Direction Générale des Impôts - Cadastre;mise à jour :2010"}},"geometry":{"type":"Point","coordinates":[5.7554633,45.439994]}},{"type":"Feature","properties":{"@id":"node/1390708615","kind":"sight","name":"Croix","tags":{"historic":"wayside_cross","name":"Croix","source":"cadastre-dgi-fr source : Direction Générale des Impôts - Cadastre. Mise à jour : 2011"}},"geometry":{"type":"Point","coordinates":[5.7557901,45.4527902]}},{"type":"Feature","properties":{"@id":"node/2128144315","kind":"sight","name":null,"tags":{"denomination":"catholic","historic":"wayside_shrine","religion":"christian"}},"geometry":{"type":"Point","coordinates":[5.754148,45.436203]}},{"type":"Feature","properties":{"@id":"node/2134739910","kind":"sight","name":null,"tags":{"historic":"wayside_cross","source":"cadastre-dgi-fr source : Direction Générale des Impôts - Cadastre ; mise à jour :2012"}},"geometry":{"type":"Point","coordinates":[5.7542258,45.4333066]}},{"type":"Feature","properties":{"@id":"node/3766843638","kind":"sight","name":null,"tags":{"denomination":"catholic","historic":"wayside_cross","religion":"christian"}},"geometry":{"type":"Point","coordinates":[5.759944,45.4391573]}},{"type":"Feature","properties":{"@id":"node/10799931312","kind":"sight","name":null,"tags":{"historic":"memorial","memorial":"war_memorial","ref:FR:MemorialGenWeb":"30960","wikidata":"Q136077015"}},"geometry":{"type":"Point","coordinates":[5.7534559,45.4515499]}},{"type":"Feature","properties":{"@id":"node/12338338174","kind":"sight","name":null,"tags":{"historic":"memorial","memorial":"war_memorial","ref:FR:MemorialGenWeb":"6478","wikidata":"Q136053520"}},"geometry":{"type":"Point","coordinates":[5.7539687,45.4328553]}},{"type":"Feature","properties":{"@id":"node/13203731244","kind":"sight","name":null,"tags":{"denomination":"catholic","historic":"wayside_shrine","religion":"christian"}},"geometry":{"type":"Point","coordinates":[5.756304,45.4373249]}},{"type":"Feature","properties":{"@id":"node/13203731246","kind":"sight","name":"Victor Despeignes","tags":{"historic":"memorial","material":"marble","memorial":"plaque","name":"Victor Despeignes"}},"geometry":{"type":"Point","coordinates":[5.7562363,45.4374169]}},{"type":"Feature","properties":{"@id":"node/13290562043","kind":"sight","name":null,"tags":{"historic":"wayside_cross"}},"geometry":{"type":"Point","coordinates":[5.7532383,45.4372876]}},{"type":"Feature","properties":{"@id":"way/78666207","kind":"refreshment","name":"Chalet Restaurant du Lac Vert","tags":{"amenity":"restaurant","building":"yes","cuisine":"french","name":"Chalet Restaurant du Lac Vert","source":"cadastre-dgi-fr source : Direction Générale des Impôts - Cadastre. Mise à jour : 2010"}},"geometry":{"type":"Point","coordinates":[6.7537963,45.9485652]}},{"type":"Feature","properties":{"@id":"way/78679283","kind":"refreshment","name":"Lou Pachran","tags":{"addr:city":"Passy","addr:housenumber":"290","addr:postcode":"74190","addr:street":"Chemin des Parchets","alt_name":"Bougnetterie du Mont Blanc","amenity":"restaurant","bicycle:rental":"yes","bicycle:type":"electric;mtb","building":"yes","cuisine":"regional","description":"Restaurant savoyard avec une cuisine traditionnelle, parapente & VTT","dog":"yes","email":"lou.pachran@gmail.com","motorcycle_friendly":"customary","name":"Lou Pachran","outdoor_seating":"yes","phone":"+33 4 50 58 82 47","ref:FR:SIRET":"44957969700011","smoking":"outside","source":"cadastre-dgi-fr source : Direction Générale des Impôts - Cadastre. Mise à jour : 2010","website":"https://www.loupachran.com"}},"geometry":{"type":"Point","coordinates":[6.7406686,45.950669]}},{"type":"Feature","properties":{"@id":"way/78680988","kind":"refreshment","name":"La Bergerie","tags":{"amenity":"restaurant","building":"yes","cuisine":"regional","name":"La Bergerie","ref:FR:SIRET":"50474378200014","source":"cadastre-dgi-fr source : Direction Générale des Impôts - Cadastre. Mise à jour : 2010"}},"geometry":{"type":"Point","coordinates":[6.7407996,45.9512294]}},{"type":"Feature","properties":{"@id":"node/2990395311","kind":"toilets","name":null,"tags":{"access":"yes","amenity":"toilets","fee":"no"}},"geometry":{"type":"Point","coordinates":[6.7539535,45.9485704]}},{"type":"Feature","properties":{"@id":"node/2990395315","kind":"water","name":null,"tags":{"access":"yes","amenity":"drinking_water","check_date":"2026-05-04","fee":"no","fountain":"drinking"}},"geometry":{"type":"Point","coordinates":[6.7534731,45.9488931]}},{"type":"Feature","properties":{"@id":"node/7040107598","kind":"water","name":null,"tags":{"access":"yes","amenity":"drinking_water","fee":"no","ref:refuges.info":"8439"}},"geometry":{"type":"Point","coordinates":[6.7391548,45.9513859]}},{"type":"Feature","properties":{"@id":"node/8938976418","kind":"water","name":null,"tags":{"amenity":"drinking_water","fountain":"drinking","ref:refuges.info":"8440","survey:date":"2021-07-21"}},"geometry":{"type":"Point","coordinates":[6.741338,45.9495358]}},{"type":"Feature","properties":{"@id":"node/9611526832","kind":"water","name":null,"tags":{"amenity":"watering_place"}},"geometry":{"type":"Point","coordinates":[6.7502472,45.9473348]}},{"type":"Feature","properties":{"@id":"node/9983675248","kind":"toilets","name":null,"tags":{"access":"yes","amenity":"toilets","fee":"no","wheelchair":"yes"}},"geometry":{"type":"Point","coordinates":[6.7396548,45.9505953]}},{"type":"Feature","properties":{"@id":"node/2018373232","kind":"picnic","name":null,"tags":{"tourism":"picnic_site"}},"geometry":{"type":"Point","coordinates":[6.7399782,45.9495758]}},{"type":"Feature","properties":{"@id":"node/2188744892","kind":"viewpoint","name":null,"tags":{"tourism":"viewpoint"}},"geometry":{"type":"Point","coordinates":[6.7399456,45.9496916]}},{"type":"Feature","properties":{"@id":"node/6331928069","kind":"sight","name":"La Porte Bleue","tags":{"artist:wikipedia":"fr:Joan Gardy Artigas","artist_name":"Joan Gardy Artigas","artwork_type":"sculpture","material":"metal","name":"La Porte Bleue","tourism":"artwork"}},"geometry":{"type":"Point","coordinates":[6.7409282,45.9500118]}},{"type":"Feature","properties":{"@id":"node/9983675247","kind":"information","name":"Maison de la Réserve Naturelle de Passy","tags":{"addr:city":"Passy","addr:housenumber":"321","addr:postcode":"74190","addr:street":"Chemin des Parchets","email":"reserve.passy@cen-haute-savoie.org","fee":"no","information":"office","mobile":"+33 6 23 43 72 66","museum":"nature","name":"Maison de la Réserve Naturelle de Passy","operator":"Asters - CEN Haute-Savoie","phone":"+33 4 50 66 47 51","tourism":"information","website":"https://www.cen-haute-savoie.org/accueil-public/maison-reserve-naturelle-passy"}},"geometry":{"type":"Point","coordinates":[6.7398122,45.9505552]}},{"type":"Feature","properties":{"@id":"node/11163348043","kind":"viewpoint","name":null,"tags":{"level":"1","tourism":"viewpoint"}},"geometry":{"type":"Point","coordinates":[6.7398727,45.9503586]}},{"type":"Feature","properties":{"@id":"node/11734201069","kind":"viewpoint","name":null,"tags":{"tourism":"viewpoint"}},"geometry":{"type":"Point","coordinates":[6.753094,45.9510127]}},{"type":"Feature","properties":{"@id":"node/12118379883","kind":"viewpoint","name":null,"tags":{"tourism":"viewpoint"}},"geometry":{"type":"Point","coordinates":[6.7391395,45.9493686]}},{"type":"Feature","properties":{"@id":"way/1204489328","kind":"sight","name":null,"tags":{"building":"yes","building:levels":"2","layer":"1","note":"coursive extérieure de la maison de la réserve naturelle de Passy\nhttps://www.facebook.com/reservenaturellepassy/posts/pfbid0DeLkSNbpJFCioa6XUfL8eq6CexRaYwBTdzw6yFxswwGSazp1WYzEefPy9okDhdZpl?locale=fr_FR","tourism":"museum"}},"geometry":{"type":"Point","coordinates":[6.7399429,45.9504953]}},{"type":"Feature","properties":{"@id":"node/11163348038","kind":"picnic","name":null,"tags":{"leisure":"picnic_table","level":"0"}},"geometry":{"type":"Point","coordinates":[6.739924,45.9504601]}},{"type":"Feature","properties":{"@id":"node/11163348039","kind":"picnic","name":null,"tags":{"leisure":"picnic_table","level":"0"}},"geometry":{"type":"Point","coordinates":[6.7398832,45.9503857]}},{"type":"Feature","properties":{"@id":"node/11163348041","kind":"picnic","name":null,"tags":{"leisure":"picnic_table","level":"0"}},"geometry":{"type":"Point","coordinates":[6.7399151,45.9504422]}},{"type":"Feature","properties":{"@id":"node/11232153401","kind":"picnic","name":null,"tags":{"bench":"yes","covered":"no","leisure":"picnic_table","lit":"no","material":"wood"}},"geometry":{"type":"Point","coordinates":[6.7400265,45.9509527]}},{"type":"Feature","properties":{"@id":"node/11800637993","kind":"picnic","name":null,"tags":{"leisure":"picnic_table","level":"0"}},"geometry":{"type":"Point","coordinates":[6.739906,45.9504251]}},{"type":"Feature","properties":{"@id":"node/11800637994","kind":"picnic","name":null,"tags":{"leisure":"picnic_table","level":"0"}},"geometry":{"type":"Point","coordinates":[6.7398936,45.9504063]}},{"type":"Feature","properties":{"@id":"node/13794296928","kind":"picnic","name":null,"tags":{"backrest":"no","covered":"no","leisure":"picnic_table","material":"wood"}},"geometry":{"type":"Point","coordinates":[6.7529645,45.9492497]}},{"type":"Feature","properties":{"@id":"node/13794296929","kind":"picnic","name":null,"tags":{"backrest":"no","covered":"no","leisure":"picnic_table","material":"wood"}},"geometry":{"type":"Point","coordinates":[6.7530763,45.949306]}},{"type":"Feature","properties":{"@id":"node/14010732030","kind":"picnic","name":null,"tags":{"armrest":"no","backrest":"no","covered":"no","leisure":"picnic_table","material":"wood"}},"geometry":{"type":"Point","coordinates":[6.7383387,45.9470255]}},{"type":"Feature","properties":{"@id":"node/14014184891","kind":"picnic","name":null,"tags":{"bench":"yes","leisure":"picnic_table","lit":"no","material":"plastic"}},"geometry":{"type":"Point","coordinates":[6.7383319,45.9468602]}},{"type":"Feature","properties":{"@id":"node/13278776777","kind":"sight","name":null,"tags":{"commemoration_date":"2001-08-24","historic":"memorial","inscription":"«Toujours tu porteras la flamme et l'âme du parapente haut dans le ciel et dans nos cœurs.» A la mémoire de DENIS CHAREYRE","material":"wood","memorial":"plaque"}},"geometry":{"type":"Point","coordinates":[6.739775,45.9496935]}},{"type":"Feature","properties":{"@id":"node/3255767504","kind":"refreshment","name":"Le Refuge","tags":{"addr:city":"Macot La Plagne","addr:postcode":"73210","addr:region":"La Plagne-Tarentaise","addr:village":"La Plagne Centre","amenity":"restaurant","bar":"yes","drinks":"yes","name":"Le Refuge","phone":"+33 4 79 09 00 13"}},"geometry":{"type":"Point","coordinates":[6.6756399,45.5062769]}},{"type":"Feature","properties":{"@id":"node/11085879615","kind":"refreshment","name":"Le Planté du Bâton","tags":{"addr:city":"Macot La Plagne","addr:postcode":"73210","addr:region":"La Plagne-Tarentaise","addr:village":"La Plagne Centre","amenity":"restaurant","cuisine":"burger;regional;french","name":"Le Planté du Bâton","phone":"+33 4 79 24 08 33","source":"https://www.la-plagne.com/sortir-a-la-plagne/restaurants/le-plante-de-baton","website":"https://www.facebook.com/profile.php?id=100083160769115"}},"geometry":{"type":"Point","coordinates":[6.6766356,45.505911]}},{"type":"Feature","properties":{"@id":"node/12000918988","kind":"refreshment","name":"Le Brix, Bar à Bières & Cocktails","tags":{"addr:city":"Macot La Plagne","addr:housenumber":"118","addr:postcode":"73210","addr:street":"118 Rue du Refuge","amenity":"bar","animals":"yes","building:name":"Galerie L'Orée des Pistes","cocktails":"yes","cuisine":"cheese;charcuterie","description":"8 draft beers, 100+ bottled beers, wines, cocktails, and cheese/charcuterie platters.","drink:beer":"draught;bottled","drink:wine":"yes","food":"yes","food:charcuterie":"yes","food:cheese":"yes","language:en":"yes","language:fr":"yes","level":"1","name":"Le Brix, Bar à Bières & Cocktails","payment:american_express":"yes","payment:cash":"yes","payment:cheque":"yes","payment:credit_cards":"yes","phone":"+33 9 52 55 24 47","source":"https://en.la-plagne.com/going-out/bars-and-pubs/le-brix;https://www.instagram.com/le_brix_bar/","wheelchair":"limited","wheelchair:description":"Accessible for self-propelled wheelchairs and wheelchairs with assistance","wheelchair:door_width:minimum":"77 cm"}},"geometry":{"type":"Point","coordinates":[6.6758771,45.5055031]}},{"type":"Feature","properties":{"@id":"node/12319088797","kind":"refreshment","name":"Le Lauzes","tags":{"addr:city":"Macot La Plagne","addr:postcode":"73210","addr:region":"La Plagne-Tarentaise","addr:street":"Rue de la Desserte","addr:village":"La Plagne 1800","amenity":"restaurant","name":"Le Lauzes","part_of":"Centre Commercial"}},"geometry":{"type":"Point","coordinates":[6.678516,45.5139758]}},{"type":"Feature","properties":{"@id":"node/12319088799","kind":"refreshment","name":"Bar L'Etoile","tags":{"addr:city":"Macot La Plagne","addr:postcode":"73210","addr:region":"La Plagne-Tarentaise","addr:street":"Rue de la Desserte","addr:village":"La Plagne 1800","amenity":"bar","name":"Bar L'Etoile","part_of":"Centre Commercial"}},"geometry":{"type":"Point","coordinates":[6.6785135,45.5139988]}},{"type":"Feature","properties":{"@id":"node/12319163002","kind":"refreshment","name":"La Cantine","tags":{"addr:city":"Macot La Plagne","addr:postcode":"73210","addr:region":"La Plagne-Tarentaise","addr:street":"Rue de la Desserte","addr:village":"La Plagne 1800","amenity":"restaurant","cuisine":"pizza","name":"La Cantine","part_of":"Centre Commercial","phone":"+33 4 79 09 27 91","source":"cadastre-dgi-fr source : Direction Générale des Impôts - Cadastre. Mise à jour : 2017","website":"https://www.restaurant-lacantine.fr"}},"geometry":{"type":"Point","coordinates":[6.6783655,45.5139935]}},{"type":"Feature","properties":{"@id":"node/12319225989","kind":"refreshment","name":"Cocoon Grill","tags":{"amenity":"restaurant","name":"Cocoon Grill"}},"geometry":{"type":"Point","coordinates":[6.6754355,45.5139285]}},{"type":"Feature","properties":{"@id":"node/12328596453","kind":"refreshment","name":"Araucaria","tags":{"addr:city":"Macot La Plagne","addr:housenumber":"80","addr:postcode":"73210","addr:region":"La Plagne-Tarentaise","addr:street":"Montée de la Lovatière","addr:village":"La Plagne Centre","amenity":"bar","name":"Araucaria"}},"geometry":{"type":"Point","coordinates":[6.6733213,45.5051518]}},{"type":"Feature","properties":{"@id":"node/12328596454","kind":"refreshment","name":"Araucaria","tags":{"addr:city":"Macot La Plagne","addr:housenumber":"80","addr:postcode":"73210","addr:region":"La Plagne-Tarentaise","addr:street":"Montée de la Lovatière","addr:village":"La Plagne Centre","amenity":"restaurant","name":"Araucaria"}},"geometry":{"type":"Point","coordinates":[6.6732831,45.5051368]}},{"type":"Feature","properties":{"@id":"node/12328683530","kind":"refreshment","name":"Manaka Bar","tags":{"addr:city":"Macot La Plagne","addr:housenumber":"1740","addr:postcode":"73210","addr:region":"La Plagne-Tarentaise","addr:street":"Route de Plagne Centre","addr:village":"La Plagne Centre","amenity":"bar","name":"Manaka Bar"}},"geometry":{"type":"Point","coordinates":[6.6724716,45.5070256]}},{"type":"Feature","properties":{"@id":"node/12373348291","kind":"refreshment","name":"Le Floe Bar","tags":{"addr:city":"Macot La Plagne","addr:postcode":"73210","addr:region":"La Plagne-Tarentaise","addr:street":"Place Pierra Menta","addr:village":"La Plagne Centre","amenity":"restaurant","bar":"yes","drinks":"yes","email":"lefloebar@gmail.com","fast_food":"cafeteria","name":"Le Floe Bar","phone":"+33 6 23 65 58 71","website":"https://www.facebook.com/FloeBarLaPlagne"}},"geometry":{"type":"Point","coordinates":[6.6756273,45.506552]}},{"type":"Feature","properties":{"@id":"node/12374309856","kind":"refreshment","name":"La K'bine","tags":{"addr:city":"Macot La Plagne","addr:housenumber":"188","addr:postcode":"73210","addr:region":"La Plagne-Tarentaise","addr:street":"Rue du Telemetro","addr:village":"La Plagne Centre","amenity":"restaurant","bar":"yes","drinks":"yes","name":"La K'bine","phone":"+33 6 61 66 74 42","source":"https://en.la-plagne.com/going-out/bars-and-pubs/la-k-bine"}},"geometry":{"type":"Point","coordinates":[6.6763255,45.5066763]}},{"type":"Feature","properties":{"@id":"node/12375750508","kind":"refreshment","name":"Scotty's Bar","tags":{"addr:city":"Macot La Plagne","addr:postcode":"73210","amenity":"bar","email":"manager@scottyslaplagne.com","name":"Scotty's Bar","phone":"+33 4 79 09 03 28","source":"http://scottyslaplagne.com","website":"http://scottyslaplagne.com"}},"geometry":{"type":"Point","coordinates":[6.6738444,45.5049845]}},{"type":"Feature","properties":{"@id":"node/12375772747","kind":"refreshment","name":"Luna Bar","tags":{"addr:city":"Macot La Plagne","addr:postcode":"73210","addr:region":"La Plagne-Tarentaise","addr:street":"Place de la Cheminée","addr:village":"La Plagne Centre","amenity":"bar","name":"Luna Bar","phone":"+33 4 79 08 41 55"}},"geometry":{"type":"Point","coordinates":[6.6767458,45.5063055]}},{"type":"Feature","properties":{"@id":"node/12376991841","kind":"refreshment","name":"Le Vega - Brasserie - Pizzeria","tags":{"addr:city":"Macot La Plagne","addr:postcode":"73210","addr:region":"La Plagne-Tarentaise","addr:street":"Route de Plagne Centre","addr:village":"La Plagne Centre","amenity":"restaurant","building:name":"Immeuble Le Pelvoux","email":"levega.laplagne@gmail.com","name":"Le Vega - Brasserie - Pizzeria","phone":"+33 4 79 09 00 61"}},"geometry":{"type":"Point","coordinates":[6.6768618,45.505947]}},{"type":"Feature","properties":{"@id":"node/12377038796","kind":"refreshment","name":"Le Croq'Neige","tags":{"addr:city":"Macot La Plagne","addr:postcode":"73210","addr:region":"La Plagne-Tarentaise","addr:village":"La Plagne Centre","amenity":"restaurant","building:name":"Immeuble le Mercure Plagne","location":"Résidence de L'Orée des Pistes","name":"Le Croq'Neige","source":"https://en.la-plagne.com/going-out/restaurants/le-croq-neige"}},"geometry":{"type":"Point","coordinates":[6.6758256,45.5054769]}},{"type":"Feature","properties":{"@id":"node/12377038797","kind":"refreshment","name":"La Vache Rouge","tags":{"addr:city":"Macot La Plagne","addr:postcode":"73210","addr:region":"La Plagne-Tarentaise","addr:village":"La Plagne Centre","amenity":"restaurant","building:name":"Immeuble le Mercure Plagne","location":"Résidence de L'Orée des Pistes","name":"La Vache Rouge","phone":"+32 479 07 69 84"}},"geometry":{"type":"Point","coordinates":[6.675566,45.5054627]}},{"type":"Feature","properties":{"@id":"node/12378328748","kind":"refreshment","name":"La Joya","tags":{"addr:city":"Macot La Plagne","addr:postcode":"73210","addr:region":"La Plagne-Tarentaise","addr:street":"Rue du Refuge","addr:village":"La Plagne Centre","amenity":"restaurant","bar":"yes","building:name":"Immeuble Le Jannu","drinks":"yes","email":"contact@joya-laplagne.com","name":"La Joya","opening_hours":"Mo-Su 08:00-21:00","phone":"+33 4 57 55 55 61","shop":"deli","source":"https://thatslaplagne.com/joya-la-plagne-restaurant/","website":"https://www.joya-laplagne.com/"}},"geometry":{"type":"Point","coordinates":[6.6756003,45.5060587]}},{"type":"Feature","properties":{"@id":"node/12378464581","kind":"refreshment","name":"Le Ptit Bouchon","tags":{"amenity":"restaurant","building:name":"Immeuble L'verest","name":"Le Ptit Bouchon","phone":"+33 6 62 63 25 78","website":"https://www.facebook.com/profile.php?id=100063807142155"}},"geometry":{"type":"Point","coordinates":[6.6749386,45.5052466]}},{"type":"Feature","properties":{"@id":"node/12381857048","kind":"refreshment","name":"Pépé & Cie","tags":{"amenity":"restaurant","cuisine":"steak_house;pizzeria","email":"contact.pepeetcie@gmail.com","name":"Pépé & Cie","phone":"+33 4 79 06 03 46","source":"https://pepeetcie.jimdosite.com","website":"https://pepeetcie.jimdosite.com"}},"geometry":{"type":"Point","coordinates":[6.67725,45.5056662]}},{"type":"Feature","properties":{"@id":"node/12381857049","kind":"refreshment","name":"Mama’s Kitchen","tags":{"amenity":"restaurant","email":"loclela@hotmail.fr","name":"Mama’s Kitchen","opening_hours":"Mo-Su 12:00-02:00","phone":"+33 4 79 07 14 93","source":"https://mamas-kitchen.metro.bar/?lang=en","website":"https://mamas-kitchen.metro.bar/?lang=en"}},"geometry":{"type":"Point","coordinates":[6.6771478,45.505684]}},{"type":"Feature","properties":{"@id":"node/12381857050","kind":"refreshment","name":"A Tavola","tags":{"addr:city":"Macot La Plagne","addr:postcode":"73210","addr:street":"Rue de la Gaieté","addr:village":"La Plagne Centre","amenity":"restaurant","cuisine":"pizza;italian","name":"A Tavola","opening_hours":"Mo-Fr 12:00-14:00,18:30-21:30; Sa 18:30-22:00; Su off","phone":"+33 6 77 56 37 56","source":"https://en.la-plagne.com/going-out/restaurants/a-tavola"}},"geometry":{"type":"Point","coordinates":[6.6774111,45.5065175]}},{"type":"Feature","properties":{"@id":"node/12381900368","kind":"refreshment","name":"Cafe de Montagne","tags":{"addr:city":"Macot La Plagne","addr:postcode":"73210","addr:village":"La Plagne Centre","amenity":"cafe","name":"Cafe de Montagne"}},"geometry":{"type":"Point","coordinates":[6.6763973,45.5066256]}},{"type":"Feature","properties":{"@id":"node/12381927615","kind":"refreshment","name":"Le Farçon","tags":{"addr:city":"Macot La Plagne","addr:postcode":"73210","addr:street":"Rue de la Gaieté","addr:village":"La Plagne Centre","amenity":"restaurant","building:name":"Immeuble le Vercors","email":"farcon@orange.fr","name":"Le Farçon","phone":"+33 4 79 06 89 46","source":"https://le-farcon-restaurant-macot-la-plagne.eatbu.com/?lang=fr","website":"https://le-farcon-restaurant-macot-la-plagne.eatbu.com/?lang=fr"}},"geometry":{"type":"Point","coordinates":[6.6772754,45.5064803]}},{"type":"Feature","properties":{"@id":"node/12384001054","kind":"refreshment","name":"La Métairie","tags":{"addr:city":"Macot La Plagne","addr:postcode":"73210","addr:street":"Rue de la Gaieté","addr:village":"La Plagne Centre","amenity":"restaurant","cuisine":"fondue","email":"quentinfrancois88@gmail.com","name":"La Métairie","phone":"+33 4 79 09 11 08","source":"https://www.facebook.com/Restaurant.la.metairie/","start_date":"2018","website":"https://www.facebook.com/Restaurant.la.metairie/"}},"geometry":{"type":"Point","coordinates":[6.677201,45.5064917]}},{"type":"Feature","properties":{"@id":"node/12384002657","kind":"refreshment","name":"L'Estaminet","tags":{"addr:city":"Macot La Plagne","addr:postcode":"73210","addr:street":"Rue de la Gaieté","addr:village":"La Plagne Centre","amenity":"restaurant","name":"L'Estaminet","phone":"+33 4 79 09 12 69","source":"https://www.la-plagne.com/sortir-a-la-plagne/restaurants/l-estaminet"}},"geometry":{"type":"Point","coordinates":[6.6774652,45.5065292]}},{"type":"Feature","properties":{"@id":"node/12384026990","kind":"refreshment","name":"Chez Marie","tags":{"addr:city":"Macot La Plagne","addr:postcode":"73210","addr:street":"Rue de la Gaieté","addr:village":"La Plagne Centre","amenity":"restaurant","cuisine":"creperie;regional","description":"The restaurant offers Savoyard specialities, crêpes, and galettes. Open daily from 13/12/2024 to 27/04/2025 for lunch and dinner.","language:en":"yes","language:fr":"yes","name":"Chez Marie","payment:cash":"yes","payment:credit_cards":"yes","payment:restaurant_vouchers":"yes","payment:travellers_cheque":"yes","phone":"+33 4 79 00 22 12","website":"https://chez-marie-la-plagne.eatbu.com/","wheelchair":"yes","wheelchair:description":"Accessible for self-propelled wheelchairs"}},"geometry":{"type":"Point","coordinates":[6.6773473,45.506501]}},{"type":"Feature","properties":{"@id":"node/12384030804","kind":"refreshment","name":"La Cheminée","tags":{"addr:city":"Macot La Plagne","addr:place":"La Cembraie","addr:postcode":"73210","addr:village":"La Plagne Centre","amenity":"restaurant","bar":"yes","building:name":"Galerie Le Pelvoux","cocktails":"yes","name":"La Cheminée","phone":"+33 4 79 24 17 75","website":"https://www.facebook.com/p/Bar-La-Chemin%C3%A9e-100063500319170/"}},"geometry":{"type":"Point","coordinates":[6.6766869,45.5062326]}},{"type":"Feature","properties":{"@id":"node/12384868241","kind":"refreshment","name":"HO36 La Plagne","tags":{"access:shuttle_bus":"yes","addr:housenumber":"1415","addr:postcode":"73210","addr:street":"Route de Plagne Centre","amenity":"restaurant","cuisine":"regional;burger;international","description":"Bar & restaurant offering Savoy dishes, burgers, and vegetarian options; co-working space with free WiFi; leisure activities like board games and magazines.","diet:vegetarian":"yes","email":"hello@ho36-plagne.com","internet_access":"wlan","internet_access:fee":"no","name":"HO36 La Plagne","opening_hours":"08:00-10:00 \"breakfast\"; 17:00-23:30 \"bar and tapas\"; 19:00-21:30 \"dinner\"","outdoor_seating":"yes","phone":"+33 4 79 09 09 23","smoking":"no","source":"https://ho36-plagne.com","website":"https://ho36-plagne.com"}},"geometry":{"type":"Point","coordinates":[6.6738307,45.5058999]}},{"type":"Feature","properties":{"@id":"node/12386231672","kind":"refreshment","name":"Le Ti & Yu","tags":{"addr:city":"Macot La Plagne","addr:postcode":"73210","addr:village":"Plagne Centre","amenity":"restaurant","building:name":"Immeuble le Pelvoux","cuisine":"grill;pizzeria;italian;french;mediterranean","diet:vegetarian":"yes","name":"Le Ti & Yu","phone":"+33 4 79 09 00 72","source":"https://en.la-plagne.com/going-out/restaurants/le-ti-and-yu-bistro-pizza","tourism":"restaurant","wheelchair":"yes","wheelchair:description":"Accessible for self-propelled wheelchairs, even flooring, no obstacles, doors >=77 cm wide"}},"geometry":{"type":"Point","coordinates":[6.6767177,45.5060992]}},{"type":"Feature","properties":{"@id":"node/12386785896","kind":"refreshment","name":"Caprice des Neiges","tags":{"addr:city":"Macot La Plagne","addr:postcode":"73209","addr:village":"La Plagne Centre","amenity":"restaurant","building:name":"Galerie le Pelvoux","cuisine":"crepe","name":"Caprice des Neiges","opening_hours":"Dec-Apr","phone":"+33 6 85 22 66 15","source":"https://en.la-plagne.com/going-out/restaurants/caprice-des-neiges","website":"https://www.facebook.com/nonorazmokette"}},"geometry":{"type":"Point","coordinates":[6.6766492,45.5062116]}},{"type":"Feature","properties":{"@id":"node/12386789867","kind":"refreshment","name":"Idée'O Artisan Delicatessen and Events","tags":{"addr:city":"Macot La Plagne","addr:postcode":"73210","addr:street":"Rue de la Gaieté","addr:village":"La Plagne Centre","amenity":"restaurant","closing_date":"2025-04-26","contact:facebook":"ideeo.eu","cuisine":"traditional;french;savoyard","delivery":"yes","description":"Idée’O Traiteur offers a unique gastronomic experience in the heart of the Alpine resorts. We deliver half-board meals straight to your accommodation, leaving you to enjoy a carefree holiday. Discover our 100 % homemade cuisine that combines traditional d","diet:gluten_free":"yes","diet:homemade":"yes","diet:vegetarian":"yes","email":"contact@ideeo.eu","language:en":"yes","language:fr":"yes","name":"Idée'O Artisan Delicatessen and Events","opening_date":"2024-12-01","opening_hours":"Mo-Sa 10:00-17:00","payment:credit_cards":"yes","payment:restaurant_vouchers":"yes","payment:travellers_cheque":"yes","phone":"+33 4 79 32 54 32","source":"https://www.ideeo.eu/;https://en.la-plagne.com/going-out/restaurants/idee-o-artisan-delicatessen-and-events","website":"https://www.ideeo.eu/","wheelchair":"yes","wheelchair:description":"Accessible for mental, hearing, and visual disabilities."}},"geometry":{"type":"Point","coordinates":[6.6776103,45.5065619]}},{"type":"Feature","properties":{"@id":"node/12386796810","kind":"refreshment","name":"Le Petit Comptoir","tags":{"addr:city":"Macot La Plagne","addr:postcode":"73209","addr:village":"La Plagne Centre","amenity":"restaurant","building:name":"Galerie le Pelvoux","name":"Le Petit Comptoir","phone":"+33 6 71 31 54 67","source":"https://en.la-plagne.com/going-out/restaurants/le-petit-comptoir","website":"https://www.facebook.com/profile.php?id=100063747032543"}},"geometry":{"type":"Point","coordinates":[6.6766257,45.5061344]}},{"type":"Feature","properties":{"@id":"node/12387828467","kind":"refreshment","name":"Switch Crepes and Sandwiches","tags":{"amenity":"fast_food","cuisine":"crepes;sandwich","name":"Switch Crepes and Sandwiches","takeaway":"yes"}},"geometry":{"type":"Point","coordinates":[6.6770898,45.5057567]}},{"type":"Feature","properties":{"@id":"node/12405529141","kind":"refreshment","name":"Restaurant Scolaire","tags":{"addr:city":"Macot La Plagne","addr:postcode":"73210","alt_name":"School Meals Kitchen Preperation","amenity":"restaurant","cuisine":"children","description":"This is a catering kitchen that prepares the local school meals for the kids","diet:carnivore":"yes","diet:vegetarian":"yes","email":"periscolaire@laplagnetarentaise.fr","name":"Restaurant Scolaire","phone":"+33 4 79 09 71 52","source":"https://www.laplagne-tarentaise.fr/enfance/restaurant-scolaire/","website":"https://www.laplagne-tarentaise.fr/enfance/restaurant-scolaire/"}},"geometry":{"type":"Point","coordinates":[6.6775895,45.5058466]}},{"type":"Feature","properties":{"@id":"way/184838519","kind":"refreshment","name":"Les Cocottes","tags":{"addr:city":"Macot La Plagne","addr:postcode":"73210","addr:region":"La Plagne-Tarentaise","addr:street":"Place du Chaudron","addr:village":"La Plagne Centre","amenity":"restaurant","building":"yes","email":"lescocotteslaplagne@gmail.com","name":"Les Cocottes","panoramax":"75c23945-0a1d-4451-aec4-c89f0ae75a9b","phone":"+33 4 79 09 23 33","source":"https://www.la-plagne.com/sortir-a-la-plagne/restaurants/les-cocottes"}},"geometry":{"type":"Point","coordinates":[6.6762553,45.5057007]}},{"type":"Feature","properties":{"@id":"way/184838588","kind":"refreshment","name":"La Mine","tags":{"addr:city":"Macot La Plagne","addr:housenumber":"506","addr:postcode":"73210","addr:region":"La Plagne-Tarentaise","addr:street":"Rue des Ingénieurs","addr:village":"La Plagne 1800","amenity":"pub","building":"commercial","name":"La Mine","phone":"+33479092489","website":"https://www.bar-lamine.fr"}},"geometry":{"type":"Point","coordinates":[6.6775649,45.5117228]}},{"type":"Feature","properties":{"@id":"way/184838677","kind":"refreshment","name":"Kanailles","tags":{"addr:city":"Macot La Plagne","addr:postcode":"73210","addr:region":"La Plagne-Tarentaise","addr:street":"Piste Jean-Marie","addr:village":"La Plagne Centre","amenity":"restaurant","building":"yes","cuisine":"french","name":"Kanailles","opening_hours":"Mo-Fr 11:00-17:00; Su 11:00-17:00; Sa off","phone":"+33 7 74 09 02 86","source":"cadastre-dgi-fr source : Direction Générale des Impôts - Cadastre. Mise à jour : 2012","website":"https://kanailles.fr/la-plagne"}},"geometry":{"type":"Point","coordinates":[6.6754176,45.5087162]}},{"type":"Feature","properties":{"@id":"way/184838756","kind":"refreshment","name":"Le Petit Chaperon Rouge","tags":{"addr:city":"Macot La Plagne","addr:housename":"Chalet D'Alpage","addr:postcode":"73210","addr:region":"La Plagne-Tarentaise","addr:village":"La Plagne 1800","amenity":"restaurant","building":"yes","email":"scaglia.pa@hotmail.fr","name":"Le Petit Chaperon Rouge","phone":"+33 4 79 09 09 39","source":"cadastre-dgi-fr source : Direction Générale des Impôts - Cadastre. Mise à jour : 2012","website":"https://petit-chaperon-rouge.jimdofree.com"}},"geometry":{"type":"Point","coordinates":[6.6753437,45.5127263]}},{"type":"Feature","properties":{"@id":"way/184838836","kind":"refreshment","name":"Le Loup Blanc","tags":{"addr:city":"Macot La Plagne","addr:country":"FR","addr:housenumber":"3904","addr:postcode":"73210","addr:region":"La Plagne-Tarentaise","addr:street":"Route de la Grande Rochette","addr:village":"La Plagne 1800","amenity":"restaurant","building":"retail","email":"leloupblanc73@gmail.com","name":"Le Loup Blanc","phone":"+33 4 79 09 13 61","source":"cadastre-dgi-fr source : Direction Générale des Impôts - Cadastre. Mise à jour : 2012"}},"geometry":{"type":"Point","coordinates":[6.6764067,45.51339]}},{"type":"Feature","properties":{"@id":"way/1102399609","kind":"refreshment","name":"Au Bon Vieux Temps","tags":{"amenity":"restaurant","building":"yes","cuisine":"regional","name":"Au Bon Vieux Temps"}},"geometry":{"type":"Point","coordinates":[6.6687298,45.5144509]}},{"type":"Feature","properties":{"@id":"way/1329849599","kind":"refreshment","name":"Le café gourmand","tags":{"addr:city":"Macot La Plagne","addr:housenumber":"54","addr:postcode":"73210","addr:region":"La Plagne-Tarentaise","addr:street":"Rue de la Desserte","addr:village":"La Plagne 1800","amenity":"cafe","building":"yes","name":"Le café gourmand","part_of":"Centre Commercial","phone":"+33479091063"}},"geometry":{"type":"Point","coordinates":[6.6785509,45.5137541]}},{"type":"Feature","properties":{"@id":"way/1331549129","kind":"refreshment","name":"Bobsleigh Pub","tags":{"addr:city":"La Plagne-Tarentaise","addr:housenumber":"323","addr:postcode":"73210","addr:street":"Rue des Ingénieurs","amenity":"pub","building":"yes","name":"Bobsleigh Pub","part_of":"Le Rhododendrons","phone":"+33 6 27 82 78 19","website":"https://www.facebook.com/bobsleighpub"}},"geometry":{"type":"Point","coordinates":[6.6779877,45.5112869]}},{"type":"Feature","properties":{"@id":"node/2692905016","kind":"toilets","name":null,"tags":{"FIXME":"vérifier emplacement proche de la vente de forfaits","amenity":"toilets"}},"geometry":{"type":"Point","coordinates":[6.676718,45.5063412]}},{"type":"Feature","properties":{"@id":"node/5888668315","kind":"picnic","name":null,"tags":{"access":"yes","amenity":"bbq","covered":"no","fuel":"charcoal;wood"}},"geometry":{"type":"Point","coordinates":[6.6730637,45.5098895]}},{"type":"Feature","properties":{"@id":"node/5888668316","kind":"picnic","name":null,"tags":{"access":"yes","amenity":"bbq","covered":"no","fuel":"charcoal;wood"}},"geometry":{"type":"Point","coordinates":[6.6730221,45.5099694]}},{"type":"Feature","properties":{"@id":"node/5888668368","kind":"picnic","name":null,"tags":{"access":"yes","amenity":"bbq","covered":"no","fuel":"charcoal;wood"}},"geometry":{"type":"Point","coordinates":[6.6726839,45.5089274]}},{"type":"Feature","properties":{"@id":"node/7179108089","kind":"toilets","name":null,"tags":{"access":"yes","amenity":"toilets"}},"geometry":{"type":"Point","coordinates":[6.6803287,45.5085349]}},{"type":"Feature","properties":{"@id":"node/7179334462","kind":"toilets","name":null,"tags":{"access":"yes","amenity":"toilets","level":"-1"}},"geometry":{"type":"Point","coordinates":[6.677334,45.5064053]}},{"type":"Feature","properties":{"@id":"node/7179369210","kind":"toilets","name":null,"tags":{"access":"yes","amenity":"toilets"}},"geometry":{"type":"Point","coordinates":[6.6743761,45.5045565]}},{"type":"Feature","properties":{"@id":"node/11081644381","kind":"toilets","name":null,"tags":{"access":"yes","amenity":"toilets","unisex":"yes","wheelchair":"yes"}},"geometry":{"type":"Point","coordinates":[6.6757048,45.506606]}},{"type":"Feature","properties":{"@id":"node/11494103269","kind":"toilets","name":null,"tags":{"amenity":"toilets"}},"geometry":{"type":"Point","coordinates":[6.6650726,45.5108992]}},{"type":"Feature","properties":{"@id":"way/184838465","kind":"shelter","name":"Salle Hors-Sac Plagne Centre","tags":{"access":"yes","addr:city":"Macot La Plagne","addr:postcode":"73210","addr:street":"Route de Plagne Centre","addr:village":"La Plagne Centre","alt_name":"Public Picnic Room","amenity":"shelter","building":"yes","name":"Salle Hors-Sac Plagne Centre","shelter_type":"picnic_shelter","source":"cadastre-dgi-fr source : Direction Générale des Impôts - Cadastre. Mise à jour : 2012"}},"geometry":{"type":"Point","coordinates":[6.6803152,45.5086396]}},{"type":"Feature","properties":{"@id":"way/1331106115","kind":"toilets","name":null,"tags":{"access":"yes","amenity":"toilets","building":"toilets","fee":"no"}},"geometry":{"type":"Point","coordinates":[6.6773394,45.5110806]}},{"type":"Feature","properties":{"@id":"node/4776939073","kind":"information","name":"Office de Tourisme","tags":{"addr:city":"Macot La Plagne","addr:housenumber":"204","addr:postcode":"73210","addr:region":"La Plagne-Tarentaise","addr:street":"Rue du Télémétro","addr:village":"La Plagne Centre","information":"office","level":"0","name":"Office de Tourisme","source":"https://en.la-plagne.com/contact/plagne-centre?_gl=1*13xw1y3*_gcl_au*MzM1NTE4MzEyLjE3MzA5MDQ2NzM.*_ga*MTc1MjAwNjk1NC4xNzMwOTA0NjY3*_ga_RGHX4L1ZKT*MTczMzA0NTg5NS4yMS4xLjE3MzMwNDgzOTguMC4wLjA.","tourism":"information"}},"geometry":{"type":"Point","coordinates":[6.675908,45.506637]}},{"type":"Feature","properties":{"@id":"node/5854333086","kind":"picnic","name":null,"tags":{"tourism":"picnic_site"}},"geometry":{"type":"Point","coordinates":[6.6729778,45.5099411]}},{"type":"Feature","properties":{"@id":"node/5854335785","kind":"picnic","name":null,"tags":{"tourism":"picnic_site"}},"geometry":{"type":"Point","coordinates":[6.6727732,45.5089292]}},{"type":"Feature","properties":{"@id":"node/5858969985","kind":"picnic","name":null,"tags":{"tourism":"picnic_site"}},"geometry":{"type":"Point","coordinates":[6.6644132,45.5081]}},{"type":"Feature","properties":{"@id":"node/5888668314","kind":"viewpoint","name":null,"tags":{"tourism":"viewpoint"}},"geometry":{"type":"Point","coordinates":[6.6731127,45.5098468]}},{"type":"Feature","properties":{"@id":"node/5888668317","kind":"picnic","name":null,"tags":{"tourism":"picnic_site"}},"geometry":{"type":"Point","coordinates":[6.6730158,45.5099323]}},{"type":"Feature","properties":{"@id":"node/5888668318","kind":"picnic","name":null,"tags":{"tourism":"picnic_site"}},"geometry":{"type":"Point","coordinates":[6.672767,45.5098731]}},{"type":"Feature","properties":{"@id":"way/484961498","kind":"sight","name":"Muse De la Mine","tags":{"building":"yes","name":"Muse De la Mine","source":"cadastre-dgi-fr source : Direction Générale des Impôts - Cadastre. Mise à jour : 2017","tourism":"museum"}},"geometry":{"type":"Point","coordinates":[6.6777814,45.5108645]}},{"type":"Feature","properties":{"@id":"way/1338567541","kind":"sight","name":"Maison du Patrimoine","tags":{"addr:city":"Macot La Plagne","addr:postcode":"73210","addr:region":"La Plagne-Tarentaise","addr:street":"Place Pierra Menta","addr:village":"La Plagne Centre","building":"yes","fee":"no","museum_type":"heritage","name":"Maison du Patrimoine","name_alt":"Heritage Museum","source":"https://www.la-plagne.com/decouvrir-la-plagne/le-patrimoine/patrimoine-historique-religieux/patrimoine-historique-et-religieux/maison-du-patrimoine","tourism":"museum","website":"https://www.la-plagne.com/decouvrir-la-plagne/le-patrimoine/patrimoine-historique-religieux/patrimoine-historique-et-religieux/maison-du-patrimoine"}},"geometry":{"type":"Point","coordinates":[6.6760966,45.5064598]}},{"type":"Feature","properties":{"@id":"node/5888668369","kind":"picnic","name":null,"tags":{"leisure":"picnic_table"}},"geometry":{"type":"Point","coordinates":[6.6726919,45.5089565]}},{"type":"Feature","properties":{"@id":"node/12385849852","kind":"sight","name":"Parachutage d'armes de La Plagne","tags":{"description:en":"During the 2nd World War, the Tarentaise valley was used by the Resistance movements. Every year in Plagne Centre, there is a commemoration ceremony on August 15th marking the parachuting of arms in March 1944.","historic":"memorial","inscription":"ICI | le 10-3-1944 | PARACHUTAGE | de 12 tonnes d'armes | par la R.A.F | récupéré par le MAQUIS | avec l'aide de la Sté | des MINES de la PLAGNE | Amicale de l'Armée Secrète | de MACOT","memorial":"stele","memorial:conflict":"WW2","name":"Parachutage d'armes de La Plagne","obelisk:material":"rubble_masonry","war_memorial":"yes"}},"geometry":{"type":"Point","coordinates":[6.6749808,45.506782]}},{"type":"Feature","properties":{"@id":"node/5939625013","kind":"refreshment","name":"Chez Merlin","tags":{"amenity":"restaurant","contact:phone":"+33 6 78 41 79 48","contact:website":"http://www.gite-merlin-glieres.fr/","cuisine":"regional","name":"Chez Merlin","network":"PlateauGlieres","source":"cadastre-dgi-fr source : Direction Générale des Impôts - Cadastre. Mise à jour : 2011"}},"geometry":{"type":"Point","coordinates":[6.3365109,45.969839]}},{"type":"Feature","properties":{"@id":"node/8003244848","kind":"sight","name":"Pleureuses","tags":{"artist:wikidata":"Q285945","artist:wikipedia":"fr:Émile Gilioli","artist_name":"Émile Gilioli","artwork_type":"sculpture","material":"metal","metal":"bronze","name":"Pleureuses","pedestal:material":"concrete","support":"pedestal","tourism":"artwork"}},"geometry":{"type":"Point","coordinates":[6.3337715,45.9651331]}},{"type":"Feature","properties":{"@id":"node/8727644213","kind":"viewpoint","name":null,"tags":{"level":"1","tourism":"viewpoint"}},"geometry":{"type":"Point","coordinates":[6.3320586,45.9663578]}},{"type":"Feature","properties":{"@id":"node/11055212838","kind":"sight","name":"Jeanne","tags":{"artist:wikidata":"Q285945","artist:wikipedia":"fr:Émile Gilioli","artist_name":"Émile Gilioli","artwork_type":"statue","indoor":"yes","material":"metal","metal":"bronze","name":"Jeanne","start_date":"1968","subject:wikidata":"Q7226","subject:wikipedia":"fr:Jeanne d'Arc","tourism":"artwork"}},"geometry":{"type":"Point","coordinates":[6.3341667,45.9653022]}},{"type":"Feature","properties":{"@id":"node/12639019547","kind":"sight","name":"Pleureuses","tags":{"artist:wikidata":"Q285945","artist:wikipedia":"fr:Émile Gilioli","artist_name":"Émile Gilioli","artwork_type":"sculpture","material":"metal","metal":"bronze","name":"Pleureuses","pedestal:material":"concrete","support":"pedestal","tourism":"artwork"}},"geometry":{"type":"Point","coordinates":[6.3337841,45.9651036]}},{"type":"Feature","properties":{"@id":"way/107979109","kind":"sight","name":"Mémoire du Maquis","tags":{"building":"yes","contact:email":"resistancedepartementale74@hautesavoie.fr","contact:phone":"+33 4 50 33 21 31","contact:website":"http://www.cheminsdememoire.gouv.fr/fr/memoire-du-maquis-accueil-historique","fee":"yes","name":"Mémoire du Maquis","source":"cadastre-dgi-fr source : Direction Générale des Impôts - Cadastre. Mise à jour : 2011","tourism":"museum"}},"geometry":{"type":"Point","coordinates":[6.3320132,45.966368]}},{"type":"Feature","properties":{"@id":"node/4358631244","kind":"sight","name":"Appel du 18 Juin","tags":{"historic":"memorial","material":"granite","memorial":"stele","name":"Appel du 18 Juin","wikidata":"Q2078515","wikipedia":"fr:Appel du 18 Juin"}},"geometry":{"type":"Point","coordinates":[6.3314459,45.9662052]}},{"type":"Feature","properties":{"@id":"node/7614611915","kind":"sight","name":null,"tags":{"country":"FR","flag:name":"France","flag:type":"national","flag:wikidata":"Q43192","historic":"memorial","lit":"no","man_made":"flagpole","memorial":"war_memorial","ref:FR:MemorialGenWeb":"34679","subject":"France","subject:wikidata":"Q142"}},"geometry":{"type":"Point","coordinates":[6.3336711,45.9648554]}},{"type":"Feature","properties":{"@id":"way/107977673","kind":"sight","name":"Monument national à la Résistance du plateau des Glières","tags":{"artist:wikidata":"Q285945","artist:wikipedia":"fr:Émile Gilioli","artist_name":"Émile Gilioli","building":"yes","engineer":"Étienne Schoendorffer","height":"16.8 m","heritage:description":"La construction et les parcelles adjacentes sont inscrites aux Monuments Historiques","historic":"monument","image":"https://commons.wikimedia.org/wiki/File:Monument_des_Gli%C3%A8res2.jpg","inscription":"VIVRE LIBRE OU MOURIR","material":"concrete","monument":"structure","name":"Monument national à la Résistance du plateau des Glières","source":"cadastre-dgi-fr source : Direction Générale des Impôts - Cadastre. Mise à jour : 2011","start_date":"1973-09-02","subject:wikidata":"Q931676","subject:wikipedia":"fr:Maquis des Glières","wikidata":"Q17347146","wikipedia":"fr:Monument national à la Résistance du plateau des Glières"}},"geometry":{"type":"Point","coordinates":[6.3341439,45.965282]}},{"type":"Feature","properties":{"@id":"way/107978390","kind":"refreshment","name":"Chez Régina","tags":{"addr:country":"FR","addr:postcode":"74130","amenity":"restaurant","building":"commercial","contact:mobile":"+33 6 82 88 55 93","contact:phone":"+33 4 50 22 80 46","contact:website":"https://www.chezregina.fr/","cuisine":"regional","name":"Chez Régina","network":"PlateauGlieres","outdoor_seating":"yes"}},"geometry":{"type":"Point","coordinates":[6.3500976,45.9722715]}},{"type":"Feature","properties":{"@id":"way/31918837","kind":"refreshment","name":"Chez Constance","tags":{"amenity":"restaurant","building":"commercial","contact:email":"chezconstance@orange.fr","contact:website":"https://chez-constance.fr/","cuisine":"regional","name":"Chez Constance","phone":"+33 4 50 22 45 61","source":"cadastre-dgi-fr source : Direction Générale des Impôts - Cadastre. Mise à jour : 2009"}},"geometry":{"type":"Point","coordinates":[6.3490367,45.9766265]}},{"type":"Feature","properties":{"@id":"node/6687776485","kind":"water","name":null,"tags":{"amenity":"drinking_water"}},"geometry":{"type":"Point","coordinates":[6.3964499,46.002898]}},{"type":"Feature","properties":{"@id":"node/7893055047","kind":"water","name":null,"tags":{"amenity":"drinking_water"}},"geometry":{"type":"Point","coordinates":[6.3876465,45.9934026]}},{"type":"Feature","properties":{"@id":"node/12075765596","kind":"water","name":null,"tags":{"amenity":"drinking_water"}},"geometry":{"type":"Point","coordinates":[6.3942924,46.0041652]}},{"type":"Feature","properties":{"@id":"node/6937145441","kind":"picnic","name":null,"tags":{"tourism":"picnic_site"}},"geometry":{"type":"Point","coordinates":[6.397522,46.0051209]}},{"type":"Feature","properties":{"@id":"node/4480218589","kind":"picnic","name":null,"tags":{"leisure":"picnic_table"}},"geometry":{"type":"Point","coordinates":[6.3492382,45.9761739]}},{"type":"Feature","properties":{"@id":"node/12896525301","kind":"sight","name":null,"tags":{"historic":"memorial","memorial":"war_memorial","ref:FR:MemorialGenWeb":"9807"}},"geometry":{"type":"Point","coordinates":[6.3957529,46.0001827]}},{"type":"Feature","properties":{"@id":"node/12896525321","kind":"sight","name":null,"tags":{"historic":"memorial","memorial":"war_memorial","ref:FR:MemorialGenWeb":"9465","wikidata":"Q136060120"}},"geometry":{"type":"Point","coordinates":[6.3965146,46.0009685]}},{"type":"Feature","properties":{"@id":"node/7830665830","kind":"refreshment","name":"Le Cœur d'Or","tags":{"amenity":"restaurant","cuisine":"regional;french","name":"Le Cœur d'Or","phone":"+33 4 50 58 65 23"}},"geometry":{"type":"Point","coordinates":[6.6032635,45.8815008]}},{"type":"Feature","properties":{"@id":"node/13161971300","kind":"refreshment","name":"Face au Mont-Blanc","tags":{"amenity":"restaurant","contact:facebook":"faceaumontblanc","contact:instagram":"faceaumontblanc","email":"contact@faceaumontblanc.com","name":"Face au Mont-Blanc","phone":"+33 4 50 21 06 51","ref:FR:SIRET":"33985618900057","website":"http://www.face-au-mont-blanc.com"}},"geometry":{"type":"Point","coordinates":[6.6005124,45.8696984]}},{"type":"Feature","properties":{"@id":"way/157667497","kind":"refreshment","name":"La p'tite ravine","tags":{"amenity":"restaurant","building":"yes","check_date":"2023-08-09","craft":"brewery","microbrewery":"yes","name":"La p'tite ravine","source":"cadastre-dgi-fr source : Direction Générale des Impôts - Cadastre. Mise à jour : 2012"}},"geometry":{"type":"Point","coordinates":[6.6023831,45.875656]}},{"type":"Feature","properties":{"@id":"way/157668045","kind":"refreshment","name":"Le Rostachon","tags":{"amenity":"restaurant","building":"yes","name":"Le Rostachon","source":"cadastre-dgi-fr source : Direction Générale des Impôts - Cadastre. Mise à jour : 2012"}},"geometry":{"type":"Point","coordinates":[6.6188785,45.8799585]}},{"type":"Feature","properties":{"@id":"way/246557753","kind":"refreshment","name":"Châlet d'Emilie","tags":{"amenity":"restaurant","building":"yes","craft":"brewery","microbrewery":"yes","name":"Châlet d'Emilie","opening_hours":"Mo-Su 10:00-18:00","source":"cadastre-dgi-fr source : Direction Générale des Finances Publiques - Cadastre. Mise à jour : 2013"}},"geometry":{"type":"Point","coordinates":[6.6219295,45.888837]}},{"type":"Feature","properties":{"@id":"way/246561134","kind":"refreshment","name":"Les Terrasses du Cuchet - Mont-Blanc","tags":{"addr:city":"Combloux","addr:housenumber":"3800","addr:postcode":"74920","addr:street":"Route de la Cry-Cuchet","amenity":"restaurant","building":"yes","cuisine":"regional","name":"Les Terrasses du Cuchet - Mont-Blanc","phone":"+33450586707","source":"cadastre-dgi-fr source : Direction Générale des Finances Publiques - Cadastre. Mise à jour : 2013","website":"https://www.lesterrassesducuchet-montblanc.com"}},"geometry":{"type":"Point","coordinates":[6.6218105,45.8877945]}},{"type":"Feature","properties":{"@id":"node/5268056621","kind":"toilets","name":null,"tags":{"amenity":"toilets"}},"geometry":{"type":"Point","coordinates":[6.5891557,45.8788514]}},{"type":"Feature","properties":{"@id":"node/7802187855","kind":"toilets","name":null,"tags":{"access":"yes","amenity":"toilets","drinking_water":"yes","fee":"no","toilets:position":"seated;urinal","wheelchair":"yes"}},"geometry":{"type":"Point","coordinates":[6.6224939,45.888659]}},{"type":"Feature","properties":{"@id":"node/11068833834","kind":"water","name":null,"tags":{"amenity":"drinking_water"}},"geometry":{"type":"Point","coordinates":[6.6032682,45.8816393]}},{"type":"Feature","properties":{"@id":"node/7804797945","kind":"viewpoint","name":"Belvédère de la Croix des Salles","tags":{"expected_lwn_route_relations":"1","lwn_name":"Belvédère de la Croix des Salles","name":"Belvédère de la Croix des Salles","network:type":"node_network","tourism":"viewpoint"}},"geometry":{"type":"Point","coordinates":[6.5950806,45.8768276]}},{"type":"Feature","properties":{"@id":"node/11079239604","kind":"viewpoint","name":null,"tags":{"description":"point de vue sur Megève","direction":"160","tourism":"viewpoint"}},"geometry":{"type":"Point","coordinates":[6.6129105,45.8816673]}},{"type":"Feature","properties":{"@id":"node/13160873771","kind":"water","name":null,"tags":{"natural":"spring"}},"geometry":{"type":"Point","coordinates":[6.6052867,45.8782577]}},{"type":"Feature","properties":{"@id":"node/7804835284","kind":"picnic","name":null,"tags":{"covered":"no","leisure":"picnic_table"}},"geometry":{"type":"Point","coordinates":[6.6227365,45.8880206]}},{"type":"Feature","properties":{"@id":"node/11079274732","kind":"picnic","name":null,"tags":{"leisure":"picnic_table"}},"geometry":{"type":"Point","coordinates":[6.5979046,45.8707304]}},{"type":"Feature","properties":{"@id":"node/13994883401","kind":"picnic","name":null,"tags":{"leisure":"picnic_table"}},"geometry":{"type":"Point","coordinates":[6.6133039,45.8824222]}},{"type":"Feature","properties":{"@id":"node/13994892001","kind":"picnic","name":null,"tags":{"leisure":"picnic_table"}},"geometry":{"type":"Point","coordinates":[6.613303,45.8822861]}},{"type":"Feature","properties":{"@id":"way/80594157","kind":"refreshment","name":"Le Bistro d'Arbu","tags":{"amenity":"cafe","building":"yes","indoor_seating":"yes","name":"Le Bistro d'Arbu","outdoor_seating":"yes","source":"extraction vectorielle v1 cadastre-dgi-fr source : Direction Générale des Impôts - Cadas. Mise à jour : 2010"}},"geometry":{"type":"Point","coordinates":[6.2183946,46.0931465]}},{"type":"Feature","properties":{"@id":"node/5065700375","kind":"water","name":null,"tags":{"amenity":"fountain"}},"geometry":{"type":"Point","coordinates":[6.2180217,46.0917977]}},{"type":"Feature","properties":{"@id":"node/5795602773","kind":"picnic","name":null,"tags":{"amenity":"bbq","covered":"no"}},"geometry":{"type":"Point","coordinates":[6.2079699,46.0798823]}},{"type":"Feature","properties":{"@id":"way/612237983","kind":"shelter","name":null,"tags":{"amenity":"shelter","building":"yes"}},"geometry":{"type":"Point","coordinates":[6.2080834,46.0799339]}},{"type":"Feature","properties":{"@id":"way/616918404","kind":"shelter","name":null,"tags":{"amenity":"shelter","building":"yes"}},"geometry":{"type":"Point","coordinates":[6.2180222,46.0918027]}},{"type":"Feature","properties":{"@id":"way/617268288","kind":"shelter","name":null,"tags":{"amenity":"shelter","building":"yes"}},"geometry":{"type":"Point","coordinates":[6.2108895,46.0902186]}},{"type":"Feature","properties":{"@id":"node/14051717873","kind":"water","name":null,"tags":{"drinking_water:signed":"no","man_made":"water_tap"}},"geometry":{"type":"Point","coordinates":[6.2170867,46.0886037]}},{"type":"Feature","properties":{"@id":"node/14051772995","kind":"water","name":null,"tags":{"access":"private","drinking_water:signed":"no","man_made":"water_well"}},"geometry":{"type":"Point","coordinates":[6.210002,46.08942]}},{"type":"Feature","properties":{"@id":"node/9156106985","kind":"picnic","name":null,"tags":{"leisure":"picnic_table"}},"geometry":{"type":"Point","coordinates":[6.2081152,46.0799488]}},{"type":"Feature","properties":{"@id":"node/9156106986","kind":"picnic","name":null,"tags":{"leisure":"picnic_table"}},"geometry":{"type":"Point","coordinates":[6.2080943,46.0799108]}},{"type":"Feature","properties":{"@id":"node/14051703658","kind":"picnic","name":null,"tags":{"covered":"no","leisure":"picnic_table","material":"concrete"}},"geometry":{"type":"Point","coordinates":[6.2173844,46.0890785]}},{"type":"Feature","properties":{"@id":"node/5832073387","kind":"sight","name":null,"tags":{"historic":"memorial","material":"stone","memorial":"war_memorial","memorial:conflict":"WW1;WW2","ref:FR:MemorialGenWeb":"14006","representative_figure":"soldier","statue":"representative_figure","war_memorial":"yes","wikidata":"Q136041296","wikimedia_commons":"Category:War memorial of Arbusigny"}},"geometry":{"type":"Point","coordinates":[6.2182995,46.0917312]}},{"type":"Feature","properties":{"@id":"node/5835181828","kind":"sight","name":null,"tags":{"historic":"wayside_cross"}},"geometry":{"type":"Point","coordinates":[6.2026005,46.0944444]}},{"type":"Feature","properties":{"@id":"node/6028550331","kind":"sight","name":null,"tags":{"historic":"wayside_cross"}},"geometry":{"type":"Point","coordinates":[6.217247,46.0921213]}},{"type":"Feature","properties":{"@id":"node/9156106984","kind":"sight","name":null,"tags":{"historic":"wayside_cross"}},"geometry":{"type":"Point","coordinates":[6.2104206,46.0899504]}},{"type":"Feature","properties":{"@id":"way/80594526","kind":"sight","name":null,"tags":{"building":"yes","denomination":"catholic","historic":"wayside_shrine","religion":"christian","source":"extraction vectorielle v1 cadastre-dgi-fr source : Direction Générale des Impôts - Cadas. Mise à jour : 2010","wall":"no"}},"geometry":{"type":"Point","coordinates":[6.2054677,46.091747]}},{"type":"Feature","properties":{"@id":"node/6318047731","kind":"refreshment","name":"Ideal","tags":{"amenity":"restaurant","name":"Ideal"}},"geometry":{"type":"Point","coordinates":[6.6628621,45.8565496]}},{"type":"Feature","properties":{"@id":"node/12570689473","kind":"refreshment","name":"Sous les Freddy's","tags":{"amenity":"restaurant","name":"Sous les Freddy's","phone":"+33 6 99 49 17 70","website":"https://souslesfreddys.fr/"}},"geometry":{"type":"Point","coordinates":[6.6713237,45.8569058]}},{"type":"Feature","properties":{"@id":"node/13041180925","kind":"refreshment","name":"La Taverne Mont d'Arbois","tags":{"amenity":"restaurant","name":"La Taverne Mont d'Arbois"}},"geometry":{"type":"Point","coordinates":[6.6316725,45.8551139]}},{"type":"Feature","properties":{"@id":"node/13285172678","kind":"refreshment","name":"Chalet Sauvage","tags":{"amenity":"restaurant","contact:facebook":"100086832804071","contact:instagram":"chaletsauvage_megeve","email":"contact@chalet-sauvage.com","name":"Chalet Sauvage","nightclub":"yes","outdoor_seating":"yes","phone":"+33 4 50 21 31 27","ref:FR:SIRET":"91759664500023","website":"https://www.chalet-sauvage.com","wikimedia_commons":"File:Chalet Sauvage with Télécabine du Mont d'Arbois gondolas, Megève, 2025.jpg"}},"geometry":{"type":"Point","coordinates":[6.6558771,45.8573658]}},{"type":"Feature","properties":{"@id":"way/68162731","kind":"refreshment","name":null,"tags":{"amenity":"restaurant","building":"yes","official_name":"Hôtel - Restaurant La Ferme du Golf","source":"data.gouv.fr:DATAtourisme - 05/2020"}},"geometry":{"type":"Point","coordinates":[6.6315951,45.8529257]}},{"type":"Feature","properties":{"@id":"way/246399173","kind":"refreshment","name":"La Folie Douce Saint Gervais - Megève","tags":{"addr:city":"Saint-Gervais-les-Bains","addr:postcode":"74170","addr:street":"Télésiège Mont-Joux","amenity":"restaurant","building":"yes","cuisine":"french","internet_access":"wlan","name":"La Folie Douce Saint Gervais - Megève","opening_hours":"Mo-Su 09:00-16:30","operator":"SARL MAKERS","phone":"+33 4 50 58 99 67","source":"cadastre-dgi-fr source : Direction Générale des Finances Publiques - Cadastre. Mise à jour : 2013","website":"https://www.lafoliedouce.com/","wheelchair":"limited","wikidata":"Q131622225"}},"geometry":{"type":"Point","coordinates":[6.6762399,45.8467865]}},{"type":"Feature","properties":{"@id":"way/1539483945","kind":"refreshment","name":"Le Freddy","tags":{"amenity":"restaurant","bar":"yes","building":"yes","cuisine":"french","diet:local":"yes","name":"Le Freddy","panoramax":"713a2e3f-aae1-44d8-bd28-576ec6de3e5c"}},"geometry":{"type":"Point","coordinates":[6.6690792,45.8550527]}},{"type":"Feature","properties":{"@id":"node/7835919451","kind":"water","name":null,"tags":{"amenity":"watering_place"}},"geometry":{"type":"Point","coordinates":[6.6530906,45.8447737]}},{"type":"Feature","properties":{"@id":"node/9008698750","kind":"toilets","name":null,"tags":{"amenity":"toilets","fee":"no"}},"geometry":{"type":"Point","coordinates":[6.6691266,45.8551811]}},{"type":"Feature","properties":{"@id":"node/13958718018","kind":"toilets","name":null,"tags":{"access":"yes","amenity":"toilets"}},"geometry":{"type":"Point","coordinates":[6.6622892,45.8586115]}},{"type":"Feature","properties":{"@id":"node/7694474728","kind":"sight","name":"Mont d'Arbois Astronomie","tags":{"access":"yes","man_made":"observatory","name":"Mont d'Arbois Astronomie","panoramax":"8fd0f16c-0920-4216-a533-4af5e0763397&xyz=266.43/-10.23/75","tourism":"attraction","website":"https://www.mont-darbois-astronomie.org/","wikimedia_commons":"File:Mont d'Arbois Astronomie observatory, Saint-Gervais-les-Bains, 2025.jpg"}},"geometry":{"type":"Point","coordinates":[6.664993,45.8559738]}},{"type":"Feature","properties":{"@id":"node/9007017932","kind":"viewpoint","name":null,"tags":{"tourism":"viewpoint"}},"geometry":{"type":"Point","coordinates":[6.6694854,45.8547139]}},{"type":"Feature","properties":{"@id":"node/9008243375","kind":"viewpoint","name":null,"tags":{"tourism":"viewpoint"}},"geometry":{"type":"Point","coordinates":[6.6766261,45.846267]}},{"type":"Feature","properties":{"@id":"way/827310420","kind":"picnic","name":null,"tags":{"tourism":"picnic_site"}},"geometry":{"type":"Point","coordinates":[6.662222,45.8582353]}},{"type":"Feature","properties":{"@id":"node/7837487952","kind":"picnic","name":null,"tags":{"leisure":"picnic_table"}},"geometry":{"type":"Point","coordinates":[6.6764169,45.8462005]}},{"type":"Feature","properties":{"@id":"node/9887971985","kind":"picnic","name":null,"tags":{"leisure":"picnic_table"}},"geometry":{"type":"Point","coordinates":[6.65658,45.8585335]}},{"type":"Feature","properties":{"@id":"node/9887971986","kind":"picnic","name":null,"tags":{"leisure":"picnic_table"}},"geometry":{"type":"Point","coordinates":[6.6565908,45.8584625]}},{"type":"Feature","properties":{"@id":"node/10959558947","kind":"picnic","name":null,"tags":{"covered":"no","leisure":"picnic_table"}},"geometry":{"type":"Point","coordinates":[6.668532,45.8552293]}},{"type":"Feature","properties":{"@id":"node/10959569681","kind":"picnic","name":null,"tags":{"leisure":"picnic_table"}},"geometry":{"type":"Point","coordinates":[6.6771811,45.8500449]}},{"type":"Feature","properties":{"@id":"node/13945402141","kind":"picnic","name":null,"tags":{"leisure":"picnic_table"}},"geometry":{"type":"Point","coordinates":[6.6693948,45.8549331]}},{"type":"Feature","properties":{"@id":"node/13945402146","kind":"picnic","name":null,"tags":{"leisure":"picnic_table"}},"geometry":{"type":"Point","coordinates":[6.6693883,45.8548037]}},{"type":"Feature","properties":{"@id":"node/13945402147","kind":"picnic","name":null,"tags":{"leisure":"picnic_table"}},"geometry":{"type":"Point","coordinates":[6.6691096,45.8548005]}},{"type":"Feature","properties":{"@id":"node/13974449505","kind":"picnic","name":null,"tags":{"bench":"yes","leisure":"picnic_table","lit":"no"}},"geometry":{"type":"Point","coordinates":[6.6690875,45.8416919]}},{"type":"Feature","properties":{"@id":"node/13974450695","kind":"picnic","name":null,"tags":{"bench":"yes","leisure":"picnic_table"}},"geometry":{"type":"Point","coordinates":[6.6681568,45.8421217]}},{"type":"Feature","properties":{"@id":"node/11109926087","kind":"sight","name":null,"tags":{"historic":"wayside_cross","inscription":"1873","material":"stone","source":"IGN - 2022-06"}},"geometry":{"type":"Point","coordinates":[6.6368585,45.8469755]}},{"type":"Feature","properties":{"@id":"node/841994403","kind":"refreshment","name":"Auberge le Roselet","tags":{"addr:city":"Duingt","addr:country":"FR","addr:housenumber":"182","addr:postcode":"74410","addr:street":"Route d'Annecy","amenity":"restaurant","cuisine":"french","entrance":"yes","name":"Auberge le Roselet"}},"geometry":{"type":"Point","coordinates":[6.204496,45.8291312]}},{"type":"Feature","properties":{"@id":"node/8986230058","kind":"refreshment","name":"Le Bon Wagon","tags":{"amenity":"cafe","contact:facebook":"Le-Bon-Wagon-Café-Cycliste-Duingt-108806338013174","contact:instagram":"lebonwagoncafecycliste","email":"contact@lebonwagon.fr","name":"Le Bon Wagon","opening_hours":"Mo-Su 09:00-19:00","outdoor_seating":"yes","phone":"+33 4 50 32 55 66","service:bicycle:diy":"yes","service:bicycle:pump":"yes","service:bicycle:rental":"yes","service:bicycle:retail":"yes","shop":"bicycle","website":"https://www.lebonwagon.fr/"}},"geometry":{"type":"Point","coordinates":[6.2011258,45.8265177]}},{"type":"Feature","properties":{"@id":"node/9781112534","kind":"refreshment","name":"BEC","tags":{"amenity":"restaurant","name":"BEC"}},"geometry":{"type":"Point","coordinates":[6.2001619,45.8277975]}},{"type":"Feature","properties":{"@id":"node/11741268915","kind":"refreshment","name":"Terre de Bellevarde","tags":{"amenity":"restaurant","cuisine":"regional","name":"Terre de Bellevarde","phone":"+33450117748","seasonal":"dry_season","website":"https://laterredebellevarde.fr/"}},"geometry":{"type":"Point","coordinates":[6.1966826,45.819961]}},{"type":"Feature","properties":{"@id":"node/13089492310","kind":"refreshment","name":null,"tags":{"amenity":"bar"}},"geometry":{"type":"Point","coordinates":[6.2040173,45.8284369]}},{"type":"Feature","properties":{"@id":"node/4194175207","kind":"toilets","name":null,"tags":{"amenity":"toilets","check_date":"2025-05-03","check_date:wheelchair":"2025-05-03","fee":"no","wheelchair":"no"}},"geometry":{"type":"Point","coordinates":[6.2036239,45.8265039]}},{"type":"Feature","properties":{"@id":"node/5642185123","kind":"toilets","name":null,"tags":{"amenity":"toilets","changing_table":"no","fee":"no","toilets:disposal":"flush","unisex":"yes"}},"geometry":{"type":"Point","coordinates":[6.1950562,45.8263116]}},{"type":"Feature","properties":{"@id":"node/6721693753","kind":"water","name":null,"tags":{"amenity":"drinking_water","source":"Grand Annecy","start_date":"1990-01-01"}},"geometry":{"type":"Point","coordinates":[6.20395,45.82685]}},{"type":"Feature","properties":{"@id":"node/8890017777","kind":"water","name":null,"tags":{"amenity":"drinking_water","source":"Grand Annecy","start_date":"2004-01-23"}},"geometry":{"type":"Point","coordinates":[6.19269,45.81046]}},{"type":"Feature","properties":{"@id":"node/8890022253","kind":"water","name":null,"tags":{"amenity":"drinking_water","man_made":"water_tap","source":"Grand Annecy","start_date":"2015-06-03"}},"geometry":{"type":"Point","coordinates":[6.20242,45.82791]}},{"type":"Feature","properties":{"@id":"node/8986041817","kind":"toilets","name":null,"tags":{"amenity":"toilets","toilets:position":"squat"}},"geometry":{"type":"Point","coordinates":[6.2016575,45.8270325]}},{"type":"Feature","properties":{"@id":"way/1099728448","kind":"shelter","name":null,"tags":{"amenity":"shelter","building":"roof"}},"geometry":{"type":"Point","coordinates":[6.1964717,45.8259653]}},{"type":"Feature","properties":{"@id":"node/4194175205","kind":"sight","name":"Saint-Michel","tags":{"artwork_type":"statue","name":"Saint-Michel","tourism":"artwork"}},"geometry":{"type":"Point","coordinates":[6.2052848,45.8269086]}},{"type":"Feature","properties":{"@id":"node/4209865622","kind":"viewpoint","name":null,"tags":{"tourism":"viewpoint"}},"geometry":{"type":"Point","coordinates":[6.2048206,45.8257548]}},{"type":"Feature","properties":{"@id":"node/4209865623","kind":"viewpoint","name":null,"tags":{"tourism":"viewpoint"}},"geometry":{"type":"Point","coordinates":[6.2050996,45.8249055]}},{"type":"Feature","properties":{"@id":"node/4213823191","kind":"viewpoint","name":null,"tags":{"tourism":"viewpoint"}},"geometry":{"type":"Point","coordinates":[6.2004803,45.8160422]}},{"type":"Feature","properties":{"@id":"node/4213823195","kind":"viewpoint","name":null,"tags":{"tourism":"viewpoint"}},"geometry":{"type":"Point","coordinates":[6.2001052,45.8148864]}},{"type":"Feature","properties":{"@id":"node/4213823200","kind":"viewpoint","name":null,"tags":{"tourism":"viewpoint"}},"geometry":{"type":"Point","coordinates":[6.199218,45.8120134]}},{"type":"Feature","properties":{"@id":"node/4224017204","kind":"viewpoint","name":null,"tags":{"tourism":"viewpoint"}},"geometry":{"type":"Point","coordinates":[6.2045482,45.8242591]}},{"type":"Feature","properties":{"@id":"node/4224443177","kind":"viewpoint","name":null,"tags":{"tourism":"viewpoint"}},"geometry":{"type":"Point","coordinates":[6.1998794,45.8142365]}},{"type":"Feature","properties":{"@id":"node/7714597610","kind":"viewpoint","name":null,"tags":{"tourism":"viewpoint"}},"geometry":{"type":"Point","coordinates":[6.2021023,45.8281292]}},{"type":"Feature","properties":{"@id":"node/11153427818","kind":"picnic","name":null,"tags":{"tourism":"picnic_site"}},"geometry":{"type":"Point","coordinates":[6.2078333,45.8258219]}},{"type":"Feature","properties":{"@id":"node/11153427829","kind":"picnic","name":null,"tags":{"tourism":"picnic_site"}},"geometry":{"type":"Point","coordinates":[6.1965001,45.825872]}},{"type":"Feature","properties":{"@id":"node/12092000878","kind":"viewpoint","name":null,"tags":{"tourism":"viewpoint"}},"geometry":{"type":"Point","coordinates":[6.204848,45.8269377]}},{"type":"Feature","properties":{"@id":"node/12092009658","kind":"information","name":"Office de Tourisme","tags":{"information":"office","name":"Office de Tourisme","tourism":"information"}},"geometry":{"type":"Point","coordinates":[6.2032417,45.8270078]}},{"type":"Feature","properties":{"@id":"node/12130888839","kind":"picnic","name":null,"tags":{"covered":"no","leisure":"picnic_table"}},"geometry":{"type":"Point","coordinates":[6.2058401,45.830355]}},{"type":"Feature","properties":{"@id":"node/4213823190","kind":"sight","name":null,"tags":{"historic":"wayside_cross","material":"wood","religion":"christian"}},"geometry":{"type":"Point","coordinates":[6.1968972,45.8198792]}},{"type":"Feature","properties":{"@id":"node/7685376249","kind":"sight","name":null,"tags":{"historic":"wayside_cross"}},"geometry":{"type":"Point","coordinates":[6.2026192,45.8251688]}},{"type":"Feature","properties":{"@id":"node/7685413744","kind":"sight","name":null,"tags":{"historic":"wayside_cross"}},"geometry":{"type":"Point","coordinates":[6.2044083,45.8287061]}},{"type":"Feature","properties":{"@id":"node/7685413745","kind":"sight","name":null,"tags":{"historic":"wayside_cross"}},"geometry":{"type":"Point","coordinates":[6.2055,45.8282688]}},{"type":"Feature","properties":{"@id":"node/8547932584","kind":"sight","name":null,"tags":{"historic":"wayside_cross"}},"geometry":{"type":"Point","coordinates":[6.1906877,45.8038234]}},{"type":"Feature","properties":{"@id":"node/9559130120","kind":"sight","name":"Monument aux morts de Duingt","tags":{"historic":"memorial","memorial":"war_memorial","name":"Monument aux morts de Duingt"}},"geometry":{"type":"Point","coordinates":[6.202884,45.8275974]}},{"type":"Feature","properties":{"@id":"node/10062557897","kind":"sight","name":null,"tags":{"denomination":"catholic","historic":"wayside_cross","religion":"christian"}},"geometry":{"type":"Point","coordinates":[6.2061771,45.8277866]}},{"type":"Feature","properties":{"@id":"node/12091984552","kind":"sight","name":"Le Couronnement de la Sainte-Vierge","tags":{"denomination":"catholic","historic":"wayside_shrine","name":"Le Couronnement de la Sainte-Vierge","religion":"christian"}},"geometry":{"type":"Point","coordinates":[6.2049801,45.8270144]}},{"type":"Feature","properties":{"@id":"node/12091984553","kind":"sight","name":"L'Assomption de la Sainte-Vierge","tags":{"denomination":"catholic","historic":"wayside_shrine","name":"L'Assomption de la Sainte-Vierge","religion":"christian"}},"geometry":{"type":"Point","coordinates":[6.2051182,45.8271316]}},{"type":"Feature","properties":{"@id":"node/12091984555","kind":"sight","name":"La Descente du Saint-Esprit","tags":{"denomination":"catholic","historic":"wayside_shrine","name":"La Descente du Saint-Esprit","religion":"christian"}},"geometry":{"type":"Point","coordinates":[6.2053576,45.827212]}},{"type":"Feature","properties":{"@id":"node/12091984556","kind":"sight","name":"L'Ascension de Jésus","tags":{"denomination":"catholic","historic":"wayside_shrine","name":"L'Ascension de Jésus","religion":"christian"}},"geometry":{"type":"Point","coordinates":[6.2055507,45.8272681]}},{"type":"Feature","properties":{"@id":"node/12091984557","kind":"sight","name":"La Résurrection de Jésus","tags":{"denomination":"catholic","historic":"wayside_shrine","name":"La Résurrection de Jésus","religion":"christian"}},"geometry":{"type":"Point","coordinates":[6.2057398,45.8271471]}},{"type":"Feature","properties":{"@id":"node/12091984558","kind":"sight","name":"Le Couronnement d'Épines","tags":{"denomination":"catholic","historic":"wayside_shrine","name":"Le Couronnement d'Épines","religion":"christian"}},"geometry":{"type":"Point","coordinates":[6.205776,45.8274228]}},{"type":"Feature","properties":{"@id":"node/12091984559","kind":"sight","name":"La Flagellation","tags":{"denomination":"catholic","historic":"wayside_shrine","name":"La Flagellation","religion":"christian"}},"geometry":{"type":"Point","coordinates":[6.2056124,45.8275826]}},{"type":"Feature","properties":{"@id":"node/12091984560","kind":"sight","name":"L'Agonie de Jésus","tags":{"denomination":"catholic","historic":"wayside_shrine","name":"L'Agonie de Jésus","religion":"christian"}},"geometry":{"type":"Point","coordinates":[6.2052999,45.8276494]}},{"type":"Feature","properties":{"@id":"node/12091984562","kind":"sight","name":null,"tags":{"denomination":"catholic","description":"Jésus est retrouvé au temple","historic":"wayside_shrine","religion":"christian"}},"geometry":{"type":"Point","coordinates":[6.2049975,45.8275274]}},{"type":"Feature","properties":{"@id":"node/12091984563","kind":"sight","name":"La Purification","tags":{"denomination":"catholic","historic":"wayside_shrine","name":"La Purification","religion":"christian"}},"geometry":{"type":"Point","coordinates":[6.2050968,45.8277054]}},{"type":"Feature","properties":{"@id":"node/12091984564","kind":"sight","name":"La Naissance de Jésus","tags":{"denomination":"catholic","historic":"wayside_shrine","name":"La Naissance de Jésus","religion":"christian"}},"geometry":{"type":"Point","coordinates":[6.2052148,45.8279124]}},{"type":"Feature","properties":{"@id":"node/12091984565","kind":"sight","name":"La Visitation","tags":{"denomination":"catholic","historic":"wayside_shrine","name":"La Visitation","religion":"christian"}},"geometry":{"type":"Point","coordinates":[6.2049794,45.82779]}},{"type":"Feature","properties":{"@id":"node/12091984566","kind":"sight","name":"L'Annonciation","tags":{"denomination":"catholic","historic":"wayside_shrine","name":"L'Annonciation","religion":"christian"}},"geometry":{"type":"Point","coordinates":[6.204788,45.8276758]}},{"type":"Feature","properties":{"@id":"node/13089449023","kind":"sight","name":"Le Portement de la Croix","tags":{"denomination":"catholic","historic":"wayside_shrine","name":"Le Portement de la Croix","religion":"christian"}},"geometry":{"type":"Point","coordinates":[6.2058444,45.8272503]}},{"type":"Feature","properties":{"@id":"node/13089449024","kind":"sight","name":"Le Crucifiement","tags":{"denomination":"catholic","historic":"wayside_shrine","name":"Le Crucifiement","religion":"christian"}},"geometry":{"type":"Point","coordinates":[6.205886,45.8270793]}},{"type":"Feature","properties":{"@id":"way/37041152","kind":"sight","name":"Château de Duingt","tags":{"alt_name":"Château de Ruphy","building":"yes","heritage":"3","heritage:operator":"mhs","historic":"castle","mhs:inscription_date":"1984-12-06","name":"Château de Duingt","ref:mhs":"PA00118390","source":"cadastre-dgi-fr source : Direction Générale des Impôts - Cadastre. Mise à jour : 2008","source:heritage":"data.gouv.fr, Ministère de la Culture - 2016","start_date":"C15","website":"https://www.chateaudeduingt.fr/"}},"geometry":{"type":"Point","coordinates":[6.2060012,45.8313896]}},{"type":"Feature","properties":{"@id":"node/4948725590","kind":"refreshment","name":"Hôtel de la Gare","tags":{"amenity":"restaurant","name":"Hôtel de la Gare"}},"geometry":{"type":"Point","coordinates":[5.9482037,45.786605]}},{"type":"Feature","properties":{"@id":"node/10157625127","kind":"refreshment","name":"Pizza Plus","tags":{"amenity":"fast_food","cuisine":"pizza","name":"Pizza Plus","opening_hours":"Tu-Su 17:30-21:00+","ref:FR:SIRET":"51241471500015"}},"geometry":{"type":"Point","coordinates":[5.9480184,45.7860998]}},{"type":"Feature","properties":{"@id":"node/12463876301","kind":"refreshment","name":"Pizz&Wine","tags":{"addr:housenumber":"129","amenity":"restaurant","cuisine":"pizza","name":"Pizz&Wine","opening_hours":"Mo-Su 11:00-14:00,18:00-22:00","phone":"+33 9 73 35 24 24","ref:FR:SIRET":"95255014300012","website":"https://pizzandwine.fr/"}},"geometry":{"type":"Point","coordinates":[5.9449915,45.7876933]}},{"type":"Feature","properties":{"@id":"way/185090302","kind":"shelter","name":null,"tags":{"amenity":"shelter","building":"yes","source":"cadastre-dgi-fr source : Direction Générale des Impôts - Cadastre. Mise à jour : 2012","wall":"no"}},"geometry":{"type":"Point","coordinates":[5.9459975,45.788892]}},{"type":"Feature","properties":{"@id":"way/185090661","kind":"shelter","name":null,"tags":{"amenity":"shelter","bench":"yes","bin":"yes","building":"yes","lit":"yes","shelter_type":"public_transport","source":"cadastre-dgi-fr source : Direction Générale des Impôts - Cadastre. Mise à jour : 2012","wall":"no"}},"geometry":{"type":"Point","coordinates":[5.948618,45.78559]}},{"type":"Feature","properties":{"@id":"way/1474448280","kind":"shelter","name":null,"tags":{"amenity":"shelter","building":"yes"}},"geometry":{"type":"Point","coordinates":[5.9483143,45.7858057]}},{"type":"Feature","properties":{"@id":"node/5536234843","kind":"viewpoint","name":"Observatoire","tags":{"name":"Observatoire","tourism":"viewpoint"}},"geometry":{"type":"Point","coordinates":[5.9612659,45.8108065]}},{"type":"Feature","properties":{"@id":"node/10151452794","kind":"picnic","name":null,"tags":{"leisure":"picnic_table"}},"geometry":{"type":"Point","coordinates":[5.9577096,45.7952577]}},{"type":"Feature","properties":{"@id":"node/12033837610","kind":"picnic","name":null,"tags":{"leisure":"picnic_table"}},"geometry":{"type":"Point","coordinates":[5.953187,45.7951372]}},{"type":"Feature","properties":{"@id":"node/12463406151","kind":"sight","name":null,"tags":{"historic":"memorial","memorial":"war_memorial","ref:FR:MemorialGenWeb":"27310","wikidata":"Q136040413"}},"geometry":{"type":"Point","coordinates":[5.9495466,45.7887275]}},{"type":"Feature","properties":{"@id":"node/13556117666","kind":"sight","name":null,"tags":{"historic":"wayside_cross"}},"geometry":{"type":"Point","coordinates":[5.9545726,45.8050795]}},{"type":"Feature","properties":{"@id":"node/13572756123","kind":"sight","name":null,"tags":{"historic":"wayside_cross"}},"geometry":{"type":"Point","coordinates":[5.9456275,45.7885234]}},{"type":"Feature","properties":{"@id":"node/6257636015","kind":"refreshment","name":"L'Altitude Bistrot Chic","tags":{"amenity":"restaurant","contact:phone":"+33 4 79 79 55 08","contact:website":"http://www.restaurant-laltitude.fr/","internet_access":"wlan","level":"0","name":"L'Altitude Bistrot Chic","opening_hours":"Mo-Fr 09:00-18:00","takeaway":"yes","wheelchair":"yes"}},"geometry":{"type":"Point","coordinates":[5.9716579,45.5469381]}},{"type":"Feature","properties":{"@id":"node/8681217831","kind":"refreshment","name":"Original Marrakech","tags":{"amenity":"restaurant","name":"Original Marrakech","takeaway":"only"}},"geometry":{"type":"Point","coordinates":[5.9683167,45.5577723]}},{"type":"Feature","properties":{"@id":"node/10910837939","kind":"refreshment","name":null,"tags":{"amenity":"restaurant"}},"geometry":{"type":"Point","coordinates":[5.9719851,45.5556837]}},{"type":"Feature","properties":{"@id":"node/10910837940","kind":"refreshment","name":"Bier Fest","tags":{"amenity":"bar","name":"Bier Fest"}},"geometry":{"type":"Point","coordinates":[5.9717578,45.5556269]}},{"type":"Feature","properties":{"@id":"node/11873917433","kind":"refreshment","name":"Mezu Mezu","tags":{"addr:city":"Challes-les-Eaux","addr:housenumber":"18","addr:postcode":"73190","addr:street":"Avenue de Chambéry","amenity":"restaurant","cuisine":"pizza","name":"Mezu Mezu","opening_hours":"Tu-Fr 12:00-22:00","phone":"+33 7 44 80 19 24","ref:FR:SIRET":"97951766100026","website":"https://www.facebook.com/profile.php?id=61550996853116"}},"geometry":{"type":"Point","coordinates":[5.9736346,45.5588023]}},{"type":"Feature","properties":{"@id":"node/13167583032","kind":"refreshment","name":"La Tour de Contrôle","tags":{"amenity":"restaurant","name":"La Tour de Contrôle","website":"https://www.tourdecontrole.fr/"}},"geometry":{"type":"Point","coordinates":[5.9743092,45.5591208]}},{"type":"Feature","properties":{"@id":"way/111448477","kind":"refreshment","name":"La Folle Envolée","tags":{"addr:city":"Challes-les-Eaux","addr:housenumber":"35","addr:postcode":"73190","amenity":"restaurant","building":"yes","cuisine":"regional","name":"La Folle Envolée","note":"Les horraires d'ouverture sont prise sur leur page facebook, mais ça me semble étrange, ça vaudrait le coup de vérifier","opening_hours":"Mo-Su 09:30-15:00; Mo-Su 17:30-23:00","phone":"+33 6 03 94 31 48","source":"CSVVA"}},"geometry":{"type":"Point","coordinates":[5.9732274,45.5599625]}},{"type":"Feature","properties":{"@id":"way/111448690","kind":"refreshment","name":"Holy Chips","tags":{"amenity":"bar","building":"yes","name":"Holy Chips","ref:FR:SIRET":"88484552000029","source":"cadastre-dgi-fr source : Direction Générale des Impôts - Cadastre. Mise à jour : 2011"}},"geometry":{"type":"Point","coordinates":[5.971049,45.56132]}},{"type":"Feature","properties":{"@id":"way/164119983","kind":"refreshment","name":null,"tags":{"amenity":"fast_food","building":"damaged","cuisine":"snack","delivery":"no","drive_through":"no","outdoor_seating":"yes","source":"cadastre-dgi-fr source : Direction Générale des Impôts - Cadastre. Mise à jour : 2012","takeaway":"yes"}},"geometry":{"type":"Point","coordinates":[5.9815108,45.5543659]}},{"type":"Feature","properties":{"@id":"way/1174229181","kind":"refreshment","name":null,"tags":{"amenity":"restaurant","building":"yes"}},"geometry":{"type":"Point","coordinates":[5.9719596,45.5556288]}},{"type":"Feature","properties":{"@id":"way/164119299","kind":"toilets","name":null,"tags":{"amenity":"toilets","building":"damaged","source":"cadastre-dgi-fr source : Direction Générale des Impôts - Cadastre. Mise à jour : 2012","wall":"no","wheelchair":"no"}},"geometry":{"type":"Point","coordinates":[5.981531,45.554308]}},{"type":"Feature","properties":{"@id":"way/919387288","kind":"shelter","name":null,"tags":{"amenity":"shelter","bench":"no","bin":"yes","building":"yes","shelter_type":"sun_shelter"}},"geometry":{"type":"Point","coordinates":[5.9805509,45.5577856]}},{"type":"Feature","properties":{"@id":"node/8579577102","kind":"sight","name":null,"tags":{"artwork_type":"statue","tourism":"artwork"}},"geometry":{"type":"Point","coordinates":[5.9642828,45.5584218]}},{"type":"Feature","properties":{"@id":"node/10633307280","kind":"sight","name":null,"tags":{"artwork_type":"sculpture","tourism":"artwork"}},"geometry":{"type":"Point","coordinates":[5.9776673,45.5556752]}},{"type":"Feature","properties":{"@id":"node/4221365394","kind":"sight","name":"La Savoie aux ailes brisées","tags":{"historic":"memorial","name":"La Savoie aux ailes brisées","wikidata":"Q26299680"}},"geometry":{"type":"Point","coordinates":[5.9748698,45.5588845]}},{"type":"Feature","properties":{"@id":"node/4374811880","kind":"sight","name":null,"tags":{"access":"yes","denomination":"catholic","historic":"wayside_shrine","religion":"christian"}},"geometry":{"type":"Point","coordinates":[5.9809014,45.5479338]}},{"type":"Feature","properties":{"@id":"node/10185403604","kind":"sight","name":null,"tags":{"historic":"monument"}},"geometry":{"type":"Point","coordinates":[5.9659577,45.5600079]}},{"type":"Feature","properties":{"@id":"node/3802250611","kind":"refreshment","name":"Le Docker","tags":{"amenity":"bar","name":"Le Docker"}},"geometry":{"type":"Point","coordinates":[5.8852129,45.6146449]}},{"type":"Feature","properties":{"@id":"node/4783140755","kind":"refreshment","name":"Grand Buffet Royal","tags":{"addr:city":"Chambéry","addr:housenumber":"630","addr:postcode":"73000","amenity":"restaurant","cuisine":"chinese","delivery":"no","name":"Grand Buffet Royal","outdoor_seating":"no"}},"geometry":{"type":"Point","coordinates":[5.8850005,45.6149802]}},{"type":"Feature","properties":{"@id":"node/8170741628","kind":"refreshment","name":"Brasserie Margaux","tags":{"amenity":"restaurant","check_date":"2025-07-26","name":"Brasserie Margaux"}},"geometry":{"type":"Point","coordinates":[5.8755103,45.6018913]}},{"type":"Feature","properties":{"@id":"node/10701253846","kind":"refreshment","name":"Le Servolex","tags":{"amenity":"restaurant","name":"Le Servolex"}},"geometry":{"type":"Point","coordinates":[5.8812485,45.6003286]}},{"type":"Feature","properties":{"@id":"node/13054589671","kind":"refreshment","name":"Palazzo","tags":{"amenity":"restaurant","cuisine":"italian","name":"Palazzo"}},"geometry":{"type":"Point","coordinates":[5.8856182,45.6135984]}},{"type":"Feature","properties":{"@id":"way/877912980","kind":"shelter","name":"Stand mécanique","tags":{"amenity":"shelter","building":"yes","name":"Stand mécanique"}},"geometry":{"type":"Point","coordinates":[5.8798126,45.6039509]}},{"type":"Feature","properties":{"@id":"way/877912981","kind":"shelter","name":"Stand de pilotage","tags":{"amenity":"shelter","building":"yes","name":"Stand de pilotage"}},"geometry":{"type":"Point","coordinates":[5.8793858,45.6038958]}},{"type":"Feature","properties":{"@id":"node/991344023","kind":"water","name":null,"tags":{"man_made":"water_well","source":"cadastre-dgi-fr source : Direction Générale des Impôts - Cadastre. Mise à jour : 2010"}},"geometry":{"type":"Point","coordinates":[5.8664218,45.6252327]}},{"type":"Feature","properties":{"@id":"node/8699590674","kind":"picnic","name":null,"tags":{"leisure":"picnic_table"}},"geometry":{"type":"Point","coordinates":[5.8823978,45.6087639]}},{"type":"Feature","properties":{"@id":"node/8699590675","kind":"picnic","name":null,"tags":{"covered":"no","leisure":"picnic_table"}},"geometry":{"type":"Point","coordinates":[5.8823119,45.6088842]}},{"type":"Feature","properties":{"@id":"node/8699590676","kind":"picnic","name":null,"tags":{"leisure":"picnic_table"}},"geometry":{"type":"Point","coordinates":[5.88229,45.6090402]}},{"type":"Feature","properties":{"@id":"node/8699590677","kind":"picnic","name":null,"tags":{"covered":"no","leisure":"picnic_table"}},"geometry":{"type":"Point","coordinates":[5.8822958,45.6091544]}},{"type":"Feature","properties":{"@id":"way/181209079","kind":"sight","name":"Château de Servolex","tags":{"building":"yes","historic":"castle","name":"Château de Servolex","source":"cadastre-dgi-fr source : Direction Générale des Impôts - Cadastre. Mise à jour : 2012","wikidata":"Q67772476"}},"geometry":{"type":"Point","coordinates":[5.8695925,45.605399]}},{"type":"Feature","properties":{"@id":"node/291236856","kind":"refreshment","name":"Auberge du Lac","tags":{"amenity":"restaurant","contact:facebook":"aubergedulac.lathuile73190","cuisine":"regional","email":"contact@aubergedulac-lathuile.com","name":"Auberge du Lac","opening_hours":"Tu-Sa 12:00-13:30,19:00-20:30; Su 12:00-14:00; Mo off","outdoor_seating":"yes","phone":"+33 4 79 84 04 08","website":"https://aubergedulac-lathuile.com/"}},"geometry":{"type":"Point","coordinates":[6.0558708,45.5327947]}},{"type":"Feature","properties":{"@id":"node/5173639921","kind":"water","name":null,"tags":{"amenity":"drinking_water","man_made":"water_tap"}},"geometry":{"type":"Point","coordinates":[6.0551397,45.5332459]}},{"type":"Feature","properties":{"@id":"node/13042949845","kind":"toilets","name":null,"tags":{"access":"yes","amenity":"toilets","fee":"no","wheelchair":"yes"}},"geometry":{"type":"Point","coordinates":[6.0527163,45.5298073]}},{"type":"Feature","properties":{"@id":"node/266714143","kind":"viewpoint","name":null,"tags":{"tourism":"viewpoint"}},"geometry":{"type":"Point","coordinates":[6.0590939,45.5280907]}},{"type":"Feature","properties":{"@id":"node/291239613","kind":"picnic","name":null,"tags":{"tourism":"picnic_site"}},"geometry":{"type":"Point","coordinates":[6.056677,45.5313546]}},{"type":"Feature","properties":{"@id":"node/5034845135","kind":"viewpoint","name":null,"tags":{"description":"très beau point de vue en surplomb sur le lac","ele":"985","tourism":"viewpoint"}},"geometry":{"type":"Point","coordinates":[6.0648199,45.528531]}},{"type":"Feature","properties":{"@id":"node/8080798508","kind":"viewpoint","name":null,"tags":{"tourism":"viewpoint"}},"geometry":{"type":"Point","coordinates":[6.060011,45.5279849]}},{"type":"Feature","properties":{"@id":"node/8080798509","kind":"viewpoint","name":null,"tags":{"tourism":"viewpoint"}},"geometry":{"type":"Point","coordinates":[6.0544967,45.5293331]}},{"type":"Feature","properties":{"@id":"node/8080798510","kind":"viewpoint","name":null,"tags":{"tourism":"viewpoint"}},"geometry":{"type":"Point","coordinates":[6.0565463,45.5312667]}},{"type":"Feature","properties":{"@id":"node/12902544482","kind":"picnic","name":null,"tags":{"tourism":"picnic_site"}},"geometry":{"type":"Point","coordinates":[6.0527277,45.5299733]}},{"type":"Feature","properties":{"@id":"node/8167735138","kind":"picnic","name":null,"tags":{"check_date":"2025-09-14","covered":"no","leisure":"picnic_table"}},"geometry":{"type":"Point","coordinates":[6.0532929,45.5296744]}},{"type":"Feature","properties":{"@id":"node/12723077968","kind":"picnic","name":null,"tags":{"covered":"no","leisure":"picnic_table"}},"geometry":{"type":"Point","coordinates":[6.0566262,45.5314211]}},{"type":"Feature","properties":{"@id":"node/12723083938","kind":"picnic","name":null,"tags":{"covered":"no","leisure":"picnic_table"}},"geometry":{"type":"Point","coordinates":[6.0566833,45.5313792]}},{"type":"Feature","properties":{"@id":"node/12723110609","kind":"picnic","name":null,"tags":{"covered":"no","leisure":"picnic_table"}},"geometry":{"type":"Point","coordinates":[6.0566876,45.5313115]}},{"type":"Feature","properties":{"@id":"node/12723110775","kind":"picnic","name":null,"tags":{"covered":"no","leisure":"picnic_table"}},"geometry":{"type":"Point","coordinates":[6.0566232,45.531318]}},{"type":"Feature","properties":{"@id":"node/12723116637","kind":"picnic","name":null,"tags":{"covered":"no","leisure":"picnic_table"}},"geometry":{"type":"Point","coordinates":[6.056593,45.5313583]}},{"type":"Feature","properties":{"@id":"node/11681140365","kind":"sight","name":null,"tags":{"historic":"wayside_cross"}},"geometry":{"type":"Point","coordinates":[6.0531861,45.5300632]}},{"type":"Feature","properties":{"@id":"node/12590002359","kind":"sight","name":null,"tags":{"historic":"memorial","memorial":"war_memorial","ref:FR:MemorialGenWeb":"30611","wikidata":"Q136058580"}},"geometry":{"type":"Point","coordinates":[6.054602,45.532589]}},{"type":"Feature","properties":{"@id":"node/8083742728","kind":"refreshment","name":"Le Duc de Savoie","tags":{"amenity":"bar","name":"Le Duc de Savoie"}},"geometry":{"type":"Point","coordinates":[6.1554535,45.5693615]}},{"type":"Feature","properties":{"@id":"node/8091556865","kind":"refreshment","name":"Café du Jeu de Boules","tags":{"amenity":"cafe","name":"Café du Jeu de Boules"}},"geometry":{"type":"Point","coordinates":[6.1588576,45.5694275]}},{"type":"Feature","properties":{"@id":"node/8091556866","kind":"refreshment","name":"Le p'tit café","tags":{"addr:postcode":"73250","amenity":"bar","name":"Le p'tit café","opening_hours":"Sa-Th 07:00-20:00; Fr 07:00-00:00","phone":"+33 9 52 90 30 68"}},"geometry":{"type":"Point","coordinates":[6.1573609,45.5692059]}},{"type":"Feature","properties":{"@id":"node/11343183710","kind":"refreshment","name":"Crok'Nem","tags":{"amenity":"fast_food","cuisine":"vietnamese","name":"Crok'Nem","opening_hours":"Tu-Sa 11:00-14:00,16:00-19:00","phone":"+33 6 52 95 21 77","ref:FR:SIRET":"83822895500038","website":"https://croknem.eatbu.com/?lang=fr"}},"geometry":{"type":"Point","coordinates":[6.1574057,45.5693289]}},{"type":"Feature","properties":{"@id":"node/3892584908","kind":"water","name":null,"tags":{"amenity":"drinking_water"}},"geometry":{"type":"Point","coordinates":[6.1773469,45.5780128]}},{"type":"Feature","properties":{"@id":"node/8091454757","kind":"toilets","name":null,"tags":{"amenity":"toilets"}},"geometry":{"type":"Point","coordinates":[6.1579145,45.5691986]}},{"type":"Feature","properties":{"@id":"node/9025462763","kind":"water","name":null,"tags":{"amenity":"fountain"}},"geometry":{"type":"Point","coordinates":[6.1562407,45.5691487]}},{"type":"Feature","properties":{"@id":"node/10959743750","kind":"water","name":null,"tags":{"amenity":"drinking_water"}},"geometry":{"type":"Point","coordinates":[6.1579337,45.5692045]}},{"type":"Feature","properties":{"@id":"node/11343183734","kind":"water","name":null,"tags":{"amenity":"drinking_water"}},"geometry":{"type":"Point","coordinates":[6.1602849,45.5770835]}},{"type":"Feature","properties":{"@id":"way/867093903","kind":"water","name":null,"tags":{"amenity":"fountain"}},"geometry":{"type":"Point","coordinates":[6.1541581,45.5698054]}},{"type":"Feature","properties":{"@id":"node/12851171894","kind":"viewpoint","name":"La Barme","tags":{"direction":"45-315","name":"La Barme","tourism":"viewpoint"}},"geometry":{"type":"Point","coordinates":[6.1682403,45.5766144]}},{"type":"Feature","properties":{"@id":"node/9981700117","kind":"sight","name":null,"tags":{"historic":"wayside_shrine","survey:date":"2022-08-27"}},"geometry":{"type":"Point","coordinates":[6.1702562,45.5788919]}},{"type":"Feature","properties":{"@id":"node/9981773018","kind":"sight","name":null,"tags":{"historic":"wayside_cross","survey:date":"2022-08-27"}},"geometry":{"type":"Point","coordinates":[6.1597148,45.5737484]}},{"type":"Feature","properties":{"@id":"node/4919285203","kind":"refreshment","name":"Le 421","tags":{"amenity":"fast_food","cuisine":"pizza","name":"Le 421"}},"geometry":{"type":"Point","coordinates":[6.0502352,45.5013874]}},{"type":"Feature","properties":{"@id":"node/4934363491","kind":"refreshment","name":"La Glycine","tags":{"amenity":"bar","name":"La Glycine"}},"geometry":{"type":"Point","coordinates":[6.0511432,45.5019939]}},{"type":"Feature","properties":{"@id":"node/7737564593","kind":"refreshment","name":"La Glycine","tags":{"amenity":"restaurant","cuisine":"french","name":"La Glycine"}},"geometry":{"type":"Point","coordinates":[6.0512133,45.5020043]}},{"type":"Feature","properties":{"@id":"node/8498198325","kind":"shelter","name":null,"tags":{"amenity":"shelter"}},"geometry":{"type":"Point","coordinates":[6.0626192,45.5064277]}},{"type":"Feature","properties":{"@id":"node/12116815104","kind":"shelter","name":null,"tags":{"amenity":"shelter"}},"geometry":{"type":"Point","coordinates":[6.0689205,45.5091226]}},{"type":"Feature","properties":{"@id":"way/502951141","kind":"water","name":null,"tags":{"amenity":"fountain"}},"geometry":{"type":"Point","coordinates":[6.0509378,45.5016506]}},{"type":"Feature","properties":{"@id":"node/266715793","kind":"viewpoint","name":"Belvédère du Rocher de Manettaz","tags":{"ele":"1050","name":"Belvédère du Rocher de Manettaz","note":"alti relevée au GPS - bonne qualité","tourism":"viewpoint"}},"geometry":{"type":"Point","coordinates":[6.0581479,45.5189599]}},{"type":"Feature","properties":{"@id":"node/778649309","kind":"viewpoint","name":"Rocher du Guet","tags":{"ele":"1209","name":"Rocher du Guet","natural":"peak","source":"gps","tourism":"viewpoint","wikidata":"Q31642048"}},"geometry":{"type":"Point","coordinates":[6.0488361,45.5170611]}},{"type":"Feature","properties":{"@id":"node/4549757293","kind":"sight","name":"Notre-Dame des Vignes","tags":{"denomination":"catholic","historic":"wayside_shrine","name":"Notre-Dame des Vignes","religion":"christian","tourism":"attraction"}},"geometry":{"type":"Point","coordinates":[6.0686778,45.5132912]}},{"type":"Feature","properties":{"@id":"node/4549866030","kind":"viewpoint","name":"Belvédére des Calloudes","tags":{"name":"Belvédére des Calloudes","tourism":"viewpoint"}},"geometry":{"type":"Point","coordinates":[6.0569633,45.5092341]}},{"type":"Feature","properties":{"@id":"node/5045395313","kind":"sight","name":null,"tags":{"tourism":"artwork"}},"geometry":{"type":"Point","coordinates":[6.0536148,45.502667]}},{"type":"Feature","properties":{"@id":"node/6294574616","kind":"sight","name":"Statue du Christ Roi","tags":{"artist_name":"Livio Benedetti","artwork_type":"statue","description":"Rassembleur de tous les hommes","material":"metal","name":"Statue du Christ Roi","note":"9 m height","start_date":"5/05/2017","tourism":"artwork"}},"geometry":{"type":"Point","coordinates":[6.0711733,45.5131258]}},{"type":"Feature","properties":{"@id":"node/8789190335","kind":"viewpoint","name":null,"tags":{"tourism":"viewpoint"}},"geometry":{"type":"Point","coordinates":[6.0535341,45.5188505]}},{"type":"Feature","properties":{"@id":"node/9162363014","kind":"viewpoint","name":null,"tags":{"direction":"140","tourism":"viewpoint"}},"geometry":{"type":"Point","coordinates":[6.0667837,45.5078715]}},{"type":"Feature","properties":{"@id":"node/9162446119","kind":"viewpoint","name":null,"tags":{"direction":"150","tourism":"viewpoint"}},"geometry":{"type":"Point","coordinates":[6.071244,45.5130864]}},{"type":"Feature","properties":{"@id":"node/9705965451","kind":"viewpoint","name":null,"tags":{"tourism":"viewpoint"}},"geometry":{"type":"Point","coordinates":[6.0556777,45.5199525]}},{"type":"Feature","properties":{"@id":"node/5572218193","kind":"picnic","name":null,"tags":{"covered":"no","leisure":"picnic_table"}},"geometry":{"type":"Point","coordinates":[6.0605552,45.521649]}},{"type":"Feature","properties":{"@id":"node/5572729233","kind":"picnic","name":null,"tags":{"leisure":"picnic_table"}},"geometry":{"type":"Point","coordinates":[6.0466285,45.5158512]}},{"type":"Feature","properties":{"@id":"node/9162244727","kind":"picnic","name":null,"tags":{"leisure":"picnic_table"}},"geometry":{"type":"Point","coordinates":[6.0532761,45.5050355]}},{"type":"Feature","properties":{"@id":"node/11764356953","kind":"sight","name":null,"tags":{"historic":"memorial","memorial":"war_memorial","ref:FR:MemorialGenWeb":"27366","wikidata":"Q136041273"}},"geometry":{"type":"Point","coordinates":[6.0688247,45.5093116]}},{"type":"Feature","properties":{"@id":"node/1000849146","kind":"water","name":null,"tags":{"amenity":"drinking_water","ele":"1086"}},"geometry":{"type":"Point","coordinates":[6.0647162,45.5850249]}},{"type":"Feature","properties":{"@id":"node/4560826031","kind":"water","name":null,"tags":{"amenity":"drinking_water","ele":"1600","ref:refuges.info":"3662"}},"geometry":{"type":"Point","coordinates":[6.0695261,45.5679433]}},{"type":"Feature","properties":{"@id":"node/4560826032","kind":"water","name":null,"tags":{"amenity":"drinking_water","ele":"1450"}},"geometry":{"type":"Point","coordinates":[6.0719975,45.5727825]}},{"type":"Feature","properties":{"@id":"node/8940865215","kind":"water","name":null,"tags":{"amenity":"drinking_water"}},"geometry":{"type":"Point","coordinates":[6.0777331,45.5823166]}},{"type":"Feature","properties":{"@id":"node/12065246380","kind":"viewpoint","name":null,"tags":{"tourism":"viewpoint"}},"geometry":{"type":"Point","coordinates":[6.0754956,45.5861049]}},{"type":"Feature","properties":{"@id":"node/1000859344","kind":"water","name":"Fontaine Aleure","tags":{"ele":"1287","name":"Fontaine Aleure","natural":"spring","note":"nom non officiel, inventé par moi, aucun panneau pour indiquer un nom. IGN parle de la \"fontaine aleure\"","ref:refuges.info":"5731"}},"geometry":{"type":"Point","coordinates":[6.0709172,45.5833635]}},{"type":"Feature","properties":{"@id":"node/2619173243","kind":"water","name":"Source du Dard","tags":{"name":"Source du Dard","natural":"spring"}},"geometry":{"type":"Point","coordinates":[6.0683376,45.5630656]}},{"type":"Feature","properties":{"@id":"node/1000849128","kind":"sight","name":null,"tags":{"ele":"1077","historic":"ruins","ruins":"farm"}},"geometry":{"type":"Point","coordinates":[6.0642444,45.5847261]}},{"type":"Feature","properties":{"@id":"node/1000859396","kind":"sight","name":null,"tags":{"ele":"1125","historic":"ruins","ruins":"farm"}},"geometry":{"type":"Point","coordinates":[6.0668843,45.5844555]}},{"type":"Feature","properties":{"@id":"node/11649426614","kind":"sight","name":null,"tags":{"historic":"wayside_cross"}},"geometry":{"type":"Point","coordinates":[6.066117,45.5865182]}},{"type":"Feature","properties":{"@id":"node/2115613875","kind":"refreshment","name":"La Ferme des 3 Ours","tags":{"amenity":"restaurant","contact:website":"http://www.restaurant-laferme-des3ours.com/","cuisine":"regional","name":"La Ferme des 3 Ours","source":"survey"}},"geometry":{"type":"Point","coordinates":[6.9285898,46.0296205]}},{"type":"Feature","properties":{"@id":"node/3693702668","kind":"refreshment","name":"Le Buet","tags":{"amenity":"restaurant","bar":"yes","check_date":"2024-04-25","email":"info@hotelbuet.com","mobile":"+33 7 86 87 73 14","name":"Le Buet","phone":"+33 4 50 54 60 05","ref:FR:SIRET":"38128203700013","tourism":"hotel","website":"https://www.hotelbuet.com","wikidata":"Q120319393"}},"geometry":{"type":"Point","coordinates":[6.919342,46.0195086]}},{"type":"Feature","properties":{"@id":"node/7779154087","kind":"refreshment","name":"L’Arrêt Bougnette","tags":{"amenity":"restaurant","name":"L’Arrêt Bougnette"}},"geometry":{"type":"Point","coordinates":[6.9326058,46.0324031]}},{"type":"Feature","properties":{"@id":"node/7881985307","kind":"refreshment","name":"Dormio - L'Ours Bleu","tags":{"amenity":"restaurant","name":"Dormio - L'Ours Bleu"}},"geometry":{"type":"Point","coordinates":[6.933782,46.0337877]}},{"type":"Feature","properties":{"@id":"node/9516847747","kind":"refreshment","name":null,"tags":{"amenity":"fast_food"}},"geometry":{"type":"Point","coordinates":[6.9331694,46.03324]}},{"type":"Feature","properties":{"@id":"node/9935441917","kind":"refreshment","name":"L’ail des ours","tags":{"addr:housenumber":"2118","addr:postcode":"74660","addr:street":"Route du Col","amenity":"restaurant","cuisine":"french","name":"L’ail des ours"}},"geometry":{"type":"Point","coordinates":[6.919596,46.0187746]}},{"type":"Feature","properties":{"@id":"node/13071197428","kind":"refreshment","name":"Moon Tines","tags":{"amenity":"bar","contact:facebook":"100054555454192","name":"Moon Tines","phone":"+33 6 17 48 34 83","ref:FR:SIRET":"51003699900025"}},"geometry":{"type":"Point","coordinates":[6.9199847,46.0197401]}},{"type":"Feature","properties":{"@id":"way/63751921","kind":"refreshment","name":"Le Buet","tags":{"amenity":"restaurant","building":"yes","name":"Le Buet","source":"cadastre-dgi-fr source : Direction Générale des Impôts - Cadastre. Mise à jour : 2010"}},"geometry":{"type":"Point","coordinates":[6.9192905,46.0194844]}},{"type":"Feature","properties":{"@id":"way/376650279","kind":"refreshment","name":"Le Café Comptoir","tags":{"addr:city":"Vallorcine","addr:postcode":"74660","addr:street":"Chemin des Diligences","amenity":"restaurant","building":"yes","contact:facebook":"natandthierry","contact:instagram":"cafe_comptoir_officiel","cuisine":"regional","email":"berguerand.nathalie@gmail.com","name":"Le Café Comptoir","outdoor_seating":"yes","phone":"+33 4 50 18 72 43","ref:FR:SIRET":"53314646000019","website":"https://lecafecomptoir.com"}},"geometry":{"type":"Point","coordinates":[6.9334403,46.032254]}},{"type":"Feature","properties":{"@id":"node/3079977577","kind":"water","name":null,"tags":{"amenity":"fountain","drinking_water":"yes"}},"geometry":{"type":"Point","coordinates":[6.9246573,46.026682]}},{"type":"Feature","properties":{"@id":"node/3667756211","kind":"water","name":null,"tags":{"amenity":"drinking_water"}},"geometry":{"type":"Point","coordinates":[6.9380304,46.0411524]}},{"type":"Feature","properties":{"@id":"node/3667756213","kind":"water","name":null,"tags":{"amenity":"drinking_water"}},"geometry":{"type":"Point","coordinates":[6.9381162,46.0413418]}},{"type":"Feature","properties":{"@id":"node/3693702697","kind":"water","name":null,"tags":{"amenity":"drinking_water","check_date":"2026-07-05","man_made":"water_tap"}},"geometry":{"type":"Point","coordinates":[6.924481,46.023705]}},{"type":"Feature","properties":{"@id":"node/3693702713","kind":"water","name":null,"tags":{"amenity":"drinking_water","panoramax":"ef8a5047-28d4-4dc9-8002-f88f2ee7a8ac&xyz=1.47/-22.20/20"}},"geometry":{"type":"Point","coordinates":[6.9319985,46.0364436]}},{"type":"Feature","properties":{"@id":"node/3693702724","kind":"water","name":null,"tags":{"amenity":"drinking_water"}},"geometry":{"type":"Point","coordinates":[6.937852,46.0409646]}},{"type":"Feature","properties":{"@id":"node/4294180289","kind":"water","name":null,"tags":{"amenity":"drinking_water"}},"geometry":{"type":"Point","coordinates":[6.9244714,46.0265321]}},{"type":"Feature","properties":{"@id":"node/5037193987","kind":"water","name":null,"tags":{"amenity":"fountain"}},"geometry":{"type":"Point","coordinates":[6.9331905,46.0348356]}},{"type":"Feature","properties":{"@id":"node/5316547935","kind":"water","name":null,"tags":{"amenity":"watering_place"}},"geometry":{"type":"Point","coordinates":[6.9421296,46.0496685]}},{"type":"Feature","properties":{"@id":"node/5316547936","kind":"water","name":null,"tags":{"amenity":"drinking_water"}},"geometry":{"type":"Point","coordinates":[6.942261,46.0503303]}},{"type":"Feature","properties":{"@id":"node/5316547937","kind":"water","name":null,"tags":{"amenity":"drinking_water"}},"geometry":{"type":"Point","coordinates":[6.9419459,46.0502451]}},{"type":"Feature","properties":{"@id":"node/5316547938","kind":"water","name":null,"tags":{"amenity":"drinking_water"}},"geometry":{"type":"Point","coordinates":[6.9420163,46.0499933]}},{"type":"Feature","properties":{"@id":"node/7834154358","kind":"toilets","name":null,"tags":{"amenity":"toilets","fee":"no"}},"geometry":{"type":"Point","coordinates":[6.9330276,46.033359]}},{"type":"Feature","properties":{"@id":"node/7881985301","kind":"water","name":null,"tags":{"access":"private","amenity":"drinking_water"}},"geometry":{"type":"Point","coordinates":[6.9240252,46.0264982]}},{"type":"Feature","properties":{"@id":"node/7881985308","kind":"water","name":null,"tags":{"amenity":"drinking_water","fountain":"drinking"}},"geometry":{"type":"Point","coordinates":[6.9194819,46.0194849]}},{"type":"Feature","properties":{"@id":"node/9178141917","kind":"water","name":null,"tags":{"amenity":"drinking_water","description":"2021-10-17 : il y a bien de l'eau potable à ce robinet."}},"geometry":{"type":"Point","coordinates":[6.9232225,46.0038674]}},{"type":"Feature","properties":{"@id":"node/12040194735","kind":"toilets","name":null,"tags":{"access":"yes","amenity":"toilets","fee":"no","toilets:position":"squat","unisex":"yes"}},"geometry":{"type":"Point","coordinates":[6.9328325,46.0326324]}},{"type":"Feature","properties":{"@id":"node/12234690518","kind":"water","name":null,"tags":{"amenity":"watering_place","fee":"no"}},"geometry":{"type":"Point","coordinates":[6.934948,46.0352428]}},{"type":"Feature","properties":{"@id":"node/13580042915","kind":"toilets","name":null,"tags":{"access":"yes","amenity":"toilets","opening_hours":"pendant les ouverture du chalet"}},"geometry":{"type":"Point","coordinates":[6.9231321,46.0038296]}},{"type":"Feature","properties":{"@id":"way/63750555","kind":"shelter","name":null,"tags":{"amenity":"shelter","building":"yes","shelter_type":"public_transport","source":"cadastre-dgi-fr source : Direction Générale des Impôts - Cadastre. Mise à jour : 2010","wall":"no"}},"geometry":{"type":"Point","coordinates":[6.9203897,46.0189963]}},{"type":"Feature","properties":{"@id":"way/63750997","kind":"shelter","name":null,"tags":{"amenity":"shelter","building":"yes","shelter_type":"public_transport","source":"cadastre-dgi-fr source : Direction Générale des Impôts - Cadastre. Mise à jour : 2010","wall":"no"}},"geometry":{"type":"Point","coordinates":[6.9198543,46.0191604]}},{"type":"Feature","properties":{"@id":"way/1218367251","kind":"shelter","name":null,"tags":{"amenity":"shelter","building":"yes","shelter_type":"lean_to"}},"geometry":{"type":"Point","coordinates":[6.9243282,46.0242455]}},{"type":"Feature","properties":{"@id":"way/1531226002","kind":"toilets","name":null,"tags":{"access":"yes","amenity":"toilets","building":"yes","changing_table":"no","toilets:disposal":"pitlatrine","toilets:handwashing":"no","unisex":"yes","wheelchair":"yes"}},"geometry":{"type":"Point","coordinates":[6.9202359,46.0190191]}},{"type":"Feature","properties":{"@id":"way/63749619","kind":"sight","name":"La Maison de Barberine","tags":{"alt_name":"Le Musée Vallorcin","building":"yes","heritage":"3","heritage:operator":"mhs","mhs:inscription_date":"2023-01-05","name":"La Maison de Barberine","official_name":"Maison-musée de Barberine","opening_hours":"Jul-Aug: 14:00-17:00","ref:mhs":"PA74000054","source":"cadastre-dgi-fr source : Direction Générale des Impôts - Cadastre. Mise à jour : 2010","source:heritage":"Ministère de la Culture - 2025-04","tourism":"museum","website":"https://maisonbarberine.over-blog.com/","wikidata":"Q123261626"}},"geometry":{"type":"Point","coordinates":[6.9420884,46.0501591]}},{"type":"Feature","properties":{"@id":"way/63749980","kind":"information","name":"Office de tourisme","tags":{"building":"yes","information":"office","internet_access":"wlan","internet_access:fee":"no","name":"Office de tourisme","source":"cadastre-dgi-fr source : Direction Générale des Impôts - Cadastre. Mise à jour : 2010","tourism":"information"}},"geometry":{"type":"Point","coordinates":[6.9331332,46.0348718]}},{"type":"Feature","properties":{"@id":"way/227138585","kind":"sight","name":"Chalet de la Réserve Naturelle des Aiguilles Rouges","tags":{"addr:street":"Route des Montets","building":"yes","fee":"no","information":"office","internet_access":"wlan","internet_access:fee":"no","name":"Chalet de la Réserve Naturelle des Aiguilles Rouges","office":"guide","opening_hours":"Jun-Sep: 09:30-18:00","tourism":"museum","wikimedia_commons":"File:Maison réserve naturelle @ Col des Montets 01.jpg;File:Maison réserve naturelle @ Col des Montets 02.jpg"}},"geometry":{"type":"Point","coordinates":[6.9230763,46.0038828]}},{"type":"Feature","properties":{"@id":"node/9609246157","kind":"water","name":null,"tags":{"natural":"spring"}},"geometry":{"type":"Point","coordinates":[6.9354539,46.0337202]}},{"type":"Feature","properties":{"@id":"node/13095057016","kind":"water","name":null,"tags":{"man_made":"water_tap"}},"geometry":{"type":"Point","coordinates":[6.9369315,46.0393347]}},{"type":"Feature","properties":{"@id":"node/3722796008","kind":"picnic","name":null,"tags":{"covered":"no","leisure":"picnic_table"}},"geometry":{"type":"Point","coordinates":[6.9234347,46.0038326]}},{"type":"Feature","properties":{"@id":"node/3722796009","kind":"picnic","name":null,"tags":{"covered":"no","leisure":"picnic_table"}},"geometry":{"type":"Point","coordinates":[6.9234618,46.0039696]}},{"type":"Feature","properties":{"@id":"node/11118905887","kind":"picnic","name":null,"tags":{"covered":"no","leisure":"picnic_table"}},"geometry":{"type":"Point","coordinates":[6.9202301,46.0142921]}},{"type":"Feature","properties":{"@id":"node/11118905888","kind":"picnic","name":null,"tags":{"covered":"no","leisure":"picnic_table"}},"geometry":{"type":"Point","coordinates":[6.9203722,46.0141617]}},{"type":"Feature","properties":{"@id":"node/14096771072","kind":"picnic","name":null,"tags":{"covered":"no","leisure":"picnic_table"}},"geometry":{"type":"Point","coordinates":[6.9199512,46.0141069]}},{"type":"Feature","properties":{"@id":"node/3689307813","kind":"sight","name":null,"tags":{"denomination":"catholic","fixme":"position","historic":"wayside_shrine","religion":"christian"}},"geometry":{"type":"Point","coordinates":[6.9467997,46.0506021]}},{"type":"Feature","properties":{"@id":"node/3693702665","kind":"sight","name":"Ave Maria","tags":{"historic":"memorial","name":"Ave Maria"}},"geometry":{"type":"Point","coordinates":[6.927641,46.0296551]}},{"type":"Feature","properties":{"@id":"node/3693702673","kind":"sight","name":"Petite chapelle","tags":{"historic":"wayside_shrine","name":"Petite chapelle"}},"geometry":{"type":"Point","coordinates":[6.9231368,46.0247206]}},{"type":"Feature","properties":{"@id":"node/3693702698","kind":"sight","name":null,"tags":{"historic":"wayside_cross"}},"geometry":{"type":"Point","coordinates":[6.9229593,46.0237885]}},{"type":"Feature","properties":{"@id":"node/3695310919","kind":"sight","name":null,"tags":{"denomination":"catholic","historic":"wayside_cross","religion":"christian"}},"geometry":{"type":"Point","coordinates":[6.9184597,46.020992]}},{"type":"Feature","properties":{"@id":"node/3695311596","kind":"sight","name":null,"tags":{"denomination":"catholic","historic":"wayside_cross","religion":"christian","survey:date":"2019-09"}},"geometry":{"type":"Point","coordinates":[6.9397939,46.0424241]}},{"type":"Feature","properties":{"@id":"node/3695311597","kind":"sight","name":null,"tags":{"denomination":"catholic","historic":"wayside_cross","religion":"christian"}},"geometry":{"type":"Point","coordinates":[6.941581,46.0501652]}},{"type":"Feature","properties":{"@id":"node/3695311639","kind":"sight","name":"Monument aux morts de la guerre 1939 - 1945","tags":{"historic":"memorial","memorial":"war_memorial","name":"Monument aux morts de la guerre 1939 - 1945","ref:FR:MemorialGenWeb":"56122","wikidata":"Q136081028"}},"geometry":{"type":"Point","coordinates":[6.9318465,46.0335177]}},{"type":"Feature","properties":{"@id":"node/3704685368","kind":"sight","name":null,"tags":{"denomination":"catholic","historic":"wayside_cross","religion":"christian"}},"geometry":{"type":"Point","coordinates":[6.9262305,46.0279203]}},{"type":"Feature","properties":{"@id":"node/3704700277","kind":"sight","name":null,"tags":{"denomination":"catholic","historic":"wayside_cross","religion":"christian"}},"geometry":{"type":"Point","coordinates":[6.9322859,46.0364547]}},{"type":"Feature","properties":{"@id":"node/3704700281","kind":"sight","name":null,"tags":{"denomination":"catholic","historic":"wayside_cross","religion":"christian"}},"geometry":{"type":"Point","coordinates":[6.933598,46.0372445]}},{"type":"Feature","properties":{"@id":"node/3722801137","kind":"sight","name":null,"tags":{"historic":"wayside_cross"}},"geometry":{"type":"Point","coordinates":[6.9346064,46.0366942]}},{"type":"Feature","properties":{"@id":"node/3725894543","kind":"sight","name":"Notre-Dame des sept douleurs","tags":{"alt_name":"Chapelle des Montets","denomination":"catholic","fixme":"position","historic":"wayside_shrine","name":"Notre-Dame des sept douleurs","religion":"christian"}},"geometry":{"type":"Point","coordinates":[6.9210201,46.017218]}},{"type":"Feature","properties":{"@id":"node/11112381605","kind":"sight","name":null,"tags":{"historic":"memorial","memorial":"plaque","note":"Ici de novembre 1943 à août 1944, Pierre et Marie Devillaz ont abrité mes parents Mindla-Léa et David Kipnis, juifs traqués par les nazis. Que leur mémoire soit bénie. Léo Kipnis, 1998","survey:date":"2023-08-13"}},"geometry":{"type":"Point","coordinates":[6.9415593,46.0505286]}},{"type":"Feature","properties":{"@id":"way/63749826","kind":"sight","name":null,"tags":{"building":"ruins","historic":"ruins","source":"cadastre-dgi-fr source : Direction Générale des Impôts - Cadastre. Mise à jour : 2010"}},"geometry":{"type":"Point","coordinates":[6.940103,46.0492832]}},{"type":"Feature","properties":{"@id":"way/63750119","kind":"sight","name":null,"tags":{"building":"ruins","historic":"ruins","source":"cadastre-dgi-fr source : Direction Générale des Impôts - Cadastre. Mise à jour : 2010"}},"geometry":{"type":"Point","coordinates":[6.9379833,46.0526282]}},{"type":"Feature","properties":{"@id":"way/63750260","kind":"sight","name":null,"tags":{"building":"ruins","historic":"ruins","source":"cadastre-dgi-fr source : Direction Générale des Impôts - Cadastre. Mise à jour : 2010"}},"geometry":{"type":"Point","coordinates":[6.9402838,46.0487417]}},{"type":"Feature","properties":{"@id":"way/63750409","kind":"sight","name":null,"tags":{"building":"ruins","historic":"ruins","source":"cadastre-dgi-fr source : Direction Générale des Impôts - Cadastre. Mise à jour : 2010"}},"geometry":{"type":"Point","coordinates":[6.9392631,46.0504181]}},{"type":"Feature","properties":{"@id":"way/63750772","kind":"sight","name":null,"tags":{"building":"ruins","historic":"ruins","source":"cadastre-dgi-fr source : Direction Générale des Impôts - Cadastre. Mise à jour : 2010"}},"geometry":{"type":"Point","coordinates":[6.9395966,46.0501158]}},{"type":"Feature","properties":{"@id":"way/63750786","kind":"sight","name":null,"tags":{"building":"ruins","historic":"ruins","source":"cadastre-dgi-fr source : Direction Générale des Impôts - Cadastre. Mise à jour : 2010"}},"geometry":{"type":"Point","coordinates":[6.9384581,46.0459726]}},{"type":"Feature","properties":{"@id":"way/63750947","kind":"sight","name":null,"tags":{"building":"ruins","historic":"ruins","source":"cadastre-dgi-fr source : Direction Générale des Impôts - Cadastre. Mise à jour : 2010"}},"geometry":{"type":"Point","coordinates":[6.9391319,46.0505253]}},{"type":"Feature","properties":{"@id":"way/63751033","kind":"sight","name":null,"tags":{"building":"ruins","historic":"ruins","source":"cadastre-dgi-fr source : Direction Générale des Impôts - Cadastre. Mise à jour : 2010"}},"geometry":{"type":"Point","coordinates":[6.9379898,46.0526556]}},{"type":"Feature","properties":{"@id":"way/63751381","kind":"sight","name":null,"tags":{"building":"ruins","historic":"ruins","source":"cadastre-dgi-fr source : Direction Générale des Impôts - Cadastre. Mise à jour : 2010"}},"geometry":{"type":"Point","coordinates":[6.9392839,46.0469009]}},{"type":"Feature","properties":{"@id":"way/63751686","kind":"sight","name":null,"tags":{"building":"ruins","historic":"ruins","source":"cadastre-dgi-fr source : Direction Générale des Impôts - Cadastre. Mise à jour : 2010"}},"geometry":{"type":"Point","coordinates":[6.939197,46.0481858]}},{"type":"Feature","properties":{"@id":"way/63751780","kind":"sight","name":null,"tags":{"building":"ruins","historic":"ruins","source":"cadastre-dgi-fr source : Direction Générale des Impôts - Cadastre. Mise à jour : 2010"}},"geometry":{"type":"Point","coordinates":[6.9385649,46.0483296]}},{"type":"Feature","properties":{"@id":"way/63751789","kind":"sight","name":null,"tags":{"building":"ruins","historic":"ruins","source":"cadastre-dgi-fr source : Direction Générale des Impôts - Cadastre. Mise à jour : 2010"}},"geometry":{"type":"Point","coordinates":[6.9385701,46.0464957]}},{"type":"Feature","properties":{"@id":"node/9926084403","kind":"refreshment","name":"Le 360","tags":{"amenity":"restaurant","name":"Le 360","website":"https://le360-laplagne.fr/"}},"geometry":{"type":"Point","coordinates":[6.6506963,45.5165368]}},{"type":"Feature","properties":{"@id":"way/141419909","kind":"refreshment","name":"Chalet Biollet","tags":{"amenity":"cafe","bar":"yes","changing_table":"no","check_date":"2025-01-06","cuisine":"grill","email":"lechaletdubiollet@gmail.com","internet_access":"no","name":"Chalet Biollet","opening_hours":"Mo-Su 09:00+","outdoor_seating":"yes","phone":"+33 4 79 09 07 52","source":"survey","toilets":"yes","toilets:menstrual_products":"no","toilets:wheelchair":"no"}},"geometry":{"type":"Point","coordinates":[6.6610938,45.504176]}},{"type":"Feature","properties":{"@id":"node/7535360672","kind":"toilets","name":null,"tags":{"access":"yes","amenity":"toilets","unisex":"yes","wheelchair":"yes"}},"geometry":{"type":"Point","coordinates":[6.649767,45.5165273]}},{"type":"Feature","properties":{"@id":"node/4467726588","kind":"viewpoint","name":"Sommet du Mont Jovet","tags":{"name":"Sommet du Mont Jovet","tourism":"viewpoint"}},"geometry":{"type":"Point","coordinates":[6.6392604,45.4947416]}},{"type":"Feature","properties":{"@id":"way/1083092106","kind":"picnic","name":null,"tags":{"tourism":"picnic_site"}},"geometry":{"type":"Point","coordinates":[6.6501478,45.5165188]}},{"type":"Feature","properties":{"@id":"node/14028594273","kind":"picnic","name":null,"tags":{"leisure":"picnic_table"}},"geometry":{"type":"Point","coordinates":[6.6525209,45.5064666]}},{"type":"Feature","properties":{"@id":"node/1817446926","kind":"refreshment","name":"L'Équipe","tags":{"amenity":"bar","name":"L'Équipe","operator":"Hôtel Christiana","source":"cadastre-dgi-fr source : Direction Générale des Impôts - Cadastre. Mise à jour : 2012"}},"geometry":{"type":"Point","coordinates":[6.4301556,45.1641121]}},{"type":"Feature","properties":{"@id":"node/1915810122","kind":"refreshment","name":"L'Asile des Fondues","tags":{"amenity":"restaurant","capacity":"90","cuisine":"regional","name":"L'Asile des Fondues","website":"https://www.valloire.net/restauration/lasile-des-fondues-restaurant-valloire/"}},"geometry":{"type":"Point","coordinates":[6.4282708,45.1656542]}},{"type":"Feature","properties":{"@id":"node/1932715615","kind":"refreshment","name":"Bar du Centre","tags":{"amenity":"bar","name":"Bar du Centre"}},"geometry":{"type":"Point","coordinates":[6.4287839,45.1657094]}},{"type":"Feature","properties":{"@id":"node/1932758585","kind":"refreshment","name":"La Maison d'Angeline","tags":{"amenity":"restaurant","capacity":"142","capacity:bar":"12","capacity:indoor":"40","capacity:outdoor":"90","name":"La Maison d'Angeline","website":"https://www.valloire.net/restauration/la-maison-dangeline-valloire/"}},"geometry":{"type":"Point","coordinates":[6.4281885,45.1653509]}},{"type":"Feature","properties":{"@id":"node/1932758594","kind":"refreshment","name":"La Pizza","tags":{"amenity":"restaurant","capacity":"70","cuisine":"pizza","name":"La Pizza","ref:FR:SIRET":"92925111400021","takeaway":"yes","website":"https://www.valloire.net/restauration/la-pizza-valloire/"}},"geometry":{"type":"Point","coordinates":[6.4303074,45.1654304]}},{"type":"Feature","properties":{"@id":"node/5769151224","kind":"refreshment","name":"La Caburoche","tags":{"amenity":"bar","capacity":"120","capacity:bar":"20","capacity:indoor":"55","capacity:outdoor":"45","name":"La Caburoche","website":"https://www.valloire.net/restauration/la-caburoche-valloire/"}},"geometry":{"type":"Point","coordinates":[6.4322631,45.1653454]}},{"type":"Feature","properties":{"@id":"node/7126063604","kind":"refreshment","name":"Au Chant du Pain","tags":{"amenity":"cafe","name":"Au Chant du Pain","ref:FR:SIRET":"42026114100014","website":"https://www.valloire.net/restauration/au-chant-du-pain-valloire/"}},"geometry":{"type":"Point","coordinates":[6.4291928,45.1643395]}},{"type":"Feature","properties":{"@id":"node/7747604687","kind":"refreshment","name":"Restaurant La Ferme","tags":{"addr:postcode":"73450","addr:street":"Route de Poingt Ravier","amenity":"restaurant","name":"Restaurant La Ferme"}},"geometry":{"type":"Point","coordinates":[6.4205368,45.1693932]}},{"type":"Feature","properties":{"@id":"node/8399948972","kind":"refreshment","name":"Au Resto","tags":{"amenity":"restaurant","capacity":"40","cuisine":"french","name":"Au Resto","website":"https://www.valloire.net/restauration/au-resto-pasta-grill-restaurant-valloire/"}},"geometry":{"type":"Point","coordinates":[6.4280782,45.1645662]}},{"type":"Feature","properties":{"@id":"node/8516238890","kind":"refreshment","name":"Le P'tit Galibier","tags":{"amenity":"restaurant","cuisine":"pizza","name":"Le P'tit Galibier","takeaway":"yes","website":"https://www.valloire.net/restauration/le-ptit-galibier-valloire/"}},"geometry":{"type":"Point","coordinates":[6.4284906,45.1640244]}},{"type":"Feature","properties":{"@id":"node/8517538594","kind":"refreshment","name":"La Grange","tags":{"amenity":"restaurant","cuisine":"crepe","name":"La Grange","website":"https://www.valloire.net/restauration/la-grange-valloire/"}},"geometry":{"type":"Point","coordinates":[6.4302072,45.165595]}},{"type":"Feature","properties":{"@id":"node/8517602321","kind":"refreshment","name":"Le Kôsa Krûta","tags":{"amenity":"restaurant","capacity":"200","cuisine":"sandwich","name":"Le Kôsa Krûta","ref:FR:SIRET":"50139471200019","takeaway":"yes","website":"https://www.valloire.net/restauration/le-kosa-kruta-le-pre-du-kosa-valloire/"}},"geometry":{"type":"Point","coordinates":[6.4299001,45.1649265]}},{"type":"Feature","properties":{"@id":"node/8526032037","kind":"refreshment","name":"Le Bar à Zing","tags":{"amenity":"bar","name":"Le Bar à Zing","website":"https://www.valloire.net/equipement/le-bar-a-zing-valloire/"}},"geometry":{"type":"Point","coordinates":[6.4306283,45.1663287]}},{"type":"Feature","properties":{"@id":"node/8526125454","kind":"refreshment","name":"Le Mast'Rock","tags":{"amenity":"bar","name":"Le Mast'Rock","ref:FR:SIRET":"93372384300027","website":"https://www.valloire.net/equipement/le-mastrock-bar-et-pub-valloire/;https://www.mastrock.net/;https://www.valloire.net/restauration/le-mastrock-restauration-rapide-valloire/"}},"geometry":{"type":"Point","coordinates":[6.4312117,45.1670795]}},{"type":"Feature","properties":{"@id":"node/8546825849","kind":"refreshment","name":"Le K","tags":{"amenity":"restaurant","capacity":"110","capacity:indoor":"50","capacity:outdoor":"60","long_name":"Brasserie Le K","name":"Le K","takeaway":"yes","website":"https://www.valloire.net/restauration/brasserie-le-k-restaurant-brasserie-valloire/"}},"geometry":{"type":"Point","coordinates":[6.429601,45.1640471]}},{"type":"Feature","properties":{"@id":"node/8546825857","kind":"refreshment","name":"L'Hermine","tags":{"amenity":"restaurant","cuisine":"crepe","long_name":"Crêperie l'Hermine","name":"L'Hermine","phone":"+33 7 50 16 06 78","website":"https://www.valloire.net/restauration/lhermine-valloire/"}},"geometry":{"type":"Point","coordinates":[6.4285898,45.1642811]}},{"type":"Feature","properties":{"@id":"node/8556529212","kind":"refreshment","name":"Le Globe","tags":{"addr:city":"Valloire","addr:housenumber":"315","addr:postcode":"73450","addr:street":"Rue des Grandes Alpes","amenity":"restaurant","cuisine":"burger;steak_house;salad;dessert;thai;pasta;ice_cream","name":"Le Globe","opening_hours":"Mo-Tu 12:00-14:00,18:00-22:00; We off; Th-Su 12:00-14:00,18:00-22:00","phone":"+33 4 79 05 91 98","ref:FR:SIRET":"93772801200017","website":"https://www.valloire.net/restauration/le-globe-valloire/"}},"geometry":{"type":"Point","coordinates":[6.4279482,45.1655217]}},{"type":"Feature","properties":{"@id":"node/8557995396","kind":"refreshment","name":"Le Don Camillo","tags":{"amenity":"restaurant","cuisine":"italian;french","name":"Le Don Camillo","outdoor_seating":"yes","website":"https://www.valloire.net/restauration/le-don-camillo-valloire/"}},"geometry":{"type":"Point","coordinates":[6.4252987,45.1642409]}},{"type":"Feature","properties":{"@id":"node/8557996380","kind":"refreshment","name":"Restaurant de l'hôtel de la Poste","tags":{"amenity":"restaurant","capacity":"70","cuisine":"regional","name":"Restaurant de l'hôtel de la Poste","outdoor_seating":"yes","website":"https://www.valloire.net/restauration/la-poste-restaurant-valloire/"}},"geometry":{"type":"Point","coordinates":[6.4269698,45.1657047]}},{"type":"Feature","properties":{"@id":"node/8566626790","kind":"refreshment","name":"Le Plancher des Vaches","tags":{"amenity":"restaurant","capacity":"100","capacity:indoor":"50","capacity:outdoor":"50","cuisine":"crepe","name":"Le Plancher des Vaches","outdoor_seating":"yes","website":"https://www.valloire.net/restauration/le-plancher-des-vaches-valloire/"}},"geometry":{"type":"Point","coordinates":[6.4298102,45.1635374]}},{"type":"Feature","properties":{"@id":"node/8567988361","kind":"refreshment","name":"Le Planté du Bâton","tags":{"amenity":"restaurant","capacity":"43","name":"Le Planté du Bâton","website":"https://www.valloire.net/restauration/le-plante-du-baton-valloire/"}},"geometry":{"type":"Point","coordinates":[6.4278334,45.1655472]}},{"type":"Feature","properties":{"@id":"node/12507057574","kind":"refreshment","name":"Bistronomique Chez Fred","tags":{"addr:city":"Valloire","addr:housenumber":"319","addr:postcode":"73450","addr:street":"Avenue de la Vallée d'Or","amenity":"restaurant","capacity":"70","name":"Bistronomique Chez Fred","website":"https://www.valloire.net/restauration/bistronomique-chez-fred-valloire/"}},"geometry":{"type":"Point","coordinates":[6.4286941,45.164322]}},{"type":"Feature","properties":{"@id":"node/12769995996","kind":"refreshment","name":"Sous la Roche","tags":{"amenity":"restaurant","name":"Sous la Roche","ref:FR:SIRET":"97774478800018","website":"https://www.valloire.net/restauration/sous-la-roche-valloire/"}},"geometry":{"type":"Point","coordinates":[6.4249733,45.1643389]}},{"type":"Feature","properties":{"@id":"node/12798470918","kind":"refreshment","name":"Le Croq'Âne","tags":{"amenity":"restaurant","name":"Le Croq'Âne","outdoor_seating":"yes","takeaway":"yes","website":"https://www.valloire.net/restauration/le-croqane-valloire/"}},"geometry":{"type":"Point","coordinates":[6.4255391,45.1638901]}},{"type":"Feature","properties":{"@id":"node/12798596203","kind":"refreshment","name":"La Fontaine","tags":{"amenity":"restaurant","capacity":"80","name":"La Fontaine","website":"https://www.valloire.net/restauration/la-fontaine-valloire/"}},"geometry":{"type":"Point","coordinates":[6.4287769,45.1656872]}},{"type":"Feature","properties":{"@id":"node/12798608449","kind":"refreshment","name":"Le Contoir","tags":{"amenity":"restaurant","name":"Le Contoir","website":"https://www.valloire.net/restauration/le-contoir-restaurant-valloire/"}},"geometry":{"type":"Point","coordinates":[6.4295004,45.1659184]}},{"type":"Feature","properties":{"@id":"node/12798613525","kind":"refreshment","name":"L'Escarnavé","tags":{"amenity":"restaurant","capacity":"90","name":"L'Escarnavé","website":"https://www.valloire.net/restauration/lescarnave-valloire/"}},"geometry":{"type":"Point","coordinates":[6.4316569,45.1653605]}},{"type":"Feature","properties":{"@id":"node/12798615426","kind":"refreshment","name":"Le Christiania","tags":{"amenity":"restaurant","capacity":"80","name":"Le Christiania","website":"https://www.valloire.net/restauration/le-christiania-valloire/"}},"geometry":{"type":"Point","coordinates":[6.4301576,45.1640944]}},{"type":"Feature","properties":{"@id":"node/12798730580","kind":"refreshment","name":"Bubble Waffle","tags":{"amenity":"restaurant","cuisine":"waffle","name":"Bubble Waffle","takeaway":"yes","website":"https://www.valloire.net/restauration/bubble-waffle-valloire/"}},"geometry":{"type":"Point","coordinates":[6.4289398,45.1656593]}},{"type":"Feature","properties":{"@id":"node/12806136603","kind":"refreshment","name":"Snack de la piscine","tags":{"amenity":"restaurant","name":"Snack de la piscine","operator":"SEM Valloire"}},"geometry":{"type":"Point","coordinates":[6.4308818,45.1686807]}},{"type":"Feature","properties":{"@id":"node/12825423375","kind":"refreshment","name":"Cantine scolaire Les Loupiots","tags":{"access":"private","amenity":"restaurant","name":"Cantine scolaire Les Loupiots","operator":"Communauté de Communes Maurienne Galibier"}},"geometry":{"type":"Point","coordinates":[6.4269832,45.1653841]}},{"type":"Feature","properties":{"@id":"node/12985472497","kind":"refreshment","name":"Le Mazot du Poingt-Ravier","tags":{"amenity":"restaurant","building":"cabin","cuisine":"salad;crepe","name":"Le Mazot du Poingt-Ravier","opening_hours":"Mo-Su 10:00-18:00","outdoor_seating":"only","website":"https://www.instagram.com/lemazotdupoingtravier"}},"geometry":{"type":"Point","coordinates":[6.4201503,45.1691296]}},{"type":"Feature","properties":{"@id":"way/130914099","kind":"refreshment","name":"L'Escale","tags":{"amenity":"bar","building":"yes","name":"L'Escale","ref:FR:SIRET":"94411119400030","source":"cadastre-dgi-fr source : Direction Générale des Impôts - Cadastre ; mise à jour : 2010","website":"https://www.valloire.net/restauration/lescale-valloire/"}},"geometry":{"type":"Point","coordinates":[6.4307765,45.1652515]}},{"type":"Feature","properties":{"@id":"way/498324336","kind":"refreshment","name":"La Cabane à Nono","tags":{"addr:city":"Valloire","addr:housenumber":"179","addr:postcode":"73450","addr:street":"Avenue de la Vallée d'Or","amenity":"restaurant","building":"cabin","cuisine":"pizza;crepe;waffle","name":"La Cabane à Nono","phone":"+33 6 67 11 36 74","takeaway":"yes","website":"https://www.valloire.net/restauration/la-cabane-a-nono-valloire/"}},"geometry":{"type":"Point","coordinates":[6.427995,45.1642461]}},{"type":"Feature","properties":{"@id":"node/1366434185","kind":"water","name":null,"tags":{"amenity":"fountain","drinking_water:legal":"no"}},"geometry":{"type":"Point","coordinates":[6.4201585,45.1688168]}},{"type":"Feature","properties":{"@id":"node/1366434186","kind":"water","name":null,"tags":{"amenity":"drinking_water"}},"geometry":{"type":"Point","coordinates":[6.4201167,45.1688485]}},{"type":"Feature","properties":{"@id":"node/1370918555","kind":"toilets","name":null,"tags":{"amenity":"toilets","fee":"no","wheelchair":"yes"}},"geometry":{"type":"Point","coordinates":[6.4298266,45.1649941]}},{"type":"Feature","properties":{"@id":"node/1711883500","kind":"water","name":null,"tags":{"amenity":"fountain","source":"cadastre-dgi-fr source : Direction Générale des Impôts - Cadastre ; mise à jour : 2012"}},"geometry":{"type":"Point","coordinates":[6.4299186,45.1650664]}},{"type":"Feature","properties":{"@id":"node/2375058800","kind":"toilets","name":null,"tags":{"amenity":"toilets"}},"geometry":{"type":"Point","coordinates":[6.4310437,45.1647872]}},{"type":"Feature","properties":{"@id":"node/3719123541","kind":"water","name":null,"tags":{"amenity":"drinking_water"}},"geometry":{"type":"Point","coordinates":[6.4226364,45.1638707]}},{"type":"Feature","properties":{"@id":"node/4889547294","kind":"water","name":null,"tags":{"amenity":"drinking_water"}},"geometry":{"type":"Point","coordinates":[6.4278598,45.1656537]}},{"type":"Feature","properties":{"@id":"node/5737394736","kind":"water","name":null,"tags":{"amenity":"drinking_water"}},"geometry":{"type":"Point","coordinates":[6.428954,45.1656187]}},{"type":"Feature","properties":{"@id":"node/6944513684","kind":"water","name":null,"tags":{"amenity":"drinking_water","note":"Généralement à sec"}},"geometry":{"type":"Point","coordinates":[6.4184583,45.1617452]}},{"type":"Feature","properties":{"@id":"node/7705807189","kind":"toilets","name":null,"tags":{"access":"yes","amenity":"toilets","fee":"no","wheelchair":"yes"}},"geometry":{"type":"Point","coordinates":[6.4297935,45.1649686]}},{"type":"Feature","properties":{"@id":"node/7756144283","kind":"water","name":null,"tags":{"amenity":"drinking_water"}},"geometry":{"type":"Point","coordinates":[6.4276424,45.1632489]}},{"type":"Feature","properties":{"@id":"node/8192038918","kind":"toilets","name":null,"tags":{"access":"customers","amenity":"toilets","level":"1","unisex":"yes","wheelchair":"no"}},"geometry":{"type":"Point","coordinates":[6.4271119,45.1645842]}},{"type":"Feature","properties":{"@id":"node/8474760062","kind":"water","name":null,"tags":{"amenity":"drinking_water"}},"geometry":{"type":"Point","coordinates":[6.4292958,45.1696103]}},{"type":"Feature","properties":{"@id":"node/8496720927","kind":"toilets","name":null,"tags":{"access":"yes","amenity":"toilets","fee":"no","handwashing:soap":"no","toilets:handwashing":"yes"}},"geometry":{"type":"Point","coordinates":[6.4255518,45.1656685]}},{"type":"Feature","properties":{"@id":"node/9907369671","kind":"water","name":null,"tags":{"amenity":"drinking_water"}},"geometry":{"type":"Point","coordinates":[6.4262442,45.1639643]}},{"type":"Feature","properties":{"@id":"node/10034722071","kind":"water","name":null,"tags":{"amenity":"drinking_water"}},"geometry":{"type":"Point","coordinates":[6.429318,45.1699628]}},{"type":"Feature","properties":{"@id":"node/10035805329","kind":"toilets","name":null,"tags":{"access":"yes","amenity":"toilets","fee":"no"}},"geometry":{"type":"Point","coordinates":[6.4290532,45.1657264]}},{"type":"Feature","properties":{"@id":"node/11047053261","kind":"water","name":null,"tags":{"amenity":"drinking_water"}},"geometry":{"type":"Point","coordinates":[6.4310507,45.1694338]}},{"type":"Feature","properties":{"@id":"node/12806136604","kind":"toilets","name":null,"tags":{"amenity":"toilets","operator":"SEM Valloire"}},"geometry":{"type":"Point","coordinates":[6.4308556,45.1687138]}},{"type":"Feature","properties":{"@id":"way/50493341","kind":"toilets","name":null,"tags":{"amenity":"toilets","building":"yes","handwashing:soap":"yes","source":"cadastre-dgi-fr source : Direction Générale des Impôts - Cadastre ; mise à jour : 2010","toilets:handwashing":"yes"}},"geometry":{"type":"Point","coordinates":[6.4231487,45.1638612]}},{"type":"Feature","properties":{"@id":"way/130916186","kind":"toilets","name":null,"tags":{"access":"yes","amenity":"toilets","building":"yes","source":"cadastre-dgi-fr source : Direction Générale des Impôts - Cadastre. Mise à jour : 2011"}},"geometry":{"type":"Point","coordinates":[6.4270309,45.1642593]}},{"type":"Feature","properties":{"@id":"way/418119468","kind":"toilets","name":null,"tags":{"amenity":"toilets","building":"yes","source":"cadastre-dgi-fr source : Direction Générale des Impôts - Cadastre. Mise à jour : 2016"}},"geometry":{"type":"Point","coordinates":[6.4308305,45.1693745]}},{"type":"Feature","properties":{"@id":"node/1370918545","kind":"sight","name":"Loup","tags":{"artist_name":"Christian Burger","artwork_type":"sculpture","material":"wood","name":"Loup","start_date":"2002","tourism":"artwork"}},"geometry":{"type":"Point","coordinates":[6.4256557,45.1648785]}},{"type":"Feature","properties":{"@id":"node/8516218077","kind":"sight","name":"Vache","tags":{"artist_name":"Christian Burger","artwork_type":"sculpture","material":"wood","name":"Vache","start_date":"2005","tourism":"artwork"}},"geometry":{"type":"Point","coordinates":[6.4246121,45.1641483]}},{"type":"Feature","properties":{"@id":"node/8520020934","kind":"sight","name":"Chamois","tags":{"artist_name":"Christian Burger","artwork_type":"sculpture","material":"wood","name":"Chamois","start_date":"2016","tourism":"artwork"}},"geometry":{"type":"Point","coordinates":[6.4318464,45.1651369]}},{"type":"Feature","properties":{"@id":"node/8532050946","kind":"sight","name":"Ours debout","tags":{"artist_name":"Christian Burger","artwork_type":"sculpture","material":"wood","name":"Ours debout","start_date":"2011","tourism":"artwork"}},"geometry":{"type":"Point","coordinates":[6.4272407,45.1644428]}},{"type":"Feature","properties":{"@id":"node/8532050947","kind":"sight","name":"Patou","tags":{"artist_name":"Christian Burger","artwork_type":"sculpture","material":"wood","name":"Patou","start_date":"2006","tourism":"artwork"}},"geometry":{"type":"Point","coordinates":[6.4292087,45.165699]}},{"type":"Feature","properties":{"@id":"node/8542140156","kind":"sight","name":"Bouquetin","tags":{"artist_name":"Christian Burger","artwork_type":"sculpture","material":"wood","name":"Bouquetin","start_date":"2016","tourism":"artwork"}},"geometry":{"type":"Point","coordinates":[6.4239147,45.1637123]}},{"type":"Feature","properties":{"@id":"node/8546827107","kind":"sight","name":"Mulet avec bât","tags":{"artist_name":"Christian Burger","material":"wood","name":"Mulet avec bât","start_date":"2008","tourism":"artwork"}},"geometry":{"type":"Point","coordinates":[6.4297398,45.1650721]}},{"type":"Feature","properties":{"@id":"node/8558038585","kind":"sight","name":"Cristal In Rock","tags":{"name":"Cristal In Rock","operator":"Mario Barecca","tourism":"museum","website":"https://tourism.valloire.net/commerce-et-service/cristal-in-rock-valloire/"}},"geometry":{"type":"Point","coordinates":[6.4280038,45.165265]}},{"type":"Feature","properties":{"@id":"way/130913967","kind":"information","name":"Office du tourisme de Valloire","tags":{"building":"yes","information":"office","name":"Office du tourisme de Valloire","source":"cadastre-dgi-fr source : Direction Générale des Impôts - Cadastre. Mise à jour : 2009","tourism":"information"}},"geometry":{"type":"Point","coordinates":[6.4290685,45.1656915]}},{"type":"Feature","properties":{"@id":"node/4888146136","kind":"picnic","name":null,"tags":{"covered":"no","leisure":"picnic_table"}},"geometry":{"type":"Point","coordinates":[6.4230164,45.1638423]}},{"type":"Feature","properties":{"@id":"node/4888146137","kind":"picnic","name":null,"tags":{"leisure":"picnic_table"}},"geometry":{"type":"Point","coordinates":[6.4229198,45.1638061]}},{"type":"Feature","properties":{"@id":"node/4888146138","kind":"picnic","name":null,"tags":{"leisure":"picnic_table"}},"geometry":{"type":"Point","coordinates":[6.4228469,45.1636722]}},{"type":"Feature","properties":{"@id":"node/4888146139","kind":"picnic","name":null,"tags":{"leisure":"picnic_table"}},"geometry":{"type":"Point","coordinates":[6.422928,45.163665]}},{"type":"Feature","properties":{"@id":"node/8531028154","kind":"picnic","name":null,"tags":{"leisure":"picnic_table"}},"geometry":{"type":"Point","coordinates":[6.432241,45.1653038]}},{"type":"Feature","properties":{"@id":"node/10045744844","kind":"picnic","name":null,"tags":{"access":"private","leisure":"picnic_table"}},"geometry":{"type":"Point","coordinates":[6.4233609,45.1650995]}},{"type":"Feature","properties":{"@id":"node/10049975571","kind":"picnic","name":null,"tags":{"leisure":"picnic_table"}},"geometry":{"type":"Point","coordinates":[6.4250024,45.1651846]}},{"type":"Feature","properties":{"@id":"node/10049975572","kind":"picnic","name":null,"tags":{"leisure":"picnic_table"}},"geometry":{"type":"Point","coordinates":[6.424883,45.165091]}},{"type":"Feature","properties":{"@id":"node/10866057394","kind":"picnic","name":null,"tags":{"leisure":"picnic_table"}},"geometry":{"type":"Point","coordinates":[6.4261785,45.1624906]}},{"type":"Feature","properties":{"@id":"node/12786465371","kind":"picnic","name":null,"tags":{"leisure":"picnic_table","material":"wood"}},"geometry":{"type":"Point","coordinates":[6.4289604,45.1657925]}},{"type":"Feature","properties":{"@id":"node/12804435984","kind":"picnic","name":null,"tags":{"leisure":"picnic_table"}},"geometry":{"type":"Point","coordinates":[6.4320995,45.1683233]}},{"type":"Feature","properties":{"@id":"node/12811944956","kind":"picnic","name":null,"tags":{"access":"private","leisure":"picnic_table","owner":"Chalet L'Adret"}},"geometry":{"type":"Point","coordinates":[6.433401,45.1722575]}},{"type":"Feature","properties":{"@id":"node/12817429154","kind":"picnic","name":null,"tags":{"access":"private","leisure":"picnic_table","operator":"Le Saint-Rozaire - Ouest"}},"geometry":{"type":"Point","coordinates":[6.4294092,45.1679683]}},{"type":"Feature","properties":{"@id":"node/12825989196","kind":"picnic","name":null,"tags":{"leisure":"picnic_table"}},"geometry":{"type":"Point","coordinates":[6.4218944,45.164309]}},{"type":"Feature","properties":{"@id":"node/642341738","kind":"sight","name":null,"tags":{"historic":"memorial","memorial":"war_memorial","ref:FR:MemorialGenWeb":"56050","source":"cadastre-dgi-fr source : Direction Générale des Impôts - Cadastre;mise à jour : 2010"}},"geometry":{"type":"Point","coordinates":[6.4296328,45.1653473]}},{"type":"Feature","properties":{"@id":"node/1440978280","kind":"sight","name":null,"tags":{"historic":"memorial","memorial":"war_memorial","ref:FR:MemorialGenWeb":"56050","wikidata":"Q136081023"}},"geometry":{"type":"Point","coordinates":[6.428545,45.165448]}},{"type":"Feature","properties":{"@id":"node/4271581448","kind":"sight","name":"Croix de la chapelle","tags":{"denomination":"catholic","historic":"wayside_cross","name":"Croix de la chapelle","religion":"christian","source":"cadastre-dgi-fr source : Direction Générale des Impôts - Cadastre. Mise à jour : 2016"}},"geometry":{"type":"Point","coordinates":[6.421075,45.168313]}},{"type":"Feature","properties":{"@id":"node/4888049207","kind":"sight","name":"Croix du Rocher Saint-Pierre","tags":{"historic":"wayside_cross","name":"Croix du Rocher Saint-Pierre"}},"geometry":{"type":"Point","coordinates":[6.4242886,45.1623162]}},{"type":"Feature","properties":{"@id":"node/5516678708","kind":"sight","name":"Grotte de la Vierge","tags":{"historic":"wayside_shrine","name":"Grotte de la Vierge","religion":"christian"}},"geometry":{"type":"Point","coordinates":[6.4240638,45.163683]}},{"type":"Feature","properties":{"@id":"node/5877939154","kind":"sight","name":null,"tags":{"denomination":"catholic","historic":"wayside_shrine","inscription":"St Antoine De Padoue","religion":"christian"}},"geometry":{"type":"Point","coordinates":[6.4274928,45.1658399]}},{"type":"Feature","properties":{"@id":"node/5904431724","kind":"sight","name":"Croix du haut","tags":{"historic":"wayside_cross","name":"Croix du haut","start_date":"2007"}},"geometry":{"type":"Point","coordinates":[6.4208989,45.1674262]}},{"type":"Feature","properties":{"@id":"node/5904431725","kind":"sight","name":"Croix du milieu","tags":{"description":"Pour la petite histoire, les chiens des grand-mères assises au bord de la chapelle faisaient des allers-retours de la chapelle à la croix pour manifester la venue d’un membre de la famille.","historic":"wayside_cross","name":"Croix du milieu"}},"geometry":{"type":"Point","coordinates":[6.4218296,45.1671529]}},{"type":"Feature","properties":{"@id":"node/6110651322","kind":"sight","name":null,"tags":{"historic":"wayside_cross"}},"geometry":{"type":"Point","coordinates":[6.4276802,45.1633887]}},{"type":"Feature","properties":{"@id":"node/7188645872","kind":"sight","name":null,"tags":{"denomination":"catholic","historic":"wayside_cross","religion":"christian"}},"geometry":{"type":"Point","coordinates":[6.4341788,45.1708275]}},{"type":"Feature","properties":{"@id":"node/7830605106","kind":"sight","name":"Grotte de la Vierge","tags":{"historic":"wayside_shrine","lit":"yes","name":"Grotte de la Vierge","natural":"cave_entrance","religion":"christian"}},"geometry":{"type":"Point","coordinates":[6.4240548,45.1637055]}},{"type":"Feature","properties":{"@id":"node/8508261928","kind":"sight","name":null,"tags":{"historic":"memorial","inscription":"La commune de Valloires reconnaissante","memorial":"war_memorial"}},"geometry":{"type":"Point","coordinates":[6.428856,45.1654498]}},{"type":"Feature","properties":{"@id":"node/8546932950","kind":"sight","name":null,"tags":{"denomination":"catholic","historic":"wayside_cross","religion":"christian"}},"geometry":{"type":"Point","coordinates":[6.4299061,45.1675664]}},{"type":"Feature","properties":{"@id":"node/9221267612","kind":"sight","name":"Gabriel Julliard","tags":{"historic":"memorial","inscription":"Gabriel Juillard","memorial":"plaque","name":"Gabriel Julliard"}},"geometry":{"type":"Point","coordinates":[6.4291719,45.1656404]}},{"type":"Feature","properties":{"@id":"node/12041127865","kind":"sight","name":"Croix du Tchu-tchète","tags":{"historic":"wayside_cross","name":"Croix du Tchu-tchète","start_date":"2021"}},"geometry":{"type":"Point","coordinates":[6.423613,45.1685644]}},{"type":"Feature","properties":{"@id":"way/130914218","kind":"sight","name":"Chapelle Sainte-Madeleine","tags":{"amenity":"place_of_worship","building":"chapel","denomination":"catholic","historic":"wayside_shrine","name":"Chapelle Sainte-Madeleine","religion":"christian","source":"cadastre-dgi-fr source : Direction Générale des Impôts - Cadastre. Mise à jour : 2011","wikidata":"Q60368286"}},"geometry":{"type":"Point","coordinates":[6.4212666,45.1682876]}},{"type":"Feature","properties":{"@id":"node/2432060442","kind":"refreshment","name":"Chez Grange","tags":{"amenity":"restaurant","name":"Chez Grange","survey:date":"2023-04-26"}},"geometry":{"type":"Point","coordinates":[6.3597128,45.3065127]}},{"type":"Feature","properties":{"@id":"node/2432060443","kind":"water","name":null,"tags":{"amenity":"fountain"}},"geometry":{"type":"Point","coordinates":[6.3573001,45.3077851]}},{"type":"Feature","properties":{"@id":"node/7881853181","kind":"water","name":null,"tags":{"amenity":"drinking_water"}},"geometry":{"type":"Point","coordinates":[6.3587176,45.3044934]}},{"type":"Feature","properties":{"@id":"node/7881853183","kind":"water","name":null,"tags":{"amenity":"drinking_water"}},"geometry":{"type":"Point","coordinates":[6.3629213,45.3052187]}},{"type":"Feature","properties":{"@id":"node/7881853184","kind":"water","name":null,"tags":{"amenity":"drinking_water"}},"geometry":{"type":"Point","coordinates":[6.3628757,45.3050735]}},{"type":"Feature","properties":{"@id":"node/8284369559","kind":"water","name":null,"tags":{"amenity":"drinking_water"}},"geometry":{"type":"Point","coordinates":[6.3518981,45.3124128]}},{"type":"Feature","properties":{"@id":"node/9115330973","kind":"sight","name":null,"tags":{"historic":"wayside_cross","source":"IGN - 2021-06"}},"geometry":{"type":"Point","coordinates":[6.3560324,45.3085445]}},{"type":"Feature","properties":{"@id":"node/9115330974","kind":"sight","name":null,"tags":{"historic":"wayside_cross","inscription":"INRI - 2023","material":"wood","source":"IGN - 2021-06","survey:date":"2024-04-22"}},"geometry":{"type":"Point","coordinates":[6.359398,45.3045817]}},{"type":"Feature","properties":{"@id":"node/9115330976","kind":"sight","name":null,"tags":{"historic":"wayside_cross","source":"IGN - 2021-06"}},"geometry":{"type":"Point","coordinates":[6.3627774,45.3052205]}},{"type":"Feature","properties":{"@id":"node/9115330977","kind":"sight","name":null,"tags":{"historic":"wayside_cross","source":"IGN - 2021-06"}},"geometry":{"type":"Point","coordinates":[6.3629303,45.3051759]}},{"type":"Feature","properties":{"@id":"node/9115330978","kind":"sight","name":null,"tags":{"historic":"wayside_cross","source":"IGN - 2021-06"}},"geometry":{"type":"Point","coordinates":[6.3697015,45.3056083]}},{"type":"Feature","properties":{"@id":"node/8865411297","kind":"water","name":null,"tags":{"access":"private","amenity":"drinking_water"}},"geometry":{"type":"Point","coordinates":[6.3726,45.2854809]}},{"type":"Feature","properties":{"@id":"node/8865425540","kind":"water","name":null,"tags":{"amenity":"drinking_water","survey:date":"2024-04-20"}},"geometry":{"type":"Point","coordinates":[6.3711262,45.2846109]}},{"type":"Feature","properties":{"@id":"node/8865510388","kind":"water","name":null,"tags":{"amenity":"drinking_water"}},"geometry":{"type":"Point","coordinates":[6.3773113,45.2941818]}},{"type":"Feature","properties":{"@id":"node/11083144627","kind":"water","name":null,"tags":{"amenity":"drinking_water","fee":"no"}},"geometry":{"type":"Point","coordinates":[6.3822771,45.2832551]}},{"type":"Feature","properties":{"@id":"node/11833095920","kind":"water","name":null,"tags":{"amenity":"watering_place","survey:date":"2024-04-20"}},"geometry":{"type":"Point","coordinates":[6.3778502,45.2913744]}},{"type":"Feature","properties":{"@id":"node/9027113379","kind":"water","name":null,"tags":{"man_made":"spring_box","natural":"spring","source":"IGN - 2021-06"}},"geometry":{"type":"Point","coordinates":[6.3867626,45.2908331]}},{"type":"Feature","properties":{"@id":"node/9027113380","kind":"water","name":null,"tags":{"man_made":"spring_box","natural":"spring","source":"IGN - 2021-06"}},"geometry":{"type":"Point","coordinates":[6.3832195,45.2879977]}},{"type":"Feature","properties":{"@id":"node/11083164140","kind":"picnic","name":null,"tags":{"leisure":"picnic_table","material":"wood"}},"geometry":{"type":"Point","coordinates":[6.3821973,45.2832023]}},{"type":"Feature","properties":{"@id":"node/9115331006","kind":"sight","name":null,"tags":{"historic":"wayside_cross","source":"IGN - 2021-06"}},"geometry":{"type":"Point","coordinates":[6.369017,45.2851117]}},{"type":"Feature","properties":{"@id":"node/9115331007","kind":"sight","name":null,"tags":{"historic":"wayside_cross","source":"IGN - 2021-06"}},"geometry":{"type":"Point","coordinates":[6.369084,45.2851324]}},{"type":"Feature","properties":{"@id":"node/9115331008","kind":"sight","name":null,"tags":{"historic":"wayside_cross","source":"IGN - 2021-06"}},"geometry":{"type":"Point","coordinates":[6.3689513,45.2851013]}},{"type":"Feature","properties":{"@id":"node/9115331009","kind":"sight","name":null,"tags":{"historic":"wayside_cross","source":"IGN - 2021-06"}},"geometry":{"type":"Point","coordinates":[6.3690091,45.283798]}},{"type":"Feature","properties":{"@id":"node/9115331011","kind":"sight","name":null,"tags":{"historic":"wayside_cross","source":"IGN - 2021-06"}},"geometry":{"type":"Point","coordinates":[6.3820343,45.2806955]}},{"type":"Feature","properties":{"@id":"node/11833095917","kind":"sight","name":"Oratoire Saint-Michel","tags":{"access":"yes","historic":"wayside_shrine","name":"Oratoire Saint-Michel","religion":"christian","survey:date":"2024-04-20"}},"geometry":{"type":"Point","coordinates":[6.3773414,45.2914951]}},{"type":"Feature","properties":{"@id":"node/11833095918","kind":"sight","name":null,"tags":{"historic":"wayside_cross","inscription":"1994","survey:date":"2024-04-20"}},"geometry":{"type":"Point","coordinates":[6.3777653,45.2910403]}},{"type":"Feature","properties":{"@id":"way/310584190","kind":"refreshment","name":"Chalet du Col du Chaussy","tags":{"amenity":"restaurant","building":"public","contact:email":"chaletducolduchaussy@gmail.com","contact:phone":"+33 4 79 56 21 55","contact:website":"https://www.chaletducolduchaussy.com/","name":"Chalet du Col du Chaussy"}},"geometry":{"type":"Point","coordinates":[6.3561811,45.3440393]}},{"type":"Feature","properties":{"@id":"node/7704323331","kind":"water","name":null,"tags":{"access":"yes","amenity":"drinking_water","fee":"no","man_made":"water_tap","wheelchair":"no"}},"geometry":{"type":"Point","coordinates":[6.357,45.3432701]}},{"type":"Feature","properties":{"@id":"node/7723869581","kind":"water","name":null,"tags":{"amenity":"drinking_water"}},"geometry":{"type":"Point","coordinates":[6.3278407,45.3404623]}},{"type":"Feature","properties":{"@id":"node/7775579968","kind":"water","name":null,"tags":{"amenity":"watering_place"}},"geometry":{"type":"Point","coordinates":[6.344068,45.3490803]}},{"type":"Feature","properties":{"@id":"node/7798013832","kind":"water","name":null,"tags":{"amenity":"drinking_water"}},"geometry":{"type":"Point","coordinates":[6.3444141,45.3487674]}},{"type":"Feature","properties":{"@id":"node/8015686876","kind":"water","name":null,"tags":{"amenity":"drinking_water"}},"geometry":{"type":"Point","coordinates":[6.3305806,45.3417744]}},{"type":"Feature","properties":{"@id":"node/8018694068","kind":"water","name":null,"tags":{"amenity":"drinking_water"}},"geometry":{"type":"Point","coordinates":[6.3377561,45.3273357]}},{"type":"Feature","properties":{"@id":"node/8018694079","kind":"water","name":null,"tags":{"amenity":"drinking_water"}},"geometry":{"type":"Point","coordinates":[6.3388659,45.3239022]}},{"type":"Feature","properties":{"@id":"node/9543493566","kind":"water","name":null,"tags":{"amenity":"drinking_water"}},"geometry":{"type":"Point","coordinates":[6.3614018,45.3375871]}},{"type":"Feature","properties":{"@id":"way/1302831274","kind":"water","name":null,"tags":{"amenity":"watering_place"}},"geometry":{"type":"Point","coordinates":[6.3614054,45.3375523]}},{"type":"Feature","properties":{"@id":"way/1424255387","kind":"shelter","name":"Montbrunal","tags":{"amenity":"shelter","bench":"yes","building":"yes","name":"Montbrunal","shelter_type":"public_transport"}},"geometry":{"type":"Point","coordinates":[6.3373228,45.3276706]}},{"type":"Feature","properties":{"@id":"way/165292458","kind":"hut","name":"Chalet du Mélèze","tags":{"building":"yes","drinking_water":"no","name":"Chalet du Mélèze","ref:refuges.info":"3376","shower":"no","source":"cadastre-dgi-fr source : Direction Générale des Impôts - Cadastre. Mise à jour : 2012","toilets":"no","tourism":"wilderness_hut"}},"geometry":{"type":"Point","coordinates":[6.3442127,45.348794]}},{"type":"Feature","properties":{"@id":"node/8015673319","kind":"water","name":null,"tags":{"drinking_water":"no","man_made":"spring_box","natural":"spring","source":"IGN - 09/2020"}},"geometry":{"type":"Point","coordinates":[6.3398684,45.3496755]}},{"type":"Feature","properties":{"@id":"node/7798013831","kind":"picnic","name":null,"tags":{"leisure":"picnic_table"}},"geometry":{"type":"Point","coordinates":[6.3442853,45.3488428]}},{"type":"Feature","properties":{"@id":"node/7815403634","kind":"picnic","name":null,"tags":{"leisure":"picnic_table"}},"geometry":{"type":"Point","coordinates":[6.3285823,45.3381659]}},{"type":"Feature","properties":{"@id":"node/7815403635","kind":"picnic","name":null,"tags":{"leisure":"picnic_table"}},"geometry":{"type":"Point","coordinates":[6.3278615,45.3411146]}},{"type":"Feature","properties":{"@id":"node/7815403636","kind":"picnic","name":null,"tags":{"leisure":"picnic_table"}},"geometry":{"type":"Point","coordinates":[6.327836,45.3409906]}},{"type":"Feature","properties":{"@id":"node/7815403637","kind":"picnic","name":null,"tags":{"leisure":"picnic_table"}},"geometry":{"type":"Point","coordinates":[6.3278172,45.3408964]}},{"type":"Feature","properties":{"@id":"node/8849150536","kind":"picnic","name":null,"tags":{"covered":"no","leisure":"picnic_table"}},"geometry":{"type":"Point","coordinates":[6.3566677,45.3437002]}},{"type":"Feature","properties":{"@id":"node/8849150537","kind":"picnic","name":null,"tags":{"covered":"no","leisure":"picnic_table"}},"geometry":{"type":"Point","coordinates":[6.3566168,45.3438595]}},{"type":"Feature","properties":{"@id":"node/8910300582","kind":"sight","name":null,"tags":{"historic":"wayside_cross","source":"IGN - 09/2020"}},"geometry":{"type":"Point","coordinates":[6.3607199,45.3370333]}},{"type":"Feature","properties":{"@id":"node/8910300583","kind":"sight","name":null,"tags":{"historic":"wayside_cross","source":"IGN - 09/2020"}},"geometry":{"type":"Point","coordinates":[6.3585086,45.3362358]}},{"type":"Feature","properties":{"@id":"node/8910300584","kind":"sight","name":null,"tags":{"historic":"wayside_cross","source":"IGN - 09/2020"}},"geometry":{"type":"Point","coordinates":[6.3649607,45.336554]}},{"type":"Feature","properties":{"@id":"node/9547078044","kind":"sight","name":null,"tags":{"historic":"wayside_cross","inscription":"2006","source":"IGN - 2021-12"}},"geometry":{"type":"Point","coordinates":[6.3530725,45.328073]}},{"type":"Feature","properties":{"@id":"node/9547078045","kind":"sight","name":null,"tags":{"historic":"wayside_cross","inscription":"2006","source":"IGN - 2021-12"}},"geometry":{"type":"Point","coordinates":[6.3524001,45.3292256]}},{"type":"Feature","properties":{"@id":"node/9547085305","kind":"sight","name":null,"tags":{"historic":"wayside_cross","source":"IGN - 2021-12"}},"geometry":{"type":"Point","coordinates":[6.3479644,45.3292557]}},{"type":"Feature","properties":{"@id":"node/12066049460","kind":"sight","name":null,"tags":{"historic":"wayside_cross"}},"geometry":{"type":"Point","coordinates":[6.3613039,45.3375322]}},{"type":"Feature","properties":{"@id":"node/12066049461","kind":"sight","name":null,"tags":{"historic":"memorial","memorial":"war_memorial","ref:FR:MemorialGenWeb":"2463","wikidata":"Q136064266"}},"geometry":{"type":"Point","coordinates":[6.3607249,45.3369133]}},{"type":"Feature","properties":{"@id":"way/165292592","kind":"sight","name":"Oratoire Saint-Bernard","tags":{"building":"yes","historic":"wayside_cross","name":"Oratoire Saint-Bernard","source":"cadastre-dgi-fr source : Direction Générale des Impôts - Cadastre. Mise à jour : 2012"}},"geometry":{"type":"Point","coordinates":[6.3584125,45.3362365]}},{"type":"Feature","properties":{"@id":"way/165292658","kind":"sight","name":"Chapelle Saint-Benoît","tags":{"amenity":"place_of_worship","building":"chapel","historic":"wayside_shrine","name":"Chapelle Saint-Benoît","religion":"christian","source":"cadastre-dgi-fr source : Direction Générale des Impôts - Cadastre. Mise à jour : 2012"}},"geometry":{"type":"Point","coordinates":[6.3597915,45.3355697]}},{"type":"Feature","properties":{"@id":"way/165292671","kind":"sight","name":"Notre-Dame des Abymes","tags":{"building":"yes","historic":"wayside_shrine","name":"Notre-Dame des Abymes","religion":"christian","source":"cadastre-dgi-fr source : Direction Générale des Impôts - Cadastre. Mise à jour : 2012","start_date":"1856"}},"geometry":{"type":"Point","coordinates":[6.354915,45.329472]}},{"type":"Feature","properties":{"@id":"node/7858649260","kind":"refreshment","name":"Pimpiolet","tags":{"addr:housenumber":"482","amenity":"restaurant","name":"Pimpiolet","website":"http://lepimpiolet.com/"}},"geometry":{"type":"Point","coordinates":[6.4261364,45.252373]}},{"type":"Feature","properties":{"@id":"node/8281952224","kind":"water","name":null,"tags":{"amenity":"drinking_water","survey:date":"2026-04-27"}},"geometry":{"type":"Point","coordinates":[6.4229575,45.2541113]}},{"type":"Feature","properties":{"@id":"way/573111922","kind":"shelter","name":null,"tags":{"amenity":"shelter","shelter_type":"public_transport"}},"geometry":{"type":"Point","coordinates":[6.4222372,45.2547534]}},{"type":"Feature","properties":{"@id":"node/8562949603","kind":"sight","name":"Rêves de pierres","tags":{"artist_name":"Jean­-Pierre Brazs","artwork_type":"stone","name":"Rêves de pierres","note":"date de l'inauguration","start_date":"2016-06-10","tourism":"artwork"}},"geometry":{"type":"Point","coordinates":[6.4208773,45.2498414]}},{"type":"Feature","properties":{"@id":"node/13769480311","kind":"picnic","name":null,"tags":{"bench":"yes","leisure":"picnic_table","lit":"no","material":"wood","survey:date":"2026-04-27"}},"geometry":{"type":"Point","coordinates":[6.4227028,45.25425]}},{"type":"Feature","properties":{"@id":"node/8996786891","kind":"sight","name":"Oratoire Saint-Claude","tags":{"historic":"wayside_cross","name":"Oratoire Saint-Claude","source":"IGN - 2021-06"}},"geometry":{"type":"Point","coordinates":[6.4270928,45.2511653]}},{"type":"Feature","properties":{"@id":"node/8996786892","kind":"sight","name":null,"tags":{"historic":"wayside_cross","source":"IGN - 2021-06","survey:date":"2026-04-27"}},"geometry":{"type":"Point","coordinates":[6.4228598,45.2542512]}},{"type":"Feature","properties":{"@id":"node/8996786898","kind":"sight","name":null,"tags":{"historic":"wayside_cross","source":"IGN - 2021-06"}},"geometry":{"type":"Point","coordinates":[6.4161825,45.2511515]}},{"type":"Feature","properties":{"@id":"node/9231258849","kind":"water","name":null,"tags":{"amenity":"drinking_water"}},"geometry":{"type":"Point","coordinates":[6.3448258,45.268295]}},{"type":"Feature","properties":{"@id":"way/888906781","kind":"toilets","name":null,"tags":{"amenity":"toilets","building":"yes","changing_table":"no","drinking_water":"yes","fee":"no"}},"geometry":{"type":"Point","coordinates":[6.3374783,45.2658354]}},{"type":"Feature","properties":{"@id":"node/8264171327","kind":"picnic","name":null,"tags":{"leisure":"picnic_table"}},"geometry":{"type":"Point","coordinates":[6.3362487,45.2650301]}},{"type":"Feature","properties":{"@id":"node/8264171336","kind":"picnic","name":null,"tags":{"leisure":"picnic_table"}},"geometry":{"type":"Point","coordinates":[6.339177,45.2663459]}},{"type":"Feature","properties":{"@id":"node/8264171337","kind":"picnic","name":null,"tags":{"leisure":"picnic_table"}},"geometry":{"type":"Point","coordinates":[6.3382839,45.2660872]}},{"type":"Feature","properties":{"@id":"node/8264205702","kind":"picnic","name":null,"tags":{"leisure":"picnic_table"}},"geometry":{"type":"Point","coordinates":[6.3399971,45.2669188]}},{"type":"Feature","properties":{"@id":"node/8264205703","kind":"picnic","name":null,"tags":{"leisure":"picnic_table"}},"geometry":{"type":"Point","coordinates":[6.3400266,45.2670481]}},{"type":"Feature","properties":{"@id":"node/8264205704","kind":"picnic","name":null,"tags":{"leisure":"picnic_table"}},"geometry":{"type":"Point","coordinates":[6.3397504,45.2670122]}},{"type":"Feature","properties":{"@id":"node/9230913557","kind":"picnic","name":null,"tags":{"leisure":"picnic_table"}},"geometry":{"type":"Point","coordinates":[6.3406087,45.2664203]}},{"type":"Feature","properties":{"@id":"node/12049453780","kind":"viewpoint","name":null,"tags":{"tourism":"viewpoint"}},"geometry":{"type":"Point","coordinates":[6.4565861,46.2712392]}},{"type":"Feature","properties":{"@id":"node/12049456281","kind":"viewpoint","name":null,"tags":{"tourism":"viewpoint"}},"geometry":{"type":"Point","coordinates":[6.456572,46.2708631]}},{"type":"Feature","properties":{"@id":"node/9670523248","kind":"water","name":null,"tags":{"natural":"spring"}},"geometry":{"type":"Point","coordinates":[6.4712696,46.2746795]}},{"type":"Feature","properties":{"@id":"node/12798719599","kind":"water","name":null,"tags":{"man_made":"spring_box","natural":"spring"}},"geometry":{"type":"Point","coordinates":[6.4689504,46.2791114]}},{"type":"Feature","properties":{"@id":"node/11291127381","kind":"picnic","name":null,"tags":{"covered":"no","leisure":"picnic_table","material":"wood"}},"geometry":{"type":"Point","coordinates":[6.4645163,46.2696272]}},{"type":"Feature","properties":{"@id":"node/11291127382","kind":"picnic","name":null,"tags":{"covered":"no","leisure":"picnic_table","material":"wood"}},"geometry":{"type":"Point","coordinates":[6.4642143,46.2697302]}},{"type":"Feature","properties":{"@id":"node/11291127383","kind":"picnic","name":null,"tags":{"covered":"no","leisure":"picnic_table","material":"wood"}},"geometry":{"type":"Point","coordinates":[6.4642285,46.2697867]}},{"type":"Feature","properties":{"@id":"node/13706728666","kind":"picnic","name":null,"tags":{"leisure":"picnic_table"}},"geometry":{"type":"Point","coordinates":[6.4634725,46.2696169]}},{"type":"Feature","properties":{"@id":"node/13706728667","kind":"picnic","name":null,"tags":{"leisure":"picnic_table"}},"geometry":{"type":"Point","coordinates":[6.4634517,46.2695629]}},{"type":"Feature","properties":{"@id":"way/974040999","kind":"sight","name":"Oratoire des Moises","tags":{"building":"wayside_shrine","denomination":"roman_catholic","historic":"wayside_shrine","name":"Oratoire des Moises","religion":"christian"}},"geometry":{"type":"Point","coordinates":[6.4669989,46.2745001]}},{"type":"Feature","properties":{"@id":"node/1272509337","kind":"refreshment","name":"Le Telemark","tags":{"amenity":"restaurant","name":"Le Telemark","source":"survey"}},"geometry":{"type":"Point","coordinates":[6.6969819,45.2015643]}},{"type":"Feature","properties":{"@id":"node/1272517490","kind":"refreshment","name":"Chez Éliane","tags":{"amenity":"restaurant","cuisine":"regional","name":"Chez Éliane","source":"survey"}},"geometry":{"type":"Point","coordinates":[6.6968462,45.2017118]}},{"type":"Feature","properties":{"@id":"node/4299232280","kind":"refreshment","name":"L'Antirouille","tags":{"amenity":"restaurant","name":"L'Antirouille","source":"survey","sport":"10pin"}},"geometry":{"type":"Point","coordinates":[6.6969789,45.2011618]}},{"type":"Feature","properties":{"@id":"node/4299232281","kind":"refreshment","name":"Le Cairn","tags":{"amenity":"restaurant","cuisine":"burger;regional","name":"Le Cairn","outdoor_seating":"yes","source":"survey"}},"geometry":{"type":"Point","coordinates":[6.697129,45.2011091]}},{"type":"Feature","properties":{"@id":"node/4301351798","kind":"refreshment","name":"La Bodega","tags":{"amenity":"restaurant","name":"La Bodega","source":"survey"}},"geometry":{"type":"Point","coordinates":[6.6981046,45.2015268]}},{"type":"Feature","properties":{"@id":"node/4301351799","kind":"refreshment","name":"Le Dahu","tags":{"amenity":"restaurant","cuisine":"regional","name":"Le Dahu","source":"survey"}},"geometry":{"type":"Point","coordinates":[6.6981978,45.201549]}},{"type":"Feature","properties":{"@id":"node/4305244294","kind":"refreshment","name":"Le Petit Creux","tags":{"amenity":"fast_food","name":"Le Petit Creux","source":"survey"}},"geometry":{"type":"Point","coordinates":[6.6965343,45.2013727]}},{"type":"Feature","properties":{"@id":"way/111764876","kind":"refreshment","name":"Tao !","tags":{"amenity":"restaurant","building":"yes","name":"Tao !","source":"cadastre-dgi-fr source : Direction Générale des Impôts - Cadastre. Mise à jour : 2011"}},"geometry":{"type":"Point","coordinates":[6.696747,45.201466]}},{"type":"Feature","properties":{"@id":"way/111765252","kind":"refreshment","name":"L'Entre Deux","tags":{"amenity":"restaurant","building":"yes","cuisine":"crepe;pizza","name":"L'Entre Deux","source":"survey"}},"geometry":{"type":"Point","coordinates":[6.697731,45.201486]}},{"type":"Feature","properties":{"@id":"node/4311936034","kind":"toilets","name":null,"tags":{"amenity":"toilets","source":"survey"}},"geometry":{"type":"Point","coordinates":[6.6999076,45.2024961]}},{"type":"Feature","properties":{"@id":"node/8923539056","kind":"water","name":null,"tags":{"amenity":"drinking_water"}},"geometry":{"type":"Point","coordinates":[6.6951844,45.1996713]}},{"type":"Feature","properties":{"@id":"node/12519069527","kind":"toilets","name":null,"tags":{"access":"yes","amenity":"toilets","fee":"no","female":"yes","male":"yes","wheelchair":"yes"}},"geometry":{"type":"Point","coordinates":[6.6962155,45.2010654]}},{"type":"Feature","properties":{"@id":"node/3618970039","kind":"picnic","name":null,"tags":{"tourism":"picnic_site"}},"geometry":{"type":"Point","coordinates":[6.6928063,45.1982276]}},{"type":"Feature","properties":{"@id":"node/3618970040","kind":"picnic","name":null,"tags":{"tourism":"picnic_site"}},"geometry":{"type":"Point","coordinates":[6.6932861,45.1985075]}},{"type":"Feature","properties":{"@id":"node/6164601522","kind":"viewpoint","name":null,"tags":{"tourism":"viewpoint"}},"geometry":{"type":"Point","coordinates":[6.6892499,45.1996062]}},{"type":"Feature","properties":{"@id":"node/7483101931","kind":"sight","name":"Repos-roche","tags":{"artist_name":"Maria BERHIDI","artwork_type":"sculpture","material":"stone","name":"Repos-roche","start_date":"2000","tourism":"artwork"}},"geometry":{"type":"Point","coordinates":[6.7050367,45.2021055]}},{"type":"Feature","properties":{"@id":"node/7598271854","kind":"sight","name":"L'Oeil","tags":{"artist_name":"Yoshin OGATA","artwork_type":"sculpture","description":"Sentiers de l’Art - La Route de l'ArtDepuis 1997, Le Symposium Alpin de Sculpture Monumentale a lieu sur le site de La Norma. Du travail des hommes, de leur esprit de création et des techniques de réalisation très précises, des oeuvres ont vu le jour.Le","material":"concrete","name":"L'Oeil","start_date":"2001","tourism":"artwork"}},"geometry":{"type":"Point","coordinates":[6.6996166,45.2036409]}},{"type":"Feature","properties":{"@id":"node/7749844498","kind":"sight","name":"Pas d'bras pas d'chocolat","tags":{"artist_name":"François WEILL","artwork_type":"sculpture","description":"Sentiers de l’Art - La Route de l'Art\nDepuis 1997, Le Symposium Alpin de Sculpture Monumentale a lieu sur le site de La Norma. Du travail des hommes, de leur esprit de création et des techniques de réalisation très précises, des oeuvres ont vu le jour.\nLe","material":"concrete","name":"Pas d'bras pas d'chocolat","start_date":"2003","tourism":"artwork"}},"geometry":{"type":"Point","coordinates":[6.7006242,45.2039412]}},{"type":"Feature","properties":{"@id":"node/7749844518","kind":"sight","name":"Sarcophage","tags":{"artist_name":"Colin FOSTER","artwork_type":"sculpture","description":"Sentiers de l’Art - La Route de l'Art\nDepuis 1997, Le Symposium Alpin de Sculpture Monumentale a lieu sur le site de La Norma. Du travail des hommes, de leur esprit de création et des techniques de réalisation très précises, des oeuvres ont vu le jour.\nLe","material":"concrete","name":"Sarcophage","start_date":"2001","tourism":"artwork"}},"geometry":{"type":"Point","coordinates":[6.7016795,45.2030716]}},{"type":"Feature","properties":{"@id":"node/7768215498","kind":"sight","name":"Empilement","tags":{"artist_name":"Ton KALLE","artwork_type":"sculpture","description":"Sentiers de l’Art - La Route de l'Art\nDepuis 1997, Le Symposium Alpin de Sculpture Monumentale a lieu sur le site de La Norma. Du travail des hommes, de leur esprit de création et des techniques de réalisation très précises, des oeuvres ont vu le jour.\nLe","material":"concrete","name":"Empilement","start_date":"2001","tourism":"artwork"}},"geometry":{"type":"Point","coordinates":[6.7044615,45.2038461]}},{"type":"Feature","properties":{"@id":"node/7773563176","kind":"viewpoint","name":null,"tags":{"tourism":"viewpoint"}},"geometry":{"type":"Point","coordinates":[6.6927845,45.2014386]}},{"type":"Feature","properties":{"@id":"node/7774199833","kind":"sight","name":"Le Cairn / Pyramide","tags":{"artist_name":"Joseph VISY","artwork_type":"sculpture","material":"concrete","name":"Le Cairn / Pyramide","start_date":"1998","tourism":"artwork"}},"geometry":{"type":"Point","coordinates":[6.6990193,45.201178]}},{"type":"Feature","properties":{"@id":"node/7774199857","kind":"sight","name":null,"tags":{"artwork_type":"sculpture","tourism":"artwork"}},"geometry":{"type":"Point","coordinates":[6.6974914,45.2017114]}},{"type":"Feature","properties":{"@id":"node/7774199858","kind":"sight","name":"La Morraine Figée","tags":{"artist_name":"Dominique THOLLON","artwork_type":"sculpture","material":"concrete","name":"La Morraine Figée","start_date":"1997","tourism":"artwork"}},"geometry":{"type":"Point","coordinates":[6.699553,45.2024038]}},{"type":"Feature","properties":{"@id":"node/7774199859","kind":"sight","name":null,"tags":{"artwork_type":"sculpture","tourism":"artwork"}},"geometry":{"type":"Point","coordinates":[6.6973243,45.2017103]}},{"type":"Feature","properties":{"@id":"node/7774199860","kind":"sight","name":null,"tags":{"artwork_type":"sculpture","tourism":"artwork"}},"geometry":{"type":"Point","coordinates":[6.6961364,45.2006244]}},{"type":"Feature","properties":{"@id":"node/7774199864","kind":"sight","name":null,"tags":{"artwork_type":"sculpture","tourism":"artwork"}},"geometry":{"type":"Point","coordinates":[6.6934854,45.1986882]}},{"type":"Feature","properties":{"@id":"node/7900227967","kind":"sight","name":"La météorite","tags":{"artist_name":"Gino Corsanini","artwork_type":"sculpture","name":"La météorite","start_date":"1998","tourism":"artwork"}},"geometry":{"type":"Point","coordinates":[6.6924671,45.1981351]}},{"type":"Feature","properties":{"@id":"node/8744444474","kind":"information","name":"Maison de la Norma","tags":{"description":"Ouvert en saison touristique (hiver, été)","information":"office","internet_access":"yes","internet_access:fee":"no","name":"Maison de la Norma","tourism":"information","wheelchair":"yes"}},"geometry":{"type":"Point","coordinates":[6.6964619,45.2011556]}},{"type":"Feature","properties":{"@id":"node/8936667740","kind":"sight","name":null,"tags":{"artwork_type":"sculpture","tourism":"artwork"}},"geometry":{"type":"Point","coordinates":[6.696292,45.2007264]}},{"type":"Feature","properties":{"@id":"node/9961450679","kind":"sight","name":"Norma Loops","tags":{"attraction":"alpine_coaster","contact:phone":"+33 4 79 05 53 07","name":"Norma Loops","opening_hours:url":"https://normaloops.fr/index.php/horaires/","source":"https://www.auvergne-rhone-alpes.developpement-durable.gouv.fr","tourism":"attraction"}},"geometry":{"type":"Point","coordinates":[6.701544,45.2024934]}},{"type":"Feature","properties":{"@id":"node/11136080969","kind":"viewpoint","name":null,"tags":{"tourism":"viewpoint"}},"geometry":{"type":"Point","coordinates":[6.6945888,45.2021212]}},{"type":"Feature","properties":{"@id":"way/111765188","kind":"information","name":"Maison de La Norma","tags":{"amenity":"ski_school","building":"yes","information":"office","internet_access":"yes","internet_access:fee":"no","name":"Maison de La Norma","post_office":"post_partner","shop":"ticket","source":"cadastre-dgi-fr source : Direction Générale des Impôts - Cadastre. Mise à jour : 2011","tourism":"information"}},"geometry":{"type":"Point","coordinates":[6.696309,45.2010195]}},{"type":"Feature","properties":{"@id":"node/9027102203","kind":"water","name":null,"tags":{"man_made":"spring_box","natural":"spring","source":"IGN - 2021-06"}},"geometry":{"type":"Point","coordinates":[6.6946244,45.1985455]}},{"type":"Feature","properties":{"@id":"node/9027102204","kind":"water","name":null,"tags":{"man_made":"spring_box","natural":"spring","source":"IGN - 2021-06"}},"geometry":{"type":"Point","coordinates":[6.6955466,45.1987448]}},{"type":"Feature","properties":{"@id":"node/9027102205","kind":"water","name":null,"tags":{"man_made":"spring_box","natural":"spring","source":"IGN - 2021-06"}},"geometry":{"type":"Point","coordinates":[6.7005534,45.2033762]}},{"type":"Feature","properties":{"@id":"way/111765255","kind":"sight","name":"Chapelle Saint-Félix","tags":{"building":"yes","historic":"wayside_shrine","name":"Chapelle Saint-Félix","source":"cadastre-dgi-fr source : Direction Générale des Impôts - Cadastre. Mise à jour : 2011"}},"geometry":{"type":"Point","coordinates":[6.699144,45.2021625]}},{"type":"Feature","properties":{"@id":"way/818161415","kind":"refreshment","name":"Buvette du Roc d'Enfer","tags":{"amenity":"restaurant","building":"commercial","building:levels":"1","contact:facebook":"https://www.facebook.com/RocdEnferBuvette","contact:phone":"+33 4 50 83 56 70","cuisine":"regional","name":"Buvette du Roc d'Enfer","opening_hours":"Mo-Sa 09:00-23:00, Su 09:00-18:00","outdoor_seating":"yes","ref:FR:NAF":"5610A","ref:FR:SIRET":"80111934800028"}},"geometry":{"type":"Point","coordinates":[6.636047,46.20201]}},{"type":"Feature","properties":{"@id":"way/1277863549","kind":"toilets","name":null,"tags":{"access":"yes","amenity":"toilets","building":"service","building:levels":"1","fee":"no","material":"wood","roof:orientation":"along","roof:shape":"round","toilets:disposal":"dry_toilet","toilets:position":"seated","unisex":"yes"}},"geometry":{"type":"Point","coordinates":[6.6368226,46.2019557]}},{"type":"Feature","properties":{"@id":"way/126078010","kind":"hut","name":"Refuge de Graydon","tags":{"building":"house","capacity":"16","contact:email":"chaletdegraydon@ffcam.fr","contact:website":"http://chaletdegraydon.ffcam.fr/","ele":"1335","name":"Refuge de Graydon","operator":"FFCAM","phone":"+33 6 85 99 74 83","ref:refuges.info":"425","reservation":"required","source":"cadastre-dgi-fr source : Direction Générale des Impôts - Cadastre. Mise à jour : 2011","tourism":"wilderness_hut"}},"geometry":{"type":"Point","coordinates":[6.6359416,46.2030998]}},{"type":"Feature","properties":{"@id":"node/6745476770","kind":"water","name":null,"tags":{"drinking_water":"conditional","man_made":"water_tap"}},"geometry":{"type":"Point","coordinates":[6.635851,46.202457]}},{"type":"Feature","properties":{"@id":"node/11067208169","kind":"picnic","name":null,"tags":{"covered":"no","leisure":"picnic_table","material":"wood"}},"geometry":{"type":"Point","coordinates":[6.637845,46.202212]}},{"type":"Feature","properties":{"@id":"node/11067208170","kind":"picnic","name":null,"tags":{"covered":"no","leisure":"picnic_table","material":"wood"}},"geometry":{"type":"Point","coordinates":[6.6377914,46.2017702]}},{"type":"Feature","properties":{"@id":"node/7641101641","kind":"sight","name":null,"tags":{"colour":"black","denomination":"roman_catholic","historic":"wayside_cross","material":"wood","religion":"christian"}},"geometry":{"type":"Point","coordinates":[6.6372979,46.2021619]}},{"type":"Feature","properties":{"@id":"node/9343326549","kind":"sight","name":null,"tags":{"denomination":"roman_catholic","historic":"wayside_cross","religion":"christian","source":"IGN - 2021-06"}},"geometry":{"type":"Point","coordinates":[6.6366085,46.2043793]}},{"type":"Feature","properties":{"@id":"way/385454567","kind":"refreshment","name":"Les Cabrettes","tags":{"amenity":"restaurant","building":"house","name":"Les Cabrettes"}},"geometry":{"type":"Point","coordinates":[6.7644218,46.3303454]}},{"type":"Feature","properties":{"@id":"node/3888036475","kind":"water","name":null,"tags":{"amenity":"watering_place","drinking_water":"yes"}},"geometry":{"type":"Point","coordinates":[6.7655796,46.3307375]}},{"type":"Feature","properties":{"@id":"node/12876601912","kind":"water","name":null,"tags":{"amenity":"drinking_water"}},"geometry":{"type":"Point","coordinates":[6.76581,46.3303757]}},{"type":"Feature","properties":{"@id":"way/66912997","kind":"sight","name":"Musée du Chalet de l'Arête","tags":{"building":"house","building:levels":"1","name":"Musée du Chalet de l'Arête","source":"extraction vectorielle v1 cadastre-dgi-fr source : Direction Générale des Impôts - Cadas. Mise à jour : 2010","start_date":"2014","tourism":"museum"}},"geometry":{"type":"Point","coordinates":[6.7663174,46.3309384]}},{"type":"Feature","properties":{"@id":"way/66914025","kind":"hut","name":"Refuge de Bise","tags":{"beds":"44","building":"house","building:levels":"2","contact:email":"charlotte.treboux@yahoo.fr","contact:mobile":"+33 6 70 95 17 06","contact:phone":"+33 9 88 28 78 73","contact:website":"https://refugedebise.com/","description":"Fermé de 2015 à 2017-07 pour travaux","ele":"1498","image":"https://commons.wikimedia.org/wiki/File:Vacheresse._Chalet-refuge_de_Bise._2015-06-20.JPG","name":"Refuge de Bise","operator":"Charlotte Treboux","ref:refuges.info":"419","source":"data.gouv.fr:Le ministère des droits des femmes, de la ville, de la jeunesse et des sports - 2014","start_date":"1934","tourism":"alpine_hut","wikidata":"Q120318029"}},"geometry":{"type":"Point","coordinates":[6.7658932,46.3305532]}},{"type":"Feature","properties":{"@id":"node/9024063783","kind":"refreshment","name":"Le Mélèze","tags":{"amenity":"restaurant","check_date":"2026-07-05","name":"Le Mélèze"}},"geometry":{"type":"Point","coordinates":[6.4050743,45.2276673]}},{"type":"Feature","properties":{"@id":"node/9024069727","kind":"toilets","name":null,"tags":{"amenity":"toilets","fee":"no"}},"geometry":{"type":"Point","coordinates":[6.408369,45.2279734]}},{"type":"Feature","properties":{"@id":"node/10106808943","kind":"toilets","name":null,"tags":{"amenity":"toilets","fee":"no","wheelchair":"no"}},"geometry":{"type":"Point","coordinates":[6.4166889,45.2161694]}},{"type":"Feature","properties":{"@id":"node/10106808944","kind":"water","name":null,"tags":{"amenity":"drinking_water","fountain":"drinking"}},"geometry":{"type":"Point","coordinates":[6.416304,45.216167]}},{"type":"Feature","properties":{"@id":"node/10106907685","kind":"picnic","name":null,"tags":{"amenity":"bbq"}},"geometry":{"type":"Point","coordinates":[6.4166795,45.215271]}},{"type":"Feature","properties":{"@id":"node/10879320794","kind":"water","name":null,"tags":{"amenity":"drinking_water"}},"geometry":{"type":"Point","coordinates":[6.4206357,45.220958]}},{"type":"Feature","properties":{"@id":"node/10879567408","kind":"toilets","name":null,"tags":{"amenity":"toilets"}},"geometry":{"type":"Point","coordinates":[6.4051829,45.2275318]}},{"type":"Feature","properties":{"@id":"node/6684688976","kind":"information","name":"Office du tourisme Les Karellis","tags":{"information":"office","name":"Office du tourisme Les Karellis","tourism":"information"}},"geometry":{"type":"Point","coordinates":[6.4050545,45.2279445]}},{"type":"Feature","properties":{"@id":"node/8883992438","kind":"viewpoint","name":null,"tags":{"description":"Bienvenue au Crêt de la Parenche 1655 m","information":"map","map_type":"toposcope","source":"IGN - 09/2020","tourism":"viewpoint"}},"geometry":{"type":"Point","coordinates":[6.4256138,45.2120192]}},{"type":"Feature","properties":{"@id":"node/9656629349","kind":"picnic","name":null,"tags":{"tourism":"picnic_site"}},"geometry":{"type":"Point","coordinates":[6.4166517,45.2152136]}},{"type":"Feature","properties":{"@id":"node/10106808946","kind":"sight","name":"La truite","tags":{"artist_name":"Ramona Batchiger","artwork_type":"sculpture","material":"wood","name":"La truite","start_date":"2021","tourism":"artwork"}},"geometry":{"type":"Point","coordinates":[6.4163315,45.2162374]}},{"type":"Feature","properties":{"@id":"node/10880180686","kind":"sight","name":null,"tags":{"material":"wood","tourism":"artwork"}},"geometry":{"type":"Point","coordinates":[6.4199055,45.2103071]}},{"type":"Feature","properties":{"@id":"node/8996798121","kind":"water","name":null,"tags":{"man_made":"spring_box","natural":"spring","source":"IGN - 2021-06"}},"geometry":{"type":"Point","coordinates":[6.4045513,45.2229978]}},{"type":"Feature","properties":{"@id":"node/8996798122","kind":"water","name":null,"tags":{"man_made":"spring_box","natural":"spring","source":"IGN - 2021-06"}},"geometry":{"type":"Point","coordinates":[6.4045236,45.2231275]}},{"type":"Feature","properties":{"@id":"node/8996798123","kind":"water","name":null,"tags":{"man_made":"spring_box","natural":"spring","source":"IGN - 2021-06"}},"geometry":{"type":"Point","coordinates":[6.406229,45.2220273]}},{"type":"Feature","properties":{"@id":"node/13990407012","kind":"water","name":null,"tags":{"amenity":"drinking_water","man_made":"water_tap"}},"geometry":{"type":"Point","coordinates":[6.4048539,45.2278921]}},{"type":"Feature","properties":{"@id":"node/10106808942","kind":"picnic","name":null,"tags":{"covered":"yes","leisure":"picnic_table","material":"wood"}},"geometry":{"type":"Point","coordinates":[6.4166292,45.215988]}},{"type":"Feature","properties":{"@id":"node/10106907677","kind":"picnic","name":null,"tags":{"covered":"no","leisure":"picnic_table","material":"wood"}},"geometry":{"type":"Point","coordinates":[6.416825,45.2147995]}},{"type":"Feature","properties":{"@id":"node/10106907678","kind":"picnic","name":null,"tags":{"covered":"no","leisure":"picnic_table","material":"wood"}},"geometry":{"type":"Point","coordinates":[6.4164957,45.2151623]}},{"type":"Feature","properties":{"@id":"node/10106907679","kind":"picnic","name":null,"tags":{"covered":"no","leisure":"picnic_table","material":"wood"}},"geometry":{"type":"Point","coordinates":[6.4165132,45.2151009]}},{"type":"Feature","properties":{"@id":"node/10106907680","kind":"picnic","name":null,"tags":{"covered":"no","leisure":"picnic_table","material":"wood"}},"geometry":{"type":"Point","coordinates":[6.4165199,45.2150064]}},{"type":"Feature","properties":{"@id":"node/10106907681","kind":"picnic","name":null,"tags":{"covered":"no","leisure":"picnic_table","material":"wood"}},"geometry":{"type":"Point","coordinates":[6.4159338,45.2154533]}},{"type":"Feature","properties":{"@id":"node/10106907682","kind":"picnic","name":null,"tags":{"covered":"no","leisure":"picnic_table","material":"wood"}},"geometry":{"type":"Point","coordinates":[6.4159982,45.2155232]}},{"type":"Feature","properties":{"@id":"node/10106907683","kind":"picnic","name":null,"tags":{"covered":"no","leisure":"picnic_table","material":"wood"}},"geometry":{"type":"Point","coordinates":[6.4161135,45.2156904]}},{"type":"Feature","properties":{"@id":"node/13034481271","kind":"picnic","name":null,"tags":{"covered":"no","leisure":"picnic_table","material":"wood"}},"geometry":{"type":"Point","coordinates":[6.415204,45.2152106]}},{"type":"Feature","properties":{"@id":"node/13034481272","kind":"picnic","name":null,"tags":{"covered":"no","leisure":"picnic_table","material":"wood"}},"geometry":{"type":"Point","coordinates":[6.4151808,45.2152683]}},{"type":"Feature","properties":{"@id":"node/13052244528","kind":"picnic","name":null,"tags":{"leisure":"picnic_table"}},"geometry":{"type":"Point","coordinates":[6.4041589,45.2258638]}},{"type":"Feature","properties":{"@id":"node/13994554406","kind":"picnic","name":null,"tags":{"covered":"no","leisure":"picnic_table","material":"wood"}},"geometry":{"type":"Point","coordinates":[6.4069847,45.2308125]}},{"type":"Feature","properties":{"@id":"node/13997661176","kind":"picnic","name":null,"tags":{"covered":"no","leisure":"picnic_table","material":"wood"}},"geometry":{"type":"Point","coordinates":[6.4161755,45.2162967]}},{"type":"Feature","properties":{"@id":"node/13997668222","kind":"picnic","name":null,"tags":{"leisure":"picnic_table"}},"geometry":{"type":"Point","coordinates":[6.4157106,45.2163792]}},{"type":"Feature","properties":{"@id":"node/13997680599","kind":"picnic","name":null,"tags":{"covered":"no","leisure":"picnic_table","material":"wood"}},"geometry":{"type":"Point","coordinates":[6.4154248,45.2162854]}},{"type":"Feature","properties":{"@id":"node/13997694978","kind":"picnic","name":null,"tags":{"covered":"no","leisure":"picnic_table","material":"wood"}},"geometry":{"type":"Point","coordinates":[6.4162043,45.2162777]}},{"type":"Feature","properties":{"@id":"node/13997695471","kind":"picnic","name":null,"tags":{"covered":"no","leisure":"picnic_table","material":"wood"}},"geometry":{"type":"Point","coordinates":[6.4160171,45.2163496]}},{"type":"Feature","properties":{"@id":"node/6966162666","kind":"sight","name":"Croix de Pralognan","tags":{"denomination":"catholic","historic":"wayside_cross","name":"Croix de Pralognan","religion":"christian"}},"geometry":{"type":"Point","coordinates":[6.4266305,45.219626]}},{"type":"Feature","properties":{"@id":"node/8996786916","kind":"sight","name":null,"tags":{"historic":"wayside_cross","source":"IGN - 2021-06"}},"geometry":{"type":"Point","coordinates":[6.4229363,45.212237]}},{"type":"Feature","properties":{"@id":"node/9021351800","kind":"sight","name":null,"tags":{"historic":"wayside_cross","source":"IGN - 2021-06"}},"geometry":{"type":"Point","coordinates":[6.4068961,45.2306717]}},{"type":"Feature","properties":{"@id":"node/8883992471","kind":"viewpoint","name":null,"tags":{"information":"map","map_type":"toposcope","source":"IGN - 09/2020","tourism":"viewpoint"}},"geometry":{"type":"Point","coordinates":[6.4026293,45.2124165]}},{"type":"Feature","properties":{"@id":"node/8996798118","kind":"water","name":null,"tags":{"man_made":"spring_box","natural":"spring","source":"IGN - 2021-06"}},"geometry":{"type":"Point","coordinates":[6.3963018,45.2139156]}},{"type":"Feature","properties":{"@id":"way/73019073","kind":"refreshment","name":"Auberge Narcisse","tags":{"amenity":"restaurant","building":"yes","check_date":"2026-01-15","name":"Auberge Narcisse","source":"extraction vectorielle v1 cadastre-dgi-fr source : Direction Générale des Impôts - Cadas. Mise à jour : 2010","wheelchair":"limited"}},"geometry":{"type":"Point","coordinates":[6.4201439,45.2053223]}},{"type":"Feature","properties":{"@id":"way/73020291","kind":"refreshment","name":"La Gamelle","tags":{"amenity":"restaurant","beverage":"yes","building":"yes","name":"La Gamelle","source":"extraction vectorielle v1 cadastre-dgi-fr source : Direction Générale des Impôts - Cadas. Mise à jour : 2010","tourism":"hotel"}},"geometry":{"type":"Point","coordinates":[6.4197022,45.2057409]}},{"type":"Feature","properties":{"@id":"node/1105132294","kind":"toilets","name":null,"tags":{"amenity":"toilets","drinking_water":"yes","fee":"no","source":"cadastre-dgi-fr source : Direction Générale des Impôts - Cadastre ; mise à jour : 2011"}},"geometry":{"type":"Point","coordinates":[6.4194452,45.205582]}},{"type":"Feature","properties":{"@id":"node/9913817062","kind":"water","name":null,"tags":{"amenity":"drinking_water"}},"geometry":{"type":"Point","coordinates":[6.4268102,45.1980421]}},{"type":"Feature","properties":{"@id":"node/10879608101","kind":"water","name":null,"tags":{"amenity":"drinking_water","description":"Fontaine"}},"geometry":{"type":"Point","coordinates":[6.419306,45.2057217]}},{"type":"Feature","properties":{"@id":"node/10107013294","kind":"sight","name":"Chamois","tags":{"artist_name":"Christian Burger","artwork_type":"sculpture","material":"wood","name":"Chamois","start_date":"2021","tourism":"artwork"}},"geometry":{"type":"Point","coordinates":[6.420448,45.2075671]}},{"type":"Feature","properties":{"@id":"node/10880173133","kind":"sight","name":"Caduta Libera","tags":{"artist_name":"Roberto Gherardi","artwork_subject":"Kayakiste","artwork_type":"sculpture","material":"wood","name":"Caduta Libera","tourism":"artwork"}},"geometry":{"type":"Point","coordinates":[6.4162356,45.1992526]}},{"type":"Feature","properties":{"@id":"node/8996786905","kind":"water","name":null,"tags":{"man_made":"spring_box","natural":"spring","source":"IGN - 2021-06"}},"geometry":{"type":"Point","coordinates":[6.4129327,45.1987422]}},{"type":"Feature","properties":{"@id":"node/1105131716","kind":"sight","name":null,"tags":{"historic":"wayside_cross","source":"cadastre-dgi-fr source : Direction Générale des Impôts - Cadastre ; mise à jour : 2011"}},"geometry":{"type":"Point","coordinates":[6.4199613,45.2062579]}},{"type":"Feature","properties":{"@id":"node/8996786906","kind":"sight","name":null,"tags":{"historic":"wayside_cross","source":"IGN - 2021-06"}},"geometry":{"type":"Point","coordinates":[6.4163448,45.1991722]}},{"type":"Feature","properties":{"@id":"node/8996786907","kind":"sight","name":null,"tags":{"historic":"wayside_cross","source":"IGN - 2021-06"}},"geometry":{"type":"Point","coordinates":[6.425789,45.1982285]}},{"type":"Feature","properties":{"@id":"node/8996786910","kind":"sight","name":"Oratoire Sainte-Eldra","tags":{"historic":"wayside_cross","name":"Oratoire Sainte-Eldra","source":"IGN - 2021-06"}},"geometry":{"type":"Point","coordinates":[6.4273117,45.1962052]}},{"type":"Feature","properties":{"@id":"node/8996786914","kind":"sight","name":null,"tags":{"historic":"wayside_cross","source":"IGN - 2021-06"}},"geometry":{"type":"Point","coordinates":[6.4184064,45.2045443]}},{"type":"Feature","properties":{"@id":"node/11107986834","kind":"refreshment","name":null,"tags":{"amenity":"restaurant"}},"geometry":{"type":"Point","coordinates":[6.821744,45.6128206]}},{"type":"Feature","properties":{"@id":"way/196699871","kind":"refreshment","name":"La Suite","tags":{"amenity":"cafe","building":"yes","cuisine":"tea","name":"La Suite","source":"cadastre-dgi-fr source : Direction Générale des Impôts - Cadastre. Mise à jour : 2012"}},"geometry":{"type":"Point","coordinates":[6.800586,45.622381]}},{"type":"Feature","properties":{"@id":"node/4391422198","kind":"water","name":"Bachal","tags":{"access":"yes","amenity":"drinking_water","drinking_water":"yes","fee":"no","fountain":"stone_block","lit":"no","name":"Bachal"}},"geometry":{"type":"Point","coordinates":[6.7981879,45.6236811]}},{"type":"Feature","properties":{"@id":"node/6838300950","kind":"water","name":null,"tags":{"access":"yes","amenity":"drinking_water","bottle":"yes","fee":"no","wheelchair":"yes"}},"geometry":{"type":"Point","coordinates":[6.8014976,45.6234897]}},{"type":"Feature","properties":{"@id":"node/8663037382","kind":"water","name":"Bachal","tags":{"access":"yes","amenity":"fountain","bottle":"yes","drinking_water":"yes","fee":"no","fountain":"stone_block","name":"Bachal"}},"geometry":{"type":"Point","coordinates":[6.8007226,45.6232873]}},{"type":"Feature","properties":{"@id":"node/12246412786","kind":"water","name":null,"tags":{"access":"yes","amenity":"drinking_water","fee":"no","wheelchair":"limited"}},"geometry":{"type":"Point","coordinates":[6.7967302,45.6248294]}},{"type":"Feature","properties":{"@id":"node/12246616271","kind":"water","name":null,"tags":{"amenity":"fountain","drinking_water":"yes"}},"geometry":{"type":"Point","coordinates":[6.7997638,45.6230057]}},{"type":"Feature","properties":{"@id":"node/12248485004","kind":"water","name":null,"tags":{"access":"yes","amenity":"drinking_water","fee":"no","wheelchair":"no"}},"geometry":{"type":"Point","coordinates":[6.805316,45.6203529]}},{"type":"Feature","properties":{"@id":"node/12334944119","kind":"water","name":null,"tags":{"access":"yes","amenity":"drinking_water","fee":"no","wheelchair":"yes"}},"geometry":{"type":"Point","coordinates":[6.8006745,45.6223251]}},{"type":"Feature","properties":{"@id":"node/12334962191","kind":"water","name":null,"tags":{"access":"yes","amenity":"drinking_water","covered":"yes","fee":"no"}},"geometry":{"type":"Point","coordinates":[6.8004395,45.6221566]}},{"type":"Feature","properties":{"@id":"node/12542037620","kind":"water","name":null,"tags":{"amenity":"fountain"}},"geometry":{"type":"Point","coordinates":[6.799361,45.6224948]}},{"type":"Feature","properties":{"@id":"node/12790301813","kind":"water","name":null,"tags":{"amenity":"fountain","drinking_water":"yes"}},"geometry":{"type":"Point","coordinates":[6.8003514,45.6230141]}},{"type":"Feature","properties":{"@id":"way/196698864","kind":"shelter","name":null,"tags":{"amenity":"shelter","bench":"yes","building":"yes","lit":"yes","shelter_type":"public_transport","source":"cadastre-dgi-fr source : Direction Générale des Impôts - Cadastre. Mise à jour : 2012"}},"geometry":{"type":"Point","coordinates":[6.806018,45.6210585]}},{"type":"Feature","properties":{"@id":"way/196698992","kind":"toilets","name":null,"tags":{"access":"yes","amenity":"toilets","building":"yes","changing_table":"no","source":"cadastre-dgi-fr source : Direction Générale des Impôts - Cadastre. Mise à jour : 2012","start_date":"2006","unisex":"yes","wheelchair":"yes"}},"geometry":{"type":"Point","coordinates":[6.8006855,45.6223455]}},{"type":"Feature","properties":{"@id":"way/196699421","kind":"toilets","name":null,"tags":{"access":"yes","amenity":"toilets","building":"yes","source":"cadastre-dgi-fr source : Direction Générale des Impôts - Cadastre. Mise à jour : 2012"}},"geometry":{"type":"Point","coordinates":[6.799843,45.6229244]}},{"type":"Feature","properties":{"@id":"way/1425344470","kind":"shelter","name":null,"tags":{"amenity":"shelter","bench":"yes","bin":"no","building":"yes","shelter_type":"public_transport"}},"geometry":{"type":"Point","coordinates":[6.8022389,45.6212472]}},{"type":"Feature","properties":{"@id":"way/1475645679","kind":"shelter","name":null,"tags":{"amenity":"shelter","bench":"yes","building":"yes","shelter_type":"public_transport"}},"geometry":{"type":"Point","coordinates":[6.8046257,45.6207088]}},{"type":"Feature","properties":{"@id":"node/5909205899","kind":"sight","name":"Parcours aventure / Accrobranche","tags":{"contact:phone":"+33 4 79 09 31 72","name":"Parcours aventure / Accrobranche","operator":"Le Repaire des Écureuils","tourism":"attraction","website":"http://www.parcoursaventure.net/"}},"geometry":{"type":"Point","coordinates":[6.8221933,45.612532]}},{"type":"Feature","properties":{"@id":"node/8074962842","kind":"information","name":null,"tags":{"addr:housenumber":"25","addr:street":"Rue Célestin Freppaz","information":"office","operator":"Mairie de Séez","tourism":"information"}},"geometry":{"type":"Point","coordinates":[6.7998442,45.6228209]}},{"type":"Feature","properties":{"@id":"node/12246675844","kind":"sight","name":null,"tags":{"artwork_type":"statue","material":"metal","tourism":"artwork"}},"geometry":{"type":"Point","coordinates":[6.7998233,45.6235442]}},{"type":"Feature","properties":{"@id":"way/196699706","kind":"sight","name":null,"tags":{"building":"yes","source":"cadastre-dgi-fr source : Direction Générale des Impôts - Cadastre. Mise à jour : 2012","tourism":"museum"}},"geometry":{"type":"Point","coordinates":[6.79979,45.6233925]}},{"type":"Feature","properties":{"@id":"way/196699716","kind":"sight","name":"Espace Saint-Eloi","tags":{"building":"yes","name":"Espace Saint-Eloi","source":"cadastre-dgi-fr source : Direction Générale des Impôts - Cadastre. Mise à jour : 2012","tourism":"museum"}},"geometry":{"type":"Point","coordinates":[6.799667,45.6233135]}},{"type":"Feature","properties":{"@id":"way/1317468033","kind":"picnic","name":null,"tags":{"access":"yes","tourism":"picnic_site"}},"geometry":{"type":"Point","coordinates":[6.8221061,45.6149097]}},{"type":"Feature","properties":{"@id":"node/12248485008","kind":"water","name":null,"tags":{"access":"private","drinking_water":"no","man_made":"water_tap"}},"geometry":{"type":"Point","coordinates":[6.8067862,45.6205262]}},{"type":"Feature","properties":{"@id":"node/12249116717","kind":"water","name":null,"tags":{"access":"yes","man_made":"water_tap"}},"geometry":{"type":"Point","coordinates":[6.8031697,45.620372]}},{"type":"Feature","properties":{"@id":"node/13121554570","kind":"water","name":null,"tags":{"access":"yes","man_made":"water_tap"}},"geometry":{"type":"Point","coordinates":[6.8031197,45.6207255]}},{"type":"Feature","properties":{"@id":"node/13348159333","kind":"water","name":null,"tags":{"colour":"green","man_made":"water_tap"}},"geometry":{"type":"Point","coordinates":[6.799568,45.6239593]}},{"type":"Feature","properties":{"@id":"node/14006712331","kind":"water","name":null,"tags":{"man_made":"water_tap"}},"geometry":{"type":"Point","coordinates":[6.8036013,45.6206712]}},{"type":"Feature","properties":{"@id":"node/12193464776","kind":"picnic","name":null,"tags":{"leisure":"picnic_table"}},"geometry":{"type":"Point","coordinates":[6.8055771,45.620802]}},{"type":"Feature","properties":{"@id":"node/12193464777","kind":"picnic","name":null,"tags":{"leisure":"picnic_table"}},"geometry":{"type":"Point","coordinates":[6.8219748,45.6149595]}},{"type":"Feature","properties":{"@id":"node/12193464778","kind":"picnic","name":null,"tags":{"leisure":"picnic_table"}},"geometry":{"type":"Point","coordinates":[6.8220501,45.6148925]}},{"type":"Feature","properties":{"@id":"node/12193464779","kind":"picnic","name":null,"tags":{"leisure":"picnic_table"}},"geometry":{"type":"Point","coordinates":[6.8221339,45.6148314]}},{"type":"Feature","properties":{"@id":"node/12248485006","kind":"picnic","name":null,"tags":{"bench":"yes","leisure":"picnic_table","lit":"no","material":"wood"}},"geometry":{"type":"Point","coordinates":[6.8066778,45.6206822]}},{"type":"Feature","properties":{"@id":"node/12248485007","kind":"picnic","name":null,"tags":{"bench":"yes","leisure":"picnic_table","lit":"no","material":"wood"}},"geometry":{"type":"Point","coordinates":[6.806681,45.620583]}},{"type":"Feature","properties":{"@id":"node/12299114912","kind":"picnic","name":null,"tags":{"bench":"yes","leisure":"picnic_table","lit":"no","material":"wood"}},"geometry":{"type":"Point","coordinates":[6.7991674,45.617411]}},{"type":"Feature","properties":{"@id":"node/12299203831","kind":"picnic","name":null,"tags":{"bench":"yes","leisure":"picnic_table","lit":"no","material":"wood"}},"geometry":{"type":"Point","coordinates":[6.8142546,45.6131424]}},{"type":"Feature","properties":{"@id":"node/12299203836","kind":"picnic","name":null,"tags":{"bench":"yes","leisure":"picnic_table","lit":"no","material":"wood"}},"geometry":{"type":"Point","coordinates":[6.8141036,45.6130659]}},{"type":"Feature","properties":{"@id":"node/12772660728","kind":"picnic","name":null,"tags":{"leisure":"picnic_table"}},"geometry":{"type":"Point","coordinates":[6.8244672,45.6122665]}},{"type":"Feature","properties":{"@id":"node/13936759895","kind":"picnic","name":null,"tags":{"leisure":"picnic_table"}},"geometry":{"type":"Point","coordinates":[6.8182743,45.6121461]}},{"type":"Feature","properties":{"@id":"node/13936759897","kind":"picnic","name":null,"tags":{"leisure":"picnic_table"}},"geometry":{"type":"Point","coordinates":[6.8179099,45.6122662]}},{"type":"Feature","properties":{"@id":"node/8171643540","kind":"sight","name":"Monument aux Morts des Tirailleurs Algériens","tags":{"historic":"memorial","memorial":"war_memorial","name":"Monument aux Morts des Tirailleurs Algériens"}},"geometry":{"type":"Point","coordinates":[6.7972697,45.6241403]}},{"type":"Feature","properties":{"@id":"node/11650125923","kind":"sight","name":"Croix du Breuil","tags":{"denomination":"catholic","historic":"wayside_cross","inscription":"1991","material":"wood","name":"Croix du Breuil","religion":"christian"}},"geometry":{"type":"Point","coordinates":[6.8066928,45.6209494]}},{"type":"Feature","properties":{"@id":"node/12194867988","kind":"sight","name":null,"tags":{"historic":"wayside_cross","inscription":"En mémoire de Rd Jean Placent\nCuré de Séez\n1931-1947\nRegrette de ses paroissiens","material":"stone"}},"geometry":{"type":"Point","coordinates":[6.8034172,45.620524]}},{"type":"Feature","properties":{"@id":"node/12246675843","kind":"sight","name":null,"tags":{"historic":"wayside_cross","inscription":"Ex Dono Fidelium 1866","material":"stone"}},"geometry":{"type":"Point","coordinates":[6.7997534,45.6236045]}},{"type":"Feature","properties":{"@id":"node/12248463247","kind":"sight","name":null,"tags":{"historic":"wayside_cross","material":"wood"}},"geometry":{"type":"Point","coordinates":[6.8034755,45.6231708]}},{"type":"Feature","properties":{"@id":"node/12828759674","kind":"sight","name":"Reposoir Saint Jean Baptiste","tags":{"denomination":"catholic","historic":"wayside_shrine","name":"Reposoir Saint Jean Baptiste","religion":"christian","start_date":"1879"}},"geometry":{"type":"Point","coordinates":[6.8029119,45.6240226]}},{"type":"Feature","properties":{"@id":"way/196698772","kind":"sight","name":null,"tags":{"building":"yes","historic":"wayside_shrine","religion":"christian","source":"cadastre-dgi-fr source : Direction Générale des Impôts - Cadastre. Mise à jour : 2012","wall":"no"}},"geometry":{"type":"Point","coordinates":[6.7958555,45.624692]}},{"type":"Feature","properties":{"@id":"way/878382464","kind":"sight","name":"Monument aux Morts","tags":{"historic":"memorial","material":"stone","memorial":"war_memorial","name":"Monument aux Morts"}},"geometry":{"type":"Point","coordinates":[6.7995497,45.6233642]}},{"type":"Feature","properties":{"@id":"node/7156710574","kind":"water","name":null,"tags":{"amenity":"fountain","fee":"no"}},"geometry":{"type":"Point","coordinates":[6.7943315,45.6260135]}},{"type":"Feature","properties":{"@id":"node/7832264674","kind":"water","name":null,"tags":{"access":"yes","amenity":"drinking_water","bottle":"yes","fee":"no"}},"geometry":{"type":"Point","coordinates":[6.8168199,45.6372577]}},{"type":"Feature","properties":{"@id":"node/9281527402","kind":"water","name":null,"tags":{"amenity":"drinking_water"}},"geometry":{"type":"Point","coordinates":[6.8026923,45.6326059]}},{"type":"Feature","properties":{"@id":"node/12828726591","kind":"picnic","name":null,"tags":{"access":"yes","amenity":"bbq","covered":"no","fuel":"wood"}},"geometry":{"type":"Point","coordinates":[6.8155488,45.6317591]}},{"type":"Feature","properties":{"@id":"node/12828726592","kind":"picnic","name":null,"tags":{"access":"yes","amenity":"bbq","covered":"no","fuel":"wood"}},"geometry":{"type":"Point","coordinates":[6.8154657,45.6317824]}},{"type":"Feature","properties":{"@id":"node/12828735482","kind":"water","name":null,"tags":{"amenity":"fountain"}},"geometry":{"type":"Point","coordinates":[6.8158759,45.6320459]}},{"type":"Feature","properties":{"@id":"way/196698775","kind":"shelter","name":"Les Contamines","tags":{"amenity":"shelter","bench":"yes","bin":"yes","building":"yes","name":"Les Contamines","shelter_type":"public_transport","source":"cadastre-dgi-fr source : Direction Générale des Impôts - Cadastre. Mise à jour : 2012","wall":"no"}},"geometry":{"type":"Point","coordinates":[6.7946852,45.6235827]}},{"type":"Feature","properties":{"@id":"node/12211747349","kind":"sight","name":"Table en pierre","tags":{"artwork_type":"sculpture","bench":"no","lit":"no","material":"stone","name":"Table en pierre","tourism":"artwork"}},"geometry":{"type":"Point","coordinates":[6.7941709,45.6259059]}},{"type":"Feature","properties":{"@id":"node/12212702374","kind":"sight","name":"Borne VI de la Voie Romaine","tags":{"artwork_type":"sculpture","inscription":"VI ALPIS GRAIA","material":"wood;stone","name":"Borne VI de la Voie Romaine","tourism":"artwork"}},"geometry":{"type":"Point","coordinates":[6.7945265,45.625322]}},{"type":"Feature","properties":{"@id":"way/1333227345","kind":"picnic","name":null,"tags":{"tourism":"picnic_site"}},"geometry":{"type":"Point","coordinates":[6.8062522,45.6288307]}},{"type":"Feature","properties":{"@id":"node/13416044543","kind":"water","name":null,"tags":{"man_made":"water_tap"}},"geometry":{"type":"Point","coordinates":[6.8052732,45.6267266]}},{"type":"Feature","properties":{"@id":"node/7156637208","kind":"picnic","name":null,"tags":{"bench":"yes","leisure":"picnic_table","lit":"no","material":"wood"}},"geometry":{"type":"Point","coordinates":[6.8064015,45.6287675]}},{"type":"Feature","properties":{"@id":"node/12334692053","kind":"picnic","name":null,"tags":{"bench":"yes","leisure":"picnic_table","lit":"no","material":"wood"}},"geometry":{"type":"Point","coordinates":[6.8066039,45.6288352]}},{"type":"Feature","properties":{"@id":"node/12828726593","kind":"picnic","name":null,"tags":{"bench":"yes","leisure":"picnic_table","lit":"no","material":"wood"}},"geometry":{"type":"Point","coordinates":[6.8154832,45.631712]}},{"type":"Feature","properties":{"@id":"node/12828726594","kind":"picnic","name":null,"tags":{"bench":"yes","leisure":"picnic_table","lit":"no","material":"concrete"}},"geometry":{"type":"Point","coordinates":[6.8153939,45.6317255]}},{"type":"Feature","properties":{"@id":"node/14080733684","kind":"picnic","name":null,"tags":{"bench":"yes","leisure":"picnic_table","lit":"yes","material":"wood"}},"geometry":{"type":"Point","coordinates":[6.793849,45.626123]}},{"type":"Feature","properties":{"@id":"node/14080733685","kind":"picnic","name":null,"tags":{"bench":"yes","leisure":"picnic_table","lit":"yes","material":"wood"}},"geometry":{"type":"Point","coordinates":[6.794057,45.6260365]}},{"type":"Feature","properties":{"@id":"node/14080733686","kind":"picnic","name":null,"tags":{"bench":"yes","leisure":"picnic_table","lit":"yes","material":"wood"}},"geometry":{"type":"Point","coordinates":[6.7939712,45.6260659]}},{"type":"Feature","properties":{"@id":"node/14080733687","kind":"picnic","name":null,"tags":{"bench":"yes","leisure":"picnic_table","lit":"yes","material":"wood"}},"geometry":{"type":"Point","coordinates":[6.7942416,45.6262055]}},{"type":"Feature","properties":{"@id":"way/1461867648","kind":"sight","name":null,"tags":{"area":"yes","historic":"ruins"}},"geometry":{"type":"Point","coordinates":[6.8041579,45.6375145]}},{"type":"Feature","properties":{"@id":"node/634104574","kind":"refreshment","name":"Le Petit Zinc","tags":{"amenity":"restaurant","name":"Le Petit Zinc"}},"geometry":{"type":"Point","coordinates":[6.7795767,45.5747965]}},{"type":"Feature","properties":{"@id":"node/2088592845","kind":"refreshment","name":"Le Dream Spot","tags":{"addr:street":"Place Haute Les Villards","amenity":"restaurant","cuisine":"regional","description":"Restaurant Savoyard typique et convivial","layer":"2","level":"0","name":"Le Dream Spot","opening_hours":"12:00-13:45,19:00-21:15","outdoor_seating":"yes","payment:credit_cards":"yes","payment:debit_cards":"yes","phone":"+33 4 79 06 48 34","survey:date":"2024-08-15"}},"geometry":{"type":"Point","coordinates":[6.7771976,45.5734016]}},{"type":"Feature","properties":{"@id":"node/4567701093","kind":"refreshment","name":"Allo Mamie","tags":{"addr:street":"Allée Commerces des Villards","amenity":"restaurant","cuisine":"crepe","layer":"2","level":"0","name":"Allo Mamie","opening_hours":"11:00-19:30","outdoor_seating":"yes","payment:credit_cards":"yes","payment:debit_cards":"yes","smoking":"outside","website":"https://allomamie.com/"}},"geometry":{"type":"Point","coordinates":[6.7778759,45.5728095]}},{"type":"Feature","properties":{"@id":"node/4567701102","kind":"refreshment","name":"Mamie Crêpe","tags":{"addr:street":"Place Haute des Villards","amenity":"restaurant","cuisine":"crepe;regional","name":"Mamie Crêpe","opening_hours":"12:00-20:30","outdoor_seating":"yes","payment:credit_cards":"yes","payment:debit_cards":"yes","phone":"+334 79 07 23 88","ref:FR:SIRET":"32649564500037","survey:date":"2024-08-15","website":"https://mamiecrepe.com/"}},"geometry":{"type":"Point","coordinates":[6.7774131,45.5733274]}},{"type":"Feature","properties":{"@id":"node/4569078281","kind":"refreshment","name":"Le Carré","tags":{"addr:street":"Place Basse des Villards","amenity":"bar","contact:facebook":"https://www.facebook.com/lecarrearc/","email":"lecarrearc1800@free.fr","name":"Le Carré","phone":"+334 79 07 43 77","smoking":"outside"}},"geometry":{"type":"Point","coordinates":[6.7777704,45.5726391]}},{"type":"Feature","properties":{"@id":"node/4569448129","kind":"refreshment","name":"Before Café","tags":{"amenity":"bar","check_date":"2024-08-20","name":"Before Café"}},"geometry":{"type":"Point","coordinates":[6.7779735,45.5722419]}},{"type":"Feature","properties":{"@id":"node/4638118944","kind":"refreshment","name":"La Cabane des Neiges","tags":{"addr:street":"Place Basse Les Villards","amenity":"restaurant","check_date":"2024-08-20","cuisine":"regional","layer":"1","level":"0","name":"La Cabane des Neiges","phone":"+33 4 79 07 43 45","smoking":"outside"}},"geometry":{"type":"Point","coordinates":[6.7777297,45.572793]}},{"type":"Feature","properties":{"@id":"node/7369730608","kind":"refreshment","name":"Goofy Café","tags":{"addr:street":"Allée Commerces des Villards","amenity":"cafe","name":"Goofy Café"}},"geometry":{"type":"Point","coordinates":[6.7779249,45.5732415]}},{"type":"Feature","properties":{"@id":"node/7369783831","kind":"refreshment","name":"Arc Kebab","tags":{"amenity":"fast_food","cuisine":"kebab","name":"Arc Kebab"}},"geometry":{"type":"Point","coordinates":[6.7776375,45.5729607]}},{"type":"Feature","properties":{"@id":"node/7369783833","kind":"refreshment","name":"Quality Pizza","tags":{"amenity":"fast_food","check_date":"2023-08-20","cuisine":"pizza","name":"Quality Pizza"}},"geometry":{"type":"Point","coordinates":[6.7779271,45.5723721]}},{"type":"Feature","properties":{"@id":"node/7783491286","kind":"refreshment","name":"Pizz'Attitude","tags":{"addr:street":"Rue Porte des Villards","amenity":"fast_food","check_date":"2026-08-03","cuisine":"pizza","name":"Pizz'Attitude","phone":"+334 79 07 06 59","ref:FR:SIRET":"52477974100023","takeaway":"yes","website":"https://www.pizz-attitude.fr/"}},"geometry":{"type":"Point","coordinates":[6.7785113,45.5716776]}},{"type":"Feature","properties":{"@id":"node/7783491288","kind":"refreshment","name":"La Popote","tags":{"addr:street":"Rue Porte des Villards","amenity":"fast_food","check_date":"2025-08-29","contact:email":"contact@la-popote.fr","cuisine":"burger;hot_dog","mobile":"+336 44 35 36 29","name":"La Popote","opening_hours":"Mo-Fr 12:00-20:00; Sa-Su 12:00-18:30","payment:credit_cards":"yes","payment:debit_cards":"yes","website":"https://la-popote.fr/"}},"geometry":{"type":"Point","coordinates":[6.7784613,45.5718956]}},{"type":"Feature","properties":{"@id":"node/7783491585","kind":"refreshment","name":"Arcus Coffee","tags":{"addr:street":"Rue Porte des Villards","amenity":"cafe","check_date":"2024-08-16","name":"Arcus Coffee","website":"https://www.arcuscoffee.com/arcus-coffee-les-arcs"}},"geometry":{"type":"Point","coordinates":[6.7785278,45.5717567]}},{"type":"Feature","properties":{"@id":"node/7791991085","kind":"refreshment","name":"Le Faitout","tags":{"amenity":"restaurant","check_date":"2024-08-19","cuisine":"pizza","name":"Le Faitout","opening_hours":"Mo-Su 07:30-14:00, 17:00-22:30","phone":"+33 4 79 07 75 64","shop":"deli"}},"geometry":{"type":"Point","coordinates":[6.7777903,45.5689203]}},{"type":"Feature","properties":{"@id":"node/11079195758","kind":"refreshment","name":null,"tags":{"amenity":"restaurant"}},"geometry":{"type":"Point","coordinates":[6.7805526,45.5725764]}},{"type":"Feature","properties":{"@id":"node/12113119725","kind":"refreshment","name":"La Marmite","tags":{"addr:street":"Place Haute Les Villards","amenity":"restaurant","cuisine":"regional","description":"Restaurant Savoyard typique et convivial","layer":"2","level":"0","name":"La Marmite","opening_hours":"12:00-14:00,19:00-21:30","outdoor_seating":"yes","payment:credit_cards":"yes","payment:debit_cards":"yes","phone":"+33 4 79 07 44 28","ref:FR:SIRET":"43369844600013","survey:date":"2024-08-15"}},"geometry":{"type":"Point","coordinates":[6.7773105,45.5733485]}},{"type":"Feature","properties":{"@id":"node/12113119726","kind":"refreshment","name":"Le Benji's","tags":{"addr:street":"Place Haute Les Villards","amenity":"restaurant","cuisine":"regional","description":"Restaurant Savoyard typique et convivial","layer":"2","level":"0","name":"Le Benji's","outdoor_seating":"yes","phone":"+33 4 79 06 48 34","survey:date":"2024-08-15"}},"geometry":{"type":"Point","coordinates":[6.7775204,45.573312]}},{"type":"Feature","properties":{"@id":"node/12113119727","kind":"refreshment","name":"Ramène ta Braise","tags":{"addr:street":"Place Haute Les Villards","amenity":"restaurant","contact:facebook":"https://www.facebook.com/people/Ram%C3%A8ne-ta-Braise/100075998134353/?_rdr","layer":"2","level":"0","mobile":"+33786578327","name":"Ramène ta Braise","outdoor_seating":"yes","survey:date":"2024-08-15"}},"geometry":{"type":"Point","coordinates":[6.7776536,45.5732883]}},{"type":"Feature","properties":{"@id":"node/12113119729","kind":"refreshment","name":"Le Madly","tags":{"addr:street":"Chemin du Front de Neige","amenity":"restaurant","name":"Le Madly","opening_hours":"08:00-20:00","payment:credit_cards":"yes","payment:debit_cards":"yes","phone":"+339 52 34 88 78","website":"https://www.lemadly.com/"}},"geometry":{"type":"Point","coordinates":[6.7783956,45.5735201]}},{"type":"Feature","properties":{"@id":"node/12113119731","kind":"refreshment","name":"Le Miam Corner","tags":{"addr:street":"Chemin du Front de Neige","amenity":"restaurant","name":"Le Miam Corner"}},"geometry":{"type":"Point","coordinates":[6.7782776,45.5733425]}},{"type":"Feature","properties":{"@id":"node/12115526942","kind":"refreshment","name":"Arcus Pasta","tags":{"addr:street":"Rue Porte des Villards","amenity":"restaurant","check_date":"2024-08-16","cuisine":"pasta","name":"Arcus Pasta","opening_hours":"12:00-14:30,18:30-21:00","payment:credit_cards":"yes","payment:debit_cards":"yes","website":"https://www.arcuscoffee.com/arcus-pasta-les-arcs"}},"geometry":{"type":"Point","coordinates":[6.7785167,45.5718024]}},{"type":"Feature","properties":{"@id":"node/7792053285","kind":"water","name":null,"tags":{"amenity":"fountain","bottle":"yes","drinking_water":"yes","fountain":"drinking","source":"survey 2020"}},"geometry":{"type":"Point","coordinates":[6.7775131,45.5710926]}},{"type":"Feature","properties":{"@id":"node/9922088637","kind":"toilets","name":null,"tags":{"access":"yes","amenity":"toilets","changing_table":"yes","fee":"no","toilets:disposal":"flush","unisex":"yes","wheelchair":"yes"}},"geometry":{"type":"Point","coordinates":[6.7784078,45.5713711]}},{"type":"Feature","properties":{"@id":"node/9936226483","kind":"toilets","name":null,"tags":{"access":"yes","amenity":"toilets","changing_table":"yes","drinking_water":"yes","fee":"no","layer":"-1","toilets:disposal":"flush","unisex":"yes","wheelchair":"yes"}},"geometry":{"type":"Point","coordinates":[6.7781931,45.5718828]}},{"type":"Feature","properties":{"@id":"node/11085868308","kind":"water","name":null,"tags":{"access":"yes","amenity":"drinking_water","bottle":"yes","fee":"no","fountain":"drinking","man_made":"water_tap","seasonal":"summer","wheelchair":"yes"}},"geometry":{"type":"Point","coordinates":[6.7796204,45.5744788]}},{"type":"Feature","properties":{"@id":"node/11132008112","kind":"water","name":null,"tags":{"access":"yes","amenity":"drinking_water","bottle":"yes","fee":"no","fountain":"bottle_refill"}},"geometry":{"type":"Point","coordinates":[6.7786476,45.5714071]}},{"type":"Feature","properties":{"@id":"node/12116631447","kind":"viewpoint","name":null,"tags":{"direction":"270","tourism":"viewpoint"}},"geometry":{"type":"Point","coordinates":[6.7771451,45.5731324]}},{"type":"Feature","properties":{"@id":"node/4630531088","kind":"refreshment","name":"Café du Jardin","tags":{"addr:city":"Passy","addr:housenumber":"447","addr:postcode":"74190","addr:street":"Route du Docteur Davy","amenity":"restaurant","capacity":"50","description":"En privilégiant les produits frais, locaux, bio et les plantes du jardin, le café du Jardin propose une cuisine simple, faite-maison et savoureuse, dans un cadre magique : la terrasse du Jardin des Cimes face au Mont-Blanc.","diet:vegetarian":"yes","name":"Café du Jardin","outdoor_seating":"terrace","smoking":"outside","takeaway":"no"}},"geometry":{"type":"Point","coordinates":[6.7106827,45.9422648]}},{"type":"Feature","properties":{"@id":"node/4632528351","kind":"refreshment","name":null,"tags":{"amenity":"bar"}},"geometry":{"type":"Point","coordinates":[6.7094625,45.9360269]}},{"type":"Feature","properties":{"@id":"node/6105665286","kind":"refreshment","name":"La Cantine","tags":{"addr:housenumber":"286","addr:postcode":"74480","addr:street":"Rue de l'Église","amenity":"fast_food","cuisine":"burger","name":"La Cantine"}},"geometry":{"type":"Point","coordinates":[6.71073,45.9389703]}},{"type":"Feature","properties":{"@id":"node/6105666685","kind":"refreshment","name":"Passy Pizza","tags":{"addr:housenumber":"169","addr:postcode":"74480","addr:street":"Impasse des Champeys","amenity":"restaurant","cuisine":"italian_pizza","name":"Passy Pizza","phone":"+33608366373","ref:FR:SIRET":"45368935800027"}},"geometry":{"type":"Point","coordinates":[6.715084,45.9410705]}},{"type":"Feature","properties":{"@id":"node/11635480723","kind":"refreshment","name":"Restaurant scolaire Graine de Délice","tags":{"amenity":"restaurant","name":"Restaurant scolaire Graine de Délice"}},"geometry":{"type":"Point","coordinates":[6.7083084,45.9370949]}},{"type":"Feature","properties":{"@id":"node/4377156692","kind":"toilets","name":null,"tags":{"amenity":"toilets"}},"geometry":{"type":"Point","coordinates":[6.7114794,45.9388832]}},{"type":"Feature","properties":{"@id":"node/10009144793","kind":"water","name":null,"tags":{"amenity":"drinking_water"}},"geometry":{"type":"Point","coordinates":[6.7085159,45.9390645]}},{"type":"Feature","properties":{"@id":"node/13714376070","kind":"water","name":null,"tags":{"amenity":"drinking_water"}},"geometry":{"type":"Point","coordinates":[6.7077627,45.9380741]}},{"type":"Feature","properties":{"@id":"way/78659073","kind":"shelter","name":null,"tags":{"amenity":"shelter","building":"yes","source":"cadastre-dgi-fr source : Direction Générale des Impôts - Cadastre. Mise à jour : 2010","wall":"no"}},"geometry":{"type":"Point","coordinates":[6.7115144,45.9389115]}},{"type":"Feature","properties":{"@id":"node/6331928068","kind":"sight","name":"La grande échelle","tags":{"artist:wikipedia":"fr:Charles Semser","artist_name":"Charles Semser","artwork_type":"sculpture","material":"concrete","name":"La grande échelle","start_date":"1973","tourism":"artwork"}},"geometry":{"type":"Point","coordinates":[6.7071662,45.9393869]}},{"type":"Feature","properties":{"@id":"node/10009128966","kind":"sight","name":"Plaidoyer pour les Droits de l'Homme","tags":{"artist_name":"Gilles Roussi","artwork_type":"installation","name":"Plaidoyer pour les Droits de l'Homme","tourism":"artwork"}},"geometry":{"type":"Point","coordinates":[6.7097891,45.9391417]}},{"type":"Feature","properties":{"@id":"node/12638251765","kind":"sight","name":null,"tags":{"artwork_type":"sculpture","tourism":"artwork"}},"geometry":{"type":"Point","coordinates":[6.7195062,45.9417621]}},{"type":"Feature","properties":{"@id":"node/12638251766","kind":"sight","name":null,"tags":{"artwork_type":"sculpture","tourism":"artwork"}},"geometry":{"type":"Point","coordinates":[6.7194191,45.9418973]}},{"type":"Feature","properties":{"@id":"way/78662662","kind":"sight","name":"Sanatorium Martel de Janville","tags":{"building":"yes","heritage":"3","heritage:operator":"mhs","historic":"building","mhs:inscription_date":"2008-05-15","name":"Sanatorium Martel de Janville","old_name":"Sanatorium Martel de Janville","ref:mhs":"PA74000012","source":"cadastre-dgi-fr source : Direction Générale des Impôts - Cadastre. Mise à jour : 2010","source:heritage":"data.gouv.fr:Ministère de la Culture - 04/2015","source:old_name":"http://www.caue74.fr/media/documents/referentiel-impression/architectures-d-une-station-passy-plateau-d-assy.pdf","start_date":"1937","tourism":"attraction","wikidata":"Q3471671","wikimedia_commons":"Category:Sanatorium Martel de Janville (Passy)","wikipedia":"fr:Sanatorium Martel de Janville"}},"geometry":{"type":"Point","coordinates":[6.7163336,45.9447973]}},{"type":"Feature","properties":{"@id":"node/13714376071","kind":"picnic","name":null,"tags":{"bench":"yes","colour":"#63452c","leisure":"picnic_table"}},"geometry":{"type":"Point","coordinates":[6.7077252,45.9380497]}},{"type":"Feature","properties":{"@id":"node/14010732037","kind":"picnic","name":null,"tags":{"armrest":"no","backrest":"no","covered":"no","leisure":"picnic_table","material":"stone"}},"geometry":{"type":"Point","coordinates":[6.7256814,45.9439752]}},{"type":"Feature","properties":{"@id":"node/9983699581","kind":"sight","name":"Sanatorium \"Roc des Fiz\"","tags":{"commemoration_date":"1970-04-16","historic":"memorial","memorial":"sculpture","name":"Sanatorium \"Roc des Fiz\"","start_date":"2019-05-29","subject:wikidata":"Q2941692"}},"geometry":{"type":"Point","coordinates":[6.7216388,45.9462245]}},{"type":"Feature","properties":{"@id":"node/12638251771","kind":"sight","name":"Calvaire de Praz Coutant","tags":{"denomination":"catholic","historic":"wayside_cross","name":"Calvaire de Praz Coutant","ref:FR:MemorialGenWeb":"117130","religion":"christian","start_date":"1945","website":"https://www.histoire-passy-montblanc.fr/patrimoine-de-passy/patrimoine-religieux/les-croix-et-inscriptions-a-passy/calvaire-de-praz-coutant/"}},"geometry":{"type":"Point","coordinates":[6.721487,45.9466011]}},{"type":"Feature","properties":{"@id":"node/8985863493","kind":"refreshment","name":"Restaurant-Bar L'alpin","tags":{"amenity":"bar","name":"Restaurant-Bar L'alpin"}},"geometry":{"type":"Point","coordinates":[6.7398991,45.5711245]}},{"type":"Feature","properties":{"@id":"node/9557166585","kind":"refreshment","name":"La Bergerie de Raphaël","tags":{"amenity":"restaurant","contact:website":"https://www.peisey-vallandry.com/restaurant/la-bergerie-de-raphael.html","cuisine":"regional","name":"La Bergerie de Raphaël"}},"geometry":{"type":"Point","coordinates":[6.7634198,45.5573144]}},{"type":"Feature","properties":{"@id":"node/9557293365","kind":"refreshment","name":"El Calzone","tags":{"amenity":"fast_food","cuisine":"pizza","name":"El Calzone"}},"geometry":{"type":"Point","coordinates":[6.7620799,45.5560531]}},{"type":"Feature","properties":{"@id":"node/9557293366","kind":"refreshment","name":"L'Adress","tags":{"amenity":"restaurant","cuisine":"french;regional","name":"L'Adress","outdoor_seating":"yes","phone":"+33479068270","website":"https://ladress-vallandry.fr/"}},"geometry":{"type":"Point","coordinates":[6.7623557,45.5564528]}},{"type":"Feature","properties":{"@id":"node/9557293368","kind":"refreshment","name":"Mojo Bar","tags":{"amenity":"bar","name":"Mojo Bar"}},"geometry":{"type":"Point","coordinates":[6.7621929,45.5565783]}},{"type":"Feature","properties":{"@id":"node/9557593601","kind":"refreshment","name":"Le Rilax","tags":{"amenity":"restaurant","contact:facebook":"https://www.facebook.com/people/Restaurant-Le-Rilax/61566306186681/","cuisine":"french;crepe","name":"Le Rilax","outdoor_seating":"yes","phone":"+33479042165"}},"geometry":{"type":"Point","coordinates":[6.7621998,45.5560752]}},{"type":"Feature","properties":{"@id":"node/9557607844","kind":"refreshment","name":"Le Bistrot Savoyard","tags":{"amenity":"restaurant","contact:facebook":"https://www.facebook.com/lebistrot.vallandry","email":"lebistrot.vallandry@orange.fr","name":"Le Bistrot Savoyard","phone":"+33479042099"}},"geometry":{"type":"Point","coordinates":[6.7624307,45.5565964]}},{"type":"Feature","properties":{"@id":"node/14070822530","kind":"refreshment","name":"Au Col Du Palet","tags":{"addr:housenumber":"28","addr:street":"Route de Peisey","amenity":"restaurant","brand:facebook":"https://www.facebook.com/coldupalet/?locale=fr_FR","contact:email":"coldupalet@orange.fr","cuisine":"french;regional","name":"Au Col Du Palet","outdoor_seating":"yes","phone":"+33479070874","website":"https://www.lecoldupalet.fr/"}},"geometry":{"type":"Point","coordinates":[6.7387858,45.5708483]}},{"type":"Feature","properties":{"@id":"node/7192016747","kind":"toilets","name":null,"tags":{"access":"yes","amenity":"toilets","toilets:disposal":"flush","unisex":"yes","wheelchair":"yes"}},"geometry":{"type":"Point","coordinates":[6.7391325,45.5712863]}},{"type":"Feature","properties":{"@id":"node/7218483810","kind":"water","name":null,"tags":{"access":"yes","amenity":"drinking_water","bottle":"yes","check_date":"2026-08-09","fee":"no","man_made":"water_tap","wheelchair":"no"}},"geometry":{"type":"Point","coordinates":[6.7436792,45.5694869]}},{"type":"Feature","properties":{"@id":"node/7827821595","kind":"water","name":null,"tags":{"access":"yes","amenity":"drinking_water","bottle":"yes","check_date":"2026-08-09","fee":"no","man_made":"water_tap","wheelchair":"yes"}},"geometry":{"type":"Point","coordinates":[6.7391339,45.5712889]}},{"type":"Feature","properties":{"@id":"node/9927566464","kind":"water","name":null,"tags":{"access":"yes","amenity":"drinking_water","bottle":"yes","fee":"no"}},"geometry":{"type":"Point","coordinates":[6.7631549,45.5574089]}},{"type":"Feature","properties":{"@id":"node/9927566465","kind":"toilets","name":null,"tags":{"access":"yes","amenity":"toilets","changing_table":"no","fee":"no","wheelchair":"yes"}},"geometry":{"type":"Point","coordinates":[6.7622617,45.556435]}},{"type":"Feature","properties":{"@id":"node/11077310917","kind":"water","name":null,"tags":{"access":"yes","amenity":"drinking_water","bottle":"yes","fee":"no","wheelchair":"yes"}},"geometry":{"type":"Point","coordinates":[6.7622879,45.5564313]}},{"type":"Feature","properties":{"@id":"node/12115526906","kind":"picnic","name":null,"tags":{"access":"yes","amenity":"bbq","fuel":"wood"}},"geometry":{"type":"Point","coordinates":[6.7634984,45.5567076]}},{"type":"Feature","properties":{"@id":"node/12115526908","kind":"water","name":null,"tags":{"access":"yes","amenity":"drinking_water","bottle":"yes","drinking_water":"yes","fee":"no","wheelchair":"no"}},"geometry":{"type":"Point","coordinates":[6.7634323,45.5566775]}},{"type":"Feature","properties":{"@id":"node/12129454959","kind":"water","name":null,"tags":{"amenity":"fountain"}},"geometry":{"type":"Point","coordinates":[6.7688145,45.5633331]}},{"type":"Feature","properties":{"@id":"node/12132505205","kind":"water","name":null,"tags":{"amenity":"fountain"}},"geometry":{"type":"Point","coordinates":[6.7688363,45.5634037]}},{"type":"Feature","properties":{"@id":"node/13062001431","kind":"water","name":null,"tags":{"access":"yes","amenity":"drinking_water","bottle":"yes","fee":"no","man_made":"water_tap","wheelchair":"yes"}},"geometry":{"type":"Point","coordinates":[6.7536838,45.5699115]}},{"type":"Feature","properties":{"@id":"way/189685881","kind":"shelter","name":null,"tags":{"amenity":"shelter","building":"yes","source":"cadastre-dgi-fr source : Direction Générale des Impôts - Cadastre. Mise à jour : 2012"}},"geometry":{"type":"Point","coordinates":[6.7391592,45.5712566]}},{"type":"Feature","properties":{"@id":"node/4908168721","kind":"sight","name":"Bike Village","tags":{"name":"Bike Village","name:en":"Bike Village","tourism":"attraction"}},"geometry":{"type":"Point","coordinates":[6.7393595,45.5698887]}},{"type":"Feature","properties":{"@id":"node/14075202586","kind":"water","name":null,"tags":{"access":"yes","amenity":"drinking_water","bottle":"yes","fee":"no","man_made":"water_tap","wheelchair":"limited"}},"geometry":{"type":"Point","coordinates":[6.742316,45.5727485]}},{"type":"Feature","properties":{"@id":"node/14079002201","kind":"water","name":null,"tags":{"access":"yes","drinking_water":"no","drinking_water:legal":"no","man_made":"water_tap","manmade":"water","note":"Panneau Eau non potable"}},"geometry":{"type":"Point","coordinates":[6.7634877,45.5685537]}},{"type":"Feature","properties":{"@id":"node/7191998638","kind":"picnic","name":null,"tags":{"bench":"yes","leisure":"picnic_table","lit":"no","material":"wood"}},"geometry":{"type":"Point","coordinates":[6.7419791,45.568826]}},{"type":"Feature","properties":{"@id":"node/9929935244","kind":"picnic","name":null,"tags":{"leisure":"picnic_table"}},"geometry":{"type":"Point","coordinates":[6.7627291,45.5568334]}},{"type":"Feature","properties":{"@id":"node/11077310918","kind":"picnic","name":null,"tags":{"leisure":"picnic_table"}},"geometry":{"type":"Point","coordinates":[6.7635037,45.5566617]}},{"type":"Feature","properties":{"@id":"node/11077310919","kind":"picnic","name":null,"tags":{"leisure":"picnic_table"}},"geometry":{"type":"Point","coordinates":[6.7632918,45.5567532]}},{"type":"Feature","properties":{"@id":"node/12127970238","kind":"picnic","name":null,"tags":{"leisure":"picnic_table"}},"geometry":{"type":"Point","coordinates":[6.7442155,45.5660623]}},{"type":"Feature","properties":{"@id":"node/12161712185","kind":"sight","name":null,"tags":{"historic":"memorial","memorial":"plaque","ref:FR:MemorialGenWeb":"8750"}},"geometry":{"type":"Point","coordinates":[6.7431117,45.5697793]}},{"type":"Feature","properties":{"@id":"node/12161712186","kind":"sight","name":null,"tags":{"historic":"memorial","memorial":"war_memorial","ref:FR:MemorialGenWeb":"5335","wikidata":"Q136059152"}},"geometry":{"type":"Point","coordinates":[6.7410196,45.5694324]}},{"type":"Feature","properties":{"@id":"way/1083559216","kind":"sight","name":null,"tags":{"historic":"ruins","ruins":"house"}},"geometry":{"type":"Point","coordinates":[6.7610877,45.5680894]}},{"type":"Feature","properties":{"@id":"way/1083559217","kind":"sight","name":null,"tags":{"historic":"ruins","ruins":"house"}},"geometry":{"type":"Point","coordinates":[6.7589686,45.5639879]}},{"type":"Feature","properties":{"@id":"way/1083559221","kind":"sight","name":null,"tags":{"historic":"ruins","ruins":"house"}},"geometry":{"type":"Point","coordinates":[6.7556052,45.559375]}},{"type":"Feature","properties":{"@id":"node/10106808952","kind":"water","name":null,"tags":{"amenity":"drinking_water"}},"geometry":{"type":"Point","coordinates":[6.4060345,45.1961548]}},{"type":"Feature","properties":{"@id":"node/3050698958","kind":"viewpoint","name":"Pain de Sucre","tags":{"name":"Pain de Sucre","tourism":"viewpoint"}},"geometry":{"type":"Point","coordinates":[6.4170256,45.1896626]}},{"type":"Feature","properties":{"@id":"node/7546130020","kind":"water","name":"Source sud du Ruisseau des Moulins","tags":{"name":"Source sud du Ruisseau des Moulins","natural":"spring"}},"geometry":{"type":"Point","coordinates":[6.3812499,45.1880351]}},{"type":"Feature","properties":{"@id":"node/8996786903","kind":"water","name":null,"tags":{"man_made":"spring_box","natural":"spring","source":"IGN - 2021-06"}},"geometry":{"type":"Point","coordinates":[6.4058399,45.1958585]}},{"type":"Feature","properties":{"@id":"node/8996786904","kind":"water","name":null,"tags":{"man_made":"spring_box","natural":"spring","source":"IGN - 2021-06"}},"geometry":{"type":"Point","coordinates":[6.410625,45.1972139]}},{"type":"Feature","properties":{"@id":"node/9953571389","kind":"water","name":null,"tags":{"natural":"spring"}},"geometry":{"type":"Point","coordinates":[6.4159464,45.1926761]}},{"type":"Feature","properties":{"@id":"node/11205125594","kind":"water","name":null,"tags":{"access":"yes","natural":"spring"}},"geometry":{"type":"Point","coordinates":[6.4102124,45.1948198]}},{"type":"Feature","properties":{"@id":"way/316607877","kind":"refreshment","name":"Au Petit Savoyard","tags":{"addr:housenumber":"2581","addr:street":"Route de Très le Mont","amenity":"restaurant","building":"commercial","building:levels":"1","contact:phone":"+33 4 50 73 83 08","contact:website":"http://www.au-petit-savoyard.fr/","cuisine":"regional","name":"Au Petit Savoyard","outdoor_seating":"yes","roof:orientation":"along","roof:shape":"gabled","source":"cadastre-dgi-fr source : Direction Générale des Finances Publiques - Cadastre. Mise à jour : 2014"}},"geometry":{"type":"Point","coordinates":[6.4917879,46.2855129]}},{"type":"Feature","properties":{"@id":"way/948858280","kind":"refreshment","name":"La Ferme de Paul et Mimi","tags":{"addr:housenumber":"2860","addr:street":"Route du Col du Feu","amenity":"restaurant","building":"commercial","building:levels":"2","contact:phone":"+33 4 50 73 81 09","name":"La Ferme de Paul et Mimi","outdoor_seating":"yes","ref:FR:SIRET":"75362177000019","roof:orientation":"across","roof:shape":"gabled"}},"geometry":{"type":"Point","coordinates":[6.509539,46.2943414]}},{"type":"Feature","properties":{"@id":"way/1121087974","kind":"water","name":null,"tags":{"amenity":"watering_place","material":"metal"}},"geometry":{"type":"Point","coordinates":[6.489026,46.2836427]}},{"type":"Feature","properties":{"@id":"way/1285523099","kind":"shelter","name":null,"tags":{"amenity":"shelter","shelter_type":"field_shelter"}},"geometry":{"type":"Point","coordinates":[6.5100599,46.2964333]}},{"type":"Feature","properties":{"@id":"way/1285523100","kind":"shelter","name":null,"tags":{"amenity":"shelter","shelter_type":"field_shelter"}},"geometry":{"type":"Point","coordinates":[6.5104049,46.2965259]}},{"type":"Feature","properties":{"@id":"way/1285523101","kind":"shelter","name":null,"tags":{"amenity":"shelter","shelter_type":"field_shelter"}},"geometry":{"type":"Point","coordinates":[6.5103114,46.2963587]}},{"type":"Feature","properties":{"@id":"way/1382405793","kind":"water","name":null,"tags":{"amenity":"watering_place","material":"metal"}},"geometry":{"type":"Point","coordinates":[6.486968,46.2822929]}},{"type":"Feature","properties":{"@id":"node/2896197768","kind":"sight","name":"Saint-François-de-Sales","tags":{"artwork_type":"statue","name":"Saint-François-de-Sales","pedestal:height":"5","start_date":"1898-09-21","statue:material":"bronze","statue:weight":"0.7","subject:wikidata":"Q231256","tourism":"artwork"}},"geometry":{"type":"Point","coordinates":[6.4881,46.2736871]}},{"type":"Feature","properties":{"@id":"node/9754317107","kind":"picnic","name":null,"tags":{"tourism":"picnic_site"}},"geometry":{"type":"Point","coordinates":[6.4904182,46.2777254]}},{"type":"Feature","properties":{"@id":"node/12431790771","kind":"sight","name":null,"tags":{"artwork_type":"statue","tourism":"artwork"}},"geometry":{"type":"Point","coordinates":[6.4896392,46.2758975]}},{"type":"Feature","properties":{"@id":"node/12798719521","kind":"sight","name":null,"tags":{"artwork_type":"installation","description":"Dépeint un parapentiste","material":"metal","tourism":"artwork"}},"geometry":{"type":"Point","coordinates":[6.4893217,46.2856604]}},{"type":"Feature","properties":{"@id":"node/5290476279","kind":"sight","name":null,"tags":{"denomination":"roman_catholic","description":"Oratoire taillé dans un unique bloc calcaire","historic":"wayside_shrine","inscription":"Guerim Frossard Deiullin","material":"limestone","religion":"christian","start_date":"1766"}},"geometry":{"type":"Point","coordinates":[6.5091007,46.2944464]}},{"type":"Feature","properties":{"@id":"node/8783847957","kind":"sight","name":null,"tags":{"cross:material":"metal","denomination":"roman_catholic","historic":"wayside_cross","inscription":"Tout ce qui est fait par amour est amour","pedestal:material":"granite","religion":"christian"}},"geometry":{"type":"Point","coordinates":[6.5105025,46.2952023]}},{"type":"Feature","properties":{"@id":"node/11009660776","kind":"sight","name":null,"tags":{"denomination":"roman_catholic","historic":"wayside_shrine","religion":"christian"}},"geometry":{"type":"Point","coordinates":[6.4911054,46.2850675]}},{"type":"Feature","properties":{"@id":"node/3639337577","kind":"water","name":null,"tags":{"amenity":"drinking_water","ele":"816","lit":"no","start_date":"1954"}},"geometry":{"type":"Point","coordinates":[6.7859523,46.060774]}},{"type":"Feature","properties":{"@id":"node/6763463411","kind":"shelter","name":null,"tags":{"amenity":"shelter","bench":"no","bin":"no","ele":"1181","shelter_type":"rock_shelter"}},"geometry":{"type":"Point","coordinates":[6.7943465,46.0696995]}},{"type":"Feature","properties":{"@id":"node/6763549732","kind":"water","name":null,"tags":{"amenity":"watering_place"}},"geometry":{"type":"Point","coordinates":[6.8003824,46.0773015]}},{"type":"Feature","properties":{"@id":"node/6763549733","kind":"water","name":null,"tags":{"amenity":"watering_place"}},"geometry":{"type":"Point","coordinates":[6.8024261,46.0781715]}},{"type":"Feature","properties":{"@id":"node/6763613807","kind":"water","name":null,"tags":{"amenity":"drinking_water"}},"geometry":{"type":"Point","coordinates":[6.8053452,46.088554]}},{"type":"Feature","properties":{"@id":"node/6763613837","kind":"water","name":null,"tags":{"amenity":"drinking_water"}},"geometry":{"type":"Point","coordinates":[6.8056749,46.0883962]}},{"type":"Feature","properties":{"@id":"node/12098756145","kind":"water","name":null,"tags":{"amenity":"watering_place","fee":"no"}},"geometry":{"type":"Point","coordinates":[6.8037529,46.0835297]}},{"type":"Feature","properties":{"@id":"way/720857221","kind":"water","name":null,"tags":{"amenity":"watering_place"}},"geometry":{"type":"Point","coordinates":[6.8063318,46.0884966]}},{"type":"Feature","properties":{"@id":"node/3639338072","kind":"sight","name":null,"tags":{"denomination":"roman_catholic","fixme":"emplacement peut-être à affiner . ajuster le 1.09.2019","historic":"wayside_cross","material":"steel","religion":"christian"}},"geometry":{"type":"Point","coordinates":[6.7894221,46.0660848]}},{"type":"Feature","properties":{"@id":"node/3639338409","kind":"sight","name":null,"tags":{"access":"yes","denomination":"roman_catholic","historic":"wayside_shrine","religion":"christian"}},"geometry":{"type":"Point","coordinates":[6.7904194,46.0660782]}},{"type":"Feature","properties":{"@id":"node/4387256169","kind":"sight","name":null,"tags":{"denomination":"roman_catholic","historic":"wayside_cross","religion":"christian"}},"geometry":{"type":"Point","coordinates":[6.7933496,46.0613898]}},{"type":"Feature","properties":{"@id":"node/4598327309","kind":"sight","name":null,"tags":{"access":"yes","denomination":"roman_catholic","historic":"wayside_shrine","inscription":"Érigé à la mémoire de Joseph Marie Barbier","religion":"christian"}},"geometry":{"type":"Point","coordinates":[6.7888627,46.05947]}},{"type":"Feature","properties":{"@id":"node/6763549735","kind":"sight","name":"Croix à Augustin","tags":{"ele":"1604","historic":"wayside_cross","material":"steel","name":"Croix à Augustin"}},"geometry":{"type":"Point","coordinates":[6.8033853,46.0833929]}},{"type":"Feature","properties":{"@id":"node/6763653187","kind":"sight","name":null,"tags":{"access":"yes","denomination":"roman_catholic","historic":"wayside_shrine","religion":"christian"}},"geometry":{"type":"Point","coordinates":[6.8053538,46.0891436]}},{"type":"Feature","properties":{"@id":"node/6763886884","kind":"sight","name":null,"tags":{"access":"yes","denomination":"roman_catholic","historic":"wayside_shrine","inscription":"1840","religion":"christian"}},"geometry":{"type":"Point","coordinates":[6.7914142,46.0595585]}},{"type":"Feature","properties":{"@id":"way/225321401","kind":"sight","name":null,"tags":{"access":"yes","building":"wayside_shrine","denomination":"roman_catholic","historic":"wayside_shrine","religion":"christian","source":"cadastre-dgi-fr source : Direction Générale des Finances Publiques - Cadastre. Mise à jour : 2013"}},"geometry":{"type":"Point","coordinates":[6.7845607,46.0584292]}},{"type":"Feature","properties":{"@id":"node/3701323787","kind":"water","name":null,"tags":{"amenity":"fountain","drinking_water":"yes","fountain":"drinking","lit":"no"}},"geometry":{"type":"Point","coordinates":[6.821087,46.057721]}},{"type":"Feature","properties":{"@id":"node/13657770706","kind":"water","name":null,"tags":{"amenity":"drinking_water"}},"geometry":{"type":"Point","coordinates":[6.8210869,46.0577305]}},{"type":"Feature","properties":{"@id":"node/3701322107","kind":"sight","name":null,"tags":{"historic":"wayside_cross","layer":"1","material":"wood","religion":"christian"}},"geometry":{"type":"Point","coordinates":[6.8154841,46.0531868]}},{"type":"Feature","properties":{"@id":"node/3701323708","kind":"sight","name":"Croix Des Vagnys","tags":{"denomination":"roman_catholic","ele":"1334","historic":"wayside_cross","inscription":"2007","material":"wood","name":"Croix Des Vagnys","religion":"christian"}},"geometry":{"type":"Point","coordinates":[6.7912596,46.0466429]}},{"type":"Feature","properties":{"@id":"node/3701323709","kind":"sight","name":null,"tags":{"historic":"wayside_cross","inscription":"1991","material":"wood","religion":"christian"}},"geometry":{"type":"Point","coordinates":[6.8084905,46.0528772]}},{"type":"Feature","properties":{"@id":"node/3701323788","kind":"sight","name":null,"tags":{"historic":"wayside_cross","inscription":"1907","material":"wood"}},"geometry":{"type":"Point","coordinates":[6.8211094,46.0577221]}},{"type":"Feature","properties":{"@id":"node/3701323937","kind":"sight","name":"Croix des Mouillettes","tags":{"denomination":"roman_catholic","ele":"1510","historic":"wayside_cross","inscription":"1991","material":"wood","name":"Croix des Mouillettes","religion":"christian"}},"geometry":{"type":"Point","coordinates":[6.8014478,46.0534367]}},{"type":"Feature","properties":{"@id":"way/1089833591","kind":"sight","name":null,"tags":{"historic":"ruins","ruins":"house"}},"geometry":{"type":"Point","coordinates":[6.7890214,46.0468003]}},{"type":"Feature","properties":{"@id":"way/1089833592","kind":"sight","name":null,"tags":{"historic":"ruins","ruins":"house"}},"geometry":{"type":"Point","coordinates":[6.7901928,46.0466751]}},{"type":"Feature","properties":{"@id":"node/10896317245","kind":"water","name":null,"tags":{"amenity":"drinking_water"}},"geometry":{"type":"Point","coordinates":[6.49394,45.39841]}},{"type":"Feature","properties":{"@id":"node/10896320362","kind":"toilets","name":null,"tags":{"access":"yes","amenity":"toilets","fee":"no","indoor":"yes"}},"geometry":{"type":"Point","coordinates":[6.4940914,45.3873596]}},{"type":"Feature","properties":{"@id":"node/10896560706","kind":"water","name":null,"tags":{"amenity":"watering_place","start_date":"1843"}},"geometry":{"type":"Point","coordinates":[6.4937142,45.3878756]}},{"type":"Feature","properties":{"@id":"node/9633101722","kind":"sight","name":"Cheminées de fées","tags":{"name":"Cheminées de fées","tourism":"attraction"}},"geometry":{"type":"Point","coordinates":[6.4898166,45.400927]}},{"type":"Feature","properties":{"@id":"node/12978488315","kind":"viewpoint","name":"Demoiselles coiffées","tags":{"name":"Demoiselles coiffées","tourism":"viewpoint"}},"geometry":{"type":"Point","coordinates":[6.4896036,45.4009108]}},{"type":"Feature","properties":{"@id":"node/13051997210","kind":"picnic","name":null,"tags":{"leisure":"picnic_table"}},"geometry":{"type":"Point","coordinates":[6.4940909,45.3873281]}},{"type":"Feature","properties":{"@id":"node/13052004504","kind":"picnic","name":null,"tags":{"leisure":"picnic_table"}},"geometry":{"type":"Point","coordinates":[6.4938333,45.3873333]}},{"type":"Feature","properties":{"@id":"node/6815756624","kind":"sight","name":"Pierre Chevetta","tags":{"alt_name":"Pierra Chevetta","archaeological_site":"bigstone","historic":"archaeological_site","name":"Pierre Chevetta","name:fr":"Pierre de la Chouette"}},"geometry":{"type":"Point","coordinates":[6.4931795,45.3881839]}},{"type":"Feature","properties":{"@id":"node/2096804657","kind":"refreshment","name":"The Frog and Roastbeef","tags":{"addr:city":"Val Thorens","addr:street":"Rue de Gebroulaz","amenity":"pub","name":"The Frog and Roastbeef","note":"Claims to be the highest pub in Europe","website":"https://www.thefrogvt.com/"}},"geometry":{"type":"Point","coordinates":[6.5849785,45.2976863]}},{"type":"Feature","properties":{"@id":"node/2096804688","kind":"refreshment","name":"John's","tags":{"amenity":"restaurant","cuisine":"american","name":"John's","opening_hours":"Su-Fr,PH 18:00-23:00; Sa 12:00-23:00","ref:FR:SIRET":"42874954300016"}},"geometry":{"type":"Point","coordinates":[6.5838788,45.2968712]}},{"type":"Feature","properties":{"@id":"node/2419309090","kind":"refreshment","name":"The Shamrock","tags":{"addr:city":"Val Thorens","addr:postcode":"73440","addr:street":"Rue du Soleil","amenity":"pub","check_date":"2026-01-20","description":"Irish Pub","name":"The Shamrock","opening_hours":"Mo-Su 16:00-02:00","phone":"+33 4 79 00 03 53","website":"http://www.shamrock-pub-valthorens.com"}},"geometry":{"type":"Point","coordinates":[6.5813879,45.2967181]}},{"type":"Feature","properties":{"@id":"node/4634925414","kind":"refreshment","name":"La Sabot de Vénus","tags":{"amenity":"bar","name":"La Sabot de Vénus"}},"geometry":{"type":"Point","coordinates":[6.5826386,45.2987216]}},{"type":"Feature","properties":{"@id":"node/4634925421","kind":"refreshment","name":"Le Dandy","tags":{"amenity":"restaurant","name":"Le Dandy"}},"geometry":{"type":"Point","coordinates":[6.5825726,45.2987226]}},{"type":"Feature","properties":{"@id":"node/5436807278","kind":"refreshment","name":null,"tags":{"amenity":"restaurant","outdoor_seating":"yes"}},"geometry":{"type":"Point","coordinates":[6.5873515,45.2953284]}},{"type":"Feature","properties":{"@id":"node/6404760468","kind":"refreshment","name":"La Cave","tags":{"amenity":"pub","name":"La Cave"}},"geometry":{"type":"Point","coordinates":[6.5854171,45.2988739]}},{"type":"Feature","properties":{"@id":"node/6404760619","kind":"refreshment","name":"La Cave","tags":{"amenity":"restaurant","name":"La Cave"}},"geometry":{"type":"Point","coordinates":[6.5854819,45.2988503]}},{"type":"Feature","properties":{"@id":"node/7475361743","kind":"refreshment","name":"Le Zinc","tags":{"addr:city":"Val Thorens","addr:postcode":"73440","addr:street":"Rue de la Lombarde","amenity":"bar","brewery":"Carlsberg;Grimbergen","level":"0","name":"Le Zinc","outdoor_seating":"no","phone":"+33479000404","smoking":"outside","website":"https://www.fahrenheitseven.com/val-thorens/rotisserie-val-thorens-restaurant.html#zinc","wheelchair":"yes"}},"geometry":{"type":"Point","coordinates":[6.5840457,45.2952978]}},{"type":"Feature","properties":{"@id":"node/9272735071","kind":"refreshment","name":"Winter café","tags":{"amenity":"fast_food","check_date:opening_hours":"2025-01-31","food":"pizza,burger","name":"Winter café","opening_hours":"Mo-Su 09:00-02:00"}},"geometry":{"type":"Point","coordinates":[6.5853327,45.2967623]}},{"type":"Feature","properties":{"@id":"node/11739088887","kind":"refreshment","name":"O'Connels","tags":{"amenity":"pub","name":"O'Connels","outdoor_seating":"yes"}},"geometry":{"type":"Point","coordinates":[6.5852091,45.2974092]}},{"type":"Feature","properties":{"@id":"node/11778357651","kind":"refreshment","name":"Favela","tags":{"addr:city":"Val Thorens","addr:postcode":"73440","addr:street":"Rue de Gebroulaz","amenity":"restaurant","cuisine":"tex-mex","name":"Favela","opening_hours":"Sa-Su 12:00-01:30; Mo-Fr 15:00-01:30","website":"https://www.favelavalthorens.com/"}},"geometry":{"type":"Point","coordinates":[6.5848796,45.2972661]}},{"type":"Feature","properties":{"@id":"node/12050741535","kind":"refreshment","name":"Café Péclet","tags":{"amenity":"restaurant","name":"Café Péclet","ref:FR:SIRET":"51869401300013"}},"geometry":{"type":"Point","coordinates":[6.5853083,45.2967321]}},{"type":"Feature","properties":{"@id":"node/12633146240","kind":"refreshment","name":"Le Roy Bar","tags":{"amenity":"bar","name":"Le Roy Bar","website":"https://www.beaumier.com/fr/proprietes/hotel-le-fitz-roy/gastronomie/"}},"geometry":{"type":"Point","coordinates":[6.5830062,45.2982197]}},{"type":"Feature","properties":{"@id":"node/12633146241","kind":"refreshment","name":"Beca","tags":{"amenity":"restaurant","name":"Beca","phone":"+33 4 79 00 04 78","website":"https://www.beaumier.com/fr/proprietes/hotel-le-fitz-roy/gastronomie/"}},"geometry":{"type":"Point","coordinates":[6.5829035,45.29835]}},{"type":"Feature","properties":{"@id":"node/13573053082","kind":"refreshment","name":"Enjoy It","tags":{"amenity":"restaurant","name":"Enjoy It"}},"geometry":{"type":"Point","coordinates":[6.5814558,45.2962511]}},{"type":"Feature","properties":{"@id":"node/13575452876","kind":"refreshment","name":"Yuki Yama","tags":{"amenity":"restaurant","cuisine":"asian","name":"Yuki Yama"}},"geometry":{"type":"Point","coordinates":[6.5837576,45.2970293]}},{"type":"Feature","properties":{"@id":"node/13575486849","kind":"refreshment","name":"La Fondue","tags":{"amenity":"restaurant","name":"La Fondue"}},"geometry":{"type":"Point","coordinates":[6.5831499,45.2975394]}},{"type":"Feature","properties":{"@id":"node/13575488523","kind":"refreshment","name":"Le Confidentiel","tags":{"amenity":"restaurant","name":"Le Confidentiel"}},"geometry":{"type":"Point","coordinates":[6.5838803,45.2966056]}},{"type":"Feature","properties":{"@id":"node/13575521850","kind":"refreshment","name":"La Pause de Pierrette","tags":{"amenity":"restaurant","name":"La Pause de Pierrette"}},"geometry":{"type":"Point","coordinates":[6.5844258,45.2965018]}},{"type":"Feature","properties":{"@id":"node/13575528056","kind":"refreshment","name":"Club 72","tags":{"amenity":"restaurant","cuisine":"steak_house","name":"Club 72"}},"geometry":{"type":"Point","coordinates":[6.5853742,45.2971537]}},{"type":"Feature","properties":{"@id":"node/13575529593","kind":"refreshment","name":"Le Monde","tags":{"amenity":"pub","name":"Le Monde"}},"geometry":{"type":"Point","coordinates":[6.5853228,45.2969375]}},{"type":"Feature","properties":{"@id":"node/13575531461","kind":"refreshment","name":"The Shelter","tags":{"amenity":"restaurant","name":"The Shelter"}},"geometry":{"type":"Point","coordinates":[6.5853195,45.2972474]}},{"type":"Feature","properties":{"@id":"way/46799920","kind":"refreshment","name":"Le Rendez-Vous","tags":{"amenity":"restaurant","building":"yes","craft":"brewery","microbrewery":"yes","name":"Le Rendez-Vous","ref:FR:SIRET":"50159589600017","source":"cadastre-dgi-fr source : Direction Générale des Impôts - Cadastre ; mise à jour : 2009"}},"geometry":{"type":"Point","coordinates":[6.5811409,45.2963029]}},{"type":"Feature","properties":{"@id":"way/181942804","kind":"refreshment","name":"Chalet de la Marine","tags":{"amenity":"restaurant","building":"yes","name":"Chalet de la Marine","source":"cadastre-dgi-fr source : Direction Générale des Impôts - Cadastre. Mise à jour : 2012"}},"geometry":{"type":"Point","coordinates":[6.5893558,45.2896028]}},{"type":"Feature","properties":{"@id":"node/4176916491","kind":"toilets","name":null,"tags":{"access":"yes","amenity":"toilets","fee":"no","wheelchair":"yes"}},"geometry":{"type":"Point","coordinates":[6.585007,45.2967644]}},{"type":"Feature","properties":{"@id":"node/8426331336","kind":"toilets","name":null,"tags":{"amenity":"toilets"}},"geometry":{"type":"Point","coordinates":[6.5816204,45.2973951]}},{"type":"Feature","properties":{"@id":"node/6408898003","kind":"picnic","name":"Aire de pique-nique Cosmojet","tags":{"name":"Aire de pique-nique Cosmojet","tourism":"picnic_site"}},"geometry":{"type":"Point","coordinates":[6.5804732,45.29432]}},{"type":"Feature","properties":{"@id":"node/9914312685","kind":"information","name":"Espace propriétaire","tags":{"information":"office","name":"Espace propriétaire","tourism":"information"}},"geometry":{"type":"Point","coordinates":[6.5822831,45.2984875]}},{"type":"Feature","properties":{"@id":"node/11049045868","kind":"picnic","name":null,"tags":{"leisure":"picnic_table"}},"geometry":{"type":"Point","coordinates":[6.5859659,45.2919996]}},{"type":"Feature","properties":{"@id":"node/11049047086","kind":"picnic","name":null,"tags":{"leisure":"picnic_table"}},"geometry":{"type":"Point","coordinates":[6.5859492,45.2918347]}},{"type":"Feature","properties":{"@id":"way/246558923","kind":"refreshment","name":"Le Dandy","tags":{"addr:city":"Combloux","addr:postcode":"74920","addr:street":"Plan Perret","amenity":"restaurant","building":"yes","cuisine":"french","name":"Le Dandy","source":"cadastre-dgi-fr source : Direction Générale des Finances Publiques - Cadastre. Mise à jour : 2013"}},"geometry":{"type":"Point","coordinates":[6.6448177,45.897971]}},{"type":"Feature","properties":{"@id":"node/7129047720","kind":"picnic","name":null,"tags":{"access":"yes","amenity":"bbq","covered":"no","fuel":"electric"}},"geometry":{"type":"Point","coordinates":[6.6454686,45.896987]}},{"type":"Feature","properties":{"@id":"node/11068833833","kind":"water","name":null,"tags":{"amenity":"drinking_water"}},"geometry":{"type":"Point","coordinates":[6.6427322,45.8994544]}},{"type":"Feature","properties":{"@id":"node/514259035","kind":"viewpoint","name":null,"tags":{"tourism":"viewpoint"}},"geometry":{"type":"Point","coordinates":[6.6447595,45.8973694]}},{"type":"Feature","properties":{"@id":"node/7129047714","kind":"picnic","name":null,"tags":{"bench":"yes","leisure":"picnic_table","lit":"no","material":"wood"}},"geometry":{"type":"Point","coordinates":[6.646171,45.8967571]}},{"type":"Feature","properties":{"@id":"node/7182140516","kind":"picnic","name":null,"tags":{"bench":"yes","leisure":"picnic_table","material":"wood"}},"geometry":{"type":"Point","coordinates":[6.6444527,45.8966435]}},{"type":"Feature","properties":{"@id":"node/7182140517","kind":"picnic","name":null,"tags":{"covered":"no","leisure":"picnic_table"}},"geometry":{"type":"Point","coordinates":[6.6439555,45.8973874]}},{"type":"Feature","properties":{"@id":"node/9207880435","kind":"picnic","name":null,"tags":{"bench":"yes","leisure":"picnic_table","lit":"no","material":"wood"}},"geometry":{"type":"Point","coordinates":[6.6448668,45.8991195]}},{"type":"Feature","properties":{"@id":"node/9227741291","kind":"picnic","name":null,"tags":{"bench":"yes","covered":"no","leisure":"picnic_table","material":"wood"}},"geometry":{"type":"Point","coordinates":[6.6474504,45.8987185]}},{"type":"Feature","properties":{"@id":"node/9227741292","kind":"picnic","name":null,"tags":{"bench":"yes","covered":"no","leisure":"picnic_table","material":"wood"}},"geometry":{"type":"Point","coordinates":[6.6474499,45.8988229]}},{"type":"Feature","properties":{"@id":"node/2399450912","kind":"refreshment","name":"Auberge du Cheval Noir","tags":{"amenity":"pub","name":"Auberge du Cheval Noir"}},"geometry":{"type":"Point","coordinates":[6.45592,45.4793657]}},{"type":"Feature","properties":{"@id":"node/2917515818","kind":"water","name":null,"tags":{"amenity":"fountain","source":"cadastre-dgi-fr source : Direction Générale des Impôts - Cadastre. Mise à jour : 2014"}},"geometry":{"type":"Point","coordinates":[6.4539763,45.4785924]}},{"type":"Feature","properties":{"@id":"node/11175078325","kind":"water","name":null,"tags":{"access":"yes","amenity":"drinking_water"}},"geometry":{"type":"Point","coordinates":[6.4706423,45.4906576]}},{"type":"Feature","properties":{"@id":"node/11175085052","kind":"water","name":null,"tags":{"amenity":"drinking_water"}},"geometry":{"type":"Point","coordinates":[6.4656752,45.4882652]}},{"type":"Feature","properties":{"@id":"node/11175085075","kind":"water","name":null,"tags":{"access":"yes","amenity":"drinking_water"}},"geometry":{"type":"Point","coordinates":[6.4626272,45.4852]}},{"type":"Feature","properties":{"@id":"node/11177202709","kind":"water","name":null,"tags":{"amenity":"drinking_water"}},"geometry":{"type":"Point","coordinates":[6.4555032,45.4762587]}},{"type":"Feature","properties":{"@id":"node/11603112879","kind":"water","name":null,"tags":{"amenity":"drinking_water","drinking_water":"yes"}},"geometry":{"type":"Point","coordinates":[6.4646402,45.4868405]}},{"type":"Feature","properties":{"@id":"node/11833343908","kind":"water","name":null,"tags":{"amenity":"fountain"}},"geometry":{"type":"Point","coordinates":[6.4576987,45.4887595]}},{"type":"Feature","properties":{"@id":"node/12878746979","kind":"water","name":null,"tags":{"access":"yes","amenity":"drinking_water"}},"geometry":{"type":"Point","coordinates":[6.4551981,45.4791621]}},{"type":"Feature","properties":{"@id":"node/12878746980","kind":"water","name":null,"tags":{"access":"yes","amenity":"drinking_water"}},"geometry":{"type":"Point","coordinates":[6.4579165,45.4794479]}},{"type":"Feature","properties":{"@id":"node/12878746981","kind":"water","name":null,"tags":{"access":"yes","amenity":"drinking_water"}},"geometry":{"type":"Point","coordinates":[6.4560481,45.4784666]}},{"type":"Feature","properties":{"@id":"node/12878746982","kind":"toilets","name":null,"tags":{"access":"yes","amenity":"toilets"}},"geometry":{"type":"Point","coordinates":[6.4562844,45.4785588]}},{"type":"Feature","properties":{"@id":"node/12878749956","kind":"water","name":null,"tags":{"access":"permissive","amenity":"drinking_water"}},"geometry":{"type":"Point","coordinates":[6.4668931,45.4807985]}},{"type":"Feature","properties":{"@id":"node/13240751601","kind":"water","name":"Fontaine du Fey-Dessous","tags":{"amenity":"fountain","name":"Fontaine du Fey-Dessous"}},"geometry":{"type":"Point","coordinates":[6.4728296,45.4887218]}},{"type":"Feature","properties":{"@id":"node/13240964301","kind":"water","name":null,"tags":{"amenity":"fountain"}},"geometry":{"type":"Point","coordinates":[6.4535856,45.4845155]}},{"type":"Feature","properties":{"@id":"node/13240964401","kind":"water","name":null,"tags":{"amenity":"fountain"}},"geometry":{"type":"Point","coordinates":[6.4552703,45.4862554]}},{"type":"Feature","properties":{"@id":"way/190313448","kind":"water","name":null,"tags":{"amenity":"watering_place","building":"yes","source":"cadastre-dgi-fr source : Direction Générale des Impôts - Cadastre. Mise à jour : 2012"}},"geometry":{"type":"Point","coordinates":[6.4577025,45.488773]}},{"type":"Feature","properties":{"@id":"way/282479789","kind":"shelter","name":null,"tags":{"amenity":"shelter","building":"yes","shelter_type":"public_transport","source":"cadastre-dgi-fr source : Direction Générale des Impôts - Cadastre. Mise à jour : 2014"}},"geometry":{"type":"Point","coordinates":[6.4708885,45.4910628]}},{"type":"Feature","properties":{"@id":"way/1274460128","kind":"shelter","name":null,"tags":{"amenity":"shelter","shelter_type":"public_transport"}},"geometry":{"type":"Point","coordinates":[6.4566486,45.4870854]}},{"type":"Feature","properties":{"@id":"node/6170378585","kind":"picnic","name":null,"tags":{"tourism":"picnic_site"}},"geometry":{"type":"Point","coordinates":[6.4599162,45.4822111]}},{"type":"Feature","properties":{"@id":"node/2917550168","kind":"sight","name":"Colonne féodale","tags":{"heritage":"3","heritage:operator":"mhs","historic":"wayside_cross","mhs:inscription_date":"1940-11-23","name":"Colonne féodale","ref:mhs":"PA00118157","source":"cadastre-dgi-fr source : Direction Générale des Impôts - Cadastre. Mise à jour : 2014","source:heritage":"data.gouv.fr, Ministère de la Culture - 2016","wikidata":"Q22968369"}},"geometry":{"type":"Point","coordinates":[6.4569301,45.4795244]}},{"type":"Feature","properties":{"@id":"node/1107459925","kind":"refreshment","name":"Les Voiles du Nant","tags":{"amenity":"restaurant","check_date:opening_hours":"2026-07-10","cuisine":"regional","name":"Les Voiles du Nant","opening_hours:signed":"no","outdoor_seating":"yes","website":"https://lesvoilesdunant.com/"}},"geometry":{"type":"Point","coordinates":[6.4242903,45.4481875]}},{"type":"Feature","properties":{"@id":"way/263813271","kind":"refreshment","name":"Le Prariond","tags":{"addr:city":"Valmorel","addr:postcode":"73260","amenity":"restaurant","building":"yes","cuisine":"regional;burger","name":"Le Prariond","outdoor_seating":"yes","phone":"+33 4 79 09 87 17","source":"cadastre-dgi-fr source : Direction Générale des Impôts - Cadastre. Mise à jour : 2014","website":"https://www.facebook.com/people/Le-Prariond-Valmorel/100063708963962/"}},"geometry":{"type":"Point","coordinates":[6.439545,45.4516087]}},{"type":"Feature","properties":{"@id":"way/662962303","kind":"refreshment","name":"L'Altipiano","tags":{"amenity":"restaurant","building":"yes","cuisine":"regional;barbecue","name":"L'Altipiano","outdoor_seating":"yes","phone":"+33 4 79 09 86 31","website":"https://www.restaurant-altipiano.fr/"}},"geometry":{"type":"Point","coordinates":[6.4396444,45.4426775]}},{"type":"Feature","properties":{"@id":"node/605234310","kind":"toilets","name":null,"tags":{"amenity":"toilets"}},"geometry":{"type":"Point","coordinates":[6.4408578,45.4428077]}},{"type":"Feature","properties":{"@id":"node/2971563064","kind":"viewpoint","name":"Table d'orientation","tags":{"name":"Table d'orientation","tourism":"viewpoint"}},"geometry":{"type":"Point","coordinates":[6.4250096,45.4495949]}},{"type":"Feature","properties":{"@id":"node/6184855685","kind":"picnic","name":null,"tags":{"tourism":"picnic_site"}},"geometry":{"type":"Point","coordinates":[6.4242709,45.4487885]}},{"type":"Feature","properties":{"@id":"node/9358238942","kind":"sight","name":"Tyrolienne","tags":{"aerialway":"station","aerialway:access":"entry","aerialway:summer:access":"entry","name":"Tyrolienne","public_transport":"station","sport":"climbing_adventure","tourism":"attraction","url":"https://www.magicadventure.org/la-tyrolienne"}},"geometry":{"type":"Point","coordinates":[6.4242364,45.4487085]}},{"type":"Feature","properties":{"@id":"way/1431440519","kind":"sight","name":"Snowtubing","tags":{"name":"Snowtubing","piste:type":"sled","tourism":"attraction","website":"https://www.valmorel.com/en/snow-tubing-2/"}},"geometry":{"type":"Point","coordinates":[6.4232696,45.4484004]}},{"type":"Feature","properties":{"@id":"node/9844500795","kind":"picnic","name":null,"tags":{"leisure":"picnic_table"}},"geometry":{"type":"Point","coordinates":[6.4228848,45.4471885]}},{"type":"Feature","properties":{"@id":"node/11110533017","kind":"picnic","name":null,"tags":{"leisure":"picnic_table"}},"geometry":{"type":"Point","coordinates":[6.4429774,45.4568313]}},{"type":"Feature","properties":{"@id":"node/14002263658","kind":"picnic","name":null,"tags":{"covered":"no","leisure":"picnic_table"}},"geometry":{"type":"Point","coordinates":[6.4242984,45.4488416]}},{"type":"Feature","properties":{"@id":"node/9844500037","kind":"sight","name":null,"tags":{"denomination":"catholic","historic":"wayside_cross","religion":"christian"}},"geometry":{"type":"Point","coordinates":[6.4382774,45.4493054]}},{"type":"Feature","properties":{"@id":"way/1073093046","kind":"sight","name":"Oratoire Saint-Roch","tags":{"building":"wayside_shrine","denomination":"catholic","ele":"1622","historic":"wayside_shrine","name":"Oratoire Saint-Roch","religion":"christian"}},"geometry":{"type":"Point","coordinates":[6.4383838,45.4493872]}},{"type":"Feature","properties":{"@id":"node/468716075","kind":"refreshment","name":"La Terrachu","tags":{"amenity":"restaurant","diet:vegetarian":"yes","name":"La Terrachu","opening_hours":"Mo-Su 07:30-19:00","wheelchair":"limited"}},"geometry":{"type":"Point","coordinates":[6.901967,45.4669692]}},{"type":"Feature","properties":{"@id":"node/468716078","kind":"refreshment","name":"Le Chardonnet","tags":{"amenity":"restaurant","name":"Le Chardonnet"}},"geometry":{"type":"Point","coordinates":[6.9026969,45.4674066]}},{"type":"Feature","properties":{"@id":"node/469104776","kind":"refreshment","name":"Restaurant de la Caleche","tags":{"amenity":"restaurant","name":"Restaurant de la Caleche"}},"geometry":{"type":"Point","coordinates":[6.9053968,45.4686864]}},{"type":"Feature","properties":{"@id":"node/604307095","kind":"refreshment","name":"La Savouna","tags":{"amenity":"restaurant","name":"La Savouna"}},"geometry":{"type":"Point","coordinates":[6.899405,45.4695043]}},{"type":"Feature","properties":{"@id":"node/1631353666","kind":"refreshment","name":"L'Alpaka","tags":{"amenity":"bar","name":"L'Alpaka"}},"geometry":{"type":"Point","coordinates":[6.9090329,45.4697838]}},{"type":"Feature","properties":{"@id":"node/2526520455","kind":"refreshment","name":"Le Coeur","tags":{"amenity":"restaurant","name":"Le Coeur","source":"survey 2024"}},"geometry":{"type":"Point","coordinates":[6.9084836,45.4687076]}},{"type":"Feature","properties":{"@id":"node/4065320052","kind":"refreshment","name":"Jam Bar","tags":{"amenity":"bar","name":"Jam Bar","ref:FR:SIRET":"52433211100011"}},"geometry":{"type":"Point","coordinates":[6.9057845,45.4689425]}},{"type":"Feature","properties":{"@id":"node/4065320053","kind":"refreshment","name":"The Marmot Arms","tags":{"amenity":"bar","name":"The Marmot Arms"}},"geometry":{"type":"Point","coordinates":[6.9056705,45.4689067]}},{"type":"Feature","properties":{"@id":"node/7170391485","kind":"refreshment","name":"Le Shamrock","tags":{"addr:city":"Tignes","addr:housename":"Le Shamrock","amenity":"restaurant","cuisine":"regional;crepe","email":"eterlou-tignes@neuf.fr","name":"Le Shamrock","phone":"+33 4 79 06 33 53"}},"geometry":{"type":"Point","coordinates":[6.9037679,45.4686444]}},{"type":"Feature","properties":{"@id":"node/7197875277","kind":"refreshment","name":"Cœur des Neiges","tags":{"amenity":"restaurant","cuisine":"crepe","name":"Cœur des Neiges","ref:FR:SIRET":"82203997000014","source":"survey 2020"}},"geometry":{"type":"Point","coordinates":[6.9087442,45.4686024]}},{"type":"Feature","properties":{"@id":"node/7197875279","kind":"refreshment","name":"L'Escale Blanche","tags":{"amenity":"restaurant","check_date:opening_hours":"2024-09-01","cuisine":"regional","name":"L'Escale Blanche","opening_hours:signed":"no","ref:FR:SIRET":"52802970500027","source":"survey 2020"}},"geometry":{"type":"Point","coordinates":[6.9079372,45.4692148]}},{"type":"Feature","properties":{"@id":"node/7197937304","kind":"refreshment","name":"Wanaka Crêperie","tags":{"amenity":"restaurant","contact:instagram":"https://www.instagram.com/wanakacreperie/","cuisine":"crepe","name":"Wanaka Crêperie","opening_hours":"Mo-Sa 12:00-18:00,19:00-21:00; Su 09:30-17:30","phone":"+33479003107","ref:FR:SIRET":"90328578100014","source":"survey","website":"https://www.wanaka-tignes.fr/"}},"geometry":{"type":"Point","coordinates":[6.9093709,45.4683029]}},{"type":"Feature","properties":{"@id":"node/7197953330","kind":"refreshment","name":"Cave du Loup","tags":{"amenity":"bar","name":"Cave du Loup","source":"survey 2020"}},"geometry":{"type":"Point","coordinates":[6.909863,45.468074]}},{"type":"Feature","properties":{"@id":"node/7197953331","kind":"refreshment","name":"Loop","tags":{"amenity":"bar","name":"Loop","ref:FR:SIRET":"50131776200018","source":"survey 2020"}},"geometry":{"type":"Point","coordinates":[6.9100432,45.4679948]}},{"type":"Feature","properties":{"@id":"node/7208103427","kind":"refreshment","name":"Le Moose","tags":{"amenity":"restaurant","name":"Le Moose","ref:FR:SIRET":"99455592800021"}},"geometry":{"type":"Point","coordinates":[6.9039349,45.4686872]}},{"type":"Feature","properties":{"@id":"node/9998751583","kind":"refreshment","name":"SOS Pizza","tags":{"amenity":"restaurant","cuisine":"pizza","name":"SOS Pizza"}},"geometry":{"type":"Point","coordinates":[6.9042639,45.4687552]}},{"type":"Feature","properties":{"@id":"node/11503818786","kind":"refreshment","name":"La Croisse","tags":{"amenity":"fast_food","description":"Fait aussi club pour danser les soirs,","location":"roof","name":"La Croisse"}},"geometry":{"type":"Point","coordinates":[6.9057901,45.4687325]}},{"type":"Feature","properties":{"@id":"node/12149766313","kind":"refreshment","name":"The Break","tags":{"amenity":"fast_food","check_date:opening_hours":"2024-09-01","cuisine":"pizza","name":"The Break","opening_hours:signed":"no"}},"geometry":{"type":"Point","coordinates":[6.9061021,45.4687878]}},{"type":"Feature","properties":{"@id":"node/12149770676","kind":"refreshment","name":"L'Eterlou","tags":{"amenity":"restaurant","name":"L'Eterlou"}},"geometry":{"type":"Point","coordinates":[6.903854,45.4686717]}},{"type":"Feature","properties":{"@id":"node/12149770965","kind":"refreshment","name":"Chez Mao","tags":{"amenity":"restaurant","diet:vegetarian":"yes","name":"Chez Mao","phone":"+33 4 79 06 32 21","wheelchair":"no"}},"geometry":{"type":"Point","coordinates":[6.9053193,45.4689028]}},{"type":"Feature","properties":{"@id":"node/12149779034","kind":"refreshment","name":"Chez Juliane","tags":{"amenity":"restaurant","check_date:opening_hours":"2024-09-01","diet:vegetarian":"yes","name":"Chez Juliane","opening_hours:signed":"no","wheelchair":"yes"}},"geometry":{"type":"Point","coordinates":[6.9049973,45.4688787]}},{"type":"Feature","properties":{"@id":"node/12149779036","kind":"refreshment","name":"La Place","tags":{"amenity":"restaurant","name":"La Place"}},"geometry":{"type":"Point","coordinates":[6.9072439,45.4702065]}},{"type":"Feature","properties":{"@id":"node/12155181833","kind":"refreshment","name":"L'Arbina","tags":{"amenity":"restaurant","check_date:opening_hours":"2024-09-01","diet:vegetarian":"yes","name":"L'Arbina","opening_hours:signed":"no","phone":"+33 4 65 84 24 45","ref:FR:SIRET":"78985397500058","source":"survey 2020","website":"https://larbina.com/","wheelchair":"limited"}},"geometry":{"type":"Point","coordinates":[6.9081539,45.4688492]}},{"type":"Feature","properties":{"@id":"node/12161816722","kind":"refreshment","name":"Le Lavanna","tags":{"amenity":"restaurant","name":"Le Lavanna","phone":"+33 4 65 84 85 81","website":"https://levanna.com/les-terrasses-du-levanna-bar-le-pompon/"}},"geometry":{"type":"Point","coordinates":[6.908049,45.4684316]}},{"type":"Feature","properties":{"@id":"way/769390146","kind":"refreshment","name":"Le Palet","tags":{"amenity":"restaurant","building":"yes","cuisine":"regional","name":"Le Palet","source":"cadastre-dgi-fr source : Direction Générale des Impôts - Cadastre. Mise à jour : 2020"}},"geometry":{"type":"Point","coordinates":[6.8814206,45.4533184]}},{"type":"Feature","properties":{"@id":"node/1240992782","kind":"toilets","name":null,"tags":{"amenity":"toilets","ele":"2200","ref":"151","source":"GPS"}},"geometry":{"type":"Point","coordinates":[6.8994928,45.4696455]}},{"type":"Feature","properties":{"@id":"node/2985735257","kind":"toilets","name":null,"tags":{"access":"yes","amenity":"toilets","check_date":"2024-02-10","fee":"no","toilets:disposal":"flush","toilets:position":"seated;urinal","wheelchair":"yes"}},"geometry":{"type":"Point","coordinates":[6.9068889,45.4693325]}},{"type":"Feature","properties":{"@id":"node/4955223099","kind":"water","name":null,"tags":{"amenity":"fountain"}},"geometry":{"type":"Point","coordinates":[6.9004277,45.4661412]}},{"type":"Feature","properties":{"@id":"node/4955223101","kind":"water","name":null,"tags":{"access":"yes","amenity":"drinking_water","check_date":"2024-08-28","fee":"no","man_made":"water_tap"}},"geometry":{"type":"Point","coordinates":[6.9005458,45.4660659]}},{"type":"Feature","properties":{"@id":"node/5405382663","kind":"toilets","name":null,"tags":{"access":"yes","amenity":"toilets","bottle":"yes","drinking_water":"yes","fee":"no","female":"yes","location":"indoor","male":"yes","toilets:disposal":"flush","wheelchair":"yes"}},"geometry":{"type":"Point","coordinates":[6.9069067,45.4684731]}},{"type":"Feature","properties":{"@id":"node/9961332342","kind":"picnic","name":null,"tags":{"access":"yes","amenity":"bbq","covered":"no","fuel":"wood"}},"geometry":{"type":"Point","coordinates":[6.8989257,45.4642527]}},{"type":"Feature","properties":{"@id":"node/9961332344","kind":"picnic","name":null,"tags":{"access":"yes","amenity":"bbq","covered":"no","fuel":"wood"}},"geometry":{"type":"Point","coordinates":[6.8989707,45.4641914]}},{"type":"Feature","properties":{"@id":"node/12112766702","kind":"picnic","name":null,"tags":{"access":"yes","amenity":"bbq","covered":"no","fuel":"wood"}},"geometry":{"type":"Point","coordinates":[6.9074224,45.4665863]}},{"type":"Feature","properties":{"@id":"node/12112766703","kind":"picnic","name":null,"tags":{"access":"yes","amenity":"bbq","covered":"no","fuel":"wood"}},"geometry":{"type":"Point","coordinates":[6.9075845,45.4665164]}},{"type":"Feature","properties":{"@id":"node/12154116750","kind":"water","name":null,"tags":{"access":"yes","amenity":"drinking_water","fee":"no","man_made":"water_tap","wheelchair":"yes"}},"geometry":{"type":"Point","coordinates":[6.9072293,45.4679409]}},{"type":"Feature","properties":{"@id":"node/12154130327","kind":"water","name":null,"tags":{"access":"yes","amenity":"drinking_water","fee":"no","man_made":"water_tap","wheelchair":"yes"}},"geometry":{"type":"Point","coordinates":[6.9082749,45.4662428]}},{"type":"Feature","properties":{"@id":"way/771074127","kind":"shelter","name":null,"tags":{"amenity":"shelter","building":"shed","shelter_type":"public_transport","source":"cadastre-dgi-fr source : Direction Générale des Impôts - Cadastre. Mise à jour : 2020"}},"geometry":{"type":"Point","coordinates":[6.9071045,45.4695523]}},{"type":"Feature","properties":{"@id":"way/1315725847","kind":"shelter","name":null,"tags":{"amenity":"shelter","shelter_type":"public_transport"}},"geometry":{"type":"Point","coordinates":[6.9111265,45.4678932]}},{"type":"Feature","properties":{"@id":"way/1510697896","kind":"shelter","name":"Toviere","tags":{"amenity":"shelter","bench":"yes","bin":"no","building":"yes","bus":"yes","departures_board":"yes","highway":"bus_stop","lit":"yes","name":"Toviere","public_transport":"platform","ref":"1","shelter":"yes","shelter_type":"public_transport","tactile_paving":"no"}},"geometry":{"type":"Point","coordinates":[6.9077329,45.4687569]}},{"type":"Feature","properties":{"@id":"node/2145771578","kind":"information","name":"Maison de Tignes le lac","tags":{"information":"office","name":"Maison de Tignes le lac","opening_hours":"Mo-Su 09:00-18:00","tourism":"information","wheelchair":"yes"}},"geometry":{"type":"Point","coordinates":[6.9070706,45.4693095]}},{"type":"Feature","properties":{"@id":"node/5405382664","kind":"picnic","name":null,"tags":{"covered":"yes","tourism":"picnic_site"}},"geometry":{"type":"Point","coordinates":[6.9071656,45.4684169]}},{"type":"Feature","properties":{"@id":"way/90410034","kind":"sight","name":"Rosset","tags":{"area":"yes","name":"Rosset","piste:difficulty":"easy","piste:lit":"no","piste:type":"downhill","tourism":"attraction"}},"geometry":{"type":"Point","coordinates":[6.9105296,45.4671236]}},{"type":"Feature","properties":{"@id":"way/1313042504","kind":"sight","name":"#Tignes","tags":{"area":"yes","artwork_type":"sculpture","material":"metal","name":"#Tignes","tourism":"artwork"}},"geometry":{"type":"Point","coordinates":[6.9064273,45.4675078]}},{"type":"Feature","properties":{"@id":"way/1313042507","kind":"picnic","name":null,"tags":{"access":"yes","fee":"no","indoor":"area","tourism":"picnic_site","wheelchair":"yes"}},"geometry":{"type":"Point","coordinates":[6.906992,45.4683936]}},{"type":"Feature","properties":{"@id":"node/12154434549","kind":"water","name":null,"tags":{"access":"yes","drinking_water":"no","fee":"no","man_made":"water_tap"}},"geometry":{"type":"Point","coordinates":[6.907793,45.4690245]}},{"type":"Feature","properties":{"@id":"node/7733589448","kind":"picnic","name":null,"tags":{"leisure":"picnic_table","material":"wood"}},"geometry":{"type":"Point","coordinates":[6.8886212,45.4642963]}},{"type":"Feature","properties":{"@id":"node/7733589473","kind":"picnic","name":null,"tags":{"leisure":"picnic_table"}},"geometry":{"type":"Point","coordinates":[6.8856518,45.4671798]}},{"type":"Feature","properties":{"@id":"node/9893561419","kind":"picnic","name":null,"tags":{"leisure":"picnic_table"}},"geometry":{"type":"Point","coordinates":[6.8852699,45.4671422]}},{"type":"Feature","properties":{"@id":"node/9954061709","kind":"picnic","name":"Pique-nique","tags":{"leisure":"picnic_table","name":"Pique-nique"}},"geometry":{"type":"Point","coordinates":[6.8945039,45.4706727]}},{"type":"Feature","properties":{"@id":"node/9961332343","kind":"picnic","name":null,"tags":{"bench":"yes","covered":"no","leisure":"picnic_table","lit":"no","material":"wood"}},"geometry":{"type":"Point","coordinates":[6.8989653,45.4642674]}},{"type":"Feature","properties":{"@id":"node/9961333492","kind":"picnic","name":null,"tags":{"bench":"yes","covered":"no","leisure":"picnic_table","lit":"no","material":"wood"}},"geometry":{"type":"Point","coordinates":[6.8988923,45.4643025]}},{"type":"Feature","properties":{"@id":"node/9961360296","kind":"picnic","name":null,"tags":{"bench":"yes","covered":"no","leisure":"picnic_table","lit":"no","material":"wood"}},"geometry":{"type":"Point","coordinates":[6.8990729,45.4641757]}},{"type":"Feature","properties":{"@id":"node/11135036056","kind":"picnic","name":null,"tags":{"bench":"yes","covered":"no","leisure":"picnic_table","lit":"no","material":"wood"}},"geometry":{"type":"Point","coordinates":[6.900136,45.465935]}},{"type":"Feature","properties":{"@id":"node/11135036057","kind":"picnic","name":null,"tags":{"bench":"yes","covered":"no","leisure":"picnic_table","lit":"no","material":"wood"}},"geometry":{"type":"Point","coordinates":[6.9002513,45.4660579]}},{"type":"Feature","properties":{"@id":"node/11135036064","kind":"picnic","name":null,"tags":{"leisure":"picnic_table"}},"geometry":{"type":"Point","coordinates":[6.8915721,45.4582252]}},{"type":"Feature","properties":{"@id":"node/12112766704","kind":"picnic","name":null,"tags":{"bench":"yes","covered":"no","leisure":"picnic_table","lit":"no","material":"wood"}},"geometry":{"type":"Point","coordinates":[6.9072568,45.4666898]}},{"type":"Feature","properties":{"@id":"node/12112766705","kind":"picnic","name":null,"tags":{"bench":"yes","covered":"no","leisure":"picnic_table","lit":"no","material":"wood"}},"geometry":{"type":"Point","coordinates":[6.9074692,45.4666023]}},{"type":"Feature","properties":{"@id":"node/12112766706","kind":"picnic","name":null,"tags":{"bench":"yes","covered":"no","leisure":"picnic_table","lit":"no","material":"wood"}},"geometry":{"type":"Point","coordinates":[6.9075821,45.4665661]}},{"type":"Feature","properties":{"@id":"node/12112766707","kind":"picnic","name":null,"tags":{"bench":"yes","covered":"no","leisure":"picnic_table","lit":"no","material":"wood"}},"geometry":{"type":"Point","coordinates":[6.9077837,45.4664583]}},{"type":"Feature","properties":{"@id":"node/12153504792","kind":"picnic","name":null,"tags":{"bench":"yes","covered":"no","leisure":"picnic_table","lit":"no","material":"wood"}},"geometry":{"type":"Point","coordinates":[6.9009468,45.4661343]}},{"type":"Feature","properties":{"@id":"node/12153504793","kind":"picnic","name":null,"tags":{"bench":"yes","covered":"no","leisure":"picnic_table","lit":"no","material":"wood"}},"geometry":{"type":"Point","coordinates":[6.9010215,45.4661878]}},{"type":"Feature","properties":{"@id":"node/12153504794","kind":"picnic","name":null,"tags":{"bench":"yes","covered":"no","leisure":"picnic_table","lit":"no","material":"wood"}},"geometry":{"type":"Point","coordinates":[6.9010911,45.4662289]}},{"type":"Feature","properties":{"@id":"node/12153504799","kind":"picnic","name":null,"tags":{"bench":"yes","covered":"no","leisure":"picnic_table","lit":"no","material":"wood"}},"geometry":{"type":"Point","coordinates":[6.9006901,45.4661762]}},{"type":"Feature","properties":{"@id":"node/12153506038","kind":"picnic","name":null,"tags":{"bench":"yes","covered":"no","leisure":"picnic_table","lit":"no","material":"wood"}},"geometry":{"type":"Point","coordinates":[6.9000324,45.4658147]}},{"type":"Feature","properties":{"@id":"node/12154142637","kind":"picnic","name":null,"tags":{"bench":"yes","covered":"no","leisure":"picnic_table","lit":"no","material":"wood"}},"geometry":{"type":"Point","coordinates":[6.9010865,45.4664205]}},{"type":"Feature","properties":{"@id":"node/12154142638","kind":"picnic","name":null,"tags":{"bench":"yes","covered":"no","leisure":"picnic_table","lit":"no","material":"wood"}},"geometry":{"type":"Point","coordinates":[6.9008986,45.4663202]}},{"type":"Feature","properties":{"@id":"node/12161816721","kind":"picnic","name":null,"tags":{"bench":"yes","covered":"no","leisure":"picnic_table","lit":"no","material":"wood","seasonal":"summer"}},"geometry":{"type":"Point","coordinates":[6.9082756,45.4664062]}},{"type":"Feature","properties":{"@id":"node/468100161","kind":"sight","name":"Croix de Lognan","tags":{"historic":"wayside_cross","name":"Croix de Lognan"}},"geometry":{"type":"Point","coordinates":[6.8915927,45.4582686]}},{"type":"Feature","properties":{"@id":"node/468590114","kind":"sight","name":null,"tags":{"historic":"wayside_cross"}},"geometry":{"type":"Point","coordinates":[6.8955383,45.4703357]}},{"type":"Feature","properties":{"@id":"way/163800667","kind":"sight","name":null,"tags":{"area":"yes","historic":"ruins","source":"cadastre-dgi-fr source : Direction Générale des Impôts - Cadastre. Mise à jour : 2012"}},"geometry":{"type":"Point","coordinates":[6.891119,45.457774]}}]}