{"type":"FeatureCollection","features":[{"type":"Feature","properties":{"@id":"way/166000106","amenity":"drinking_water","drinking_water":"conditional","source":"cadastre-dgi-fr source : Direction Générale des Impôts - Cadastre. Mise à jour : 2012","wall":"no"},"geometry":{"type":"Point","coordinates":[6.7584388,45.6715278]},"id":"way/166000106"},{"type":"Feature","properties":{"@id":"way/274476014","amenity":"drinking_water","capacity":"50","contact:phone":"+33 4 79 72 95 17","fee":"yes","landuse":"residential","name":"Aire d'accueil des gens du voyage de La Boisse","operator":"Saint-Nabor Services","owner":"Grand Chambéry","power_supply":"yes","residential":"halting_site"},"geometry":{"type":"Point","coordinates":[5.9044703,45.5880161]},"id":"way/274476014"},{"type":"Feature","properties":{"@id":"way/759459552","amenity":"drinking_water","building":"yes","description":"Eau non controlée ; Construction en lauzes, l'eau coule dans 2 bacs différents, sûrement un pour les humains, et un autre pour les animaux type Ane ou chevaux","ele":"1827","name":"Fontaine Saint-Laurent"},"geometry":{"type":"Point","coordinates":[6.6532482,45.2271065]},"id":"way/759459552"},{"type":"Feature","properties":{"@id":"way/1421511727","amenity":"drinking_water","historic":"yes"},"geometry":{"type":"Point","coordinates":[6.8406349,45.9049016]},"id":"way/1421511727"},{"type":"Feature","properties":{"@id":"way/1447363512","amenity":"drinking_water","mapillary":"283499926733112;1071451923379554"},"geometry":{"type":"Point","coordinates":[6.7704124,46.0433966]},"id":"way/1447363512"},{"type":"Feature","properties":{"@id":"node/251143278","amenity":"drinking_water","fountain":"drinking"},"geometry":{"type":"Point","coordinates":[5.950335,45.5236615]},"id":"node/251143278"},{"type":"Feature","properties":{"@id":"node/286641071","amenity":"drinking_water"},"geometry":{"type":"Point","coordinates":[5.9475198,45.5357411]},"id":"node/286641071"},{"type":"Feature","properties":{"@id":"node/290143820","amenity":"drinking_water","check_date":"2024-08-02","man_made":"water_tap"},"geometry":{"type":"Point","coordinates":[5.9285009,45.5647467]},"id":"node/290143820"},{"type":"Feature","properties":{"@id":"node/298060518","amenity":"fountain"},"geometry":{"type":"Point","coordinates":[5.7591082,45.7036132]},"id":"node/298060518"},{"type":"Feature","properties":{"@id":"node/298902503","access":"yes","amenity":"drinking_water","bottle":"yes","check_date":"2025-07-25","drinking_water":"yes","fee":"no","man_made":"water_well","pump":"manual","wheelchair":"yes"},"geometry":{"type":"Point","coordinates":[5.9190894,45.5687431]},"id":"node/298902503"},{"type":"Feature","properties":{"@id":"node/299261160","amenity":"fountain","drinking_water":"yes"},"geometry":{"type":"Point","coordinates":[6.7114364,45.8919853]},"id":"node/299261160"},{"type":"Feature","properties":{"@id":"node/302657542","amenity":"drinking_water","ele":"1840","fee":"no","wheelchair":"no"},"geometry":{"type":"Point","coordinates":[6.1854516,45.4074838]},"id":"node/302657542"},{"type":"Feature","properties":{"@id":"node/307468400","amenity":"drinking_water","intermittent":"yes","seasonal":"yes"},"geometry":{"type":"Point","coordinates":[5.9394298,45.5656252]},"id":"node/307468400"},{"type":"Feature","properties":{"@id":"node/307751729","intermittent":"no","name":"Résurgence de la Doria","natural":"spring","tourism":"attraction"},"geometry":{"type":"Point","coordinates":[5.9813841,45.609388]},"id":"node/307751729"},{"type":"Feature","properties":{"@id":"node/309184163","amenity":"drinking_water"},"geometry":{"type":"Point","coordinates":[5.8640212,45.4608268]},"id":"node/309184163"},{"type":"Feature","properties":{"@id":"node/315845729","amenity":"drinking_water","check_date":"2023-05-03","fountain":"drinking","indoor":"no","name":"Fontaine Saint-Martin"},"geometry":{"type":"Point","coordinates":[5.925362,45.5603073]},"id":"node/315845729"},{"type":"Feature","properties":{"@id":"node/341944429","name":"Source de la Meunaz","natural":"spring"},"geometry":{"type":"Point","coordinates":[5.9842071,45.6991865]},"id":"node/341944429"},{"type":"Feature","properties":{"@id":"node/345780764","name":"Source du Sierroz","natural":"spring","note":"sur cadastre, donc méfiance"},"geometry":{"type":"Point","coordinates":[6.0035097,45.6832985]},"id":"node/345780764"},{"type":"Feature","properties":{"@id":"node/348772546","access":"yes","amenity":"fountain","bottle":"yes","description":"c'est aussi une jolie fontaine en plus d'être potable","drinking_water":"yes","fee":"no","fountain":"drinking","source":"cadastre-dgi-fr source : Direction Générale des Impôts - Cadastre. Mise à jour : 2009"},"geometry":{"type":"Point","coordinates":[6.7414508,45.2281834]},"id":"node/348772546"},{"type":"Feature","properties":{"@id":"node/365909102","name":"Source du Gargoton","natural":"spring"},"geometry":{"type":"Point","coordinates":[6.1993889,45.4234123]},"id":"node/365909102"},{"type":"Feature","properties":{"@id":"node/367121293","name":"Fontaine Froide","natural":"spring","source":"cadastre-dgi-fr source : Direction Générale des Impôts - Cadastre ; mise à jour : 2009"},"geometry":{"type":"Point","coordinates":[5.8272834,45.4589232]},"id":"node/367121293"},{"type":"Feature","properties":{"@id":"node/368023613","natural":"spring","source":"cadastre-dgi-fr source : Direction Générale des Impôts - Cadastre. Mise à jour : 2009"},"geometry":{"type":"Point","coordinates":[5.9044087,45.5246521]},"id":"node/368023613"},{"type":"Feature","properties":{"@id":"node/368023697","natural":"spring","source":"cadastre-dgi-fr source : Direction Générale des Impôts - Cadastre. Mise à jour : 2009"},"geometry":{"type":"Point","coordinates":[5.8955625,45.5002899]},"id":"node/368023697"},{"type":"Feature","properties":{"@id":"node/368028947","natural":"spring","source":"cadastre-dgi-fr source : Direction Générale des Impôts - Cadastre. Mise à jour : 2009"},"geometry":{"type":"Point","coordinates":[5.8990536,45.5177929]},"id":"node/368028947"},{"type":"Feature","properties":{"@id":"node/368029806","natural":"spring"},"geometry":{"type":"Point","coordinates":[5.90923,45.5079653]},"id":"node/368029806"},{"type":"Feature","properties":{"@id":"node/373018926","natural":"spring","source":"cadastre-dgi-fr source : Direction Générale des Impôts - Cadastre. Mise à jour : 2009"},"geometry":{"type":"Point","coordinates":[6.3826111,45.6158345]},"id":"node/373018926"},{"type":"Feature","properties":{"@id":"node/374307750","amenity":"drinking_water"},"geometry":{"type":"Point","coordinates":[6.3171282,45.9118231]},"id":"node/374307750"},{"type":"Feature","properties":{"@id":"node/374307788","amenity":"fountain"},"geometry":{"type":"Point","coordinates":[6.3126225,45.908466]},"id":"node/374307788"},{"type":"Feature","properties":{"@id":"node/390872910","amenity":"lavoir","covered":"no","drinking_water":"yes","water":"yes"},"geometry":{"type":"Point","coordinates":[6.0081028,45.7302859]},"id":"node/390872910"},{"type":"Feature","properties":{"@id":"node/390872926","amenity":"drinking_water","source":"cadastre-dgi-fr source : Direction Générale des Impôts - Cadastre ; mise à jour : 2009"},"geometry":{"type":"Point","coordinates":[6.0132913,45.7314259]},"id":"node/390872926"},{"type":"Feature","properties":{"@id":"node/403635115","amenity":"drinking_water","check_date":"2023-01-01","indoor":"no","man_made":"water_tap","source":"cadastre-dgi-fr source : Direction Générale des Impôts - Cadastre. Mise à jour : 2009"},"geometry":{"type":"Point","coordinates":[5.9882618,45.4938373]},"id":"node/403635115"},{"type":"Feature","properties":{"@id":"node/409495800","amenity":"drinking_water","fountain":"drinking","panoramax":"788ac752-bc1c-4b31-b643-d2c8a2e39f14","source":"Grand Annecy","start_date":"1975-01-01"},"geometry":{"type":"Point","coordinates":[6.1285344,45.8900158]},"id":"node/409495800"},{"type":"Feature","properties":{"@id":"node/410338387","amenity":"drinking_water","check_date":"2026-04-06","source":"cadastre-dgi-fr source : Direction Générale des Impôts - Cadastre. Mise à jour : 2009"},"geometry":{"type":"Point","coordinates":[5.8978435,45.561331]},"id":"node/410338387"},{"type":"Feature","properties":{"@id":"node/410367828","natural":"spring","source":"cadastre-dgi-fr source : Direction Générale des Impôts - Cadastre. Mise à jour : 2009"},"geometry":{"type":"Point","coordinates":[5.8395539,45.5500143]},"id":"node/410367828"},{"type":"Feature","properties":{"@id":"node/410367935","natural":"spring","source":"cadastre-dgi-fr source : Direction Générale des Impôts - Cadastre. Mise à jour : 2009"},"geometry":{"type":"Point","coordinates":[5.8537189,45.5396708]},"id":"node/410367935"},{"type":"Feature","properties":{"@id":"node/428460213","natural":"spring"},"geometry":{"type":"Point","coordinates":[6.0611311,45.595206]},"id":"node/428460213"},{"type":"Feature","properties":{"@id":"node/428470134","name":"Source de la Leysse","natural":"spring"},"geometry":{"type":"Point","coordinates":[6.0202797,45.6468451]},"id":"node/428470134"},{"type":"Feature","properties":{"@id":"node/430948911","amenity":"drinking_water","check_date":"2023-08-17","man_made":"water_tap"},"geometry":{"type":"Point","coordinates":[5.9219058,45.5655948]},"id":"node/430948911"},{"type":"Feature","properties":{"@id":"node/433908836","amenity":"fountain","source":"cadastre-dgi-fr source : Direction Générale des Impôts - Cadastre;mise à jour : 2008","survey:date":"2025-09-10"},"geometry":{"type":"Point","coordinates":[6.1246785,45.9000735]},"id":"node/433908836"},{"type":"Feature","properties":{"@id":"node/440847365","access":"yes","amenity":"drinking_water","bottle":"yes","ele":"463","man_made":"water_well","pump":"manual","wheelchair":"no"},"geometry":{"type":"Point","coordinates":[5.9299702,45.5785395]},"id":"node/440847365"},{"type":"Feature","properties":{"@id":"node/440882017","natural":"spring"},"geometry":{"type":"Point","coordinates":[6.1330123,45.8183009]},"id":"node/440882017"},{"type":"Feature","properties":{"@id":"node/440921422","amenity":"drinking_water","check_date":"2021-08-14","fountain":"drinking"},"geometry":{"type":"Point","coordinates":[5.9935392,45.5860223]},"id":"node/440921422"},{"type":"Feature","properties":{"@id":"node/440979649","natural":"spring","ref:refuges.info":"2758"},"geometry":{"type":"Point","coordinates":[6.1194567,45.6155729]},"id":"node/440979649"},{"type":"Feature","properties":{"@id":"node/441053763","amenity":"drinking_water"},"geometry":{"type":"Point","coordinates":[6.8609844,45.6157]},"id":"node/441053763"},{"type":"Feature","properties":{"@id":"node/441729278","amenity":"drinking_water","fountain":"drinking"},"geometry":{"type":"Point","coordinates":[6.9119468,45.2890153]},"id":"node/441729278"},{"type":"Feature","properties":{"@id":"node/458872665","amenity":"drinking_water"},"geometry":{"type":"Point","coordinates":[6.6167574,46.3758683]},"id":"node/458872665"},{"type":"Feature","properties":{"@id":"node/458903411","amenity":"drinking_water"},"geometry":{"type":"Point","coordinates":[6.7291307,45.8292892]},"id":"node/458903411"},{"type":"Feature","properties":{"@id":"node/458903416","amenity":"drinking_water"},"geometry":{"type":"Point","coordinates":[6.7282975,45.8291947]},"id":"node/458903416"},{"type":"Feature","properties":{"@id":"node/461991118","amenity":"drinking_water","check_date":"2021-11-05","man_made":"water_tap"},"geometry":{"type":"Point","coordinates":[5.9265441,45.5661946]},"id":"node/461991118"},{"type":"Feature","properties":{"@id":"node/462016881","amenity":"drinking_water","check_date":"2021-12-28","man_made":"water_tap","source":"cadastre-dgi-fr source : Direction Générale des Impôts - Cadastre. Mise à jour : 2009"},"geometry":{"type":"Point","coordinates":[5.9240804,45.5649801]},"id":"node/462016881"},{"type":"Feature","properties":{"@id":"node/472953910","amenity":"drinking_water"},"geometry":{"type":"Point","coordinates":[6.7535007,46.2781632]},"id":"node/472953910"},{"type":"Feature","properties":{"@id":"node/473213387","amenity":"drinking_water","ref:refuges.info":"7822"},"geometry":{"type":"Point","coordinates":[6.7590214,45.838853]},"id":"node/473213387"},{"type":"Feature","properties":{"@id":"node/473213508","amenity":"drinking_water","fee":"no","name":"Fontaine sous la Balme","ref:refuges.info":"7848"},"geometry":{"type":"Point","coordinates":[6.7124644,45.7641894]},"id":"node/473213508"},{"type":"Feature","properties":{"@id":"node/473213509","amenity":"drinking_water","name":"Source du bonhomme","ref:refuges.info":"6342"},"geometry":{"type":"Point","coordinates":[6.7109816,45.7581549]},"id":"node/473213509"},{"type":"Feature","properties":{"@id":"node/476527149","access":"yes","amenity":"toilets","drinking_water":"yes","fee":"no","wheelchair":"no"},"geometry":{"type":"Point","coordinates":[6.8831629,45.2156215]},"id":"node/476527149"},{"type":"Feature","properties":{"@id":"node/492080023","amenity":"drinking_water"},"geometry":{"type":"Point","coordinates":[6.4265271,45.486708]},"id":"node/492080023"},{"type":"Feature","properties":{"@id":"node/495760179","amenity":"drinking_water","description":"Caché par la végétation en été et je soupconne que ce soit l'eau du Lac... Prévoir des pastilles pour les estomacs fragile","indoor":"no","ref:refuges.info":"2604"},"geometry":{"type":"Point","coordinates":[6.488207,45.609528]},"id":"node/495760179"},{"type":"Feature","properties":{"@id":"node/495760569","amenity":"drinking_water"},"geometry":{"type":"Point","coordinates":[6.4948033,45.540606]},"id":"node/495760569"},{"type":"Feature","properties":{"@id":"node/495760570","access":"yes","amenity":"drinking_water"},"geometry":{"type":"Point","coordinates":[6.5217717,45.5592775]},"id":"node/495760570"},{"type":"Feature","properties":{"@id":"node/495760571","access":"yes","amenity":"drinking_water"},"geometry":{"type":"Point","coordinates":[6.522308,45.5595092]},"id":"node/495760571"},{"type":"Feature","properties":{"@id":"node/495760575","access":"yes","amenity":"drinking_water"},"geometry":{"type":"Point","coordinates":[6.5236552,45.5589694]},"id":"node/495760575"},{"type":"Feature","properties":{"@id":"node/495801434","amenity":"drinking_water","description":"Sec au 06/09/2023","ele":"2170"},"geometry":{"type":"Point","coordinates":[6.6142694,45.6236692]},"id":"node/495801434"},{"type":"Feature","properties":{"@id":"node/495824390","ele":"2173","natural":"spring"},"geometry":{"type":"Point","coordinates":[6.6461951,45.6458978]},"id":"node/495824390"},{"type":"Feature","properties":{"@id":"node/495824392","ele":"2178","natural":"spring"},"geometry":{"type":"Point","coordinates":[6.6457143,45.645199]},"id":"node/495824392"},{"type":"Feature","properties":{"@id":"node/495842659","natural":"spring"},"geometry":{"type":"Point","coordinates":[6.6125354,45.6836826]},"id":"node/495842659"},{"type":"Feature","properties":{"@id":"node/495842689","amenity":"drinking_water"},"geometry":{"type":"Point","coordinates":[6.559519,45.6902665]},"id":"node/495842689"},{"type":"Feature","properties":{"@id":"node/495874784","amenity":"drinking_water"},"geometry":{"type":"Point","coordinates":[6.5445922,45.6852946]},"id":"node/495874784"},{"type":"Feature","properties":{"@id":"node/495874787","amenity":"drinking_water"},"geometry":{"type":"Point","coordinates":[6.5448977,45.6820402]},"id":"node/495874787"},{"type":"Feature","properties":{"@id":"node/495874848","ele":"2053","natural":"spring"},"geometry":{"type":"Point","coordinates":[6.5104636,45.683572]},"id":"node/495874848"},{"type":"Feature","properties":{"@id":"node/495874901","natural":"spring"},"geometry":{"type":"Point","coordinates":[6.4905984,45.6774041]},"id":"node/495874901"},{"type":"Feature","properties":{"@id":"node/495874906","ele":"2068","natural":"spring","source":"gps"},"geometry":{"type":"Point","coordinates":[6.4934199,45.6735989]},"id":"node/495874906"},{"type":"Feature","properties":{"@id":"node/495874907","ele":"2070","natural":"spring","source":"gps"},"geometry":{"type":"Point","coordinates":[6.4937879,45.6732541]},"id":"node/495874907"},{"type":"Feature","properties":{"@id":"node/495874909","ele":"2072","natural":"spring","source":"gps"},"geometry":{"type":"Point","coordinates":[6.4936745,45.6729404]},"id":"node/495874909"},{"type":"Feature","properties":{"@id":"node/496165193","ele":"2127","natural":"spring","source":"cadastre-dgi-fr source : Direction Générale des Impôts - Cadastre. Mise à jour : 2009"},"geometry":{"type":"Point","coordinates":[6.4978749,45.6606113]},"id":"node/496165193"},{"type":"Feature","properties":{"@id":"node/496165194","ele":"2127","natural":"spring"},"geometry":{"type":"Point","coordinates":[6.4971651,45.6612696]},"id":"node/496165194"},{"type":"Feature","properties":{"@id":"node/496887238","ele":"1527","name":"Source captée","natural":"spring","ref:refuges.info":"2813"},"geometry":{"type":"Point","coordinates":[6.4992297,45.5800954]},"id":"node/496887238"},{"type":"Feature","properties":{"@id":"node/496890343","amenity":"drinking_water"},"geometry":{"type":"Point","coordinates":[6.5090068,45.5853083]},"id":"node/496890343"},{"type":"Feature","properties":{"@id":"node/520776483","amenity":"drinking_water"},"geometry":{"type":"Point","coordinates":[6.2070779,45.4377611]},"id":"node/520776483"},{"type":"Feature","properties":{"@id":"node/520792763","amenity":"drinking_water","ele":"1695"},"geometry":{"type":"Point","coordinates":[6.2251557,45.4463392]},"id":"node/520792763"},{"type":"Feature","properties":{"@id":"node/520822314","amenity":"drinking_water","ele":"1812"},"geometry":{"type":"Point","coordinates":[6.2196565,45.4374882]},"id":"node/520822314"},{"type":"Feature","properties":{"@id":"node/520836815","natural":"spring"},"geometry":{"type":"Point","coordinates":[6.2151779,45.434676]},"id":"node/520836815"},{"type":"Feature","properties":{"@id":"node/520836886","ele":"1947","natural":"spring"},"geometry":{"type":"Point","coordinates":[6.2147946,45.4344518]},"id":"node/520836886"},{"type":"Feature","properties":{"@id":"node/520846717","amenity":"drinking_water"},"geometry":{"type":"Point","coordinates":[6.1956547,45.4345626]},"id":"node/520846717"},{"type":"Feature","properties":{"@id":"node/521515411","amenity":"drinking_water","ref:refuges.info":"3268"},"geometry":{"type":"Point","coordinates":[6.3802262,45.881814]},"id":"node/521515411"},{"type":"Feature","properties":{"@id":"node/522458957","amenity":"drinking_water"},"geometry":{"type":"Point","coordinates":[6.4524652,45.8763101]},"id":"node/522458957"},{"type":"Feature","properties":{"@id":"node/540004351","amenity":"fountain","heritage":"3","heritage:operator":"mhs","historic":"yes","mhs:inscription_date":"1942-11-16","ref:mhs":"PA00118366","source":"cadastre-dgi-fr source : Direction Générale des Impôts - Cadastre;mise à jour : 2009","source:heritage":"data.gouv.fr, Ministère de la Culture - 2016","start_date":"C19","wikidata":"Q3076118","wikipedia":"fr:Fontaine de Bonneville"},"geometry":{"type":"Point","coordinates":[6.4087652,46.0773768]},"id":"node/540004351"},{"type":"Feature","properties":{"@id":"node/559748923","amenity":"drinking_water","survey:date":"2025-08-01"},"geometry":{"type":"Point","coordinates":[6.0795409,45.6909578]},"id":"node/559748923"},{"type":"Feature","properties":{"@id":"node/559763619","amenity":"drinking_water"},"geometry":{"type":"Point","coordinates":[6.1170484,45.6842608]},"id":"node/559763619"},{"type":"Feature","properties":{"@id":"node/566728565","amenity":"drinking_water","source":"cadastre-dgi-fr source : Direction Générale des Impôts - Cadastre. Mise à jour : 2009"},"geometry":{"type":"Point","coordinates":[6.7030414,46.183283]},"id":"node/566728565"},{"type":"Feature","properties":{"@id":"node/568380252","ele":"1265","name":"Sources du Cozon","natural":"spring","note":"la source précédente, du cadastre devait indiquer une ancienne source, là, c'était sec et l'eau sortait bien plus bas","source":"relevé au GPS"},"geometry":{"type":"Point","coordinates":[5.8860907,45.494917]},"id":"node/568380252"},{"type":"Feature","properties":{"@id":"node/575149693","description":"Coule très lentement au goutte à goutte depuis la roche","natural":"spring"},"geometry":{"type":"Point","coordinates":[5.9106974,45.4872919]},"id":"node/575149693"},{"type":"Feature","properties":{"@id":"node/604351977","natural":"spring","source":"cadastre-dgi-fr source : Direction Générale des Impôts - Cadastre ; mise à jour : 2010"},"geometry":{"type":"Point","coordinates":[6.7199424,45.3821572]},"id":"node/604351977"},{"type":"Feature","properties":{"@id":"node/605047483","amenity":"drinking_water","fee":"no","source":"cadastre-dgi-fr source : Direction Générale des Impôts - Cadastre;mise à jour : 2010"},"geometry":{"type":"Point","coordinates":[6.3510839,45.2448886]},"id":"node/605047483"},{"type":"Feature","properties":{"@id":"node/606148298","amenity":"drinking_water","source":"cadastre-dgi-fr source : Direction Générale des Impôts - Cadastre ; mise à jour : 2010","survey:date":"2023-04-24"},"geometry":{"type":"Point","coordinates":[6.3735387,45.2607917]},"id":"node/606148298"},{"type":"Feature","properties":{"@id":"node/610544082","amenity":"drinking_water","check_date":"2024-08-01","source":"GPS"},"geometry":{"type":"Point","coordinates":[7.0450819,45.3714624]},"id":"node/610544082"},{"type":"Feature","properties":{"@id":"node/610561897","amenity":"drinking_water","check_date":"2025-07-15","fountain":"bubbler","source":"cadastre-dgi-fr source : Direction Générale des Impôts - Cadastre ; mise à jour : 2010"},"geometry":{"type":"Point","coordinates":[7.0524955,45.374181]},"id":"node/610561897"},{"type":"Feature","properties":{"@id":"node/611786797","amenity":"drinking_water","check_date":"2025-08-04","fountain":"bubbler","source":"survey"},"geometry":{"type":"Point","coordinates":[6.9127879,45.2904181]},"id":"node/611786797"},{"type":"Feature","properties":{"@id":"node/611855709","amenity":"fountain","source":"cadastre-dgi-fr source : Direction Générale des Impôts - Cadastre ; mise à jour : 2010"},"geometry":{"type":"Point","coordinates":[6.8147125,45.2773924]},"id":"node/611855709"},{"type":"Feature","properties":{"@id":"node/654106885","amenity":"drinking_water","check_date":"2023-04-08","fountain":"drinking"},"geometry":{"type":"Point","coordinates":[5.9164227,45.5639191]},"id":"node/654106885"},{"type":"Feature","properties":{"@id":"node/656756490","amenity":"drinking_water"},"geometry":{"type":"Point","coordinates":[6.178165,45.6578899]},"id":"node/656756490"},{"type":"Feature","properties":{"@id":"node/656760595","amenity":"drinking_water"},"geometry":{"type":"Point","coordinates":[6.180128,45.6570954]},"id":"node/656760595"},{"type":"Feature","properties":{"@id":"node/656760601","amenity":"drinking_water"},"geometry":{"type":"Point","coordinates":[6.1853651,45.6524875]},"id":"node/656760601"},{"type":"Feature","properties":{"@id":"node/666068826","amenity":"fountain"},"geometry":{"type":"Point","coordinates":[6.7237729,45.8526188]},"id":"node/666068826"},{"type":"Feature","properties":{"@id":"node/668124729","natural":"spring","source":"cadastre-dgi-fr source : Direction Générale des Impôts - Cadastre. Mise à jour : 2010"},"geometry":{"type":"Point","coordinates":[6.0480432,45.7591048]},"id":"node/668124729"},{"type":"Feature","properties":{"@id":"node/670805920","amenity":"drinking_water","source":"cadastre-dgi-fr source : Direction Générale des Impôts - Cadastre ; mise à jour : 2010"},"geometry":{"type":"Point","coordinates":[6.6519509,45.7739301]},"id":"node/670805920"},{"type":"Feature","properties":{"@id":"node/671541844","ele":"1544","natural":"spring","source":"gps"},"geometry":{"type":"Point","coordinates":[6.3603904,45.5421013]},"id":"node/671541844"},{"type":"Feature","properties":{"@id":"node/671603128","natural":"spring"},"geometry":{"type":"Point","coordinates":[6.3578608,45.540334]},"id":"node/671603128"},{"type":"Feature","properties":{"@id":"node/671604022","natural":"spring","source":"cadastre-dgi-fr source : Direction Générale des Impôts - Cadastre. Mise à jour : 2010"},"geometry":{"type":"Point","coordinates":[6.3590395,45.5338677]},"id":"node/671604022"},{"type":"Feature","properties":{"@id":"node/671699955","natural":"spring","source":"cadastre 2010"},"geometry":{"type":"Point","coordinates":[6.3643502,45.541547]},"id":"node/671699955"},{"type":"Feature","properties":{"@id":"node/687434221","amenity":"drinking_water","check_date":"2023-08-17","man_made":"water_tap"},"geometry":{"type":"Point","coordinates":[5.9187351,45.5655135]},"id":"node/687434221"},{"type":"Feature","properties":{"@id":"node/740123477","amenity":"drinking_water"},"geometry":{"type":"Point","coordinates":[5.7753907,45.4508389]},"id":"node/740123477"},{"type":"Feature","properties":{"@id":"node/740167309","amenity":"drinking_water","fountain":"drinking"},"geometry":{"type":"Point","coordinates":[5.8550222,45.4178466]},"id":"node/740167309"},{"type":"Feature","properties":{"@id":"node/772280435","amenity":"fountain","source":"cadastre-dgi-fr source : Direction Générale des Impôts - Cadastre. Mise à jour : 2010"},"geometry":{"type":"Point","coordinates":[5.9530913,46.0157167]},"id":"node/772280435"},{"type":"Feature","properties":{"@id":"node/806609501","amenity":"drinking_water"},"geometry":{"type":"Point","coordinates":[6.7026649,45.2767458]},"id":"node/806609501"},{"type":"Feature","properties":{"@id":"node/806609669","amenity":"drinking_water","ele":"2523","note":"Oui oui ! Il y a pas moins de 3 sources disponibles autour du refuge"},"geometry":{"type":"Point","coordinates":[6.7189399,45.269687]},"id":"node/806609669"},{"type":"Feature","properties":{"@id":"node/806609707","amenity":"drinking_water"},"geometry":{"type":"Point","coordinates":[6.7024831,45.276891]},"id":"node/806609707"},{"type":"Feature","properties":{"@id":"node/806619422","amenity":"drinking_water","note":"Oui oui ! Il y a pas moins de 3 sources disponibles autour du refuge"},"geometry":{"type":"Point","coordinates":[6.7191123,45.2698803]},"id":"node/806619422"},{"type":"Feature","properties":{"@id":"node/806619492","amenity":"drinking_water","note":"Oui oui ! Il y a pas moins de 3 sources disponibles autour du refuge"},"geometry":{"type":"Point","coordinates":[6.7192365,45.2696783]},"id":"node/806619492"},{"type":"Feature","properties":{"@id":"node/806622360","amenity":"drinking_water","ele":"2363","source":"gps"},"geometry":{"type":"Point","coordinates":[6.7248876,45.2655402]},"id":"node/806622360"},{"type":"Feature","properties":{"@id":"node/809058884","amenity":"drinking_water","fee":"no"},"geometry":{"type":"Point","coordinates":[6.586608,46.4014527]},"id":"node/809058884"},{"type":"Feature","properties":{"@id":"node/821279752","amenity":"fountain"},"geometry":{"type":"Point","coordinates":[6.6191399,45.8574703]},"id":"node/821279752"},{"type":"Feature","properties":{"@id":"node/821279753","amenity":"fountain"},"geometry":{"type":"Point","coordinates":[6.6187684,45.8573198]},"id":"node/821279753"},{"type":"Feature","properties":{"@id":"node/821279757","amenity":"fountain"},"geometry":{"type":"Point","coordinates":[6.6178455,45.8564603]},"id":"node/821279757"},{"type":"Feature","properties":{"@id":"node/821279759","amenity":"fountain"},"geometry":{"type":"Point","coordinates":[6.6163957,45.8568814]},"id":"node/821279759"},{"type":"Feature","properties":{"@id":"node/821293856","amenity":"fountain","source":"cadastre-dgi-fr source : Direction Générale des Impôts - Cadastre. Mise à jour : 2010"},"geometry":{"type":"Point","coordinates":[6.617098,45.8558596]},"id":"node/821293856"},{"type":"Feature","properties":{"@id":"node/824489924","amenity":"drinking_water","ele":"1636"},"geometry":{"type":"Point","coordinates":[6.3799456,45.6073546]},"id":"node/824489924"},{"type":"Feature","properties":{"@id":"node/824506970","ele":"1914","natural":"spring"},"geometry":{"type":"Point","coordinates":[6.3823098,45.5960425]},"id":"node/824506970"},{"type":"Feature","properties":{"@id":"node/824794123","amenity":"drinking_water","source":"cadastre-dgi-fr source : Direction Générale des Impôts - Cadastre. Mise à jour : 2010"},"geometry":{"type":"Point","coordinates":[6.3173454,45.5034908]},"id":"node/824794123"},{"type":"Feature","properties":{"@id":"node/824794247","amenity":"drinking_water","source":"cadastre-dgi-fr source : Direction Générale des Impôts - Cadastre. Mise à jour : 2010"},"geometry":{"type":"Point","coordinates":[6.3174005,45.5003712]},"id":"node/824794247"},{"type":"Feature","properties":{"@id":"node/829418494","amenity":"fountain"},"geometry":{"type":"Point","coordinates":[6.1961049,45.8597457]},"id":"node/829418494"},{"type":"Feature","properties":{"@id":"node/833884579","amenity":"drinking_water","check_date":"2023-05-08"},"geometry":{"type":"Point","coordinates":[5.9377111,45.5608724]},"id":"node/833884579"},{"type":"Feature","properties":{"@id":"node/837818903","amenity":"drinking_water","man_made":"water_tap","source":"Grand Annecy"},"geometry":{"type":"Point","coordinates":[6.11338,45.89872]},"id":"node/837818903"},{"type":"Feature","properties":{"@id":"node/838111831","amenity":"drinking_water","source":"Grand Annecy","start_date":"2007-03-06"},"geometry":{"type":"Point","coordinates":[6.11372,45.89948]},"id":"node/838111831"},{"type":"Feature","properties":{"@id":"node/838895702","amenity":"drinking_water","man_made":"water_tap","source":"Grand Annecy"},"geometry":{"type":"Point","coordinates":[6.12494,45.90288]},"id":"node/838895702"},{"type":"Feature","properties":{"@id":"node/842159243","amenity":"drinking_water","bottle":"yes","man_made":"water_tap","operator":"Grand Annecy","source":"Grand Annecy"},"geometry":{"type":"Point","coordinates":[6.12748,45.89798]},"id":"node/842159243"},{"type":"Feature","properties":{"@id":"node/842159244","amenity":"drinking_water","source":"Grand Annecy"},"geometry":{"type":"Point","coordinates":[6.12619,45.89262]},"id":"node/842159244"},{"type":"Feature","properties":{"@id":"node/842159245","amenity":"drinking_water","man_made":"water_tap","source":"Grand Annecy"},"geometry":{"type":"Point","coordinates":[6.1232,45.89759]},"id":"node/842159245"},{"type":"Feature","properties":{"@id":"node/842159246","amenity":"drinking_water","man_made":"water_tap","source":"Grand Annecy","start_date":"1950-01-01"},"geometry":{"type":"Point","coordinates":[6.12734,45.89464]},"id":"node/842159246"},{"type":"Feature","properties":{"@id":"node/842479845","amenity":"drinking_water","bottle":"yes","man_made":"water_tap","operator":"Grand Annecy","ref":"A34","source":"Grand Annecy"},"geometry":{"type":"Point","coordinates":[6.12665,45.89897]},"id":"node/842479845"},{"type":"Feature","properties":{"@id":"node/842479847","amenity":"drinking_water","man_made":"water_tap","source":"Grand Annecy"},"geometry":{"type":"Point","coordinates":[6.1242,45.89842]},"id":"node/842479847"},{"type":"Feature","properties":{"@id":"node/844107243","amenity":"drinking_water","man_made":"water_well","pump":"manual","source":"Grand Annecy"},"geometry":{"type":"Point","coordinates":[6.1301,45.89801]},"id":"node/844107243"},{"type":"Feature","properties":{"@id":"node/844107250","amenity":"drinking_water","man_made":"water_tap","ref":"A38","source":"Grand Annecy"},"geometry":{"type":"Point","coordinates":[6.1248,45.89966]},"id":"node/844107250"},{"type":"Feature","properties":{"@id":"node/845289960","amenity":"drinking_water","man_made":"water_tap","source":"Grand Annecy"},"geometry":{"type":"Point","coordinates":[6.13131,45.89995]},"id":"node/845289960"},{"type":"Feature","properties":{"@id":"node/845289963","access":"yes","amenity":"drinking_water","fee":"no","man_made":"water_tap","source":"Grand Annecy"},"geometry":{"type":"Point","coordinates":[6.12915,45.89852]},"id":"node/845289963"},{"type":"Feature","properties":{"@id":"node/845289966","amenity":"drinking_water","man_made":"water_tap","ref":"A31","source":"Grand Annecy"},"geometry":{"type":"Point","coordinates":[6.12625,45.89956]},"id":"node/845289966"},{"type":"Feature","properties":{"@id":"node/845289968","amenity":"drinking_water","man_made":"water_tap","source":"Grand Annecy","start_date":"1997-10-10","wheelchair":"yes"},"geometry":{"type":"Point","coordinates":[6.1280602,45.9010929]},"id":"node/845289968"},{"type":"Feature","properties":{"@id":"node/845289975","amenity":"drinking_water","man_made":"water_tap","source":"Grand Annecy"},"geometry":{"type":"Point","coordinates":[6.14398,45.90427]},"id":"node/845289975"},{"type":"Feature","properties":{"@id":"node/846238280","amenity":"drinking_water","ref:refuges.info":"7661"},"geometry":{"type":"Point","coordinates":[6.2447392,45.8086872]},"id":"node/846238280"},{"type":"Feature","properties":{"@id":"node/847215776","amenity":"drinking_water","man_made":"water_tap","source":"Grand Annecy","survey:date":"2022-09-14"},"geometry":{"type":"Point","coordinates":[6.14293,45.85939]},"id":"node/847215776"},{"type":"Feature","properties":{"@id":"node/847610685","amenity":"drinking_water"},"geometry":{"type":"Point","coordinates":[6.7287786,45.8370587]},"id":"node/847610685"},{"type":"Feature","properties":{"@id":"node/847610932","amenity":"drinking_water","check_date":"2022-01-18","fountain":"drinking"},"geometry":{"type":"Point","coordinates":[6.9291544,45.9841622]},"id":"node/847610932"},{"type":"Feature","properties":{"@id":"node/850623198","amenity":"drinking_water","man_made":"water_tap","source":"Grand Annecy","start_date":"1999-05-06"},"geometry":{"type":"Point","coordinates":[6.1181927,45.9051777]},"id":"node/850623198"},{"type":"Feature","properties":{"@id":"node/853400795","amenity":"drinking_water","bottle":"yes","description":"Coupure de l'eau à la fin de l'été/début de l'hiver. La date varie suivant décision de la commune","fee":"no","source":"Grand Annecy"},"geometry":{"type":"Point","coordinates":[6.14757,45.91586]},"id":"node/853400795"},{"type":"Feature","properties":{"@id":"node/857445600","amenity":"drinking_water"},"geometry":{"type":"Point","coordinates":[6.7349329,45.7916258]},"id":"node/857445600"},{"type":"Feature","properties":{"@id":"node/871954660","amenity":"fountain"},"geometry":{"type":"Point","coordinates":[6.96591,45.4609]},"id":"node/871954660"},{"type":"Feature","properties":{"@id":"node/897565294","access":"yes","amenity":"drinking_water","fee":"no","man_made":"water_tap","source":"Grand Annecy","start_date":"1992-12-10"},"geometry":{"type":"Point","coordinates":[6.130456,45.8985884]},"id":"node/897565294"},{"type":"Feature","properties":{"@id":"node/913337508","amenity":"drinking_water","man_made":"water_tap","source":"Grand Annecy"},"geometry":{"type":"Point","coordinates":[6.12505,45.90221]},"id":"node/913337508"},{"type":"Feature","properties":{"@id":"node/915878440","amenity":"drinking_water"},"geometry":{"type":"Point","coordinates":[6.6437941,45.8963771]},"id":"node/915878440"},{"type":"Feature","properties":{"@id":"node/942304552","amenity":"drinking_water"},"geometry":{"type":"Point","coordinates":[6.422349,45.9180798]},"id":"node/942304552"},{"type":"Feature","properties":{"@id":"node/969955682","amenity":"fountain","source":"cadastre-dgi-fr source : Direction Générale des Impôts - Cadastre. Mise à jour : 2010"},"geometry":{"type":"Point","coordinates":[6.2342281,46.1937245]},"id":"node/969955682"},{"type":"Feature","properties":{"@id":"node/980903768","ele":"1306","natural":"spring"},"geometry":{"type":"Point","coordinates":[5.9042518,45.4019981]},"id":"node/980903768"},{"type":"Feature","properties":{"@id":"node/980951535","amenity":"drinking_water","ele":"766"},"geometry":{"type":"Point","coordinates":[5.8809085,45.4074608]},"id":"node/980951535"},{"type":"Feature","properties":{"@id":"node/1000849146","amenity":"drinking_water","ele":"1086"},"geometry":{"type":"Point","coordinates":[6.0647162,45.5850249]},"id":"node/1000849146"},{"type":"Feature","properties":{"@id":"node/1000859344","ele":"1287","name":"Fontaine Aleure","natural":"spring","note":"nom non officiel, inventé par moi, aucun panneau pour indiquer un nom. IGN parle de la \"fontaine aleure\"","ref:refuges.info":"5731"},"geometry":{"type":"Point","coordinates":[6.0709172,45.5833635]},"id":"node/1000859344"},{"type":"Feature","properties":{"@id":"node/1024071388","amenity":"drinking_water"},"geometry":{"type":"Point","coordinates":[6.1194129,45.4542451]},"id":"node/1024071388"},{"type":"Feature","properties":{"@id":"node/1045873891","amenity":"drinking_water","ele":"1050"},"geometry":{"type":"Point","coordinates":[5.9700472,45.6076765]},"id":"node/1045873891"},{"type":"Feature","properties":{"@id":"node/1054678188","amenity":"fountain","source":"cadastre-dgi-fr source : Direction Générale des Impôts - Cadastre ; mise à jour : 2010"},"geometry":{"type":"Point","coordinates":[6.7824856,45.6284827]},"id":"node/1054678188"},{"type":"Feature","properties":{"@id":"node/1082835938","amenity":"fountain","name":"Le lavoir"},"geometry":{"type":"Point","coordinates":[6.7406729,45.2279243]},"id":"node/1082835938"},{"type":"Feature","properties":{"@id":"node/1105132294","amenity":"toilets","drinking_water":"yes","fee":"no","source":"cadastre-dgi-fr source : Direction Générale des Impôts - Cadastre ; mise à jour : 2011"},"geometry":{"type":"Point","coordinates":[6.4194452,45.205582]},"id":"node/1105132294"},{"type":"Feature","properties":{"@id":"node/1132669536","amenity":"drinking_water","ele":"1040"},"geometry":{"type":"Point","coordinates":[6.3465939,45.5267668]},"id":"node/1132669536"},{"type":"Feature","properties":{"@id":"node/1158124495","amenity":"water_point"},"geometry":{"type":"Point","coordinates":[7.0524716,45.3738564]},"id":"node/1158124495"},{"type":"Feature","properties":{"@id":"node/1177194645","amenity":"fountain"},"geometry":{"type":"Point","coordinates":[5.9163729,45.5658939]},"id":"node/1177194645"},{"type":"Feature","properties":{"@id":"node/1215912398","access":"yes","amenity":"drinking_water","bottle":"yes","covered":"yes","fee":"no","fountain":"drinking","operator":"Thonon agglomeration","wheelchair":"yes"},"geometry":{"type":"Point","coordinates":[6.4746309,46.3693931]},"id":"node/1215912398"},{"type":"Feature","properties":{"@id":"node/1224299455","amenity":"drinking_water","man_made":"water_tap","source":"Grand Annecy","start_date":"1988-02-24"},"geometry":{"type":"Point","coordinates":[6.12403,45.89914]},"id":"node/1224299455"},{"type":"Feature","properties":{"@id":"node/1229969854","ele":"1082","name":"Abri sous Roc","natural":"spring","note":"2 altitudes mesurées 2 jours différents : 1079 et 1084 -- la source se trouve sous l'abri, qui est un gros rocher","place":"locality"},"geometry":{"type":"Point","coordinates":[6.0865571,45.551942]},"id":"node/1229969854"},{"type":"Feature","properties":{"@id":"node/1232191990","amenity":"fountain"},"geometry":{"type":"Point","coordinates":[6.8416175,46.2566753]},"id":"node/1232191990"},{"type":"Feature","properties":{"@id":"node/1237363222","amenity":"fountain"},"geometry":{"type":"Point","coordinates":[5.9175169,45.5694297]},"id":"node/1237363222"},{"type":"Feature","properties":{"@id":"node/1249127315","amenity":"drinking_water"},"geometry":{"type":"Point","coordinates":[6.9162038,45.9701678]},"id":"node/1249127315"},{"type":"Feature","properties":{"@id":"node/1249720016","access":"yes","amenity":"drinking_water","check_date":"2021-09-19","fountain":"drinking","name":"Fontaine","source":"cadastre-dgi-fr source : Direction Générale des Impôts - Cadastre. Mise à jour : 2009"},"geometry":{"type":"Point","coordinates":[6.7417761,45.2286028]},"id":"node/1249720016"},{"type":"Feature","properties":{"@id":"node/1249720020","amenity":"fountain","name":"Lavoir","source":"cadastre-dgi-fr source : Direction Générale des Impôts - Cadastre. Mise à jour : 2011"},"geometry":{"type":"Point","coordinates":[6.7426657,45.2288517]},"id":"node/1249720020"},{"type":"Feature","properties":{"@id":"node/1260099600","amenity":"drinking_water","ref:refuges.info":"7474"},"geometry":{"type":"Point","coordinates":[7.0843704,45.2971743]},"id":"node/1260099600"},{"type":"Feature","properties":{"@id":"node/1271191591","amenity":"fountain","drinking_water":"no"},"geometry":{"type":"Point","coordinates":[6.1405215,45.8640125]},"id":"node/1271191591"},{"type":"Feature","properties":{"@id":"node/1277668202","amenity":"drinking_water","ele":"1306","name":"Col des cyclos","ref:refuges.info":"1876","source":"gps"},"geometry":{"type":"Point","coordinates":[6.4357189,45.683088]},"id":"node/1277668202"},{"type":"Feature","properties":{"@id":"node/1277772209","ele":"1829","intermittent":"yes","natural":"spring"},"geometry":{"type":"Point","coordinates":[6.4664025,45.6856577]},"id":"node/1277772209"},{"type":"Feature","properties":{"@id":"node/1277803626","ele":"1869","natural":"spring"},"geometry":{"type":"Point","coordinates":[6.4735677,45.6781794]},"id":"node/1277803626"},{"type":"Feature","properties":{"@id":"node/1284795714","amenity":"drinking_water"},"geometry":{"type":"Point","coordinates":[5.8807311,45.4072987]},"id":"node/1284795714"},{"type":"Feature","properties":{"@id":"node/1296194649","amenity":"drinking_water"},"geometry":{"type":"Point","coordinates":[6.4149264,45.7192635]},"id":"node/1296194649"},{"type":"Feature","properties":{"@id":"node/1296194653","amenity":"fountain","check_date":"2021-08-20"},"geometry":{"type":"Point","coordinates":[6.4123032,45.710637]},"id":"node/1296194653"},{"type":"Feature","properties":{"@id":"node/1296194677","amenity":"fountain"},"geometry":{"type":"Point","coordinates":[6.4121326,45.6984116]},"id":"node/1296194677"},{"type":"Feature","properties":{"@id":"node/1296854894","amenity":"drinking_water","intermittent":"yes"},"geometry":{"type":"Point","coordinates":[6.0082839,45.567304]},"id":"node/1296854894"},{"type":"Feature","properties":{"@id":"node/1317341988","ele":"1291","intermittent":"yes","natural":"spring"},"geometry":{"type":"Point","coordinates":[6.0312146,45.7144822]},"id":"node/1317341988"},{"type":"Feature","properties":{"@id":"node/1317341996","ele":"1310","intermittent":"yes","natural":"spring"},"geometry":{"type":"Point","coordinates":[6.0318229,45.7146453]},"id":"node/1317341996"},{"type":"Feature","properties":{"@id":"node/1317347828","amenity":"drinking_water","ele":"1036"},"geometry":{"type":"Point","coordinates":[6.0248577,45.7179008]},"id":"node/1317347828"},{"type":"Feature","properties":{"@id":"node/1317347853","amenity":"drinking_water","ele":"982"},"geometry":{"type":"Point","coordinates":[6.0220093,45.7189521]},"id":"node/1317347853"},{"type":"Feature","properties":{"@id":"node/1342093666","amenity":"drinking_water"},"geometry":{"type":"Point","coordinates":[5.969782,45.5967974]},"id":"node/1342093666"},{"type":"Feature","properties":{"@id":"node/1342379224","amenity":"drinking_water","ele":"855","source":"gps"},"geometry":{"type":"Point","coordinates":[6.1373361,45.5956446]},"id":"node/1342379224"},{"type":"Feature","properties":{"@id":"node/1342394103","amenity":"drinking_water","ele":"738","source":"gps"},"geometry":{"type":"Point","coordinates":[6.1664359,45.6501912]},"id":"node/1342394103"},{"type":"Feature","properties":{"@id":"node/1345718364","amenity":"drinking_water","ele":"1610"},"geometry":{"type":"Point","coordinates":[6.2390478,45.6794129]},"id":"node/1345718364"},{"type":"Feature","properties":{"@id":"node/1345718418","amenity":"drinking_water","ele":"1598","ref:refuges.info":"6941"},"geometry":{"type":"Point","coordinates":[6.2393269,45.6792389]},"id":"node/1345718418"},{"type":"Feature","properties":{"@id":"node/1345751388","ele":"1692","natural":"spring"},"geometry":{"type":"Point","coordinates":[6.2724802,45.6745355]},"id":"node/1345751388"},{"type":"Feature","properties":{"@id":"node/1345765215","ele":"1466","natural":"spring"},"geometry":{"type":"Point","coordinates":[6.2617219,45.6711704]},"id":"node/1345765215"},{"type":"Feature","properties":{"@id":"node/1346962274","access":"yes","amenity":"drinking_water","bottle":"yes","fee":"no"},"geometry":{"type":"Point","coordinates":[6.677839,45.450883]},"id":"node/1346962274"},{"type":"Feature","properties":{"@id":"node/1356208202","amenity":"drinking_water","check_date":"2026-06-06","fountain":"drinking","source":"survey"},"geometry":{"type":"Point","coordinates":[6.8174346,45.2773749]},"id":"node/1356208202"},{"type":"Feature","properties":{"@id":"node/1356246405","amenity":"lavoir","description":"Le débit d'eau est assez faible","drinking_water":"yes","source":"survey"},"geometry":{"type":"Point","coordinates":[6.6426832,45.1550562]},"id":"node/1356246405"},{"type":"Feature","properties":{"@id":"node/1356247045","amenity":"drinking_water","source":"survey"},"geometry":{"type":"Point","coordinates":[6.6529849,45.1736468]},"id":"node/1356247045"},{"type":"Feature","properties":{"@id":"node/1356247060","amenity":"drinking_water","ref:refuges.info":"7839","source":"survey"},"geometry":{"type":"Point","coordinates":[6.6701311,45.1368594]},"id":"node/1356247060"},{"type":"Feature","properties":{"@id":"node/1363272870","access":"yes","amenity":"drinking_water","ele":"1567","fee":"no","lit":"no","ref:refuges.info":"11243","survey:date":"2026-04-30"},"geometry":{"type":"Point","coordinates":[6.2253038,45.4582507]},"id":"node/1363272870"},{"type":"Feature","properties":{"@id":"node/1366434185","amenity":"fountain","drinking_water:legal":"no"},"geometry":{"type":"Point","coordinates":[6.4201585,45.1688168]},"id":"node/1366434185"},{"type":"Feature","properties":{"@id":"node/1366434186","amenity":"drinking_water"},"geometry":{"type":"Point","coordinates":[6.4201167,45.1688485]},"id":"node/1366434186"},{"type":"Feature","properties":{"@id":"node/1379312327","amenity":"drinking_water"},"geometry":{"type":"Point","coordinates":[6.4790073,46.3757474]},"id":"node/1379312327"},{"type":"Feature","properties":{"@id":"node/1389948028","amenity":"fountain","name":"Fontaine de l'An 2000","sculptor":"Guillaume Bozonnet;Béatrice Sansonne-Bouvet","start_date":"2000"},"geometry":{"type":"Point","coordinates":[6.7233493,46.0826878]},"id":"node/1389948028"},{"type":"Feature","properties":{"@id":"node/1393546633","access":"yes","amenity":"drinking_water","bottle":"yes","check_date":"2024-08-13","cold_water":"no","fee":"no","hot_water":"no","iced_water":"no","man_made":"water_tap","opening_hours":"24/7","panoramax":"c8391235-d2c5-4ac3-9746-9d96672eac56","room_temperature_water":"yes","warm_water":"no"},"geometry":{"type":"Point","coordinates":[6.7143021,46.0790705]},"id":"node/1393546633"},{"type":"Feature","properties":{"@id":"node/1393556846","amenity":"drinking_water","drinking_water":"yes","panoramax":"059d44a1-b474-40a5-814c-70ac29591314"},"geometry":{"type":"Point","coordinates":[6.8405495,46.0773291]},"id":"node/1393556846"},{"type":"Feature","properties":{"@id":"node/1400497193","amenity":"drinking_water","source":"cadastre-dgi-fr source : Direction Générale des Impôts - Cadastre. Mise à jour :    2011"},"geometry":{"type":"Point","coordinates":[6.1482705,45.9639204]},"id":"node/1400497193"},{"type":"Feature","properties":{"@id":"node/1401047150","amenity":"fountain","drinking_water":"unwatched","fountain":"nozzle","lit":"no"},"geometry":{"type":"Point","coordinates":[6.7339603,46.0840604]},"id":"node/1401047150"},{"type":"Feature","properties":{"@id":"node/1404558642","amenity":"fountain","drinking_water":"no","source":"surveyed"},"geometry":{"type":"Point","coordinates":[6.6300426,46.0561623]},"id":"node/1404558642"},{"type":"Feature","properties":{"@id":"node/1406900133","amenity":"drinking_water","image":"https://europeanwaterproject.org/photos/2020/EWP1406900133.jpg"},"geometry":{"type":"Point","coordinates":[6.4475733,45.9715609]},"id":"node/1406900133"},{"type":"Feature","properties":{"@id":"node/1407343345","amenity":"drinking_water"},"geometry":{"type":"Point","coordinates":[6.8658066,45.2117353]},"id":"node/1407343345"},{"type":"Feature","properties":{"@id":"node/1414631106","amenity":"drinking_water"},"geometry":{"type":"Point","coordinates":[6.6437998,46.3091289]},"id":"node/1414631106"},{"type":"Feature","properties":{"@id":"node/1416608094","name":"Source du Gargoton","natural":"spring"},"geometry":{"type":"Point","coordinates":[6.1987208,45.4237241]},"id":"node/1416608094"},{"type":"Feature","properties":{"@id":"node/1417495385","amenity":"drinking_water"},"geometry":{"type":"Point","coordinates":[6.4457765,46.047225]},"id":"node/1417495385"},{"type":"Feature","properties":{"@id":"node/1421204178","name":"Source de crève cœur","natural":"spring","ref:refuges.info":"5492"},"geometry":{"type":"Point","coordinates":[6.7394099,46.1703942]},"id":"node/1421204178"},{"type":"Feature","properties":{"@id":"node/1422144551","amenity":"drinking_water","bottle":"yes","fee":"no","name":"Bénite Fontaine","source":"cadastre-dgi-fr source : Direction Générale des Impôts - Cadastre. Mise à jour : 2011","wheelchair":"yes"},"geometry":{"type":"Point","coordinates":[6.319956,46.0577852]},"id":"node/1422144551"},{"type":"Feature","properties":{"@id":"node/1427397711","amenity":"drinking_water","fountain":"drinking"},"geometry":{"type":"Point","coordinates":[6.793358,45.3192525]},"id":"node/1427397711"},{"type":"Feature","properties":{"@id":"node/1428745388","amenity":"drinking_water"},"geometry":{"type":"Point","coordinates":[6.5715113,45.5053188]},"id":"node/1428745388"},{"type":"Feature","properties":{"@id":"node/1428747186","amenity":"drinking_water"},"geometry":{"type":"Point","coordinates":[6.593754,45.5106628]},"id":"node/1428747186"},{"type":"Feature","properties":{"@id":"node/1430305867","amenity":"fountain"},"geometry":{"type":"Point","coordinates":[6.1118604,45.9542057]},"id":"node/1430305867"},{"type":"Feature","properties":{"@id":"node/1431076573","drinking_water":"no","ele":"2179","man_made":"water_tap","ref:refuges.info":"7825"},"geometry":{"type":"Point","coordinates":[6.6173413,45.727103]},"id":"node/1431076573"},{"type":"Feature","properties":{"@id":"node/1431293131","amenity":"fountain"},"geometry":{"type":"Point","coordinates":[6.1223175,45.9462188]},"id":"node/1431293131"},{"type":"Feature","properties":{"@id":"node/1436569545","natural":"spring"},"geometry":{"type":"Point","coordinates":[6.8693725,45.9509854]},"id":"node/1436569545"},{"type":"Feature","properties":{"@id":"node/1440929464","amenity":"fountain"},"geometry":{"type":"Point","coordinates":[6.9939355,45.320363]},"id":"node/1440929464"},{"type":"Feature","properties":{"@id":"node/1478896302","amenity":"drinking_water","description":"Bassin d'Excuvilly"},"geometry":{"type":"Point","coordinates":[6.3868044,46.329254]},"id":"node/1478896302"},{"type":"Feature","properties":{"@id":"node/1504407917","amenity":"fountain","drinking_water":"yes","fountain":"nozzle","heritage":"3","heritage:operator":"mhs","image":"https://commons.wikimedia.org/wiki/File:Fontaine_aux_bourneaux_(Samoens).jpg","mhs:inscription_date":"2015-01-16","name":"Fontaine aux bourneaux","ref:mhs":"PA74000025","source":"osmsync:findafountain","source:pkey":"1024","start_date":"1763","wheelchair":"no","wikidata":"Q30901510","wikimedia_commons":"Category:Fontaine aux bourneaux (Samoens)"},"geometry":{"type":"Point","coordinates":[6.7271889,46.0833425]},"id":"node/1504407917"},{"type":"Feature","properties":{"@id":"node/1509491275","amenity":"fountain"},"geometry":{"type":"Point","coordinates":[5.8949786,45.5623138]},"id":"node/1509491275"},{"type":"Feature","properties":{"@id":"node/1522674082","amenity":"drinking_water","man_made":"water_well","pump":"manual","wheelchair":"yes"},"geometry":{"type":"Point","coordinates":[5.917597,45.5693317]},"id":"node/1522674082"},{"type":"Feature","properties":{"@id":"node/1524834186","amenity":"drinking_water","name":"source capté"},"geometry":{"type":"Point","coordinates":[5.8624759,45.4691279]},"id":"node/1524834186"},{"type":"Feature","properties":{"@id":"node/1529160144","name":"Fontaine Froide","natural":"spring","ref:refuges.info":"5382"},"geometry":{"type":"Point","coordinates":[6.0342532,45.6943751]},"id":"node/1529160144"},{"type":"Feature","properties":{"@id":"node/1529233942","amenity":"fountain"},"geometry":{"type":"Point","coordinates":[6.014979,45.6828395]},"id":"node/1529233942"},{"type":"Feature","properties":{"@id":"node/1547181861","amenity":"drinking_water"},"geometry":{"type":"Point","coordinates":[6.6260092,45.5232353]},"id":"node/1547181861"},{"type":"Feature","properties":{"@id":"node/1591764992","amenity":"drinking_water","ele":"813"},"geometry":{"type":"Point","coordinates":[6.3272298,45.5907341]},"id":"node/1591764992"},{"type":"Feature","properties":{"@id":"node/1591765050","amenity":"drinking_water","ele":"812"},"geometry":{"type":"Point","coordinates":[6.3291293,45.5918967]},"id":"node/1591765050"},{"type":"Feature","properties":{"@id":"node/1605306678","amenity":"drinking_water"},"geometry":{"type":"Point","coordinates":[6.6729259,46.1685973]},"id":"node/1605306678"},{"type":"Feature","properties":{"@id":"node/1635100820","amenity":"drinking_water","source":"cadastre-dgi-fr source : Direction Générale des Impôts - Cadastre. Mise à jour : 2012"},"geometry":{"type":"Point","coordinates":[6.2951439,45.4534603]},"id":"node/1635100820"},{"type":"Feature","properties":{"@id":"node/1665583791","amenity":"drinking_water"},"geometry":{"type":"Point","coordinates":[5.865823,45.460884]},"id":"node/1665583791"},{"type":"Feature","properties":{"@id":"node/1665583835","amenity":"drinking_water"},"geometry":{"type":"Point","coordinates":[5.8846766,45.4810836]},"id":"node/1665583835"},{"type":"Feature","properties":{"@id":"node/1665583869","amenity":"drinking_water","ele":"1050"},"geometry":{"type":"Point","coordinates":[5.8837341,45.4804815]},"id":"node/1665583869"},{"type":"Feature","properties":{"@id":"node/1705394218","amenity":"fountain"},"geometry":{"type":"Point","coordinates":[6.1331863,46.1350654]},"id":"node/1705394218"},{"type":"Feature","properties":{"@id":"node/1711883500","amenity":"fountain","source":"cadastre-dgi-fr source : Direction Générale des Impôts - Cadastre ; mise à jour : 2012"},"geometry":{"type":"Point","coordinates":[6.4299186,45.1650664]},"id":"node/1711883500"},{"type":"Feature","properties":{"@id":"node/1715293436","amenity":"fountain"},"geometry":{"type":"Point","coordinates":[6.4720303,45.2174844]},"id":"node/1715293436"},{"type":"Feature","properties":{"@id":"node/1735840151","amenity":"drinking_water"},"geometry":{"type":"Point","coordinates":[6.4980729,45.5052541]},"id":"node/1735840151"},{"type":"Feature","properties":{"@id":"node/1735911673","amenity":"drinking_water","ele":"1540","ref:refuges.info":"3235"},"geometry":{"type":"Point","coordinates":[6.493755,45.4635731]},"id":"node/1735911673"},{"type":"Feature","properties":{"@id":"node/1735915216","amenity":"drinking_water","ele":"1691","natural":"spring","ref:refuges.info":"3232"},"geometry":{"type":"Point","coordinates":[6.4909693,45.4656479]},"id":"node/1735915216"},{"type":"Feature","properties":{"@id":"node/1738176199","amenity":"drinking_water","ref:refuges.info":"7092"},"geometry":{"type":"Point","coordinates":[6.6887729,45.9456503]},"id":"node/1738176199"},{"type":"Feature","properties":{"@id":"node/1738176261","amenity":"drinking_water"},"geometry":{"type":"Point","coordinates":[6.6949006,45.9443169]},"id":"node/1738176261"},{"type":"Feature","properties":{"@id":"node/1755113197","amenity":"fountain"},"geometry":{"type":"Point","coordinates":[6.5885864,46.4004552]},"id":"node/1755113197"},{"type":"Feature","properties":{"@id":"node/1755244970","amenity":"fountain"},"geometry":{"type":"Point","coordinates":[6.5910821,46.4004594]},"id":"node/1755244970"},{"type":"Feature","properties":{"@id":"node/1756130055","amenity":"fountain"},"geometry":{"type":"Point","coordinates":[6.5878321,46.4015971]},"id":"node/1756130055"},{"type":"Feature","properties":{"@id":"node/1757386888","amenity":"fountain"},"geometry":{"type":"Point","coordinates":[6.5997939,46.4015772]},"id":"node/1757386888"},{"type":"Feature","properties":{"@id":"node/1757386897","amenity":"drinking_water"},"geometry":{"type":"Point","coordinates":[6.6002057,46.4016774]},"id":"node/1757386897"},{"type":"Feature","properties":{"@id":"node/1757386906","amenity":"fountain"},"geometry":{"type":"Point","coordinates":[6.6016618,46.4017168]},"id":"node/1757386906"},{"type":"Feature","properties":{"@id":"node/1758963823","amenity":"fountain"},"geometry":{"type":"Point","coordinates":[6.5865082,46.4007309]},"id":"node/1758963823"},{"type":"Feature","properties":{"@id":"node/1758963825","amenity":"fountain"},"geometry":{"type":"Point","coordinates":[6.5933952,46.4007819]},"id":"node/1758963825"},{"type":"Feature","properties":{"@id":"node/1758963864","amenity":"fountain"},"geometry":{"type":"Point","coordinates":[6.5901064,46.4014962]},"id":"node/1758963864"},{"type":"Feature","properties":{"@id":"node/1758963880","amenity":"drinking_water"},"geometry":{"type":"Point","coordinates":[6.592084,46.4015591]},"id":"node/1758963880"},{"type":"Feature","properties":{"@id":"node/1758963913","amenity":"drinking_water"},"geometry":{"type":"Point","coordinates":[6.5974831,46.4016401]},"id":"node/1758963913"},{"type":"Feature","properties":{"@id":"node/1758963932","amenity":"fountain"},"geometry":{"type":"Point","coordinates":[6.5913473,46.401658]},"id":"node/1758963932"},{"type":"Feature","properties":{"@id":"node/1758963969","amenity":"fountain","image":"https://commons.wikimedia.org/wiki/File:Evian-les-Bains_(Haute-Savoie)_(10004993653).jpg"},"geometry":{"type":"Point","coordinates":[6.5908591,46.4017604]},"id":"node/1758963969"},{"type":"Feature","properties":{"@id":"node/1758963973","amenity":"drinking_water"},"geometry":{"type":"Point","coordinates":[6.6015318,46.4017395]},"id":"node/1758963973"},{"type":"Feature","properties":{"@id":"node/1758964010","amenity":"drinking_water"},"geometry":{"type":"Point","coordinates":[6.588521,46.401879]},"id":"node/1758964010"},{"type":"Feature","properties":{"@id":"node/1758964032","amenity":"drinking_water"},"geometry":{"type":"Point","coordinates":[6.5874666,46.4020153]},"id":"node/1758964032"},{"type":"Feature","properties":{"@id":"node/1770739838","amenity":"drinking_water"},"geometry":{"type":"Point","coordinates":[6.7790051,45.6070791]},"id":"node/1770739838"},{"type":"Feature","properties":{"@id":"node/1780680361","drinking_water":"no","man_made":"water_tap","survey:date":"2025-04-20"},"geometry":{"type":"Point","coordinates":[6.479263,45.199221]},"id":"node/1780680361"},{"type":"Feature","properties":{"@id":"node/1785303304","amenity":"drinking_water","covered":"yes","fountain":"drinking"},"geometry":{"type":"Point","coordinates":[6.7236964,45.3797419]},"id":"node/1785303304"},{"type":"Feature","properties":{"@id":"node/1791338935","amenity":"drinking_water","man_made":"water_tap","source":"Grand Annecy","start_date":"1995-01-01"},"geometry":{"type":"Point","coordinates":[6.1430832,45.8671809]},"id":"node/1791338935"},{"type":"Feature","properties":{"@id":"node/1793278866","amenity":"drinking_water","check_date":"2023-04-09","fixme":"4/2023 no water - is it shut down in winter or permanently?","man_made":"water_tap"},"geometry":{"type":"Point","coordinates":[6.3249681,45.8818716]},"id":"node/1793278866"},{"type":"Feature","properties":{"@id":"node/1793860957","amenity":"drinking_water","check_date":"2023-04-10"},"geometry":{"type":"Point","coordinates":[5.8644535,45.5713336]},"id":"node/1793860957"},{"type":"Feature","properties":{"@id":"node/1795433689","amenity":"drinking_water","description":"basin fed by a source in the garage of the above","source":"Bing"},"geometry":{"type":"Point","coordinates":[6.5061231,45.4560161]},"id":"node/1795433689"},{"type":"Feature","properties":{"@id":"node/1795434975","amenity":"drinking_water"},"geometry":{"type":"Point","coordinates":[6.5072031,45.4571541]},"id":"node/1795434975"},{"type":"Feature","properties":{"@id":"node/1795441769","amenity":"drinking_water"},"geometry":{"type":"Point","coordinates":[6.5067826,45.457478]},"id":"node/1795441769"},{"type":"Feature","properties":{"@id":"node/1795443324","amenity":"fountain","drinking_water":"no"},"geometry":{"type":"Point","coordinates":[6.5103553,45.4683666]},"id":"node/1795443324"},{"type":"Feature","properties":{"@id":"node/1795443723","amenity":"fountain","drinking_water":"no","ref:refuges.info":"3237"},"geometry":{"type":"Point","coordinates":[6.510409,45.4624824]},"id":"node/1795443723"},{"type":"Feature","properties":{"@id":"node/1795444126","amenity":"fountain","drinking_water":"no"},"geometry":{"type":"Point","coordinates":[6.5129195,45.4636036]},"id":"node/1795444126"},{"type":"Feature","properties":{"@id":"node/1801716861","drinking_water":"yes","man_made":"water_tap","ref:refuges.info":"3836"},"geometry":{"type":"Point","coordinates":[6.3022134,46.0041495]},"id":"node/1801716861"},{"type":"Feature","properties":{"@id":"node/1803717180","natural":"spring"},"geometry":{"type":"Point","coordinates":[6.7171426,46.3696811]},"id":"node/1803717180"},{"type":"Feature","properties":{"@id":"node/1824258931","natural":"spring"},"geometry":{"type":"Point","coordinates":[6.9016809,45.9545426]},"id":"node/1824258931"},{"type":"Feature","properties":{"@id":"node/1827083112","ele":"1828","natural":"spring"},"geometry":{"type":"Point","coordinates":[6.3857951,45.6042754]},"id":"node/1827083112"},{"type":"Feature","properties":{"@id":"node/1827083114","amenity":"drinking_water","description":"pour bestiaux plutôt, on on peut quand même y remplir une gourde","ele":"1828"},"geometry":{"type":"Point","coordinates":[6.3856054,45.6043265]},"id":"node/1827083114"},{"type":"Feature","properties":{"@id":"node/1827109534","natural":"spring"},"geometry":{"type":"Point","coordinates":[6.3832646,45.609836]},"id":"node/1827109534"},{"type":"Feature","properties":{"@id":"node/1838772468","amenity":"drinking_water","image":"https://europeanwaterproject.org/photos/2020/EWP1838772468.jpg","source":"damien200"},"geometry":{"type":"Point","coordinates":[6.2353137,46.1927571]},"id":"node/1838772468"},{"type":"Feature","properties":{"@id":"node/1842889027","amenity":"drinking_water"},"geometry":{"type":"Point","coordinates":[6.302074,45.451347]},"id":"node/1842889027"},{"type":"Feature","properties":{"@id":"node/1842910702","natural":"spring","tourism":"attraction","waterway":"waterfall"},"geometry":{"type":"Point","coordinates":[6.3026346,45.4477563]},"id":"node/1842910702"},{"type":"Feature","properties":{"@id":"node/1843697683","amenity":"fountain"},"geometry":{"type":"Point","coordinates":[6.4681981,46.3293233]},"id":"node/1843697683"},{"type":"Feature","properties":{"@id":"node/1861173997","access":"yes","amenity":"drinking_water","bottle":"yes","covered":"no","description":"Water tap with stone basin","drinking_water:legal":"yes","indoor":"no","man_made":"water_tap","source":"survey"},"geometry":{"type":"Point","coordinates":[6.21915,45.2217458]},"id":"node/1861173997"},{"type":"Feature","properties":{"@id":"node/1861192898","access":"yes","amenity":"drinking_water","man_made":"water_tap"},"geometry":{"type":"Point","coordinates":[6.234319,45.2213252]},"id":"node/1861192898"},{"type":"Feature","properties":{"@id":"node/1861196161","amenity":"fountain"},"geometry":{"type":"Point","coordinates":[6.1272837,46.1207088]},"id":"node/1861196161"},{"type":"Feature","properties":{"@id":"node/1861196162","amenity":"fountain"},"geometry":{"type":"Point","coordinates":[6.1462586,46.1261127]},"id":"node/1861196162"},{"type":"Feature","properties":{"@id":"node/1868589519","amenity":"drinking_water"},"geometry":{"type":"Point","coordinates":[6.4406295,45.6480422]},"id":"node/1868589519"},{"type":"Feature","properties":{"@id":"node/1868589528","amenity":"drinking_water","check_date":"2024-09-08","fountain":"drinking"},"geometry":{"type":"Point","coordinates":[6.4400233,45.6551106]},"id":"node/1868589528"},{"type":"Feature","properties":{"@id":"node/1868589605","amenity":"drinking_water"},"geometry":{"type":"Point","coordinates":[6.4319767,45.6498085]},"id":"node/1868589605"},{"type":"Feature","properties":{"@id":"node/1868589629","amenity":"drinking_water"},"geometry":{"type":"Point","coordinates":[6.4331569,45.661792]},"id":"node/1868589629"},{"type":"Feature","properties":{"@id":"node/1874675845","amenity":"drinking_water"},"geometry":{"type":"Point","coordinates":[6.3110369,45.705842]},"id":"node/1874675845"},{"type":"Feature","properties":{"@id":"node/1874812543","amenity":"fountain","source":"Bing"},"geometry":{"type":"Point","coordinates":[6.5633614,46.2128818]},"id":"node/1874812543"},{"type":"Feature","properties":{"@id":"node/1875111743","amenity":"drinking_water","man_made":"water_well"},"geometry":{"type":"Point","coordinates":[6.8348914,45.9037283]},"id":"node/1875111743"},{"type":"Feature","properties":{"@id":"node/1878567343","amenity":"drinking_water","survey:date":"2022-08-19"},"geometry":{"type":"Point","coordinates":[6.4751132,45.2157235]},"id":"node/1878567343"},{"type":"Feature","properties":{"@id":"node/1879168734","amenity":"drinking_water"},"geometry":{"type":"Point","coordinates":[6.49071,45.8729698]},"id":"node/1879168734"},{"type":"Feature","properties":{"@id":"node/1882462926","amenity":"fountain","heritage":"3","heritage:operator":"mhs","historic":"yes","mhs:inscription_date":"1930-04-14","name":"Fontaine","ref:mhs":"PA00118458","source":"Bing","source:heritage":"data.gouv.fr, Ministère de la Culture - 2016","start_date":"C18","wikidata":"Q21619435"},"geometry":{"type":"Point","coordinates":[6.479077,46.3728914]},"id":"node/1882462926"},{"type":"Feature","properties":{"@id":"node/1882514527","amenity":"drinking_water","check_date":"2026-06-23","fountain":"drinking"},"geometry":{"type":"Point","coordinates":[6.9276473,45.995133]},"id":"node/1882514527"},{"type":"Feature","properties":{"@id":"node/1886562732","amenity":"drinking_water"},"geometry":{"type":"Point","coordinates":[6.5600005,45.8624057]},"id":"node/1886562732"},{"type":"Feature","properties":{"@id":"node/1886562779","amenity":"drinking_water"},"geometry":{"type":"Point","coordinates":[6.5982737,45.9036275]},"id":"node/1886562779"},{"type":"Feature","properties":{"@id":"node/1887909520","name":"Résurgence de la Méridienne","natural":"spring"},"geometry":{"type":"Point","coordinates":[6.8550279,46.0868573]},"id":"node/1887909520"},{"type":"Feature","properties":{"@id":"node/1895597856","amenity":"drinking_water","comment":"Captage d'eau"},"geometry":{"type":"Point","coordinates":[6.1085072,45.4761838]},"id":"node/1895597856"},{"type":"Feature","properties":{"@id":"node/1917305180","name":"Sources de l'Arc","natural":"spring"},"geometry":{"type":"Point","coordinates":[7.1536181,45.4059029]},"id":"node/1917305180"},{"type":"Feature","properties":{"@id":"node/1943320045","amenity":"drinking_water"},"geometry":{"type":"Point","coordinates":[6.6844518,45.9360821]},"id":"node/1943320045"},{"type":"Feature","properties":{"@id":"node/1945879814","drinking_water":"yes","natural":"spring"},"geometry":{"type":"Point","coordinates":[6.6722542,45.953289]},"id":"node/1945879814"},{"type":"Feature","properties":{"@id":"node/1948306062","intermittent":"no","name":"Résurgence","natural":"spring"},"geometry":{"type":"Point","coordinates":[6.7587649,46.0114665]},"id":"node/1948306062"},{"type":"Feature","properties":{"@id":"node/1955138825","access":"yes","amenity":"drinking_water","bottle":"yes","fee":"no","fountain":"drinking","indoor":"no","name":"Bachal","wheelchair":"yes"},"geometry":{"type":"Point","coordinates":[6.7564335,45.5448443]},"id":"node/1955138825"},{"type":"Feature","properties":{"@id":"node/1965413741","amenity":"drinking_water","source":"cadastre-dgi-fr source : Direction Générale des Impôts - Cadastre. Mise à jour : 2012","watering_place":"yes"},"geometry":{"type":"Point","coordinates":[6.7573862,45.931119]},"id":"node/1965413741"},{"type":"Feature","properties":{"@id":"node/1969332116","access":"yes","amenity":"drinking_water","bottle":"yes","check_date":"2024-08-22","fee":"no","man_made":"water_tap","wheelchair":"yes"},"geometry":{"type":"Point","coordinates":[6.7593402,45.5390474]},"id":"node/1969332116"},{"type":"Feature","properties":{"@id":"node/1969332382","access":"yes","amenity":"drinking_water","bottle":"yes","check_date":"2024-08-22","fee":"no","fountain":"drinking","man_made":"water_tap","wheelchair":"yes"},"geometry":{"type":"Point","coordinates":[6.7599492,45.5397031]},"id":"node/1969332382"},{"type":"Feature","properties":{"@id":"node/1978968145","amenity":"drinking_water","man_made":"water_tap","source":"Grand Annecy"},"geometry":{"type":"Point","coordinates":[6.13462,45.90191]},"id":"node/1978968145"},{"type":"Feature","properties":{"@id":"node/1978968381","amenity":"drinking_water","man_made":"water_tap","source":"Grand Annecy","start_date":"1999-04-28"},"geometry":{"type":"Point","coordinates":[6.14254,45.9044]},"id":"node/1978968381"},{"type":"Feature","properties":{"@id":"node/1989018445","access":"yes","amenity":"toilets","check_date":"2025-03-02","drinking_water":"yes","fee":"no","wheelchair":"yes"},"geometry":{"type":"Point","coordinates":[6.7339108,45.5743051]},"id":"node/1989018445"},{"type":"Feature","properties":{"@id":"node/1992920592","access":"yes","amenity":"fountain","bottle":"yes","drinking_water":"yes","fee":"no","fountain":"stone_block","lit":"no","name":"Fontaine de Vallon","start_date":"1875","wheelchair":"limited"},"geometry":{"type":"Point","coordinates":[6.747384,46.0712215]},"id":"node/1992920592"},{"type":"Feature","properties":{"@id":"node/1993760416","amenity":"fountain"},"geometry":{"type":"Point","coordinates":[5.843993,45.8815517]},"id":"node/1993760416"},{"type":"Feature","properties":{"@id":"node/2009413134","amenity":"drinking_water","check_date":"2025-12-27","source":"Bing; GPS"},"geometry":{"type":"Point","coordinates":[6.6104492,45.9218159]},"id":"node/2009413134"},{"type":"Feature","properties":{"@id":"node/2032416372","natural":"spring"},"geometry":{"type":"Point","coordinates":[6.471638,45.814131]},"id":"node/2032416372"},{"type":"Feature","properties":{"@id":"node/2048936718","amenity":"drinking_water"},"geometry":{"type":"Point","coordinates":[6.6361806,45.4339856]},"id":"node/2048936718"},{"type":"Feature","properties":{"@id":"node/2068429861","amenity":"drinking_water"},"geometry":{"type":"Point","coordinates":[6.3375959,45.2195257]},"id":"node/2068429861"},{"type":"Feature","properties":{"@id":"node/2068430989","amenity":"drinking_water"},"geometry":{"type":"Point","coordinates":[6.3370461,45.2105129]},"id":"node/2068430989"},{"type":"Feature","properties":{"@id":"node/2077672300","amenity":"fountain","covered":"no","drinking_water":"no","fountain":"decorative","name":"Fontaine des Pyramides"},"geometry":{"type":"Point","coordinates":[5.8962733,45.5592752]},"id":"node/2077672300"},{"type":"Feature","properties":{"@id":"node/2079490299","amenity":"fountain","description":"Fontaine","heritage":"3","heritage:operator":"mhs","mhs:inscription_date":"1984-05-04","name":"Fontaine","ref:mhs":"PA00118377","source":"data.gouv.fr:Ministère de la Culture - 08/2011","source:heritage":"Ministère de la Culture - 06/2019","wikidata":"Q3076127","wikimedia_commons":"Category:Fontaine de Cluses","wikipedia":"fr:Fontaine de Cluses"},"geometry":{"type":"Point","coordinates":[6.5807418,46.0580702]},"id":"node/2079490299"},{"type":"Feature","properties":{"@id":"node/2082620086","amenity":"fountain"},"geometry":{"type":"Point","coordinates":[5.8968248,45.561784]},"id":"node/2082620086"},{"type":"Feature","properties":{"@id":"node/2085176939","amenity":"drinking_water","source":"cadastre-dgi-fr source : Direction Générale des Impôts - Cadastre. Mise à jour : 2012"},"geometry":{"type":"Point","coordinates":[6.5876997,46.401228]},"id":"node/2085176939"},{"type":"Feature","properties":{"@id":"node/2085245925","ele":"1505","name":"Source de la Combe","natural":"spring","ref:refuges.info":"1901"},"geometry":{"type":"Point","coordinates":[6.2041953,45.7456951]},"id":"node/2085245925"},{"type":"Feature","properties":{"@id":"node/2091701428","amenity":"drinking_water","ele":"1038","ref:refuges.info":"3911"},"geometry":{"type":"Point","coordinates":[6.0439657,45.6086762]},"id":"node/2091701428"},{"type":"Feature","properties":{"@id":"node/2091712209","amenity":"fountain","drinking_water":"yes","lit":"no","name":"Fontaine de Bellevaux","ref:refuges.info":"2781"},"geometry":{"type":"Point","coordinates":[6.2013847,45.63229]},"id":"node/2091712209"},{"type":"Feature","properties":{"@id":"node/2091713788","amenity":"drinking_water","ele":"1040","ref:refuges.info":"5710"},"geometry":{"type":"Point","coordinates":[6.2058082,45.6307903]},"id":"node/2091713788"},{"type":"Feature","properties":{"@id":"node/2096065033","access":"yes","amenity":"toilets","check_date":"2025-08-12","drinking_water":"yes","fee":"no","female":"yes","male":"yes","toilets:disposal":"flush","wheelchair":"yes"},"geometry":{"type":"Point","coordinates":[6.7945005,45.5629687]},"id":"node/2096065033"},{"type":"Feature","properties":{"@id":"node/2109399193","amenity":"drinking_water"},"geometry":{"type":"Point","coordinates":[6.5840707,46.4011867]},"id":"node/2109399193"},{"type":"Feature","properties":{"@id":"node/2140325558","amenity":"fountain"},"geometry":{"type":"Point","coordinates":[6.4196133,45.4785856]},"id":"node/2140325558"},{"type":"Feature","properties":{"@id":"node/2146270355","amenity":"drinking_water"},"geometry":{"type":"Point","coordinates":[6.1084491,46.0460706]},"id":"node/2146270355"},{"type":"Feature","properties":{"@id":"node/2149760626","amenity":"drinking_water","name":"Fontaine de Neuvillard"},"geometry":{"type":"Point","coordinates":[6.2986751,45.72102]},"id":"node/2149760626"},{"type":"Feature","properties":{"@id":"node/2149760628","amenity":"fountain","name":"Fontaine des Caillets"},"geometry":{"type":"Point","coordinates":[6.3046401,45.7077792]},"id":"node/2149760628"},{"type":"Feature","properties":{"@id":"node/2149760629","amenity":"drinking_water","name":"Fontaine des Gonods"},"geometry":{"type":"Point","coordinates":[6.2991033,45.7182696]},"id":"node/2149760629"},{"type":"Feature","properties":{"@id":"node/2149760630","amenity":"drinking_water","name":"Fontaine des Losserands"},"geometry":{"type":"Point","coordinates":[6.3000756,45.7156078]},"id":"node/2149760630"},{"type":"Feature","properties":{"@id":"node/2152915090","amenity":"fountain","covered":"no","drinking_water":"no","indoor":"no","lit":"yes","name":"Fontaine de la Paix"},"geometry":{"type":"Point","coordinates":[6.6318697,45.9357688]},"id":"node/2152915090"},{"type":"Feature","properties":{"@id":"node/2156249045","amenity":"drinking_water","check_date":"2022-10-19","ele":"1108","ref:refuges.info":"8368"},"geometry":{"type":"Point","coordinates":[5.9009581,45.453262]},"id":"node/2156249045"},{"type":"Feature","properties":{"@id":"node/2173039335","amenity":"drinking_water"},"geometry":{"type":"Point","coordinates":[6.2714717,45.4830794]},"id":"node/2173039335"},{"type":"Feature","properties":{"@id":"node/2180456666","amenity":"fountain"},"geometry":{"type":"Point","coordinates":[6.6414933,45.8962923]},"id":"node/2180456666"},{"type":"Feature","properties":{"@id":"node/2180456667","amenity":"fountain"},"geometry":{"type":"Point","coordinates":[6.641947,45.8962949]},"id":"node/2180456667"},{"type":"Feature","properties":{"@id":"node/2183830897","amenity":"fountain","name":"Bachal de la côte"},"geometry":{"type":"Point","coordinates":[6.4559963,45.9579059]},"id":"node/2183830897"},{"type":"Feature","properties":{"@id":"node/2183831106","amenity":"fountain","name":"Source de l'arbelay"},"geometry":{"type":"Point","coordinates":[6.4414428,45.9614112]},"id":"node/2183831106"},{"type":"Feature","properties":{"@id":"node/2184581969","amenity":"fountain","drinking_water":"yes"},"geometry":{"type":"Point","coordinates":[6.7007079,45.455802]},"id":"node/2184581969"},{"type":"Feature","properties":{"@id":"node/2197106214","amenity":"fountain","name":"Fontaine chez Bartoux"},"geometry":{"type":"Point","coordinates":[6.3046242,45.7060843]},"id":"node/2197106214"},{"type":"Feature","properties":{"@id":"node/2199691179","access":"yes","amenity":"drinking_water","operator":"Commune de Traize"},"geometry":{"type":"Point","coordinates":[5.7177189,45.6666731]},"id":"node/2199691179"},{"type":"Feature","properties":{"@id":"node/2203706745","natural":"spring"},"geometry":{"type":"Point","coordinates":[6.1931254,45.3320282]},"id":"node/2203706745"},{"type":"Feature","properties":{"@id":"node/2240148553","amenity":"fountain","source":"survey"},"geometry":{"type":"Point","coordinates":[7.0143207,45.3331915]},"id":"node/2240148553"},{"type":"Feature","properties":{"@id":"node/2256050718","amenity":"fountain","covered":"yes","fountain":"stone_block","lit":"no"},"geometry":{"type":"Point","coordinates":[6.3251037,46.1876804]},"id":"node/2256050718"},{"type":"Feature","properties":{"@id":"node/2267880891","drinking_water":"yes","natural":"spring"},"geometry":{"type":"Point","coordinates":[6.3655719,45.5114337]},"id":"node/2267880891"},{"type":"Feature","properties":{"@id":"node/2294830600","amenity":"drinking_water"},"geometry":{"type":"Point","coordinates":[6.5671994,45.5125926]},"id":"node/2294830600"},{"type":"Feature","properties":{"@id":"node/2295839624","natural":"spring"},"geometry":{"type":"Point","coordinates":[6.0861993,45.5381559]},"id":"node/2295839624"},{"type":"Feature","properties":{"@id":"node/2298798248","amenity":"toilets","drinking_water":"yes","level":"-1","wheelchair":"no","wikimedia_commons":"File:Pyrog 0CFpw4vr--.1.jpg"},"geometry":{"type":"Point","coordinates":[6.2058694,46.1236465]},"id":"node/2298798248"},{"type":"Feature","properties":{"@id":"node/2327918706","amenity":"drinking_water"},"geometry":{"type":"Point","coordinates":[6.2060012,45.8727115]},"id":"node/2327918706"},{"type":"Feature","properties":{"@id":"node/2330649271","amenity":"drinking_water","ele":"1200","ref:refuges.info":"4203"},"geometry":{"type":"Point","coordinates":[6.3696124,45.7374822]},"id":"node/2330649271"},{"type":"Feature","properties":{"@id":"node/2365969326","amenity":"fountain","name":"Fontaine des Tissots"},"geometry":{"type":"Point","coordinates":[6.3020479,45.7148815]},"id":"node/2365969326"},{"type":"Feature","properties":{"@id":"node/2367032282","amenity":"fountain"},"geometry":{"type":"Point","coordinates":[6.311871,45.7070988]},"id":"node/2367032282"},{"type":"Feature","properties":{"@id":"node/2367045643","amenity":"fountain"},"geometry":{"type":"Point","coordinates":[6.319009,45.7114868]},"id":"node/2367045643"},{"type":"Feature","properties":{"@id":"node/2367045668","amenity":"fountain"},"geometry":{"type":"Point","coordinates":[6.3190765,45.7122377]},"id":"node/2367045668"},{"type":"Feature","properties":{"@id":"node/2367340343","amenity":"fountain"},"geometry":{"type":"Point","coordinates":[6.3190219,45.7128789]},"id":"node/2367340343"},{"type":"Feature","properties":{"@id":"node/2367453814","amenity":"fountain"},"geometry":{"type":"Point","coordinates":[6.2984812,45.7266413]},"id":"node/2367453814"},{"type":"Feature","properties":{"@id":"node/2368194355","amenity":"drinking_water","check_date":"2022-10-18"},"geometry":{"type":"Point","coordinates":[5.8895734,45.459124]},"id":"node/2368194355"},{"type":"Feature","properties":{"@id":"node/2376318935","natural":"spring"},"geometry":{"type":"Point","coordinates":[6.4173599,45.2802869]},"id":"node/2376318935"},{"type":"Feature","properties":{"@id":"node/2377148475","amenity":"drinking_water"},"geometry":{"type":"Point","coordinates":[6.7716297,45.6276458]},"id":"node/2377148475"},{"type":"Feature","properties":{"@id":"node/2381842821","access":"yes","amenity":"drinking_water","bottle":"yes","check_date":"2024-08-13","fee":"no","wheelchair":"yes"},"geometry":{"type":"Point","coordinates":[6.7561629,45.6187066]},"id":"node/2381842821"},{"type":"Feature","properties":{"@id":"node/2381842824","access":"yes","amenity":"drinking_water","bottle":"yes","check_date":"2024-08-13","fee":"no","wheelchair":"yes"},"geometry":{"type":"Point","coordinates":[6.7551001,45.6192186]},"id":"node/2381842824"},{"type":"Feature","properties":{"@id":"node/2381842825","amenity":"fountain","drinking_water":"yes"},"geometry":{"type":"Point","coordinates":[6.7590345,45.6193707]},"id":"node/2381842825"},{"type":"Feature","properties":{"@id":"node/2381842830","amenity":"fountain"},"geometry":{"type":"Point","coordinates":[6.7760451,45.6310296]},"id":"node/2381842830"},{"type":"Feature","properties":{"@id":"node/2381842836","amenity":"fountain"},"geometry":{"type":"Point","coordinates":[6.7720777,45.6321184]},"id":"node/2381842836"},{"type":"Feature","properties":{"@id":"node/2381842837","amenity":"fountain","bottle":"yes","drinking_water":"yes","fountain":"drinking","survey:date":"2024-08-13"},"geometry":{"type":"Point","coordinates":[6.7730223,45.6322181]},"id":"node/2381842837"},{"type":"Feature","properties":{"@id":"node/2392565074","amenity":"fountain"},"geometry":{"type":"Point","coordinates":[6.4847232,45.4265716]},"id":"node/2392565074"},{"type":"Feature","properties":{"@id":"node/2392565092","amenity":"fountain"},"geometry":{"type":"Point","coordinates":[6.483788,45.4270337]},"id":"node/2392565092"},{"type":"Feature","properties":{"@id":"node/2392565095","amenity":"fountain"},"geometry":{"type":"Point","coordinates":[6.4847688,45.4273897]},"id":"node/2392565095"},{"type":"Feature","properties":{"@id":"node/2392565156","amenity":"fountain"},"geometry":{"type":"Point","coordinates":[6.4844119,45.4281407]},"id":"node/2392565156"},{"type":"Feature","properties":{"@id":"node/2395614317","amenity":"drinking_water","source":"local knowledge"},"geometry":{"type":"Point","coordinates":[6.74608,46.1489511]},"id":"node/2395614317"},{"type":"Feature","properties":{"@id":"node/2400460603","amenity":"drinking_water"},"geometry":{"type":"Point","coordinates":[5.8244871,45.4291746]},"id":"node/2400460603"},{"type":"Feature","properties":{"@id":"node/2406025300","natural":"spring"},"geometry":{"type":"Point","coordinates":[6.7406965,46.3771716]},"id":"node/2406025300"},{"type":"Feature","properties":{"@id":"node/2409728775","amenity":"fountain","drinking_water":"yes"},"geometry":{"type":"Point","coordinates":[6.5044045,45.379933]},"id":"node/2409728775"},{"type":"Feature","properties":{"@id":"node/2410010462","amenity":"drinking_water","indoor":"no"},"geometry":{"type":"Point","coordinates":[6.5055263,45.3796147]},"id":"node/2410010462"},{"type":"Feature","properties":{"@id":"node/2410115351","amenity":"fountain"},"geometry":{"type":"Point","coordinates":[6.1008012,45.8881726]},"id":"node/2410115351"},{"type":"Feature","properties":{"@id":"node/2410115379","amenity":"fountain"},"geometry":{"type":"Point","coordinates":[6.1014267,45.8886274]},"id":"node/2410115379"},{"type":"Feature","properties":{"@id":"node/2411038376","amenity":"drinking_water"},"geometry":{"type":"Point","coordinates":[6.439815,45.9898772]},"id":"node/2411038376"},{"type":"Feature","properties":{"@id":"node/2417401322","amenity":"drinking_water","check_date":"2025-03-02","source":"cadastre-dgi-fr source : Direction Générale des Impôts - Cadastre. Mise à jour : 2013"},"geometry":{"type":"Point","coordinates":[5.8918647,45.6522519]},"id":"node/2417401322"},{"type":"Feature","properties":{"@id":"node/2417556049","amenity":"drinking_water"},"geometry":{"type":"Point","coordinates":[5.9005176,45.6073139]},"id":"node/2417556049"},{"type":"Feature","properties":{"@id":"node/2417799275","amenity":"fountain"},"geometry":{"type":"Point","coordinates":[6.5007466,45.378972]},"id":"node/2417799275"},{"type":"Feature","properties":{"@id":"node/2417824104","amenity":"fountain"},"geometry":{"type":"Point","coordinates":[6.4949747,45.3798468]},"id":"node/2417824104"},{"type":"Feature","properties":{"@id":"node/2417827797","amenity":"drinking_water","indoor":"no"},"geometry":{"type":"Point","coordinates":[6.5029466,45.3819274]},"id":"node/2417827797"},{"type":"Feature","properties":{"@id":"node/2417866205","amenity":"fountain"},"geometry":{"type":"Point","coordinates":[6.5035581,45.3804218]},"id":"node/2417866205"},{"type":"Feature","properties":{"@id":"node/2417887705","amenity":"drinking_water"},"geometry":{"type":"Point","coordinates":[6.5026596,45.3797866]},"id":"node/2417887705"},{"type":"Feature","properties":{"@id":"node/2419327353","amenity":"fountain"},"geometry":{"type":"Point","coordinates":[6.5793819,45.2968469]},"id":"node/2419327353"},{"type":"Feature","properties":{"@id":"node/2421558160","amenity":"fountain"},"geometry":{"type":"Point","coordinates":[6.5529541,46.3696652]},"id":"node/2421558160"},{"type":"Feature","properties":{"@id":"node/2422616363","amenity":"fountain","source":"cadastre-dgi-fr source : Direction Générale des Impôts - Cadastre. Mise à jour : 2013"},"geometry":{"type":"Point","coordinates":[5.9053067,45.6484688]},"id":"node/2422616363"},{"type":"Feature","properties":{"@id":"node/2423130497","amenity":"fountain","name":"Fontaine au Neplé","source":"cadastre-dgi-fr source : Direction Générale des Impôts - Cadastre ; mise à jour :2012"},"geometry":{"type":"Point","coordinates":[5.9014199,45.6458709]},"id":"node/2423130497"},{"type":"Feature","properties":{"@id":"node/2425357254","amenity":"drinking_water","operator":"Fontaine"},"geometry":{"type":"Point","coordinates":[7.0102875,45.4488311]},"id":"node/2425357254"},{"type":"Feature","properties":{"@id":"node/2425359006","amenity":"drinking_water","check_date":"2022-07-17"},"geometry":{"type":"Point","coordinates":[6.9732508,45.4302361]},"id":"node/2425359006"},{"type":"Feature","properties":{"@id":"node/2428079579","natural":"spring"},"geometry":{"type":"Point","coordinates":[6.8238023,45.4399532]},"id":"node/2428079579"},{"type":"Feature","properties":{"@id":"node/2429506513","amenity":"drinking_water","fee":"no","operator":"Fontaine"},"geometry":{"type":"Point","coordinates":[6.9787142,45.4493429]},"id":"node/2429506513"},{"type":"Feature","properties":{"@id":"node/2429512077","amenity":"drinking_water","check_date":"2024-08-05","fountain":"drinking"},"geometry":{"type":"Point","coordinates":[6.9822306,45.4473426]},"id":"node/2429512077"},{"type":"Feature","properties":{"@id":"node/2430094967","amenity":"drinking_water","indoor":"no"},"geometry":{"type":"Point","coordinates":[6.9473282,45.6033999]},"id":"node/2430094967"},{"type":"Feature","properties":{"@id":"node/2430202261","amenity":"drinking_water","check_date":"2025-08-27","description":"La tradition locale indique que l'eau de la source est miraculeuse.","fountain":"drinking","indoor":"no"},"geometry":{"type":"Point","coordinates":[6.7847288,45.5405606]},"id":"node/2430202261"},{"type":"Feature","properties":{"@id":"node/2432060443","amenity":"fountain"},"geometry":{"type":"Point","coordinates":[6.3573001,45.3077851]},"id":"node/2432060443"},{"type":"Feature","properties":{"@id":"node/2433676756","amenity":"watering_place","drinking_water":"yes","panoramax":"26e7b20f-37d2-4c22-8e7e-764f4404532f&xyz=124.61/-7.71/47","ref:refuges.info":"8598","survey:date":"2025-08-24"},"geometry":{"type":"Point","coordinates":[6.912886,46.0389614]},"id":"node/2433676756"},{"type":"Feature","properties":{"@id":"node/2435494711","access":"yes","amenity":"drinking_water","bottle":"yes","check_date":"2023-08-05","fee":"no","indoor":"no","ref:refuges.info":"8617","wheelchair":"yes"},"geometry":{"type":"Point","coordinates":[6.8089537,45.5189057]},"id":"node/2435494711"},{"type":"Feature","properties":{"@id":"node/2440455984","amenity":"toilets","drinking_water":"yes","fee":"no","wheelchair":"limited"},"geometry":{"type":"Point","coordinates":[6.0220022,46.0918008]},"id":"node/2440455984"},{"type":"Feature","properties":{"@id":"node/2442569254","amenity":"drinking_water"},"geometry":{"type":"Point","coordinates":[5.9976423,46.0835181]},"id":"node/2442569254"},{"type":"Feature","properties":{"@id":"node/2444103383","access":"yes","amenity":"drinking_water"},"geometry":{"type":"Point","coordinates":[6.7675105,45.9306677]},"id":"node/2444103383"},{"type":"Feature","properties":{"@id":"node/2446181540","amenity":"drinking_water","check_date":"2024-10-30","fountain":"drinking"},"geometry":{"type":"Point","coordinates":[6.0087338,46.0777553]},"id":"node/2446181540"},{"type":"Feature","properties":{"@id":"node/2449781671","alt_name":"Source thermale des Bains de la Caille","name":"La Fontaine de Cherpié","natural":"spring"},"geometry":{"type":"Point","coordinates":[6.1046087,46.0134563]},"id":"node/2449781671"},{"type":"Feature","properties":{"@id":"node/2456674919","amenity":"drinking_water"},"geometry":{"type":"Point","coordinates":[6.3568204,45.2993023]},"id":"node/2456674919"},{"type":"Feature","properties":{"@id":"node/2460209315","amenity":"fountain"},"geometry":{"type":"Point","coordinates":[5.9177035,45.5641618]},"id":"node/2460209315"},{"type":"Feature","properties":{"@id":"node/2462595805","amenity":"fountain"},"geometry":{"type":"Point","coordinates":[5.9348883,45.5687711]},"id":"node/2462595805"},{"type":"Feature","properties":{"@id":"node/2473539617","amenity":"fountain"},"geometry":{"type":"Point","coordinates":[6.8412352,46.2672281]},"id":"node/2473539617"},{"type":"Feature","properties":{"@id":"node/2473552062","amenity":"fountain"},"geometry":{"type":"Point","coordinates":[6.5920872,46.1075119]},"id":"node/2473552062"},{"type":"Feature","properties":{"@id":"node/2476758219","amenity":"fountain","name":"Les Carroz Dessous"},"geometry":{"type":"Point","coordinates":[6.5629644,45.6900332]},"id":"node/2476758219"},{"type":"Feature","properties":{"@id":"node/2493849808","amenity":"drinking_water"},"geometry":{"type":"Point","coordinates":[5.8938128,45.6572523]},"id":"node/2493849808"},{"type":"Feature","properties":{"@id":"node/2496713149","intermittent":"no","natural":"spring"},"geometry":{"type":"Point","coordinates":[6.0994706,45.7354035]},"id":"node/2496713149"},{"type":"Feature","properties":{"@id":"node/2496713156","amenity":"drinking_water"},"geometry":{"type":"Point","coordinates":[6.0987578,45.7367734]},"id":"node/2496713156"},{"type":"Feature","properties":{"@id":"node/2496750672","access":"yes","amenity":"drinking_water","bottle":"yes","fee":"no","man_made":"water_tap"},"geometry":{"type":"Point","coordinates":[6.7296675,45.591605]},"id":"node/2496750672"},{"type":"Feature","properties":{"@id":"node/2496750676","access":"yes","amenity":"drinking_water","bottle":"yes","fee":"no","man_made":"water_tap","wheelchair":"yes"},"geometry":{"type":"Point","coordinates":[6.7286127,45.5908235]},"id":"node/2496750676"},{"type":"Feature","properties":{"@id":"node/2496750679","amenity":"drinking_water"},"geometry":{"type":"Point","coordinates":[6.7288321,45.5901917]},"id":"node/2496750679"},{"type":"Feature","properties":{"@id":"node/2500598426","amenity":"fountain"},"geometry":{"type":"Point","coordinates":[5.9187406,45.5649785]},"id":"node/2500598426"},{"type":"Feature","properties":{"@id":"node/2500598427","amenity":"fountain"},"geometry":{"type":"Point","coordinates":[5.9188443,45.5649097]},"id":"node/2500598427"},{"type":"Feature","properties":{"@id":"node/2500598428","amenity":"fountain"},"geometry":{"type":"Point","coordinates":[5.9189571,45.5648332]},"id":"node/2500598428"},{"type":"Feature","properties":{"@id":"node/2514909919","name":"Fontaine Lombarde","natural":"spring"},"geometry":{"type":"Point","coordinates":[6.4023947,45.0702374]},"id":"node/2514909919"},{"type":"Feature","properties":{"@id":"node/2517237700","natural":"spring"},"geometry":{"type":"Point","coordinates":[6.4987191,45.6805657]},"id":"node/2517237700"},{"type":"Feature","properties":{"@id":"node/2517988832","amenity":"drinking_water","ele":"940"},"geometry":{"type":"Point","coordinates":[6.6125609,45.9135422]},"id":"node/2517988832"},{"type":"Feature","properties":{"@id":"node/2518066861","amenity":"watering_place","drinking_water":"yes","fee":"no","opening_hours":"24/7"},"geometry":{"type":"Point","coordinates":[6.2046135,45.7312269]},"id":"node/2518066861"},{"type":"Feature","properties":{"@id":"node/2518080993","amenity":"drinking_water","ele":"1007"},"geometry":{"type":"Point","coordinates":[6.1620018,45.7350852]},"id":"node/2518080993"},{"type":"Feature","properties":{"@id":"node/2520966129","natural":"spring"},"geometry":{"type":"Point","coordinates":[6.6450818,46.2834663]},"id":"node/2520966129"},{"type":"Feature","properties":{"@id":"node/2521193281","natural":"spring"},"geometry":{"type":"Point","coordinates":[6.451891,45.4216177]},"id":"node/2521193281"},{"type":"Feature","properties":{"@id":"node/2525760389","amenity":"drinking_water","ele":"1008"},"geometry":{"type":"Point","coordinates":[5.8843591,45.4683373]},"id":"node/2525760389"},{"type":"Feature","properties":{"@id":"node/2526812086","natural":"spring"},"geometry":{"type":"Point","coordinates":[6.5118099,46.3385691]},"id":"node/2526812086"},{"type":"Feature","properties":{"@id":"node/2534399003","amenity":"fountain","heritage":"2","heritage:operator":"mhs","historic":"yes","mhs:inscription_date":"1941-03-26","ref:mhs":"PA00118369","source:heritage":"data.gouv.fr:Ministère de la Culture - 04/2015","wikidata":"Q22968659"},"geometry":{"type":"Point","coordinates":[6.8695999,45.9232353]},"id":"node/2534399003"},{"type":"Feature","properties":{"@id":"node/2547402634","amenity":"drinking_water"},"geometry":{"type":"Point","coordinates":[5.7461599,45.4915485]},"id":"node/2547402634"},{"type":"Feature","properties":{"@id":"node/2558880450","amenity":"fountain","name":"Fontaine ferrugineuse"},"geometry":{"type":"Point","coordinates":[5.9115585,45.5830092]},"id":"node/2558880450"},{"type":"Feature","properties":{"@id":"node/2558880452","amenity":"fountain"},"geometry":{"type":"Point","coordinates":[5.9097222,45.5826896]},"id":"node/2558880452"},{"type":"Feature","properties":{"@id":"node/2574774596","amenity":"fountain"},"geometry":{"type":"Point","coordinates":[5.8340211,45.958407]},"id":"node/2574774596"},{"type":"Feature","properties":{"@id":"node/2574774605","amenity":"drinking_water"},"geometry":{"type":"Point","coordinates":[5.8352234,45.9591178]},"id":"node/2574774605"},{"type":"Feature","properties":{"@id":"node/2580683372","amenity":"drinking_water"},"geometry":{"type":"Point","coordinates":[5.9176031,45.587207]},"id":"node/2580683372"},{"type":"Feature","properties":{"@id":"node/2593810358","amenity":"fountain"},"geometry":{"type":"Point","coordinates":[6.6981269,46.3906897]},"id":"node/2593810358"},{"type":"Feature","properties":{"@id":"node/2595229033","amenity":"fountain"},"geometry":{"type":"Point","coordinates":[6.6359668,45.517115]},"id":"node/2595229033"},{"type":"Feature","properties":{"@id":"node/2598283955","amenity":"fountain"},"geometry":{"type":"Point","coordinates":[6.6620162,45.5275662]},"id":"node/2598283955"},{"type":"Feature","properties":{"@id":"node/2599871664","amenity":"drinking_water"},"geometry":{"type":"Point","coordinates":[6.1674955,45.650165]},"id":"node/2599871664"},{"type":"Feature","properties":{"@id":"node/2619173243","name":"Source du Dard","natural":"spring"},"geometry":{"type":"Point","coordinates":[6.0683376,45.5630656]},"id":"node/2619173243"},{"type":"Feature","properties":{"@id":"node/2622006650","name":"Source d'Eau Blanche","natural":"spring"},"geometry":{"type":"Point","coordinates":[5.9336868,45.600171]},"id":"node/2622006650"},{"type":"Feature","properties":{"@id":"node/2624072055","ele":"885","fixme":"mériterait confirmation de présence","natural":"spring"},"geometry":{"type":"Point","coordinates":[6.0391698,45.614709]},"id":"node/2624072055"},{"type":"Feature","properties":{"@id":"node/2624072078","amenity":"drinking_water","ele":"860"},"geometry":{"type":"Point","coordinates":[6.0378235,45.6157889]},"id":"node/2624072078"},{"type":"Feature","properties":{"@id":"node/2624159443","amenity":"drinking_water"},"geometry":{"type":"Point","coordinates":[6.0282494,45.6114164]},"id":"node/2624159443"},{"type":"Feature","properties":{"@id":"node/2624619662","amenity":"drinking_water"},"geometry":{"type":"Point","coordinates":[6.5212375,46.3493739]},"id":"node/2624619662"},{"type":"Feature","properties":{"@id":"node/2647209098","amenity":"drinking_water"},"geometry":{"type":"Point","coordinates":[5.9515781,45.5358571]},"id":"node/2647209098"},{"type":"Feature","properties":{"@id":"node/2650687253","amenity":"drinking_water"},"geometry":{"type":"Point","coordinates":[6.6506061,45.9617033]},"id":"node/2650687253"},{"type":"Feature","properties":{"@id":"node/2659488170","amenity":"drinking_water"},"geometry":{"type":"Point","coordinates":[6.6090738,45.5462551]},"id":"node/2659488170"},{"type":"Feature","properties":{"@id":"node/2659488171","amenity":"drinking_water"},"geometry":{"type":"Point","coordinates":[6.6086017,45.5471116]},"id":"node/2659488171"},{"type":"Feature","properties":{"@id":"node/2659489616","amenity":"drinking_water"},"geometry":{"type":"Point","coordinates":[6.6122944,45.5460705]},"id":"node/2659489616"},{"type":"Feature","properties":{"@id":"node/2659489622","amenity":"drinking_water"},"geometry":{"type":"Point","coordinates":[6.6106938,45.5468674]},"id":"node/2659489622"},{"type":"Feature","properties":{"@id":"node/2685001832","amenity":"fountain","name":"Fontaine du Nantet","source":"cadastre-dgi-fr source : Direction Générale des Impôts - Cadastre. Mise à jour : 2014"},"geometry":{"type":"Point","coordinates":[6.7665485,45.6160574]},"id":"node/2685001832"},{"type":"Feature","properties":{"@id":"node/2700604977","amenity":"drinking_water","check_date":"2024-02-16","fountain":"drinking","source":"survey"},"geometry":{"type":"Point","coordinates":[6.741961,45.2267092]},"id":"node/2700604977"},{"type":"Feature","properties":{"@id":"node/2700605033","amenity":"drinking_water","check_date":"2025-12-28","fountain":"drinking","name":"Fontaine","source":"survey"},"geometry":{"type":"Point","coordinates":[6.7400647,45.2275866]},"id":"node/2700605033"},{"type":"Feature","properties":{"@id":"node/2720752948","name":"Sources du Morel","natural":"spring","source":"cadastre-dgi-fr source : Direction Générale des Impôts - Cadastre. Mise à jour : 2014"},"geometry":{"type":"Point","coordinates":[6.4306024,45.4331937]},"id":"node/2720752948"},{"type":"Feature","properties":{"@id":"node/2723314066","amenity":"fountain"},"geometry":{"type":"Point","coordinates":[6.7267213,45.8223358]},"id":"node/2723314066"},{"type":"Feature","properties":{"@id":"node/2770117305","amenity":"fountain"},"geometry":{"type":"Point","coordinates":[6.6103103,46.3771511]},"id":"node/2770117305"},{"type":"Feature","properties":{"@id":"node/2770117308","amenity":"fountain"},"geometry":{"type":"Point","coordinates":[6.61038,46.377399]},"id":"node/2770117308"},{"type":"Feature","properties":{"@id":"node/2775929389","amenity":"drinking_water"},"geometry":{"type":"Point","coordinates":[6.6871455,46.3420522]},"id":"node/2775929389"},{"type":"Feature","properties":{"@id":"node/2775974516","amenity":"drinking_water"},"geometry":{"type":"Point","coordinates":[6.6914316,46.3392413]},"id":"node/2775974516"},{"type":"Feature","properties":{"@id":"node/2775974534","natural":"spring"},"geometry":{"type":"Point","coordinates":[6.6939314,46.3316967]},"id":"node/2775974534"},{"type":"Feature","properties":{"@id":"node/2778051612","amenity":"fountain"},"geometry":{"type":"Point","coordinates":[6.6290545,46.3792629]},"id":"node/2778051612"},{"type":"Feature","properties":{"@id":"node/2780095082","amenity":"drinking_water"},"geometry":{"type":"Point","coordinates":[6.6468695,46.3479173]},"id":"node/2780095082"},{"type":"Feature","properties":{"@id":"node/2780095095","amenity":"drinking_water"},"geometry":{"type":"Point","coordinates":[6.6726442,46.3451088]},"id":"node/2780095095"},{"type":"Feature","properties":{"@id":"node/2782180008","amenity":"fountain"},"geometry":{"type":"Point","coordinates":[6.5577198,46.3693995]},"id":"node/2782180008"},{"type":"Feature","properties":{"@id":"node/2782180025","amenity":"fountain"},"geometry":{"type":"Point","coordinates":[6.5517049,46.3704452]},"id":"node/2782180025"},{"type":"Feature","properties":{"@id":"node/2788549136","natural":"spring"},"geometry":{"type":"Point","coordinates":[6.6341758,46.3758346]},"id":"node/2788549136"},{"type":"Feature","properties":{"@id":"node/2793193625","amenity":"fountain"},"geometry":{"type":"Point","coordinates":[6.6320596,46.3785562]},"id":"node/2793193625"},{"type":"Feature","properties":{"@id":"node/2793193631","amenity":"fountain"},"geometry":{"type":"Point","coordinates":[6.6308897,46.3775174]},"id":"node/2793193631"},{"type":"Feature","properties":{"@id":"node/2793193633","amenity":"fountain"},"geometry":{"type":"Point","coordinates":[6.6313073,46.3774996]},"id":"node/2793193633"},{"type":"Feature","properties":{"@id":"node/2824642743","amenity":"drinking_water"},"geometry":{"type":"Point","coordinates":[6.1294913,45.7702553]},"id":"node/2824642743"},{"type":"Feature","properties":{"@id":"node/2833343838","amenity":"fountain","drinking_water":"yes"},"geometry":{"type":"Point","coordinates":[6.1062017,45.6099678]},"id":"node/2833343838"},{"type":"Feature","properties":{"@id":"node/2837704766","drinking_water":"yes","name":"Source du Pissieu","natural":"spring"},"geometry":{"type":"Point","coordinates":[6.103766,45.6773686]},"id":"node/2837704766"},{"type":"Feature","properties":{"@id":"node/2839054814","amenity":"fountain","ref:refuges.info":"7670"},"geometry":{"type":"Point","coordinates":[6.2183864,45.8684909]},"id":"node/2839054814"},{"type":"Feature","properties":{"@id":"node/2839054824","amenity":"fountain","ref:refuges.info":"7672"},"geometry":{"type":"Point","coordinates":[6.2152955,45.8680767]},"id":"node/2839054824"},{"type":"Feature","properties":{"@id":"node/2841907205","amenity":"drinking_water"},"geometry":{"type":"Point","coordinates":[6.1363813,45.6367302]},"id":"node/2841907205"},{"type":"Feature","properties":{"@id":"node/2841998302","amenity":"drinking_water"},"geometry":{"type":"Point","coordinates":[6.1312777,45.6280255]},"id":"node/2841998302"},{"type":"Feature","properties":{"@id":"node/2855270968","amenity":"drinking_water","ele":"710"},"geometry":{"type":"Point","coordinates":[5.8866808,45.5158101]},"id":"node/2855270968"},{"type":"Feature","properties":{"@id":"node/2855511850","amenity":"drinking_water","check_date":"2023-03-15"},"geometry":{"type":"Point","coordinates":[5.9357705,45.5411057]},"id":"node/2855511850"},{"type":"Feature","properties":{"@id":"node/2876287935","amenity":"drinking_water","check_date":"2023-06-09","man_made":"water_tap"},"geometry":{"type":"Point","coordinates":[6.5686779,45.4896092]},"id":"node/2876287935"},{"type":"Feature","properties":{"@id":"node/2908730658","amenity":"fountain","drinking_water":"yes"},"geometry":{"type":"Point","coordinates":[5.8695809,45.4325062]},"id":"node/2908730658"},{"type":"Feature","properties":{"@id":"node/2908732528","amenity":"drinking_water"},"geometry":{"type":"Point","coordinates":[5.8623549,45.4265479]},"id":"node/2908732528"},{"type":"Feature","properties":{"@id":"node/2908732529","amenity":"drinking_water"},"geometry":{"type":"Point","coordinates":[5.883609,45.451074]},"id":"node/2908732529"},{"type":"Feature","properties":{"@id":"node/2916592671","amenity":"drinking_water"},"geometry":{"type":"Point","coordinates":[6.4115897,45.8211313]},"id":"node/2916592671"},{"type":"Feature","properties":{"@id":"node/2917515818","amenity":"fountain","source":"cadastre-dgi-fr source : Direction Générale des Impôts - Cadastre. Mise à jour : 2014"},"geometry":{"type":"Point","coordinates":[6.4539763,45.4785924]},"id":"node/2917515818"},{"type":"Feature","properties":{"@id":"node/2917550170","amenity":"drinking_water","source":"cadastre-dgi-fr source : Direction Générale des Impôts - Cadastre. Mise à jour : 2014"},"geometry":{"type":"Point","coordinates":[6.4437265,45.4709482]},"id":"node/2917550170"},{"type":"Feature","properties":{"@id":"node/2925777727","amenity":"drinking_water"},"geometry":{"type":"Point","coordinates":[6.104307,46.1205125]},"id":"node/2925777727"},{"type":"Feature","properties":{"@id":"node/2949370395","amenity":"drinking_water","fountain":"drinking"},"geometry":{"type":"Point","coordinates":[6.4178121,45.7456702]},"id":"node/2949370395"},{"type":"Feature","properties":{"@id":"node/2949380437","amenity":"drinking_water","description":"Fontaine"},"geometry":{"type":"Point","coordinates":[6.5042371,45.3801166]},"id":"node/2949380437"},{"type":"Feature","properties":{"@id":"node/2949502873","amenity":"drinking_water","description":"roofed"},"geometry":{"type":"Point","coordinates":[6.4595629,45.2416253]},"id":"node/2949502873"},{"type":"Feature","properties":{"@id":"node/2949530180","amenity":"drinking_water","check_date":"2023-08-20","description":"Au 20/08/2023, très bon débit. Eau claire et fraiche.","ele":"2000"},"geometry":{"type":"Point","coordinates":[6.6275067,45.1463836]},"id":"node/2949530180"},{"type":"Feature","properties":{"@id":"node/2959296156","amenity":"drinking_water"},"geometry":{"type":"Point","coordinates":[6.7292356,45.5899263]},"id":"node/2959296156"},{"type":"Feature","properties":{"@id":"node/2963934527","intermittent":"no","natural":"spring","ref:refuges.info":"6445"},"geometry":{"type":"Point","coordinates":[6.7514966,45.9858938]},"id":"node/2963934527"},{"type":"Feature","properties":{"@id":"node/2963934536","access":"yes","amenity":"drinking_water","bottle":"yes","covered":"no","dog":"yes","ele":"1880","fee":"no","indoor":"no","lit":"no","seasonal":"yes","wheelchair":"no"},"geometry":{"type":"Point","coordinates":[6.7526428,45.9878387]},"id":"node/2963934536"},{"type":"Feature","properties":{"@id":"node/2963934549","access":"yes","amenity":"drinking_water","bottle":"yes","check_date":"2026-06-19","covered":"no","dog":"no","ele":"1887","fee":"no","indoor":"no","lit":"no","operator":"Refuge de Sales","seasonal":"yes","wheelchair":"no"},"geometry":{"type":"Point","coordinates":[6.7531171,45.9891954]},"id":"node/2963934549"},{"type":"Feature","properties":{"@id":"node/2968475464","amenity":"drinking_water","name":"Fontaine publique"},"geometry":{"type":"Point","coordinates":[6.4918187,45.1684047]},"id":"node/2968475464"},{"type":"Feature","properties":{"@id":"node/2983842916","natural":"spring"},"geometry":{"type":"Point","coordinates":[6.1809768,45.4202162]},"id":"node/2983842916"},{"type":"Feature","properties":{"@id":"node/2983843213","amenity":"drinking_water","ele":"1853","indoor":"no"},"geometry":{"type":"Point","coordinates":[6.2036153,45.427143]},"id":"node/2983843213"},{"type":"Feature","properties":{"@id":"node/2984105207","ele":"1935","natural":"spring"},"geometry":{"type":"Point","coordinates":[6.2123407,45.4334069]},"id":"node/2984105207"},{"type":"Feature","properties":{"@id":"node/2984237563","amenity":"drinking_water","check_date":"2025-04-30","man_made":"water_tap"},"geometry":{"type":"Point","coordinates":[6.7037332,45.9041334]},"id":"node/2984237563"},{"type":"Feature","properties":{"@id":"node/2985735254","access":"yes","amenity":"toilets","bottle":"yes","drinking_water":"yes","fee":"no","female":"yes","male":"yes","toilets:disposal":"flush","toilets:position":"seated;urinal","wheelchair":"yes"},"geometry":{"type":"Point","coordinates":[6.897872,45.4534285]},"id":"node/2985735254"},{"type":"Feature","properties":{"@id":"node/2987232446","amenity":"drinking_water"},"geometry":{"type":"Point","coordinates":[6.80066,45.9748591]},"id":"node/2987232446"},{"type":"Feature","properties":{"@id":"node/2990395315","access":"yes","amenity":"drinking_water","check_date":"2026-05-04","fee":"no","fountain":"drinking"},"geometry":{"type":"Point","coordinates":[6.7534731,45.9488931]},"id":"node/2990395315"},{"type":"Feature","properties":{"@id":"node/3004131564","amenity":"fountain","fountain":"nozzle","source":"Bing;observation"},"geometry":{"type":"Point","coordinates":[6.2341932,46.1929257]},"id":"node/3004131564"},{"type":"Feature","properties":{"@id":"node/3004131566","amenity":"fountain","fountain":"nozzle","source":"Bing;observation"},"geometry":{"type":"Point","coordinates":[6.234111,46.1929383]},"id":"node/3004131566"},{"type":"Feature","properties":{"@id":"node/3020104986","drinking_water":"yes","natural":"spring"},"geometry":{"type":"Point","coordinates":[6.7431531,45.4443315]},"id":"node/3020104986"},{"type":"Feature","properties":{"@id":"node/3033247819","access":"yes","amenity":"drinking_water","drinking_water":"yes","fee":"no","fountain":"drinking"},"geometry":{"type":"Point","coordinates":[6.7366262,45.8175576]},"id":"node/3033247819"},{"type":"Feature","properties":{"@id":"node/3034992742","amenity":"fountain"},"geometry":{"type":"Point","coordinates":[6.7230673,45.8514968]},"id":"node/3034992742"},{"type":"Feature","properties":{"@id":"node/3044654733","amenity":"drinking_water"},"geometry":{"type":"Point","coordinates":[5.9400381,45.5320098]},"id":"node/3044654733"},{"type":"Feature","properties":{"@id":"node/3046598041","amenity":"water_point","drinking_water":"yes","fee":"yes","operator":"Ville de Termignon","water_point":"yes"},"geometry":{"type":"Point","coordinates":[6.8135197,45.2758528]},"id":"node/3046598041"},{"type":"Feature","properties":{"@id":"node/3047938445","natural":"spring"},"geometry":{"type":"Point","coordinates":[6.8661337,45.2708987]},"id":"node/3047938445"},{"type":"Feature","properties":{"@id":"node/3047960861","drinking_water":"no","natural":"spring"},"geometry":{"type":"Point","coordinates":[6.929239,45.2230983]},"id":"node/3047960861"},{"type":"Feature","properties":{"@id":"node/3058722218","amenity":"drinking_water","description":"Eau non contrôlée","indoor":"no"},"geometry":{"type":"Point","coordinates":[5.8865973,45.4125737]},"id":"node/3058722218"},{"type":"Feature","properties":{"@id":"node/3069939214","amenity":"fountain"},"geometry":{"type":"Point","coordinates":[5.9109035,45.6807961]},"id":"node/3069939214"},{"type":"Feature","properties":{"@id":"node/3069939334","amenity":"fountain"},"geometry":{"type":"Point","coordinates":[5.9091906,45.6761821]},"id":"node/3069939334"},{"type":"Feature","properties":{"@id":"node/3077939863","amenity":"fountain","artwork_type":"statue","name":"Fontaine des Colimaçons"},"geometry":{"type":"Point","coordinates":[5.9157083,45.5696597]},"id":"node/3077939863"},{"type":"Feature","properties":{"@id":"node/3078426831","amenity":"drinking_water","check_date":"2023-11-22","fountain":"drinking"},"geometry":{"type":"Point","coordinates":[5.915743,45.5696944]},"id":"node/3078426831"},{"type":"Feature","properties":{"@id":"node/3079977577","amenity":"fountain","drinking_water":"yes"},"geometry":{"type":"Point","coordinates":[6.9246573,46.026682]},"id":"node/3079977577"},{"type":"Feature","properties":{"@id":"node/3088861662","amenity":"drinking_water"},"geometry":{"type":"Point","coordinates":[6.7421878,46.1459872]},"id":"node/3088861662"},{"type":"Feature","properties":{"@id":"node/3091738065","amenity":"drinking_water","ele":"1653"},"geometry":{"type":"Point","coordinates":[6.4199621,45.551399]},"id":"node/3091738065"},{"type":"Feature","properties":{"@id":"node/3091760471","amenity":"drinking_water","ele":"1610","intermittent":"yes","ref:refuges.info":"4524"},"geometry":{"type":"Point","coordinates":[6.4307194,45.5614301]},"id":"node/3091760471"},{"type":"Feature","properties":{"@id":"node/3097535689","amenity":"fountain"},"geometry":{"type":"Point","coordinates":[6.0808352,46.1435699]},"id":"node/3097535689"},{"type":"Feature","properties":{"@id":"node/3101593075","amenity":"drinking_water","check_date":"2022-10-19","ele":"1108","ref:refuges.info":"8368"},"geometry":{"type":"Point","coordinates":[5.9008252,45.4531139]},"id":"node/3101593075"},{"type":"Feature","properties":{"@id":"node/3146063763","description":"Source captée transportée par tuyau à l'abri juste en dessous","natural":"spring"},"geometry":{"type":"Point","coordinates":[6.2248853,45.4463427]},"id":"node/3146063763"},{"type":"Feature","properties":{"@id":"node/3146072780","amenity":"drinking_water","ele":"1350"},"geometry":{"type":"Point","coordinates":[6.1699285,45.4442389]},"id":"node/3146072780"},{"type":"Feature","properties":{"@id":"node/3152224393","amenity":"drinking_water"},"geometry":{"type":"Point","coordinates":[6.6055754,45.9007515]},"id":"node/3152224393"},{"type":"Feature","properties":{"@id":"node/3164187902","amenity":"drinking_water","check_date":"2026-06-10","fountain":"drinking"},"geometry":{"type":"Point","coordinates":[6.9509025,45.2402572]},"id":"node/3164187902"},{"type":"Feature","properties":{"@id":"node/3197505770","amenity":"fountain"},"geometry":{"type":"Point","coordinates":[6.0804747,46.1409481]},"id":"node/3197505770"},{"type":"Feature","properties":{"@id":"node/3203374392","amenity":"drinking_water","description":"Prévu pour les bêtes (non humaines !), rien n'empêche nous aussi de nous y abreuver (et en plus elle est bonne)","ele":"1310"},"geometry":{"type":"Point","coordinates":[5.848086,45.4598413]},"id":"node/3203374392"},{"type":"Feature","properties":{"@id":"node/3213916242","amenity":"drinking_water"},"geometry":{"type":"Point","coordinates":[5.9836751,45.5524481]},"id":"node/3213916242"},{"type":"Feature","properties":{"@id":"node/3274803995","amenity":"fountain"},"geometry":{"type":"Point","coordinates":[7.0135352,45.3340383]},"id":"node/3274803995"},{"type":"Feature","properties":{"@id":"node/3304813263","natural":"spring"},"geometry":{"type":"Point","coordinates":[6.3424689,45.5648035]},"id":"node/3304813263"},{"type":"Feature","properties":{"@id":"node/3311908239","amenity":"fountain","fountain":"nozzle","source":"Bing;observation"},"geometry":{"type":"Point","coordinates":[6.2344108,46.1928982]},"id":"node/3311908239"},{"type":"Feature","properties":{"@id":"node/3311908243","amenity":"fountain","fountain":"nozzle","source":"Bing;observation"},"geometry":{"type":"Point","coordinates":[6.2343289,46.1929096]},"id":"node/3311908243"},{"type":"Feature","properties":{"@id":"node/3311908257","amenity":"fountain","fountain":"nozzle","source":"Bing;observation"},"geometry":{"type":"Point","coordinates":[6.2339496,46.1929592]},"id":"node/3311908257"},{"type":"Feature","properties":{"@id":"node/3311908260","amenity":"fountain","fountain":"nozzle","source":"Bing;observation"},"geometry":{"type":"Point","coordinates":[6.2338684,46.1929718]},"id":"node/3311908260"},{"type":"Feature","properties":{"@id":"node/3357099497","amenity":"fountain","image":"https://commons.wikimedia.org/wiki/File:Fontaine_square_Jacquier_Thonon_Bains_3.jpg","name":"Fontaine du square Jacquier"},"geometry":{"type":"Point","coordinates":[6.4819839,46.3750713]},"id":"node/3357099497"},{"type":"Feature","properties":{"@id":"node/3380833867","amenity":"fountain"},"geometry":{"type":"Point","coordinates":[5.9430616,45.8681604]},"id":"node/3380833867"},{"type":"Feature","properties":{"@id":"node/3385006017","natural":"spring"},"geometry":{"type":"Point","coordinates":[6.4695385,45.6513765]},"id":"node/3385006017"},{"type":"Feature","properties":{"@id":"node/3420050493","natural":"spring"},"geometry":{"type":"Point","coordinates":[6.8663512,45.6263941]},"id":"node/3420050493"},{"type":"Feature","properties":{"@id":"node/3470829967","natural":"spring"},"geometry":{"type":"Point","coordinates":[6.4506675,45.6402146]},"id":"node/3470829967"},{"type":"Feature","properties":{"@id":"node/3496968600","amenity":"drinking_water","description":"Bassin public de village sousmis à arrété municipal - Lavage de véhicule interdit"},"geometry":{"type":"Point","coordinates":[6.4030055,45.7591799]},"id":"node/3496968600"},{"type":"Feature","properties":{"@id":"node/3496968601","amenity":"drinking_water"},"geometry":{"type":"Point","coordinates":[6.4058791,45.7594073]},"id":"node/3496968601"},{"type":"Feature","properties":{"@id":"node/3496968602","amenity":"drinking_water","description":"Bassin public de village"},"geometry":{"type":"Point","coordinates":[6.3910504,45.7620937]},"id":"node/3496968602"},{"type":"Feature","properties":{"@id":"node/3513030120","natural":"spring"},"geometry":{"type":"Point","coordinates":[6.4551024,45.645856]},"id":"node/3513030120"},{"type":"Feature","properties":{"@id":"node/3552977118","amenity":"drinking_water","indoor":"no"},"geometry":{"type":"Point","coordinates":[6.1784007,45.7280472]},"id":"node/3552977118"},{"type":"Feature","properties":{"@id":"node/3573579432","amenity":"drinking_water","indoor":"no"},"geometry":{"type":"Point","coordinates":[6.0614009,45.6794864]},"id":"node/3573579432"},{"type":"Feature","properties":{"@id":"node/3573579459","amenity":"drinking_water","indoor":"no"},"geometry":{"type":"Point","coordinates":[6.0643046,45.6815889]},"id":"node/3573579459"},{"type":"Feature","properties":{"@id":"node/3573579461","amenity":"drinking_water","indoor":"no"},"geometry":{"type":"Point","coordinates":[6.0651839,45.6819285]},"id":"node/3573579461"},{"type":"Feature","properties":{"@id":"node/3573579478","amenity":"drinking_water","indoor":"no"},"geometry":{"type":"Point","coordinates":[6.0669935,45.6832949]},"id":"node/3573579478"},{"type":"Feature","properties":{"@id":"node/3574610494","amenity":"drinking_water","source":"Survey"},"geometry":{"type":"Point","coordinates":[6.1264054,45.6777011]},"id":"node/3574610494"},{"type":"Feature","properties":{"@id":"node/3578805546","natural":"spring"},"geometry":{"type":"Point","coordinates":[6.4211416,45.6410659]},"id":"node/3578805546"},{"type":"Feature","properties":{"@id":"node/3597242290","amenity":"fountain"},"geometry":{"type":"Point","coordinates":[5.9421777,45.8667615]},"id":"node/3597242290"},{"type":"Feature","properties":{"@id":"node/3610801004","amenity":"fountain","drinking_water":"unwatched"},"geometry":{"type":"Point","coordinates":[6.7162108,46.0858507]},"id":"node/3610801004"},{"type":"Feature","properties":{"@id":"node/3617535969","amenity":"fountain","drinking_water":"yes"},"geometry":{"type":"Point","coordinates":[6.7235645,46.0606228]},"id":"node/3617535969"},{"type":"Feature","properties":{"@id":"node/3617540748","natural":"spring"},"geometry":{"type":"Point","coordinates":[6.724949,46.0616521]},"id":"node/3617540748"},{"type":"Feature","properties":{"@id":"node/3617600546","amenity":"fountain","drinking_water":"yes"},"geometry":{"type":"Point","coordinates":[6.7092162,46.0755489]},"id":"node/3617600546"},{"type":"Feature","properties":{"@id":"node/3622336253","amenity":"drinking_water","indoor":"yes","man_made":"water_tap"},"geometry":{"type":"Point","coordinates":[6.736835,45.2079272]},"id":"node/3622336253"},{"type":"Feature","properties":{"@id":"node/3623026192","amenity":"fountain","drinking_water":"unwatched"},"geometry":{"type":"Point","coordinates":[6.7357459,46.0670551]},"id":"node/3623026192"},{"type":"Feature","properties":{"@id":"node/3623030644","amenity":"fountain","drinking_water":"yes","fee":"no","panoramax":"4915abc1-1916-4c3b-a61b-6410a9a68d13"},"geometry":{"type":"Point","coordinates":[6.7413274,46.0754277]},"id":"node/3623030644"},{"type":"Feature","properties":{"@id":"node/3623030646","amenity":"fountain","drinking_water":"yes","fee":"no","panoramax":"e9bdfcd5-f4cb-4570-8a37-0c8854ee4e0f","ref:refuges.info":"8601","start_date":"1903"},"geometry":{"type":"Point","coordinates":[6.7395179,46.0761304]},"id":"node/3623030646"},{"type":"Feature","properties":{"@id":"node/3623488778","amenity":"fountain","fixme":"Voir si mérimé est ici","heritage":"3","heritage:operator":"mhs","mhs:inscription_date":"1943-01-18","name":"Fontaine Quiberet","ref:mhs":"PA00118348","source:heritage":"data.gouv.fr:Ministère de la Culture - 04/2015","wikidata":"Q22968627"},"geometry":{"type":"Point","coordinates":[6.1238325,45.8981795]},"id":"node/3623488778"},{"type":"Feature","properties":{"@id":"node/3624766333","amenity":"fountain","drinking_water":"yes"},"geometry":{"type":"Point","coordinates":[6.6993315,46.0994595]},"id":"node/3624766333"},{"type":"Feature","properties":{"@id":"node/3626813650","amenity":"fountain","drinking_water":"yes","fountain":"stone_block","lit":"no","ref:refuges.info":"7130"},"geometry":{"type":"Point","coordinates":[6.7465359,46.1049352]},"id":"node/3626813650"},{"type":"Feature","properties":{"@id":"node/3639278791","access":"yes","amenity":"drinking_water","bottle":"yes","fee":"no","wheelchair":"no"},"geometry":{"type":"Point","coordinates":[6.7751532,46.0376603]},"id":"node/3639278791"},{"type":"Feature","properties":{"@id":"node/3639291572","amenity":"drinking_water","man_made":"water_tap"},"geometry":{"type":"Point","coordinates":[6.766945,46.0468164]},"id":"node/3639291572"},{"type":"Feature","properties":{"@id":"node/3639291577","amenity":"drinking_water","check_date":"2023-04-22","man_made":"water_tap"},"geometry":{"type":"Point","coordinates":[6.7744863,46.0546953]},"id":"node/3639291577"},{"type":"Feature","properties":{"@id":"node/3639295145","amenity":"drinking_water","ele":"848","fee":"no"},"geometry":{"type":"Point","coordinates":[6.7704231,46.0481466]},"id":"node/3639295145"},{"type":"Feature","properties":{"@id":"node/3639337577","amenity":"drinking_water","ele":"816","lit":"no","start_date":"1954"},"geometry":{"type":"Point","coordinates":[6.7859523,46.060774]},"id":"node/3639337577"},{"type":"Feature","properties":{"@id":"node/3640443599","amenity":"drinking_water","man_made":"water_tap","note":"en panne","source":"Grand Annecy"},"geometry":{"type":"Point","coordinates":[6.12405,45.89782]},"id":"node/3640443599"},{"type":"Feature","properties":{"@id":"node/3650686475","amenity":"drinking_water","man_made":"water_tap","survey:date":"2025-05-03"},"geometry":{"type":"Point","coordinates":[5.887151,45.6966862]},"id":"node/3650686475"},{"type":"Feature","properties":{"@id":"node/3655396238","amenity":"watering_place","drinking_water":"yes"},"geometry":{"type":"Point","coordinates":[6.716204,46.1426568]},"id":"node/3655396238"},{"type":"Feature","properties":{"@id":"node/3655493257","amenity":"drinking_water"},"geometry":{"type":"Point","coordinates":[6.2204837,45.3088129]},"id":"node/3655493257"},{"type":"Feature","properties":{"@id":"node/3655648416","access":"yes","amenity":"drinking_water","bottle":"yes","covered":"no","ele":"1810","fee":"no","fountain":"drinking","indoor":"no","lit":"no","seasonal":"yes","wheelchair":"no"},"geometry":{"type":"Point","coordinates":[6.7915089,46.0045469]},"id":"node/3655648416"},{"type":"Feature","properties":{"@id":"node/3655664384","amenity":"drinking_water"},"geometry":{"type":"Point","coordinates":[6.7560207,45.8653016]},"id":"node/3655664384"},{"type":"Feature","properties":{"@id":"node/3655664389","access":"yes","amenity":"drinking_water","fee":"no","ref:refuges.info":"7824"},"geometry":{"type":"Point","coordinates":[6.7362478,45.8595268]},"id":"node/3655664389"},{"type":"Feature","properties":{"@id":"node/3655673582","amenity":"drinking_water"},"geometry":{"type":"Point","coordinates":[6.7256772,45.8064351]},"id":"node/3655673582"},{"type":"Feature","properties":{"@id":"node/3655673585","amenity":"drinking_water","ref:refuges.info":"5948"},"geometry":{"type":"Point","coordinates":[6.7157289,45.7917839]},"id":"node/3655673585"},{"type":"Feature","properties":{"@id":"node/3658923281","access":"yes","amenity":"drinking_water","bottle":"yes","cold_water":"no","fee":"no","fountain":"water_tap","hot_water":"no","iced_water":"no","opening_hours":"24/7","panoramax":"4e71858b-89ab-4416-bcdf-cfc18e7e1172","room_temperature_water":"yes","seasonal":"spring;summer;autumn","warm_water":"no","wheelchair":"limited"},"geometry":{"type":"Point","coordinates":[6.7457231,46.0591941]},"id":"node/3658923281"},{"type":"Feature","properties":{"@id":"node/3658923295","amenity":"fountain","drinking_water":"yes","fountain":"nozzle","lit":"no"},"geometry":{"type":"Point","coordinates":[6.7523611,46.0603802]},"id":"node/3658923295"},{"type":"Feature","properties":{"@id":"node/3658924380","amenity":"drinking_water"},"geometry":{"type":"Point","coordinates":[6.7443177,46.0579935]},"id":"node/3658924380"},{"type":"Feature","properties":{"@id":"node/3658975209","amenity":"fountain","drinking_water":"yes"},"geometry":{"type":"Point","coordinates":[6.8112614,46.0705179]},"id":"node/3658975209"},{"type":"Feature","properties":{"@id":"node/3659204385","amenity":"fountain"},"geometry":{"type":"Point","coordinates":[6.6560318,46.234213]},"id":"node/3659204385"},{"type":"Feature","properties":{"@id":"node/3666263682","amenity":"fountain","drinking_water":"no"},"geometry":{"type":"Point","coordinates":[6.7019201,45.9047981]},"id":"node/3666263682"},{"type":"Feature","properties":{"@id":"node/3667086460","amenity":"fountain"},"geometry":{"type":"Point","coordinates":[5.9042545,45.6995852]},"id":"node/3667086460"},{"type":"Feature","properties":{"@id":"node/3667132709","alt_name":"Geyser de Saint-Cassin","amenity":"fountain","name":"Jet d'eau de Saint-Cassin"},"geometry":{"type":"Point","coordinates":[5.8706496,45.5321903]},"id":"node/3667132709"},{"type":"Feature","properties":{"@id":"node/3667756211","amenity":"drinking_water"},"geometry":{"type":"Point","coordinates":[6.9380304,46.0411524]},"id":"node/3667756211"},{"type":"Feature","properties":{"@id":"node/3667756213","amenity":"drinking_water"},"geometry":{"type":"Point","coordinates":[6.9381162,46.0413418]},"id":"node/3667756213"},{"type":"Feature","properties":{"@id":"node/3675794657","amenity":"drinking_water","ele":"1753","indoor":"no","ref:refuges.info":"8587"},"geometry":{"type":"Point","coordinates":[6.3392529,45.5641746]},"id":"node/3675794657"},{"type":"Feature","properties":{"@id":"node/3677947244","amenity":"drinking_water"},"geometry":{"type":"Point","coordinates":[5.8845314,45.8241641]},"id":"node/3677947244"},{"type":"Feature","properties":{"@id":"node/3677954146","amenity":"drinking_water"},"geometry":{"type":"Point","coordinates":[5.880829,45.8080455]},"id":"node/3677954146"},{"type":"Feature","properties":{"@id":"node/3678422840","amenity":"drinking_water","indoor":"no"},"geometry":{"type":"Point","coordinates":[6.30418,45.5849787]},"id":"node/3678422840"},{"type":"Feature","properties":{"@id":"node/3678423012","amenity":"drinking_water","indoor":"no"},"geometry":{"type":"Point","coordinates":[6.3053793,45.5861934]},"id":"node/3678423012"},{"type":"Feature","properties":{"@id":"node/3678423334","amenity":"drinking_water","indoor":"no"},"geometry":{"type":"Point","coordinates":[6.3650266,45.5892046]},"id":"node/3678423334"},{"type":"Feature","properties":{"@id":"node/3678423382","amenity":"drinking_water","indoor":"no"},"geometry":{"type":"Point","coordinates":[6.3648428,45.5895455]},"id":"node/3678423382"},{"type":"Feature","properties":{"@id":"node/3682752436","amenity":"fountain"},"geometry":{"type":"Point","coordinates":[6.2803905,45.2032421]},"id":"node/3682752436"},{"type":"Feature","properties":{"@id":"node/3685157458","drinking_water":"no","natural":"spring"},"geometry":{"type":"Point","coordinates":[6.9213819,45.2093254]},"id":"node/3685157458"},{"type":"Feature","properties":{"@id":"node/3686957636","amenity":"drinking_water"},"geometry":{"type":"Point","coordinates":[6.2216703,46.1966478]},"id":"node/3686957636"},{"type":"Feature","properties":{"@id":"node/3686957638","amenity":"drinking_water","manufacturer":"Bayard","model":"Série D1 10"},"geometry":{"type":"Point","coordinates":[6.2229983,46.1969654]},"id":"node/3686957638"},{"type":"Feature","properties":{"@id":"node/3686957639","amenity":"drinking_water"},"geometry":{"type":"Point","coordinates":[6.2210995,46.1970105]},"id":"node/3686957639"},{"type":"Feature","properties":{"@id":"node/3691411179","amenity":"fountain","drinking_water":"yes","fountain":"nozzle","lit":"no","ref:refuges.info":"8604"},"geometry":{"type":"Point","coordinates":[6.7602982,46.0814227]},"id":"node/3691411179"},{"type":"Feature","properties":{"@id":"node/3691411195","amenity":"fountain"},"geometry":{"type":"Point","coordinates":[6.7657169,46.0855209]},"id":"node/3691411195"},{"type":"Feature","properties":{"@id":"node/3691412264","amenity":"fountain","drinking_water":"yes"},"geometry":{"type":"Point","coordinates":[6.7656756,46.085758]},"id":"node/3691412264"},{"type":"Feature","properties":{"@id":"node/3693107317","amenity":"fountain"},"geometry":{"type":"Point","coordinates":[5.9092339,45.6739344]},"id":"node/3693107317"},{"type":"Feature","properties":{"@id":"node/3693107318","amenity":"fountain"},"geometry":{"type":"Point","coordinates":[5.9093034,45.6741879]},"id":"node/3693107318"},{"type":"Feature","properties":{"@id":"node/3693702697","amenity":"drinking_water","check_date":"2026-07-05","man_made":"water_tap"},"geometry":{"type":"Point","coordinates":[6.924481,46.023705]},"id":"node/3693702697"},{"type":"Feature","properties":{"@id":"node/3693702713","amenity":"drinking_water","panoramax":"ef8a5047-28d4-4dc9-8002-f88f2ee7a8ac&xyz=1.47/-22.20/20"},"geometry":{"type":"Point","coordinates":[6.9319985,46.0364436]},"id":"node/3693702713"},{"type":"Feature","properties":{"@id":"node/3693702724","amenity":"drinking_water"},"geometry":{"type":"Point","coordinates":[6.937852,46.0409646]},"id":"node/3693702724"},{"type":"Feature","properties":{"@id":"node/3696579713","addr:city":"Doussard","addr:housenumber":"1530","addr:postcode":"74210","addr:street":"Route de Chaparon","caravans":"yes","drinking_water":"yes","email":"info@campingletaillefer.com","name":"Le Taillefer","phone":"+33 450 443030","power_supply":"yes","sanitary_dump_station":"no","shower":"yes","tents":"yes","toilets":"yes","tourism":"camp_site"},"geometry":{"type":"Point","coordinates":[6.205681,45.8023209]},"id":"node/3696579713"},{"type":"Feature","properties":{"@id":"node/3699770081","drinking_water":"yes","man_made":"water_tap"},"geometry":{"type":"Point","coordinates":[6.6842671,46.0949794]},"id":"node/3699770081"},{"type":"Feature","properties":{"@id":"node/3701323787","amenity":"fountain","drinking_water":"yes","fountain":"drinking","lit":"no"},"geometry":{"type":"Point","coordinates":[6.821087,46.057721]},"id":"node/3701323787"},{"type":"Feature","properties":{"@id":"node/3701323943","drinking_water":"yes","man_made":"water_tap"},"geometry":{"type":"Point","coordinates":[6.7789323,46.0559858]},"id":"node/3701323943"},{"type":"Feature","properties":{"@id":"node/3707990028","drinking_water":"yes","intermittent":"yes","natural":"spring"},"geometry":{"type":"Point","coordinates":[6.7632451,46.0661472]},"id":"node/3707990028"},{"type":"Feature","properties":{"@id":"node/3708045535","amenity":"drinking_water"},"geometry":{"type":"Point","coordinates":[6.7984961,46.0320779]},"id":"node/3708045535"},{"type":"Feature","properties":{"@id":"node/3709249239","amenity":"fountain","drinking_water":"yes"},"geometry":{"type":"Point","coordinates":[6.7744077,46.0253348]},"id":"node/3709249239"},{"type":"Feature","properties":{"@id":"node/3717268429","amenity":"drinking_water","check_date":"2023-01-12","man_made":"water_tap"},"geometry":{"type":"Point","coordinates":[6.5030867,45.7932715]},"id":"node/3717268429"},{"type":"Feature","properties":{"@id":"node/3719123541","amenity":"drinking_water"},"geometry":{"type":"Point","coordinates":[6.4226364,45.1638707]},"id":"node/3719123541"},{"type":"Feature","properties":{"@id":"node/3721694912","amenity":"drinking_water","ref:refuges.info":"8380"},"geometry":{"type":"Point","coordinates":[6.6674555,45.4086986]},"id":"node/3721694912"},{"type":"Feature","properties":{"@id":"node/3730688287","amenity":"drinking_water","drinking_water":"yes"},"geometry":{"type":"Point","coordinates":[5.9847135,45.5486662]},"id":"node/3730688287"},{"type":"Feature","properties":{"@id":"node/3731299093","natural":"spring","ref:refuges.info":"4826"},"geometry":{"type":"Point","coordinates":[6.0522853,45.7281021]},"id":"node/3731299093"},{"type":"Feature","properties":{"@id":"node/3733554748","amenity":"fountain"},"geometry":{"type":"Point","coordinates":[6.719358,46.3619724]},"id":"node/3733554748"},{"type":"Feature","properties":{"@id":"node/3733554754","amenity":"drinking_water"},"geometry":{"type":"Point","coordinates":[6.7150178,46.3572265]},"id":"node/3733554754"},{"type":"Feature","properties":{"@id":"node/3733554756","amenity":"drinking_water"},"geometry":{"type":"Point","coordinates":[6.7115269,46.3530353]},"id":"node/3733554756"},{"type":"Feature","properties":{"@id":"node/3736111960","amenity":"drinking_water","check_date":"2022-11-03","ref:refuges.info":"4817"},"geometry":{"type":"Point","coordinates":[5.8976176,45.4837072]},"id":"node/3736111960"},{"type":"Feature","properties":{"@id":"node/3742778922","name":"Source Captée","natural":"spring"},"geometry":{"type":"Point","coordinates":[6.6189375,46.387353]},"id":"node/3742778922"},{"type":"Feature","properties":{"@id":"node/3742991010","amenity":"drinking_water"},"geometry":{"type":"Point","coordinates":[6.7042321,46.3860139]},"id":"node/3742991010"},{"type":"Feature","properties":{"@id":"node/3742991018","amenity":"drinking_water","name":"Bassin de Pertuis"},"geometry":{"type":"Point","coordinates":[6.7005154,46.3737698]},"id":"node/3742991018"},{"type":"Feature","properties":{"@id":"node/3742991628","amenity":"drinking_water"},"geometry":{"type":"Point","coordinates":[6.6945752,46.3873246]},"id":"node/3742991628"},{"type":"Feature","properties":{"@id":"node/3743048603","amenity":"drinking_water"},"geometry":{"type":"Point","coordinates":[6.6037677,46.3798914]},"id":"node/3743048603"},{"type":"Feature","properties":{"@id":"node/3743048624","name":"Source Captée","natural":"spring"},"geometry":{"type":"Point","coordinates":[6.6155063,46.3815481]},"id":"node/3743048624"},{"type":"Feature","properties":{"@id":"node/3745357168","amenity":"drinking_water"},"geometry":{"type":"Point","coordinates":[6.615982,46.37791]},"id":"node/3745357168"},{"type":"Feature","properties":{"@id":"node/3745357173","amenity":"fountain"},"geometry":{"type":"Point","coordinates":[6.6307291,46.3780117]},"id":"node/3745357173"},{"type":"Feature","properties":{"@id":"node/3745362892","amenity":"fountain"},"geometry":{"type":"Point","coordinates":[6.587903,46.400728]},"id":"node/3745362892"},{"type":"Feature","properties":{"@id":"node/3745416103","amenity":"drinking_water"},"geometry":{"type":"Point","coordinates":[6.6925706,46.3162002]},"id":"node/3745416103"},{"type":"Feature","properties":{"@id":"node/3755019492","amenity":"drinking_water","check_date":"2026-07-04","man_made":"water_tap"},"geometry":{"type":"Point","coordinates":[5.8546441,45.4168847]},"id":"node/3755019492"},{"type":"Feature","properties":{"@id":"node/3756221372","amenity":"drinking_water","amenity_1":"shelter"},"geometry":{"type":"Point","coordinates":[7.0216585,45.32319]},"id":"node/3756221372"},{"type":"Feature","properties":{"@id":"node/3762375472","amenity":"drinking_water"},"geometry":{"type":"Point","coordinates":[6.724498,46.3470051]},"id":"node/3762375472"},{"type":"Feature","properties":{"@id":"node/3764370201","drinking_water:legal":"no","inscription":"Eau impropre à la consommation","man_made":"water_tap"},"geometry":{"type":"Point","coordinates":[5.7841501,45.4485961]},"id":"node/3764370201"},{"type":"Feature","properties":{"@id":"node/3768432171","amenity":"fountain","drinking_water":"yes"},"geometry":{"type":"Point","coordinates":[6.5729196,46.0292956]},"id":"node/3768432171"},{"type":"Feature","properties":{"@id":"node/3777205272","amenity":"fountain"},"geometry":{"type":"Point","coordinates":[6.3198724,45.6131654]},"id":"node/3777205272"},{"type":"Feature","properties":{"@id":"node/3792981906","natural":"spring"},"geometry":{"type":"Point","coordinates":[6.6702009,45.9770877]},"id":"node/3792981906"},{"type":"Feature","properties":{"@id":"node/3792981910","amenity":"drinking_water"},"geometry":{"type":"Point","coordinates":[6.670693,45.9790509]},"id":"node/3792981910"},{"type":"Feature","properties":{"@id":"node/3792981912","natural":"spring"},"geometry":{"type":"Point","coordinates":[6.5576207,45.9948842]},"id":"node/3792981912"},{"type":"Feature","properties":{"@id":"node/3792983495","amenity":"drinking_water"},"geometry":{"type":"Point","coordinates":[6.5039991,46.0288395]},"id":"node/3792983495"},{"type":"Feature","properties":{"@id":"node/3792983498","natural":"spring"},"geometry":{"type":"Point","coordinates":[6.4990695,46.0385473]},"id":"node/3792983498"},{"type":"Feature","properties":{"@id":"node/3815393798","amenity":"drinking_water"},"geometry":{"type":"Point","coordinates":[6.4917905,45.6930193]},"id":"node/3815393798"},{"type":"Feature","properties":{"@id":"node/3833537659","amenity":"drinking_water","check_date":"2024-08-28","man_made":"water_tap"},"geometry":{"type":"Point","coordinates":[5.8209245,45.7542566]},"id":"node/3833537659"},{"type":"Feature","properties":{"@id":"node/3833560565","amenity":"drinking_water"},"geometry":{"type":"Point","coordinates":[5.8155991,45.5373076]},"id":"node/3833560565"},{"type":"Feature","properties":{"@id":"node/3888036475","amenity":"watering_place","drinking_water":"yes"},"geometry":{"type":"Point","coordinates":[6.7655796,46.3307375]},"id":"node/3888036475"},{"type":"Feature","properties":{"@id":"node/3891962434","amenity":"drinking_water","description":"Fontaine Bayard","man_made":"water_tap","source":"Grand Annecy"},"geometry":{"type":"Point","coordinates":[6.1311765,45.9020311]},"id":"node/3891962434"},{"type":"Feature","properties":{"@id":"node/3891970870","amenity":"drinking_water","source":"Grand Annecy"},"geometry":{"type":"Point","coordinates":[6.12917,45.89949]},"id":"node/3891970870"},{"type":"Feature","properties":{"@id":"node/3892584908","amenity":"drinking_water"},"geometry":{"type":"Point","coordinates":[6.1773469,45.5780128]},"id":"node/3892584908"},{"type":"Feature","properties":{"@id":"node/3909400947","amenity":"drinking_water"},"geometry":{"type":"Point","coordinates":[6.5943581,45.5111328]},"id":"node/3909400947"},{"type":"Feature","properties":{"@id":"node/3912393003","amenity":"drinking_water"},"geometry":{"type":"Point","coordinates":[6.6289382,45.5378052]},"id":"node/3912393003"},{"type":"Feature","properties":{"@id":"node/3915401751","amenity":"fountain"},"geometry":{"type":"Point","coordinates":[6.7001562,45.905145]},"id":"node/3915401751"},{"type":"Feature","properties":{"@id":"node/3923183612","amenity":"fountain"},"geometry":{"type":"Point","coordinates":[6.7231454,45.8967355]},"id":"node/3923183612"},{"type":"Feature","properties":{"@id":"node/3926244565","amenity":"fountain"},"geometry":{"type":"Point","coordinates":[6.5143485,45.8728514]},"id":"node/3926244565"},{"type":"Feature","properties":{"@id":"node/3926244573","amenity":"fountain"},"geometry":{"type":"Point","coordinates":[6.5145276,45.8730436]},"id":"node/3926244573"},{"type":"Feature","properties":{"@id":"node/3953793268","amenity":"drinking_water","check_date":"2025-12-28","man_made":"water_tap"},"geometry":{"type":"Point","coordinates":[6.8869224,45.9406346]},"id":"node/3953793268"},{"type":"Feature","properties":{"@id":"node/3962510958","name":"Fontaine de village","natural":"spring"},"geometry":{"type":"Point","coordinates":[6.6518606,45.5551023]},"id":"node/3962510958"},{"type":"Feature","properties":{"@id":"node/3962510960","amenity":"fountain","name":"Fontaine de village"},"geometry":{"type":"Point","coordinates":[6.6509743,45.5571646]},"id":"node/3962510960"},{"type":"Feature","properties":{"@id":"node/3971605715","amenity":"drinking_water","ele":"1050"},"geometry":{"type":"Point","coordinates":[6.1640687,45.7341539]},"id":"node/3971605715"},{"type":"Feature","properties":{"@id":"node/3971660672","amenity":"drinking_water","check_date":"2025-08-01","ele":"1074","fountain":"drinking"},"geometry":{"type":"Point","coordinates":[6.1595488,45.7384624]},"id":"node/3971660672"},{"type":"Feature","properties":{"@id":"node/3973789435","amenity":"fountain"},"geometry":{"type":"Point","coordinates":[6.7014774,45.9061186]},"id":"node/3973789435"},{"type":"Feature","properties":{"@id":"node/3987099066","amenity":"drinking_water"},"geometry":{"type":"Point","coordinates":[6.7294718,46.0806103]},"id":"node/3987099066"},{"type":"Feature","properties":{"@id":"node/3988973057","amenity":"drinking_water","description":"Coulait en hiver 2016","ele":"1210"},"geometry":{"type":"Point","coordinates":[6.5570321,45.6941626]},"id":"node/3988973057"},{"type":"Feature","properties":{"@id":"node/3991417988","natural":"spring"},"geometry":{"type":"Point","coordinates":[6.0413746,45.746624]},"id":"node/3991417988"},{"type":"Feature","properties":{"@id":"node/4044952707","access":"yes","amenity":"drinking_water","ref:refuges.info":"7470"},"geometry":{"type":"Point","coordinates":[6.5234006,45.5594581]},"id":"node/4044952707"},{"type":"Feature","properties":{"@id":"node/4044952708","access":"yes","amenity":"toilets","drinking_water":"yes","fee":"no","toilets:disposal":"flush","toilets:position":"seated;urinal","unisex":"yes","wheelchair":"yes"},"geometry":{"type":"Point","coordinates":[6.5233459,45.5594605]},"id":"node/4044952708"},{"type":"Feature","properties":{"@id":"node/4045616098","amenity":"fountain"},"geometry":{"type":"Point","coordinates":[6.5846562,45.7502083]},"id":"node/4045616098"},{"type":"Feature","properties":{"@id":"node/4045621893","amenity":"fountain"},"geometry":{"type":"Point","coordinates":[6.5854384,45.7506879]},"id":"node/4045621893"},{"type":"Feature","properties":{"@id":"node/4052984254","amenity":"drinking_water"},"geometry":{"type":"Point","coordinates":[6.7671491,45.9397147]},"id":"node/4052984254"},{"type":"Feature","properties":{"@id":"node/4052984262","amenity":"fountain","drinking_water":"yes","name":"Fontaine d'Ayères les Pierrières","ref:refuges.info":"2975"},"geometry":{"type":"Point","coordinates":[6.769914,45.9611929]},"id":"node/4052984262"},{"type":"Feature","properties":{"@id":"node/4054776355","drinking_water":"yes","name":"La Source Rouge","natural":"spring"},"geometry":{"type":"Point","coordinates":[6.5786204,45.4880836]},"id":"node/4054776355"},{"type":"Feature","properties":{"@id":"node/4075302005","amenity":"fountain","drinking_water":"no"},"geometry":{"type":"Point","coordinates":[6.8277283,45.5724663]},"id":"node/4075302005"},{"type":"Feature","properties":{"@id":"node/4101228920","amenity":"fountain","name":"Bassin de la lune"},"geometry":{"type":"Point","coordinates":[6.19054,45.9346971]},"id":"node/4101228920"},{"type":"Feature","properties":{"@id":"node/4101228994","amenity":"fountain"},"geometry":{"type":"Point","coordinates":[6.1898749,45.9342688]},"id":"node/4101228994"},{"type":"Feature","properties":{"@id":"node/4103381871","amenity":"fountain","source":"cadastre-dgi-fr source : Direction Générale des Impôts - Cadastre. Mise à jour : 2016"},"geometry":{"type":"Point","coordinates":[6.2104893,45.2837462]},"id":"node/4103381871"},{"type":"Feature","properties":{"@id":"node/4103381878","amenity":"fountain","source":"cadastre-dgi-fr source : Direction Générale des Impôts - Cadastre. Mise à jour : 2016"},"geometry":{"type":"Point","coordinates":[6.2107849,45.284229]},"id":"node/4103381878"},{"type":"Feature","properties":{"@id":"node/4133851901","amenity":"fountain"},"geometry":{"type":"Point","coordinates":[5.9146776,45.6449626]},"id":"node/4133851901"},{"type":"Feature","properties":{"@id":"node/4134302664","name":"Nant Varon","natural":"spring"},"geometry":{"type":"Point","coordinates":[5.8447425,45.6254407]},"id":"node/4134302664"},{"type":"Feature","properties":{"@id":"node/4143103489","amenity":"drinking_water"},"geometry":{"type":"Point","coordinates":[6.1137215,45.8994966]},"id":"node/4143103489"},{"type":"Feature","properties":{"@id":"node/4143697363","amenity":"drinking_water","wikimedia_commons":"File:Pyrog 0CE2hm14--.1 v1.jpg"},"geometry":{"type":"Point","coordinates":[6.1160106,45.9743037]},"id":"node/4143697363"},{"type":"Feature","properties":{"@id":"node/4147252992","amenity":"fountain"},"geometry":{"type":"Point","coordinates":[6.2583189,45.2057951]},"id":"node/4147252992"},{"type":"Feature","properties":{"@id":"node/4171841113","amenity":"water_point"},"geometry":{"type":"Point","coordinates":[5.9362371,45.6786537]},"id":"node/4171841113"},{"type":"Feature","properties":{"@id":"node/4173342514","drinking_water":"no","name":"La fontaine des fées","natural":"spring","survey:date":"2024-11-02"},"geometry":{"type":"Point","coordinates":[6.0417804,45.8976601]},"id":"node/4173342514"},{"type":"Feature","properties":{"@id":"node/4173488296","amenity":"drinking_water","check_date":"2022-07-11","man_made":"water_tap","name":"Place de la Grande Roche"},"geometry":{"type":"Point","coordinates":[6.3970264,45.6701125]},"id":"node/4173488296"},{"type":"Feature","properties":{"@id":"node/4173488297","amenity":"drinking_water","check_date":"2025-07-26","man_made":"water_tap","name":"Porte Tarine"},"geometry":{"type":"Point","coordinates":[6.3976889,45.6704218]},"id":"node/4173488297"},{"type":"Feature","properties":{"@id":"node/4173488298","amenity":"drinking_water","check_date":"2025-07-26","heritage":"3","heritage:operator":"mhs","historic":"yes","man_made":"water_tap","mhs:inscription_date":"1928-09-08","name":"Fontaine","ref:mhs":"PA00118178","source:heritage":"data.gouv.fr, Ministère de la Culture - 2016","start_date":"C18","wikidata":"Q22968382"},"geometry":{"type":"Point","coordinates":[6.39731,45.6714208]},"id":"node/4173488298"},{"type":"Feature","properties":{"@id":"node/4173488300","amenity":"drinking_water","check_date":"2025-07-26","fountain":"drinking","name":"Jardin"},"geometry":{"type":"Point","coordinates":[6.3964443,45.6710347]},"id":"node/4173488300"},{"type":"Feature","properties":{"@id":"node/4173488301","amenity":"drinking_water","name":"Place du marché"},"geometry":{"type":"Point","coordinates":[6.3915546,45.6730228]},"id":"node/4173488301"},{"type":"Feature","properties":{"@id":"node/4181522408","amenity":"fountain","drinking_water":"no","fountain":"decorative","lit":"no"},"geometry":{"type":"Point","coordinates":[5.938125,45.6425982]},"id":"node/4181522408"},{"type":"Feature","properties":{"@id":"node/4189055122","access":"yes","drinking_water":"yes","man_made":"water_tap"},"geometry":{"type":"Point","coordinates":[6.7753041,46.0540281]},"id":"node/4189055122"},{"type":"Feature","properties":{"@id":"node/4189452358","amenity":"fountain"},"geometry":{"type":"Point","coordinates":[6.2904279,45.1929325]},"id":"node/4189452358"},{"type":"Feature","properties":{"@id":"node/4194162247","amenity":"drinking_water","mapillary":"5668493386524103","name":"Source de l'Épine"},"geometry":{"type":"Point","coordinates":[6.7732348,46.0385111]},"id":"node/4194162247"},{"type":"Feature","properties":{"@id":"node/4198990383","amenity":"fountain","drinking_water":"yes"},"geometry":{"type":"Point","coordinates":[6.7756497,46.0553853]},"id":"node/4198990383"},{"type":"Feature","properties":{"@id":"node/4198995428","amenity":"drinking_water","fountain":"drinking"},"geometry":{"type":"Point","coordinates":[6.7774009,46.0559459]},"id":"node/4198995428"},{"type":"Feature","properties":{"@id":"node/4200549570","name":"Fontaine de la Rouge","natural":"spring"},"geometry":{"type":"Point","coordinates":[5.8193711,45.6275592]},"id":"node/4200549570"},{"type":"Feature","properties":{"@id":"node/4212331406","amenity":"fountain","drinking_water":"no","heritage":"3","heritage:operator":"mhs","historic":"yes","mhs:inscription_date":"1928-09-08","name":"Fontaine","ref:mhs":"PA00118179","source:heritage":"data.gouv.fr, Ministère de la Culture - 2016","survey:date":"2021-07-05","wikidata":"Q22968383"},"geometry":{"type":"Point","coordinates":[6.397689,45.6721358]},"id":"node/4212331406"},{"type":"Feature","properties":{"@id":"node/4213638328","amenity":"drinking_water","name":"Source de Mayse"},"geometry":{"type":"Point","coordinates":[6.4206815,45.9785983]},"id":"node/4213638328"},{"type":"Feature","properties":{"@id":"node/4225955905","amenity":"fountain"},"geometry":{"type":"Point","coordinates":[6.1893877,45.9338444]},"id":"node/4225955905"},{"type":"Feature","properties":{"@id":"node/4225955906","amenity":"fountain"},"geometry":{"type":"Point","coordinates":[6.190773,45.9326461]},"id":"node/4225955906"},{"type":"Feature","properties":{"@id":"node/4225970204","amenity":"fountain"},"geometry":{"type":"Point","coordinates":[6.1919604,45.9341004]},"id":"node/4225970204"},{"type":"Feature","properties":{"@id":"node/4230443714","amenity":"drinking_water"},"geometry":{"type":"Point","coordinates":[5.8422265,45.6385998]},"id":"node/4230443714"},{"type":"Feature","properties":{"@id":"node/4237354212","name":"Fontaine des Côtes","natural":"spring"},"geometry":{"type":"Point","coordinates":[5.833066,45.6626893]},"id":"node/4237354212"},{"type":"Feature","properties":{"@id":"node/4241038206","amenity":"fountain"},"geometry":{"type":"Point","coordinates":[6.3105324,46.0659357]},"id":"node/4241038206"},{"type":"Feature","properties":{"@id":"node/4241989273","man_made":"water_tap"},"geometry":{"type":"Point","coordinates":[6.4911023,46.3131865]},"id":"node/4241989273"},{"type":"Feature","properties":{"@id":"node/4241990771","amenity":"fountain"},"geometry":{"type":"Point","coordinates":[6.4916204,46.3131969]},"id":"node/4241990771"},{"type":"Feature","properties":{"@id":"node/4254660581","natural":"spring"},"geometry":{"type":"Point","coordinates":[6.1952454,45.3718062]},"id":"node/4254660581"},{"type":"Feature","properties":{"@id":"node/4269654996","amenity":"drinking_water","name":"La Rosiere"},"geometry":{"type":"Point","coordinates":[6.8575737,45.6241527]},"id":"node/4269654996"},{"type":"Feature","properties":{"@id":"node/4271389167","amenity":"drinking_water","ele":"878","mapillary:E":"NvEGcqJT1W5s2HFkegieog","mapillary:S":"Eea5Wg4c1BLe6xDPDSkTOQ"},"geometry":{"type":"Point","coordinates":[6.7611841,46.0421755]},"id":"node/4271389167"},{"type":"Feature","properties":{"@id":"node/4283321204","amenity":"water_point"},"geometry":{"type":"Point","coordinates":[5.7093823,45.5404844]},"id":"node/4283321204"},{"type":"Feature","properties":{"@id":"node/4291385936","amenity":"fountain","drinking_water":"yes"},"geometry":{"type":"Point","coordinates":[6.3259302,46.3696603]},"id":"node/4291385936"},{"type":"Feature","properties":{"@id":"node/4291458881","drinking_water":"no","man_made":"water_tap"},"geometry":{"type":"Point","coordinates":[6.3258551,46.3687005]},"id":"node/4291458881"},{"type":"Feature","properties":{"@id":"node/4294180289","amenity":"drinking_water"},"geometry":{"type":"Point","coordinates":[6.9244714,46.0265321]},"id":"node/4294180289"},{"type":"Feature","properties":{"@id":"node/4296330705","amenity":"drinking_water"},"geometry":{"type":"Point","coordinates":[6.810861,46.0210569]},"id":"node/4296330705"},{"type":"Feature","properties":{"@id":"node/4297153573","amenity":"fountain","drinking_water":"yes","source":"survey"},"geometry":{"type":"Point","coordinates":[6.7760076,45.2230703]},"id":"node/4297153573"},{"type":"Feature","properties":{"@id":"node/4301573989","amenity":"fountain"},"geometry":{"type":"Point","coordinates":[6.6753383,46.0838625]},"id":"node/4301573989"},{"type":"Feature","properties":{"@id":"node/4305878189","amenity":"fountain","drinking_water":"yes"},"geometry":{"type":"Point","coordinates":[6.7352273,45.8230251]},"id":"node/4305878189"},{"type":"Feature","properties":{"@id":"node/4308050880","amenity":"fountain","source":"survey"},"geometry":{"type":"Point","coordinates":[6.8074743,45.2637663]},"id":"node/4308050880"},{"type":"Feature","properties":{"@id":"node/4308610171","amenity":"drinking_water"},"geometry":{"type":"Point","coordinates":[6.73261,46.2975896]},"id":"node/4308610171"},{"type":"Feature","properties":{"@id":"node/4308873730","amenity":"drinking_water","bottle":"yes","drinking_water":"conditional","fee":"no","man_made":"water_tap","mapillary":"3992009550847357","ref:refuges.info":"8464","wheelchair":"no"},"geometry":{"type":"Point","coordinates":[6.7350164,45.6972662]},"id":"node/4308873730"},{"type":"Feature","properties":{"@id":"node/4316289500","natural":"spring"},"geometry":{"type":"Point","coordinates":[6.2841947,45.2070146]},"id":"node/4316289500"},{"type":"Feature","properties":{"@id":"node/4317244603","name":"Source de la Chaudanne","natural":"spring"},"geometry":{"type":"Point","coordinates":[6.2857976,45.1906164]},"id":"node/4317244603"},{"type":"Feature","properties":{"@id":"node/4317244665","natural":"spring"},"geometry":{"type":"Point","coordinates":[6.2785658,45.1890265]},"id":"node/4317244665"},{"type":"Feature","properties":{"@id":"node/4317244666","natural":"spring"},"geometry":{"type":"Point","coordinates":[6.2804922,45.1890907]},"id":"node/4317244666"},{"type":"Feature","properties":{"@id":"node/4321170011","name":"Cascade du Merdasson","natural":"spring"},"geometry":{"type":"Point","coordinates":[5.8462559,45.6480711]},"id":"node/4321170011"},{"type":"Feature","properties":{"@id":"node/4321780489","addr:housenumber":"281","addr:street":"Chemin du Cry","cabins":"yes","caravans":"yes","drinking_water":"yes","fee":"yes","hot_water":"yes","internet_access":"wlan","internet_access:fee":"no","name":"Camping Les Arolles","phone":"+33 4 50 53 14 30","picnic_table":"yes","power_supply":"yes","reservation":"no","sanitary_dump_station":"yes","shower":"yes","stars":"2","swimming_pool":"no","tents":"yes","toilets":"yes","tourism":"camp_site","website":"https://www.lesarolles.com/","wheelchair":"yes"},"geometry":{"type":"Point","coordinates":[6.8653407,45.9142886]},"id":"node/4321780489"},{"type":"Feature","properties":{"@id":"node/4322664388","access":"permissive","amenity":"drinking_water","bottle":"yes","fee":"no","indoor":"no","intermittent":"yes","wheelchair":"no"},"geometry":{"type":"Point","coordinates":[6.5235868,45.6241208]},"id":"node/4322664388"},{"type":"Feature","properties":{"@id":"node/4323133916","amenity":"fountain"},"geometry":{"type":"Point","coordinates":[5.9124357,45.6918133]},"id":"node/4323133916"},{"type":"Feature","properties":{"@id":"node/4327441400","amenity":"fountain","source":"survey","start_date":"1889"},"geometry":{"type":"Point","coordinates":[6.6983628,45.2137246]},"id":"node/4327441400"},{"type":"Feature","properties":{"@id":"node/4328365452","amenity":"fountain","source":"survey"},"geometry":{"type":"Point","coordinates":[6.7215256,45.2143068]},"id":"node/4328365452"},{"type":"Feature","properties":{"@id":"node/4328365455","amenity":"fountain","source":"survey"},"geometry":{"type":"Point","coordinates":[6.7203188,45.2150645]},"id":"node/4328365455"},{"type":"Feature","properties":{"@id":"node/4330825386","amenity":"fountain"},"geometry":{"type":"Point","coordinates":[6.5289176,46.3818358]},"id":"node/4330825386"},{"type":"Feature","properties":{"@id":"node/4330826451","amenity":"fountain"},"geometry":{"type":"Point","coordinates":[6.5283901,46.3812307]},"id":"node/4330826451"},{"type":"Feature","properties":{"@id":"node/4337621771","amenity":"fountain","drinking_water":"no"},"geometry":{"type":"Point","coordinates":[6.564444,46.3533024]},"id":"node/4337621771"},{"type":"Feature","properties":{"@id":"node/4339807610","amenity":"drinking_water"},"geometry":{"type":"Point","coordinates":[6.4945014,45.1615963]},"id":"node/4339807610"},{"type":"Feature","properties":{"@id":"node/4346342975","amenity":"drinking_water","fee":"no","ref:refuges.info":"8240","wheelchair":"limited"},"geometry":{"type":"Point","coordinates":[6.58633,45.96822]},"id":"node/4346342975"},{"type":"Feature","properties":{"@id":"node/4349974460","amenity":"drinking_water","source":"Survey"},"geometry":{"type":"Point","coordinates":[6.1595985,45.6720049]},"id":"node/4349974460"},{"type":"Feature","properties":{"@id":"node/4351784409","amenity":"fountain","drinking_water":"no"},"geometry":{"type":"Point","coordinates":[6.2233881,46.195787]},"id":"node/4351784409"},{"type":"Feature","properties":{"@id":"node/4354198900","amenity":"drinking_water"},"geometry":{"type":"Point","coordinates":[5.7897737,45.5545777]},"id":"node/4354198900"},{"type":"Feature","properties":{"@id":"node/4354447646","amenity":"drinking_water"},"geometry":{"type":"Point","coordinates":[5.7905889,45.5551773]},"id":"node/4354447646"},{"type":"Feature","properties":{"@id":"node/4357493734","amenity":"drinking_water","bottle":"yes","wheelchair":"yes"},"geometry":{"type":"Point","coordinates":[6.7278256,45.9018582]},"id":"node/4357493734"},{"type":"Feature","properties":{"@id":"node/4357740696","amenity":"drinking_water"},"geometry":{"type":"Point","coordinates":[6.7365788,46.0870561]},"id":"node/4357740696"},{"type":"Feature","properties":{"@id":"node/4357798492","amenity":"drinking_water"},"geometry":{"type":"Point","coordinates":[6.7041865,46.0745408]},"id":"node/4357798492"},{"type":"Feature","properties":{"@id":"node/4358946600","amenity":"drinking_water","check_date":"2022-12-27","fountain":"drinking"},"geometry":{"type":"Point","coordinates":[6.7232706,46.0827457]},"id":"node/4358946600"},{"type":"Feature","properties":{"@id":"node/4364351696","intermittent":"yes","name":"Perte du Dran","natural":"spring"},"geometry":{"type":"Point","coordinates":[6.3164664,45.9479432]},"id":"node/4364351696"},{"type":"Feature","properties":{"@id":"node/4365316803","amenity":"drinking_water","check_date":"2024-01-27"},"geometry":{"type":"Point","coordinates":[6.1748549,45.8788596]},"id":"node/4365316803"},{"type":"Feature","properties":{"@id":"node/4369822410","amenity":"drinking_water"},"geometry":{"type":"Point","coordinates":[6.6675798,45.2230346]},"id":"node/4369822410"},{"type":"Feature","properties":{"@id":"node/4370192244","drinking_water":"yes","natural":"spring"},"geometry":{"type":"Point","coordinates":[6.7304795,45.4605391]},"id":"node/4370192244"},{"type":"Feature","properties":{"@id":"node/4371342793","amenity":"drinking_water"},"geometry":{"type":"Point","coordinates":[6.6167798,46.1053014]},"id":"node/4371342793"},{"type":"Feature","properties":{"@id":"node/4380863295","amenity":"fountain"},"geometry":{"type":"Point","coordinates":[6.130339,45.8979487]},"id":"node/4380863295"},{"type":"Feature","properties":{"@id":"node/4380958095","amenity":"drinking_water","source":"Grand Annecy","start_date":"1986-01-01"},"geometry":{"type":"Point","coordinates":[6.14737,45.92316]},"id":"node/4380958095"},{"type":"Feature","properties":{"@id":"node/4382964889","amenity":"fountain"},"geometry":{"type":"Point","coordinates":[6.6314575,46.2637205]},"id":"node/4382964889"},{"type":"Feature","properties":{"@id":"node/4385780172","amenity":"fountain"},"geometry":{"type":"Point","coordinates":[6.3249713,45.881755]},"id":"node/4385780172"},{"type":"Feature","properties":{"@id":"node/4385780175","amenity":"fountain"},"geometry":{"type":"Point","coordinates":[6.3233869,45.8820256]},"id":"node/4385780175"},{"type":"Feature","properties":{"@id":"node/4387020128","amenity":"fountain"},"geometry":{"type":"Point","coordinates":[6.6486111,46.2287529]},"id":"node/4387020128"},{"type":"Feature","properties":{"@id":"node/4387803196","amenity":"fountain"},"geometry":{"type":"Point","coordinates":[6.7088006,46.1790543]},"id":"node/4387803196"},{"type":"Feature","properties":{"@id":"node/4388950792","drinking_water":"yes","natural":"spring"},"geometry":{"type":"Point","coordinates":[6.7305793,45.4600129]},"id":"node/4388950792"},{"type":"Feature","properties":{"@id":"node/4389832445","amenity":"fountain"},"geometry":{"type":"Point","coordinates":[6.7238722,46.0841355]},"id":"node/4389832445"},{"type":"Feature","properties":{"@id":"node/4390339641","amenity":"drinking_water"},"geometry":{"type":"Point","coordinates":[6.7191694,46.388084]},"id":"node/4390339641"},{"type":"Feature","properties":{"@id":"node/4391350897","amenity":"drinking_water"},"geometry":{"type":"Point","coordinates":[6.4664331,45.5973904]},"id":"node/4391350897"},{"type":"Feature","properties":{"@id":"node/4391350935","amenity":"drinking_water","fixme":"Position à vérifier"},"geometry":{"type":"Point","coordinates":[6.4671144,45.6068673]},"id":"node/4391350935"},{"type":"Feature","properties":{"@id":"node/4391422198","access":"yes","amenity":"drinking_water","drinking_water":"yes","fee":"no","fountain":"stone_block","lit":"no","name":"Bachal"},"geometry":{"type":"Point","coordinates":[6.7981879,45.6236811]},"id":"node/4391422198"},{"type":"Feature","properties":{"@id":"node/4393180055","amenity":"fountain"},"geometry":{"type":"Point","coordinates":[6.7882563,46.2955039]},"id":"node/4393180055"},{"type":"Feature","properties":{"@id":"node/4395979681","amenity":"drinking_water"},"geometry":{"type":"Point","coordinates":[6.6366295,46.357676]},"id":"node/4395979681"},{"type":"Feature","properties":{"@id":"node/4395980089","amenity":"drinking_water"},"geometry":{"type":"Point","coordinates":[6.6596419,46.3584927]},"id":"node/4395980089"},{"type":"Feature","properties":{"@id":"node/4395980092","amenity":"drinking_water"},"geometry":{"type":"Point","coordinates":[6.6600277,46.35858]},"id":"node/4395980092"},{"type":"Feature","properties":{"@id":"node/4396499304","amenity":"drinking_water"},"geometry":{"type":"Point","coordinates":[6.5307333,46.3983311]},"id":"node/4396499304"},{"type":"Feature","properties":{"@id":"node/4399454917","amenity":"fountain"},"geometry":{"type":"Point","coordinates":[5.9354651,45.8701071]},"id":"node/4399454917"},{"type":"Feature","properties":{"@id":"node/4399535171","amenity":"fountain"},"geometry":{"type":"Point","coordinates":[6.6704313,46.2958225]},"id":"node/4399535171"},{"type":"Feature","properties":{"@id":"node/4399535172","amenity":"fountain"},"geometry":{"type":"Point","coordinates":[6.6695892,46.2963575]},"id":"node/4399535172"},{"type":"Feature","properties":{"@id":"node/4399535173","amenity":"fountain"},"geometry":{"type":"Point","coordinates":[6.6699218,46.2965957]},"id":"node/4399535173"},{"type":"Feature","properties":{"@id":"node/4399535175","amenity":"fountain"},"geometry":{"type":"Point","coordinates":[6.6704788,46.2972684]},"id":"node/4399535175"},{"type":"Feature","properties":{"@id":"node/4399535176","amenity":"fountain"},"geometry":{"type":"Point","coordinates":[6.6694103,46.2974485]},"id":"node/4399535176"},{"type":"Feature","properties":{"@id":"node/4399538496","amenity":"drinking_water","check_date":"2021-10-31","fountain":"drinking"},"geometry":{"type":"Point","coordinates":[6.6462087,45.4432032]},"id":"node/4399538496"},{"type":"Feature","properties":{"@id":"node/4399546597","amenity":"fountain","drinking_water":"yes","ref:refuges.info":"7674","wikimedia_commons":"File:Pyrog 20200521 170246.jpg"},"geometry":{"type":"Point","coordinates":[6.223218,45.8266845]},"id":"node/4399546597"},{"type":"Feature","properties":{"@id":"node/4404521807","man_made":"spring_box","natural":"spring"},"geometry":{"type":"Point","coordinates":[6.61451,46.3814248]},"id":"node/4404521807"},{"type":"Feature","properties":{"@id":"node/4406586353","amenity":"drinking_water"},"geometry":{"type":"Point","coordinates":[6.144107,45.2259152]},"id":"node/4406586353"},{"type":"Feature","properties":{"@id":"node/4406589049","amenity":"drinking_water","check_date":"2023-08-11","man_made":"water_tap"},"geometry":{"type":"Point","coordinates":[6.6481551,45.1912583]},"id":"node/4406589049"},{"type":"Feature","properties":{"@id":"node/4407022640","amenity":"drinking_water","fee":"no","source":"Grand Annecy"},"geometry":{"type":"Point","coordinates":[6.14207,45.88091]},"id":"node/4407022640"},{"type":"Feature","properties":{"@id":"node/4411076947","amenity":"fountain"},"geometry":{"type":"Point","coordinates":[5.6731111,45.5357315]},"id":"node/4411076947"},{"type":"Feature","properties":{"@id":"node/4434004298","drinking_water:signed":"no","name":"Notre-Dame de la Source","name:fr":"Notre-Dame de la Source","natural":"spring"},"geometry":{"type":"Point","coordinates":[6.2479273,45.7190673]},"id":"node/4434004298"},{"type":"Feature","properties":{"@id":"node/4440723933","amenity":"drinking_water"},"geometry":{"type":"Point","coordinates":[6.9174517,45.9319265]},"id":"node/4440723933"},{"type":"Feature","properties":{"@id":"node/4456465128","access":"yes","amenity":"drinking_water","bottle":"yes","fee":"no","mapillary":"145190557568400","name":"La fontaine du vin blanc","seasonal":"yes","wheelchair":"no"},"geometry":{"type":"Point","coordinates":[6.7511773,46.07546]},"id":"node/4456465128"},{"type":"Feature","properties":{"@id":"node/4462549361","amenity":"fountain","drinking_water:refill":"yes","source":"survey"},"geometry":{"type":"Point","coordinates":[6.6729489,45.2019053]},"id":"node/4462549361"},{"type":"Feature","properties":{"@id":"node/4478790345","natural":"spring"},"geometry":{"type":"Point","coordinates":[6.6342008,46.0249937]},"id":"node/4478790345"},{"type":"Feature","properties":{"@id":"node/4503010328","drinking_water":"no","natural":"spring"},"geometry":{"type":"Point","coordinates":[6.7218948,46.2076134]},"id":"node/4503010328"},{"type":"Feature","properties":{"@id":"node/4536664541","amenity":"drinking_water"},"geometry":{"type":"Point","coordinates":[6.4399976,45.9156712]},"id":"node/4536664541"},{"type":"Feature","properties":{"@id":"node/4536664543","amenity":"drinking_water"},"geometry":{"type":"Point","coordinates":[6.4411868,45.9183481]},"id":"node/4536664543"},{"type":"Feature","properties":{"@id":"node/4549157990","amenity":"fountain"},"geometry":{"type":"Point","coordinates":[6.3401995,45.8026062]},"id":"node/4549157990"},{"type":"Feature","properties":{"@id":"node/4549207590","amenity":"drinking_water"},"geometry":{"type":"Point","coordinates":[6.3270401,45.8835043]},"id":"node/4549207590"},{"type":"Feature","properties":{"@id":"node/4549211993","amenity":"drinking_water","water":"no"},"geometry":{"type":"Point","coordinates":[6.3063746,45.7660016]},"id":"node/4549211993"},{"type":"Feature","properties":{"@id":"node/4560826031","amenity":"drinking_water","ele":"1600","ref:refuges.info":"3662"},"geometry":{"type":"Point","coordinates":[6.0695261,45.5679433]},"id":"node/4560826031"},{"type":"Feature","properties":{"@id":"node/4560826032","amenity":"drinking_water","ele":"1450"},"geometry":{"type":"Point","coordinates":[6.0719975,45.5727825]},"id":"node/4560826032"},{"type":"Feature","properties":{"@id":"node/4565270993","amenity":"fountain"},"geometry":{"type":"Point","coordinates":[5.9112047,45.6884022]},"id":"node/4565270993"},{"type":"Feature","properties":{"@id":"node/4580013626","amenity":"fountain"},"geometry":{"type":"Point","coordinates":[6.2325745,45.2218668]},"id":"node/4580013626"},{"type":"Feature","properties":{"@id":"node/4581944502","amenity":"drinking_water","drinking_water:legal":"no","fountain":"yes","operator":"Commune de Jongieux"},"geometry":{"type":"Point","coordinates":[5.7970853,45.7395472]},"id":"node/4581944502"},{"type":"Feature","properties":{"@id":"node/4581944504","amenity":"drinking_water","drinking_water:legal":"no","fountain":"drinking"},"geometry":{"type":"Point","coordinates":[5.7975133,45.7401495]},"id":"node/4581944504"},{"type":"Feature","properties":{"@id":"node/4588186325","amenity":"fountain"},"geometry":{"type":"Point","coordinates":[6.329469,46.0739289]},"id":"node/4588186325"},{"type":"Feature","properties":{"@id":"node/4599391381","amenity":"fountain","name":"Fontaine"},"geometry":{"type":"Point","coordinates":[6.0801462,45.6179971]},"id":"node/4599391381"},{"type":"Feature","properties":{"@id":"node/4603389495","natural":"spring"},"geometry":{"type":"Point","coordinates":[6.1687493,45.4205964]},"id":"node/4603389495"},{"type":"Feature","properties":{"@id":"node/4621422162","natural":"spring"},"geometry":{"type":"Point","coordinates":[6.1837443,46.0291992]},"id":"node/4621422162"},{"type":"Feature","properties":{"@id":"node/4644237509","amenity":"fountain"},"geometry":{"type":"Point","coordinates":[6.5905371,46.1078744]},"id":"node/4644237509"},{"type":"Feature","properties":{"@id":"node/4665479267","amenity":"drinking_water","fountain":"drinking","opening_hours":"\"winter\""},"geometry":{"type":"Point","coordinates":[5.9513209,45.6224963]},"id":"node/4665479267"},{"type":"Feature","properties":{"@id":"node/4673713120","amenity":"fountain"},"geometry":{"type":"Point","coordinates":[6.2497508,46.2024791]},"id":"node/4673713120"},{"type":"Feature","properties":{"@id":"node/4704652891","amenity":"fountain","source":"Bing"},"geometry":{"type":"Point","coordinates":[5.9795559,46.1280446]},"id":"node/4704652891"},{"type":"Feature","properties":{"@id":"node/4709667283","amenity":"fountain"},"geometry":{"type":"Point","coordinates":[6.3146936,45.7980134]},"id":"node/4709667283"},{"type":"Feature","properties":{"@id":"node/4729009133","amenity":"drinking_water"},"geometry":{"type":"Point","coordinates":[6.1897371,45.6641324]},"id":"node/4729009133"},{"type":"Feature","properties":{"@id":"node/4729009718","amenity":"drinking_water"},"geometry":{"type":"Point","coordinates":[6.1909128,45.6647075]},"id":"node/4729009718"},{"type":"Feature","properties":{"@id":"node/4745455704","amenity":"drinking_water","man_made":"water_tap"},"geometry":{"type":"Point","coordinates":[5.8748086,45.7770122]},"id":"node/4745455704"},{"type":"Feature","properties":{"@id":"node/4755983938","amenity":"drinking_water"},"geometry":{"type":"Point","coordinates":[6.3193562,46.1892921]},"id":"node/4755983938"},{"type":"Feature","properties":{"@id":"node/4755986167","amenity":"fountain","drinking_water":"no","lit":"no"},"geometry":{"type":"Point","coordinates":[6.3183496,46.1901497]},"id":"node/4755986167"},{"type":"Feature","properties":{"@id":"node/4795278218","amenity":"fountain","heritage":"3","heritage:operator":"mhs","historic":"yes","mhs:inscription_date":"1943-01-28","name":"Fontaine des Deux Bourneaux","ref:mhs":"PA00118232","source:heritage":"data.gouv.fr, Ministère de la Culture - 2016","start_date":"C17","wikidata":"Q22968425"},"geometry":{"type":"Point","coordinates":[5.9148989,45.5648375]},"id":"node/4795278218"},{"type":"Feature","properties":{"@id":"node/4796105480","amenity":"fountain","drinking_water":"no","fountain":"nozzle","lit":"no","name":"Fontaine de Sardagne"},"geometry":{"type":"Point","coordinates":[6.3881198,46.1590168]},"id":"node/4796105480"},{"type":"Feature","properties":{"@id":"node/4826997975","amenity":"fountain"},"geometry":{"type":"Point","coordinates":[6.6055724,45.5587202]},"id":"node/4826997975"},{"type":"Feature","properties":{"@id":"node/4826998706","amenity":"drinking_water"},"geometry":{"type":"Point","coordinates":[6.6121395,45.5570255]},"id":"node/4826998706"},{"type":"Feature","properties":{"@id":"node/4827591666","amenity":"drinking_water"},"geometry":{"type":"Point","coordinates":[5.7842842,45.4482485]},"id":"node/4827591666"},{"type":"Feature","properties":{"@id":"node/4828453941","amenity":"fountain","drinking_water":"no"},"geometry":{"type":"Point","coordinates":[6.3969365,46.2446093]},"id":"node/4828453941"},{"type":"Feature","properties":{"@id":"node/4839559106","amenity":"fountain"},"geometry":{"type":"Point","coordinates":[6.4323403,46.338121]},"id":"node/4839559106"},{"type":"Feature","properties":{"@id":"node/4841879214","amenity":"drinking_water","name":"Buvette publique du Parc"},"geometry":{"type":"Point","coordinates":[6.4731024,46.370048]},"id":"node/4841879214"},{"type":"Feature","properties":{"@id":"node/4862488121","name":"Plan les eaux","name:fr":"Plan les eaux","natural":"spring"},"geometry":{"type":"Point","coordinates":[7.0742732,45.3926421]},"id":"node/4862488121"},{"type":"Feature","properties":{"@id":"node/4862488122","name":"Lac du Pys","name:fr":"Lac du Pys","natural":"spring"},"geometry":{"type":"Point","coordinates":[7.0948808,45.4068943]},"id":"node/4862488122"},{"type":"Feature","properties":{"@id":"node/4881977335","amenity":"drinking_water","man_made":"water_well","pump":"manual","ref:refuges.info":"8237"},"geometry":{"type":"Point","coordinates":[6.6317412,45.9365254]},"id":"node/4881977335"},{"type":"Feature","properties":{"@id":"node/4881982168","amenity":"drinking_water","ref:refuges.info":"8236"},"geometry":{"type":"Point","coordinates":[6.6307837,45.9363351]},"id":"node/4881982168"},{"type":"Feature","properties":{"@id":"node/4889547294","amenity":"drinking_water"},"geometry":{"type":"Point","coordinates":[6.4278598,45.1656537]},"id":"node/4889547294"},{"type":"Feature","properties":{"@id":"node/4894423963","natural":"spring"},"geometry":{"type":"Point","coordinates":[6.2639097,45.1988995]},"id":"node/4894423963"},{"type":"Feature","properties":{"@id":"node/4894424061","natural":"spring"},"geometry":{"type":"Point","coordinates":[6.2534702,45.192578]},"id":"node/4894424061"},{"type":"Feature","properties":{"@id":"node/4898261446","amenity":"fountain"},"geometry":{"type":"Point","coordinates":[6.2639097,45.1988995]},"id":"node/4898261446"},{"type":"Feature","properties":{"@id":"node/4919222862","amenity":"fountain"},"geometry":{"type":"Point","coordinates":[6.2435865,45.2018448]},"id":"node/4919222862"},{"type":"Feature","properties":{"@id":"node/4922769019","access":"permissive","amenity":"drinking_water","bottle":"yes","fee":"no","wheelchair":"no"},"geometry":{"type":"Point","coordinates":[6.7307864,46.0644636]},"id":"node/4922769019"},{"type":"Feature","properties":{"@id":"node/4932495754","amenity":"fountain","heritage":"3","heritage:operator":"mhs","mhs:inscription_date":"1930-10-16","name":"Fontaine","ref:mhs":"PA00118347","source:heritage":"data.gouv.fr:Ministère de la Culture - 04/2015","wikidata":"Q22968623"},"geometry":{"type":"Point","coordinates":[6.1262052,45.8982718]},"id":"node/4932495754"},{"type":"Feature","properties":{"@id":"node/4933677085","amenity":"drinking_water","name":"Source de crève cœur"},"geometry":{"type":"Point","coordinates":[6.7394755,46.170479]},"id":"node/4933677085"},{"type":"Feature","properties":{"@id":"node/4936126919","amenity":"drinking_water","fountain":"drinking","ref":"B11","source":"Grand Annecy","start_date":"2010-12-13"},"geometry":{"type":"Point","coordinates":[6.17066,45.92145]},"id":"node/4936126919"},{"type":"Feature","properties":{"@id":"node/4944653781","amenity":"fountain"},"geometry":{"type":"Point","coordinates":[6.6314467,46.1528756]},"id":"node/4944653781"},{"type":"Feature","properties":{"@id":"node/4944654934","amenity":"fountain","lit":"no"},"geometry":{"type":"Point","coordinates":[6.6310578,46.1549798]},"id":"node/4944654934"},{"type":"Feature","properties":{"@id":"node/4948115653","amenity":"drinking_water","source":"Grand Annecy","start_date":"1990-01-01"},"geometry":{"type":"Point","coordinates":[6.1433143,45.904459]},"id":"node/4948115653"},{"type":"Feature","properties":{"@id":"node/4952400402","amenity":"drinking_water","fee":"no","ref:refuges.info":"7110"},"geometry":{"type":"Point","coordinates":[6.7610494,45.8768878]},"id":"node/4952400402"},{"type":"Feature","properties":{"@id":"node/4952406104","amenity":"drinking_water","fountain":"drinking","ref:refuges.info":"7847"},"geometry":{"type":"Point","coordinates":[6.7146633,45.7796742]},"id":"node/4952406104"},{"type":"Feature","properties":{"@id":"node/4952419661","amenity":"drinking_water","drinking_water":"yes","man_made":"water_well","pump":"manual"},"geometry":{"type":"Point","coordinates":[6.6693977,45.6931816]},"id":"node/4952419661"},{"type":"Feature","properties":{"@id":"node/4952419694","amenity":"drinking_water"},"geometry":{"type":"Point","coordinates":[6.6689577,45.6321186]},"id":"node/4952419694"},{"type":"Feature","properties":{"@id":"node/4952432834","access":"yes","amenity":"toilets","bottle":"yes","changing_table":"no","drinking_water":"yes","fee":"no","toilets:disposal":"flush","unisex":"yes","wheelchair":"no"},"geometry":{"type":"Point","coordinates":[6.6936161,45.5759402]},"id":"node/4952432834"},{"type":"Feature","properties":{"@id":"node/4955218369","access":"yes","amenity":"drinking_water","bottle":"yes","description":"robinet sur le bâtiment de pique nique","fee":"no","indoor":"no","man_made":"water_tap","wheelchair":"yes"},"geometry":{"type":"Point","coordinates":[6.8021892,45.5190287]},"id":"node/4955218369"},{"type":"Feature","properties":{"@id":"node/4955218370","amenity":"drinking_water"},"geometry":{"type":"Point","coordinates":[6.7908682,45.524787]},"id":"node/4955218370"},{"type":"Feature","properties":{"@id":"node/4955218371","amenity":"drinking_water"},"geometry":{"type":"Point","coordinates":[6.861016,45.458247]},"id":"node/4955218371"},{"type":"Feature","properties":{"@id":"node/4955223099","amenity":"fountain"},"geometry":{"type":"Point","coordinates":[6.9004277,45.4661412]},"id":"node/4955223099"},{"type":"Feature","properties":{"@id":"node/4955223101","access":"yes","amenity":"drinking_water","check_date":"2024-08-28","fee":"no","man_made":"water_tap"},"geometry":{"type":"Point","coordinates":[6.9005458,45.4660659]},"id":"node/4955223101"},{"type":"Feature","properties":{"@id":"node/4955251392","amenity":"drinking_water"},"geometry":{"type":"Point","coordinates":[6.8823174,45.396868]},"id":"node/4955251392"},{"type":"Feature","properties":{"@id":"node/4955263886","natural":"spring"},"geometry":{"type":"Point","coordinates":[6.61934,45.1332805]},"id":"node/4955263886"},{"type":"Feature","properties":{"@id":"node/4958598921","amenity":"drinking_water"},"geometry":{"type":"Point","coordinates":[6.4672175,45.212741]},"id":"node/4958598921"},{"type":"Feature","properties":{"@id":"node/4963948103","amenity":"fountain","drinking_water":"conditional"},"geometry":{"type":"Point","coordinates":[5.8429079,45.8902124]},"id":"node/4963948103"},{"type":"Feature","properties":{"@id":"node/4971837543","natural":"spring"},"geometry":{"type":"Point","coordinates":[6.2218965,46.1966554]},"id":"node/4971837543"},{"type":"Feature","properties":{"@id":"node/4973308635","amenity":"drinking_water"},"geometry":{"type":"Point","coordinates":[6.248814,45.3094702]},"id":"node/4973308635"},{"type":"Feature","properties":{"@id":"node/4979348356","amenity":"drinking_water","toilets:wheelchair":"no","wheelchair":"limited"},"geometry":{"type":"Point","coordinates":[6.1719522,46.1195935]},"id":"node/4979348356"},{"type":"Feature","properties":{"@id":"node/4998529912","amenity":"fountain","drinking_water":"yes"},"geometry":{"type":"Point","coordinates":[6.6514572,46.2419338]},"id":"node/4998529912"},{"type":"Feature","properties":{"@id":"node/5001049361","natural":"spring"},"geometry":{"type":"Point","coordinates":[5.8394244,45.5485963]},"id":"node/5001049361"},{"type":"Feature","properties":{"@id":"node/5001588654","amenity":"drinking_water","ref:refuges.info":"7662","source":"BD Ortho IGN"},"geometry":{"type":"Point","coordinates":[6.2419362,45.8364512]},"id":"node/5001588654"},{"type":"Feature","properties":{"@id":"node/5001588847","amenity":"watering_place","drinking_water":"yes","source":"BD Ortho IGN"},"geometry":{"type":"Point","coordinates":[6.2658465,45.8365985]},"id":"node/5001588847"},{"type":"Feature","properties":{"@id":"node/5005641030","amenity":"drinking_water","check_date":"2022-02-20"},"geometry":{"type":"Point","coordinates":[6.4597189,45.7201655]},"id":"node/5005641030"},{"type":"Feature","properties":{"@id":"node/5005641730","amenity":"drinking_water"},"geometry":{"type":"Point","coordinates":[6.5655326,45.7554352]},"id":"node/5005641730"},{"type":"Feature","properties":{"@id":"node/5008939595","amenity":"fountain","drinking_water":"yes"},"geometry":{"type":"Point","coordinates":[6.4645126,46.3357739]},"id":"node/5008939595"},{"type":"Feature","properties":{"@id":"node/5016648168","amenity":"drinking_water"},"geometry":{"type":"Point","coordinates":[6.4543139,46.3563152]},"id":"node/5016648168"},{"type":"Feature","properties":{"@id":"node/5017559184","access":"yes","amenity":"toilets","bottle":"yes","drinking_water":"yes","fee":"no","female":"yes","male":"yes","toilets:disposal":"flush","wheelchair":"yes"},"geometry":{"type":"Point","coordinates":[6.7284998,45.5545914]},"id":"node/5017559184"},{"type":"Feature","properties":{"@id":"node/5020861398","amenity":"fountain","drinking_water":"yes"},"geometry":{"type":"Point","coordinates":[6.4786431,46.3699583]},"id":"node/5020861398"},{"type":"Feature","properties":{"@id":"node/5028002214","natural":"spring"},"geometry":{"type":"Point","coordinates":[6.8237034,45.2871889]},"id":"node/5028002214"},{"type":"Feature","properties":{"@id":"node/5031084125","amenity":"fountain"},"geometry":{"type":"Point","coordinates":[6.4853606,45.4263481]},"id":"node/5031084125"},{"type":"Feature","properties":{"@id":"node/5034504816","amenity":"fountain","description":"Lavoir"},"geometry":{"type":"Point","coordinates":[6.267672,46.1772621]},"id":"node/5034504816"},{"type":"Feature","properties":{"@id":"node/5036872382","amenity":"fountain","description":"Lavoir","fountain":"nozzle"},"geometry":{"type":"Point","coordinates":[6.2679126,46.1774242]},"id":"node/5036872382"},{"type":"Feature","properties":{"@id":"node/5037193987","amenity":"fountain"},"geometry":{"type":"Point","coordinates":[6.9331905,46.0348356]},"id":"node/5037193987"},{"type":"Feature","properties":{"@id":"node/5051499721","amenity":"water_point"},"geometry":{"type":"Point","coordinates":[6.0309102,45.5855779]},"id":"node/5051499721"},{"type":"Feature","properties":{"@id":"node/5058844121","amenity":"drinking_water"},"geometry":{"type":"Point","coordinates":[6.4610646,45.8439976]},"id":"node/5058844121"},{"type":"Feature","properties":{"@id":"node/5060343665","amenity":"fountain"},"geometry":{"type":"Point","coordinates":[6.2821238,46.1853457]},"id":"node/5060343665"},{"type":"Feature","properties":{"@id":"node/5060719941","amenity":"drinking_water"},"geometry":{"type":"Point","coordinates":[6.4105157,46.3475817]},"id":"node/5060719941"},{"type":"Feature","properties":{"@id":"node/5063457121","natural":"spring"},"geometry":{"type":"Point","coordinates":[6.7118525,46.2487999]},"id":"node/5063457121"},{"type":"Feature","properties":{"@id":"node/5064973328","amenity":"fountain"},"geometry":{"type":"Point","coordinates":[6.2861495,45.1949819]},"id":"node/5064973328"},{"type":"Feature","properties":{"@id":"node/5065700375","amenity":"fountain"},"geometry":{"type":"Point","coordinates":[6.2180217,46.0917977]},"id":"node/5065700375"},{"type":"Feature","properties":{"@id":"node/5066986973","name":"Source de la Doua","natural":"spring"},"geometry":{"type":"Point","coordinates":[6.2943405,45.1826773]},"id":"node/5066986973"},{"type":"Feature","properties":{"@id":"node/5070276446","amenity":"drinking_water","man_made":"water_tap","survey:date":"2024-08-16"},"geometry":{"type":"Point","coordinates":[6.5750072,45.7178781]},"id":"node/5070276446"},{"type":"Feature","properties":{"@id":"node/5078386408","amenity":"drinking_water","man_made":"water_tap"},"geometry":{"type":"Point","coordinates":[6.282605,46.1866497]},"id":"node/5078386408"},{"type":"Feature","properties":{"@id":"node/5082486617","amenity":"drinking_water"},"geometry":{"type":"Point","coordinates":[6.247809,46.2024496]},"id":"node/5082486617"},{"type":"Feature","properties":{"@id":"node/5089713922","amenity":"drinking_water","description":"Débit abondant : 7 secondes pour 1.5 litre.","fountain":"drinking"},"geometry":{"type":"Point","coordinates":[6.7171322,45.7221437]},"id":"node/5089713922"},{"type":"Feature","properties":{"@id":"node/5108431497","natural":"spring"},"geometry":{"type":"Point","coordinates":[6.1851311,45.3792891]},"id":"node/5108431497"},{"type":"Feature","properties":{"@id":"node/5119882525","amenity":"drinking_water","ele":"1130","ref:refuges.info":"5962"},"geometry":{"type":"Point","coordinates":[6.3318928,45.5807872]},"id":"node/5119882525"},{"type":"Feature","properties":{"@id":"node/5119916644","amenity":"drinking_water","ele":"1201","note":"autre mesure d'altitude : 1230m (en forêt, c'est pas terrible le gps en alti)"},"geometry":{"type":"Point","coordinates":[6.3353517,45.5814816]},"id":"node/5119916644"},{"type":"Feature","properties":{"@id":"node/5129284734","amenity":"fountain"},"geometry":{"type":"Point","coordinates":[6.6014918,46.2000266]},"id":"node/5129284734"},{"type":"Feature","properties":{"@id":"node/5131662535","amenity":"drinking_water"},"geometry":{"type":"Point","coordinates":[6.2994744,45.3596345]},"id":"node/5131662535"},{"type":"Feature","properties":{"@id":"node/5131670848","amenity":"drinking_water"},"geometry":{"type":"Point","coordinates":[6.320934,45.3711322]},"id":"node/5131670848"},{"type":"Feature","properties":{"@id":"node/5131675987","amenity":"drinking_water"},"geometry":{"type":"Point","coordinates":[6.3401674,45.2184297]},"id":"node/5131675987"},{"type":"Feature","properties":{"@id":"node/5131681557","amenity":"drinking_water"},"geometry":{"type":"Point","coordinates":[6.2258966,45.2935659]},"id":"node/5131681557"},{"type":"Feature","properties":{"@id":"node/5140003595","amenity":"drinking_water"},"geometry":{"type":"Point","coordinates":[6.0592706,45.5010404]},"id":"node/5140003595"},{"type":"Feature","properties":{"@id":"node/5173639921","amenity":"drinking_water","man_made":"water_tap"},"geometry":{"type":"Point","coordinates":[6.0551397,45.5332459]},"id":"node/5173639921"},{"type":"Feature","properties":{"@id":"node/5174281562","amenity":"drinking_water","name":"Fontanella Vairetta"},"geometry":{"type":"Point","coordinates":[6.951884,45.191487]},"id":"node/5174281562"},{"type":"Feature","properties":{"@id":"node/5187302882","amenity":"fountain"},"geometry":{"type":"Point","coordinates":[5.9075018,45.6967874]},"id":"node/5187302882"},{"type":"Feature","properties":{"@id":"node/5190837901","amenity":"drinking_water","animals":"yes","ele":"2031","name":"Fontaine Bénite","watering_place":"yes"},"geometry":{"type":"Point","coordinates":[6.3770242,45.3514931]},"id":"node/5190837901"},{"type":"Feature","properties":{"@id":"node/5246004269","amenity":"fountain","drinking_water":"no"},"geometry":{"type":"Point","coordinates":[6.0703472,45.4487561]},"id":"node/5246004269"},{"type":"Feature","properties":{"@id":"node/5248935322","amenity":"drinking_water","fountain":"drinking","name":"Bassin Barmus"},"geometry":{"type":"Point","coordinates":[6.7507569,45.9559488]},"id":"node/5248935322"},{"type":"Feature","properties":{"@id":"node/5263537096","amenity":"drinking_water"},"geometry":{"type":"Point","coordinates":[5.8944715,45.9367586]},"id":"node/5263537096"},{"type":"Feature","properties":{"@id":"node/5279118731","amenity":"drinking_water","man_made":"water_well","pump":"manual"},"geometry":{"type":"Point","coordinates":[6.5811401,46.0609895]},"id":"node/5279118731"},{"type":"Feature","properties":{"@id":"node/5302370026","amenity":"water_point"},"geometry":{"type":"Point","coordinates":[5.6943103,45.5717311]},"id":"node/5302370026"},{"type":"Feature","properties":{"@id":"node/5316547936","amenity":"drinking_water"},"geometry":{"type":"Point","coordinates":[6.942261,46.0503303]},"id":"node/5316547936"},{"type":"Feature","properties":{"@id":"node/5316547937","amenity":"drinking_water"},"geometry":{"type":"Point","coordinates":[6.9419459,46.0502451]},"id":"node/5316547937"},{"type":"Feature","properties":{"@id":"node/5316547938","amenity":"drinking_water"},"geometry":{"type":"Point","coordinates":[6.9420163,46.0499933]},"id":"node/5316547938"},{"type":"Feature","properties":{"@id":"node/5316547939","amenity":"drinking_water"},"geometry":{"type":"Point","coordinates":[6.8033038,45.8945558]},"id":"node/5316547939"},{"type":"Feature","properties":{"@id":"node/5329725926","amenity":"drinking_water"},"geometry":{"type":"Point","coordinates":[6.2400292,46.1961774]},"id":"node/5329725926"},{"type":"Feature","properties":{"@id":"node/5335526986","amenity":"drinking_water"},"geometry":{"type":"Point","coordinates":[7.0102138,45.4488466]},"id":"node/5335526986"},{"type":"Feature","properties":{"@id":"node/5341269551","amenity":"drinking_water"},"geometry":{"type":"Point","coordinates":[6.2400108,46.1964037]},"id":"node/5341269551"},{"type":"Feature","properties":{"@id":"node/5361324484","amenity":"fountain","drinking_water":"no"},"geometry":{"type":"Point","coordinates":[6.8265693,45.5720977]},"id":"node/5361324484"},{"type":"Feature","properties":{"@id":"node/5368775583","amenity":"fountain","drinking_water":"yes"},"geometry":{"type":"Point","coordinates":[6.1076014,45.610178]},"id":"node/5368775583"},{"type":"Feature","properties":{"@id":"node/5368775584","amenity":"fountain","drinking_water":"yes"},"geometry":{"type":"Point","coordinates":[6.1086237,45.6109853]},"id":"node/5368775584"},{"type":"Feature","properties":{"@id":"node/5405382663","access":"yes","amenity":"toilets","bottle":"yes","drinking_water":"yes","fee":"no","female":"yes","location":"indoor","male":"yes","toilets:disposal":"flush","wheelchair":"yes"},"geometry":{"type":"Point","coordinates":[6.9069067,45.4684731]},"id":"node/5405382663"},{"type":"Feature","properties":{"@id":"node/5433538635","amenity":"fountain"},"geometry":{"type":"Point","coordinates":[6.7228486,45.8548466]},"id":"node/5433538635"},{"type":"Feature","properties":{"@id":"node/5459241606","amenity":"fountain"},"geometry":{"type":"Point","coordinates":[6.4783673,45.4136878]},"id":"node/5459241606"},{"type":"Feature","properties":{"@id":"node/5459241703","amenity":"fountain"},"geometry":{"type":"Point","coordinates":[6.4786985,45.41346]},"id":"node/5459241703"},{"type":"Feature","properties":{"@id":"node/5466909149","amenity":"drinking_water"},"geometry":{"type":"Point","coordinates":[6.2081003,46.189174]},"id":"node/5466909149"},{"type":"Feature","properties":{"@id":"node/5474004149","amenity":"fountain"},"geometry":{"type":"Point","coordinates":[5.9880236,45.5148804]},"id":"node/5474004149"},{"type":"Feature","properties":{"@id":"node/5489588747","amenity":"drinking_water"},"geometry":{"type":"Point","coordinates":[6.5806477,46.060072]},"id":"node/5489588747"},{"type":"Feature","properties":{"@id":"node/5502916894","amenity":"fountain"},"geometry":{"type":"Point","coordinates":[6.3027272,46.3056185]},"id":"node/5502916894"},{"type":"Feature","properties":{"@id":"node/5516500814","amenity":"fountain","fountain":"decorative","lit":"yes"},"geometry":{"type":"Point","coordinates":[5.9657009,46.1069678]},"id":"node/5516500814"},{"type":"Feature","properties":{"@id":"node/5525429592","drinking_water":"no","intermittent":"no","name":"Gouille de Salin","name:frp":"Gouille de Salans","natural":"spring"},"geometry":{"type":"Point","coordinates":[6.9231489,45.4735936]},"id":"node/5525429592"},{"type":"Feature","properties":{"@id":"node/5534007753","amenity":"fountain","ref:refuges.info":"8238"},"geometry":{"type":"Point","coordinates":[6.6270535,45.9368328]},"id":"node/5534007753"},{"type":"Feature","properties":{"@id":"node/5537243981","amenity":"drinking_water","drinking_water":"yes","fountain":"drinking","name":"Fontaine à Maximin"},"geometry":{"type":"Point","coordinates":[5.8274276,45.42636]},"id":"node/5537243981"},{"type":"Feature","properties":{"@id":"node/5537245836","amenity":"drinking_water"},"geometry":{"type":"Point","coordinates":[5.8331129,45.4428502]},"id":"node/5537245836"},{"type":"Feature","properties":{"@id":"node/5537247443","amenity":"drinking_water"},"geometry":{"type":"Point","coordinates":[5.8316333,45.4255887]},"id":"node/5537247443"},{"type":"Feature","properties":{"@id":"node/5537247445","amenity":"drinking_water","description":"Troupeau en amont, pas forcément la meilleure eau","drinking_water":"yes","fountain":"drinking","name":"Le bassin des Roses"},"geometry":{"type":"Point","coordinates":[5.8284794,45.4266812]},"id":"node/5537247445"},{"type":"Feature","properties":{"@id":"node/5545028792","amenity":"drinking_water","check_date":"2024-12-15"},"geometry":{"type":"Point","coordinates":[5.9345856,45.5689044]},"id":"node/5545028792"},{"type":"Feature","properties":{"@id":"node/5554931779","drinking_water":"yes","ele":"610","intermittent":"no","name":"La Source qui Rit","natural":"spring"},"geometry":{"type":"Point","coordinates":[6.3754714,46.1640334]},"id":"node/5554931779"},{"type":"Feature","properties":{"@id":"node/5559838712","amenity":"drinking_water"},"geometry":{"type":"Point","coordinates":[6.7002762,45.8452003]},"id":"node/5559838712"},{"type":"Feature","properties":{"@id":"node/5559838713","access":"yes","amenity":"drinking_water","bottle":"yes","fee":"no","wheelchair":"no"},"geometry":{"type":"Point","coordinates":[6.6993666,45.8449082]},"id":"node/5559838713"},{"type":"Feature","properties":{"@id":"node/5566825522","natural":"spring"},"geometry":{"type":"Point","coordinates":[6.5097186,45.4291765]},"id":"node/5566825522"},{"type":"Feature","properties":{"@id":"node/5569320311","amenity":"fountain"},"geometry":{"type":"Point","coordinates":[6.1387771,45.6109112]},"id":"node/5569320311"},{"type":"Feature","properties":{"@id":"node/5571990355","access":"yes","amenity":"drinking_water","bottle":"yes","check_date":"2025-08-02","fee":"no","man_made":"water_tap","wheelchair":"yes"},"geometry":{"type":"Point","coordinates":[6.7821569,45.6244537]},"id":"node/5571990355"},{"type":"Feature","properties":{"@id":"node/5581380004","amenity":"fountain"},"geometry":{"type":"Point","coordinates":[5.960906,45.8731921]},"id":"node/5581380004"},{"type":"Feature","properties":{"@id":"node/5581422078","amenity":"fountain","wikidata":"Q130241525"},"geometry":{"type":"Point","coordinates":[6.1259315,45.9001369]},"id":"node/5581422078"},{"type":"Feature","properties":{"@id":"node/5595412492","amenity":"fountain"},"geometry":{"type":"Point","coordinates":[5.9952206,46.1050171]},"id":"node/5595412492"},{"type":"Feature","properties":{"@id":"node/5595413988","amenity":"fountain"},"geometry":{"type":"Point","coordinates":[5.9953252,46.1051784]},"id":"node/5595413988"},{"type":"Feature","properties":{"@id":"node/5608075500","amenity":"fountain","covered":"yes"},"geometry":{"type":"Point","coordinates":[6.0088355,46.1088586]},"id":"node/5608075500"},{"type":"Feature","properties":{"@id":"node/5630352856","amenity":"drinking_water","ref:refuges.info":"8479"},"geometry":{"type":"Point","coordinates":[6.8714653,45.9254483]},"id":"node/5630352856"},{"type":"Feature","properties":{"@id":"node/5635006346","amenity":"drinking_water","man_made":"water_well","pump":"manual","source":"Grand Annecy","start_date":"1990-01-01"},"geometry":{"type":"Point","coordinates":[6.15455,45.92729]},"id":"node/5635006346"},{"type":"Feature","properties":{"@id":"node/5650044112","amenity":"fountain"},"geometry":{"type":"Point","coordinates":[6.3170593,46.1927215]},"id":"node/5650044112"},{"type":"Feature","properties":{"@id":"node/5650325518","amenity":"drinking_water","fountain":"drinking","level":"0","source":"Grand Annecy","start_date":"2015-06-21"},"geometry":{"type":"Point","coordinates":[6.12243,45.90176]},"id":"node/5650325518"},{"type":"Feature","properties":{"@id":"node/5651917605","amenity":"fountain"},"geometry":{"type":"Point","coordinates":[5.7824938,45.4434373]},"id":"node/5651917605"},{"type":"Feature","properties":{"@id":"node/5695075066","amenity":"water_point","drinking_water":"yes"},"geometry":{"type":"Point","coordinates":[5.9179314,45.6855448]},"id":"node/5695075066"},{"type":"Feature","properties":{"@id":"node/5700109448","amenity":"fountain"},"geometry":{"type":"Point","coordinates":[5.9439387,45.8668236]},"id":"node/5700109448"},{"type":"Feature","properties":{"@id":"node/5714132601","name":"Source du Chenalet","natural":"spring"},"geometry":{"type":"Point","coordinates":[6.3576481,45.5463108]},"id":"node/5714132601"},{"type":"Feature","properties":{"@id":"node/5714189758","amenity":"fountain"},"geometry":{"type":"Point","coordinates":[6.0812156,46.1117933]},"id":"node/5714189758"},{"type":"Feature","properties":{"@id":"node/5728655401","amenity":"fountain"},"geometry":{"type":"Point","coordinates":[6.8871197,45.9402649]},"id":"node/5728655401"},{"type":"Feature","properties":{"@id":"node/5734955450","amenity":"drinking_water","man_made":"water_tap"},"geometry":{"type":"Point","coordinates":[6.0947581,45.6516374]},"id":"node/5734955450"},{"type":"Feature","properties":{"@id":"node/5737394736","amenity":"drinking_water"},"geometry":{"type":"Point","coordinates":[6.428954,45.1656187]},"id":"node/5737394736"},{"type":"Feature","properties":{"@id":"node/5739863861","amenity":"drinking_water"},"geometry":{"type":"Point","coordinates":[6.9332964,45.9935726]},"id":"node/5739863861"},{"type":"Feature","properties":{"@id":"node/5744328954","amenity":"fountain"},"geometry":{"type":"Point","coordinates":[5.8999678,45.6769245]},"id":"node/5744328954"},{"type":"Feature","properties":{"@id":"node/5747733344","amenity":"drinking_water"},"geometry":{"type":"Point","coordinates":[6.3975384,46.1110857]},"id":"node/5747733344"},{"type":"Feature","properties":{"@id":"node/5751910893","amenity":"fountain"},"geometry":{"type":"Point","coordinates":[6.5472728,45.71998]},"id":"node/5751910893"},{"type":"Feature","properties":{"@id":"node/5751910896","amenity":"fountain"},"geometry":{"type":"Point","coordinates":[6.5458726,45.7203514]},"id":"node/5751910896"},{"type":"Feature","properties":{"@id":"node/5751910898","amenity":"fountain"},"geometry":{"type":"Point","coordinates":[6.5453648,45.7204396]},"id":"node/5751910898"},{"type":"Feature","properties":{"@id":"node/5760706907","amenity":"fountain","fountain":"decorative"},"geometry":{"type":"Point","coordinates":[6.1069105,45.9066581]},"id":"node/5760706907"},{"type":"Feature","properties":{"@id":"node/5760706908","amenity":"fountain","fountain":"decorative"},"geometry":{"type":"Point","coordinates":[6.1071864,45.9069294]},"id":"node/5760706908"},{"type":"Feature","properties":{"@id":"node/5765428489","amenity":"fountain"},"geometry":{"type":"Point","coordinates":[6.4721381,45.4184818]},"id":"node/5765428489"},{"type":"Feature","properties":{"@id":"node/5766676132","amenity":"drinking_water"},"geometry":{"type":"Point","coordinates":[6.4447652,45.3983272]},"id":"node/5766676132"},{"type":"Feature","properties":{"@id":"node/5771805012","amenity":"fountain"},"geometry":{"type":"Point","coordinates":[6.1248122,46.0385392]},"id":"node/5771805012"},{"type":"Feature","properties":{"@id":"node/5779106980","natural":"spring"},"geometry":{"type":"Point","coordinates":[6.7540012,45.9871023]},"id":"node/5779106980"},{"type":"Feature","properties":{"@id":"node/5780146108","amenity":"fountain"},"geometry":{"type":"Point","coordinates":[6.1661245,46.0888554]},"id":"node/5780146108"},{"type":"Feature","properties":{"@id":"node/5791606559","amenity":"fountain","drinking_water":"yes"},"geometry":{"type":"Point","coordinates":[6.4058534,46.2083635]},"id":"node/5791606559"},{"type":"Feature","properties":{"@id":"node/5792041747","amenity":"drinking_water"},"geometry":{"type":"Point","coordinates":[6.2168228,46.1937876]},"id":"node/5792041747"},{"type":"Feature","properties":{"@id":"node/5795328793","amenity":"drinking_water"},"geometry":{"type":"Point","coordinates":[6.4216101,45.9245649]},"id":"node/5795328793"},{"type":"Feature","properties":{"@id":"node/5795328794","access":"yes","amenity":"drinking_water","drinking_water":"yes","fee":"no","man_made":"water_tap","ref:refuges.info":"4859"},"geometry":{"type":"Point","coordinates":[6.3873665,45.9249464]},"id":"node/5795328794"},{"type":"Feature","properties":{"@id":"node/5795647760","amenity":"drinking_water","man_made":"water_well","pump":"manual"},"geometry":{"type":"Point","coordinates":[6.4316407,45.9425158]},"id":"node/5795647760"},{"type":"Feature","properties":{"@id":"node/5795827746","amenity":"drinking_water","fountain":"drinking"},"geometry":{"type":"Point","coordinates":[6.4236944,45.9047346]},"id":"node/5795827746"},{"type":"Feature","properties":{"@id":"node/5795827748","amenity":"drinking_water","fountain":"drinking"},"geometry":{"type":"Point","coordinates":[6.4246095,45.9045595]},"id":"node/5795827748"},{"type":"Feature","properties":{"@id":"node/5796865253","amenity":"drinking_water"},"geometry":{"type":"Point","coordinates":[6.2167501,46.1937007]},"id":"node/5796865253"},{"type":"Feature","properties":{"@id":"node/5796867853","access":"yes","amenity":"toilets","bottle":"yes","drinking_water":"yes","fee":"no","female":"yes","male":"yes","toilets:disposal":"flush","wheelchair":"yes"},"geometry":{"type":"Point","coordinates":[6.734246,45.6959012]},"id":"node/5796867853"},{"type":"Feature","properties":{"@id":"node/5796917305","amenity":"drinking_water"},"geometry":{"type":"Point","coordinates":[6.2176214,46.1972507]},"id":"node/5796917305"},{"type":"Feature","properties":{"@id":"node/5801409492","amenity":"drinking_water","check_date":"2025-07-29","man_made":"water_tap"},"geometry":{"type":"Point","coordinates":[6.8137182,45.4311869]},"id":"node/5801409492"},{"type":"Feature","properties":{"@id":"node/5808928791","amenity":"drinking_water","name":"Point d'Eau"},"geometry":{"type":"Point","coordinates":[6.6751537,45.4039307]},"id":"node/5808928791"},{"type":"Feature","properties":{"@id":"node/5808993448","amenity":"drinking_water","name":"Point d'eau"},"geometry":{"type":"Point","coordinates":[6.6705724,45.4065678]},"id":"node/5808993448"},{"type":"Feature","properties":{"@id":"node/5809143490","addr:street":"Place du bassin , Montchavin","amenity":"drinking_water","name":"Lavoir, point d'eau"},"geometry":{"type":"Point","coordinates":[6.7360739,45.5599068]},"id":"node/5809143490"},{"type":"Feature","properties":{"@id":"node/5810809302","amenity":"drinking_water"},"geometry":{"type":"Point","coordinates":[6.4840733,46.0553841]},"id":"node/5810809302"},{"type":"Feature","properties":{"@id":"node/5810831439","amenity":"drinking_water"},"geometry":{"type":"Point","coordinates":[6.4833387,46.0546416]},"id":"node/5810831439"},{"type":"Feature","properties":{"@id":"node/5810831440","amenity":"drinking_water"},"geometry":{"type":"Point","coordinates":[6.4844387,46.0544955]},"id":"node/5810831440"},{"type":"Feature","properties":{"@id":"node/5812489053","amenity":"drinking_water","fountain":"bassin"},"geometry":{"type":"Point","coordinates":[6.6959321,45.9059548]},"id":"node/5812489053"},{"type":"Feature","properties":{"@id":"node/5819003754","amenity":"drinking_water"},"geometry":{"type":"Point","coordinates":[6.2717913,45.3215208]},"id":"node/5819003754"},{"type":"Feature","properties":{"@id":"node/5820578653","amenity":"drinking_water"},"geometry":{"type":"Point","coordinates":[6.326883,45.3793247]},"id":"node/5820578653"},{"type":"Feature","properties":{"@id":"node/5825882848","amenity":"drinking_water"},"geometry":{"type":"Point","coordinates":[6.6551409,45.1744114]},"id":"node/5825882848"},{"type":"Feature","properties":{"@id":"node/5829025554","access":"permit","amenity":"water_point","colour":"green","ref":"139"},"geometry":{"type":"Point","coordinates":[6.7298153,46.0828615]},"id":"node/5829025554"},{"type":"Feature","properties":{"@id":"node/5836029185","amenity":"drinking_water"},"geometry":{"type":"Point","coordinates":[5.9672352,46.109105]},"id":"node/5836029185"},{"type":"Feature","properties":{"@id":"node/5836795633","amenity":"drinking_water","name":"Combe noire"},"geometry":{"type":"Point","coordinates":[6.7232496,45.7850804]},"id":"node/5836795633"},{"type":"Feature","properties":{"@id":"node/5837117353","drinking_water":"yes","name":"La Fontaine du Fayard","natural":"spring","ref:refuges.info":"3077"},"geometry":{"type":"Point","coordinates":[6.2097993,45.7177351]},"id":"node/5837117353"},{"type":"Feature","properties":{"@id":"node/5841723177","amenity":"water_point"},"geometry":{"type":"Point","coordinates":[6.6106354,45.5163821]},"id":"node/5841723177"},{"type":"Feature","properties":{"@id":"node/5842107603","amenity":"fountain","drinking_water":"no","historic":"yes","man_made":"water_well","name":"Puits Saint-Jean","wikimedia_commons":"File:Puits Saint-Jean (Annecy) août 2022.jpg"},"geometry":{"type":"Point","coordinates":[6.1260047,45.9007256]},"id":"node/5842107603"},{"type":"Feature","properties":{"@id":"node/5851056085","natural":"spring"},"geometry":{"type":"Point","coordinates":[6.0404613,45.7573966]},"id":"node/5851056085"},{"type":"Feature","properties":{"@id":"node/5867673328","amenity":"drinking_water","check_date":"2025-07-31","man_made":"water_well","pump":"manual"},"geometry":{"type":"Point","coordinates":[6.10668,46.1412778]},"id":"node/5867673328"},{"type":"Feature","properties":{"@id":"node/5876500786","amenity":"fountain","drinking_water":"yes"},"geometry":{"type":"Point","coordinates":[6.1811239,45.8738756]},"id":"node/5876500786"},{"type":"Feature","properties":{"@id":"node/5876978051","amenity":"drinking_water","man_made":"water_tap","source":"Grand Annecy"},"geometry":{"type":"Point","coordinates":[6.12713,45.90221]},"id":"node/5876978051"},{"type":"Feature","properties":{"@id":"node/5876978409","amenity":"drinking_water","man_made":"water_tap","source":"Grand Annecy"},"geometry":{"type":"Point","coordinates":[6.12558,45.89834]},"id":"node/5876978409"},{"type":"Feature","properties":{"@id":"node/5879492146","amenity":"drinking_water"},"geometry":{"type":"Point","coordinates":[6.5294384,46.0604764]},"id":"node/5879492146"},{"type":"Feature","properties":{"@id":"node/5903457341","amenity":"drinking_water"},"geometry":{"type":"Point","coordinates":[6.5808576,46.4006626]},"id":"node/5903457341"},{"type":"Feature","properties":{"@id":"node/5903457342","amenity":"drinking_water"},"geometry":{"type":"Point","coordinates":[6.5827539,46.4005516]},"id":"node/5903457342"},{"type":"Feature","properties":{"@id":"node/5906372437","alt_name":"Buvette Farquenoud","amenity":"drinking_water","description":"Source présentant une eau de quelité identique à celle d'Évian","name":"Source Souriane","natural":"spring","start_date":"2002"},"geometry":{"type":"Point","coordinates":[6.5384492,46.3907335]},"id":"node/5906372437"},{"type":"Feature","properties":{"@id":"node/5907083254","amenity":"drinking_water"},"geometry":{"type":"Point","coordinates":[6.1784907,45.6621865]},"id":"node/5907083254"},{"type":"Feature","properties":{"@id":"node/5907083256","amenity":"drinking_water"},"geometry":{"type":"Point","coordinates":[6.1770833,45.6622918]},"id":"node/5907083256"},{"type":"Feature","properties":{"@id":"node/5923014614","amenity":"drinking_water","source":"GPS"},"geometry":{"type":"Point","coordinates":[6.2820487,45.5134168]},"id":"node/5923014614"},{"type":"Feature","properties":{"@id":"node/5926123422","amenity":"water_point","material":"concrete"},"geometry":{"type":"Point","coordinates":[6.5304031,46.0601247]},"id":"node/5926123422"},{"type":"Feature","properties":{"@id":"node/5934637694","amenity":"fountain"},"geometry":{"type":"Point","coordinates":[6.3220353,46.2364174]},"id":"node/5934637694"},{"type":"Feature","properties":{"@id":"node/5938850936","amenity":"fountain","drinking_water":"untreated"},"geometry":{"type":"Point","coordinates":[5.7581457,45.4612662]},"id":"node/5938850936"},{"type":"Feature","properties":{"@id":"node/5939909339","amenity":"water_point","fee":"no","source":"image"},"geometry":{"type":"Point","coordinates":[6.2186821,45.790533]},"id":"node/5939909339"},{"type":"Feature","properties":{"@id":"node/5939909340","amenity":"water_point","fee":"no","source":"image"},"geometry":{"type":"Point","coordinates":[6.2187148,45.7909542]},"id":"node/5939909340"},{"type":"Feature","properties":{"@id":"node/5939909342","amenity":"water_point","source":"image"},"geometry":{"type":"Point","coordinates":[6.2188055,45.7913943]},"id":"node/5939909342"},{"type":"Feature","properties":{"@id":"node/5939909344","amenity":"water_point","source":"image"},"geometry":{"type":"Point","coordinates":[6.2191961,45.7917131]},"id":"node/5939909344"},{"type":"Feature","properties":{"@id":"node/5940937775","amenity":"drinking_water"},"geometry":{"type":"Point","coordinates":[6.5926919,46.3815076]},"id":"node/5940937775"},{"type":"Feature","properties":{"@id":"node/5977854974","amenity":"fountain","drinking_water":"no","fountain":"stone_block","lit":"yes"},"geometry":{"type":"Point","coordinates":[6.2579824,46.1742651]},"id":"node/5977854974"},{"type":"Feature","properties":{"@id":"node/5982869937","amenity":"fountain"},"geometry":{"type":"Point","coordinates":[6.4439197,46.1341935]},"id":"node/5982869937"},{"type":"Feature","properties":{"@id":"node/5992969795","amenity":"fountain"},"geometry":{"type":"Point","coordinates":[6.3029676,46.1773666]},"id":"node/5992969795"},{"type":"Feature","properties":{"@id":"node/5998105795","amenity":"drinking_water","bottle":"yes","cold_water":"no","fee":"no","hot_water":"no","iced_water":"no","man_made":"water_tap","not:tourism:artwork":"yes","opening_hours":"24/7","operational_status":"broken","room_temperature_water":"yes","warm_water":"no"},"geometry":{"type":"Point","coordinates":[6.6574178,45.1934889]},"id":"node/5998105795"},{"type":"Feature","properties":{"@id":"node/6015811158","amenity":"drinking_water"},"geometry":{"type":"Point","coordinates":[6.3539093,46.3549294]},"id":"node/6015811158"},{"type":"Feature","properties":{"@id":"node/6039364477","amenity":"drinking_water"},"geometry":{"type":"Point","coordinates":[6.0723133,45.6886753]},"id":"node/6039364477"},{"type":"Feature","properties":{"@id":"node/6039364478","amenity":"drinking_water"},"geometry":{"type":"Point","coordinates":[6.0771508,45.692764]},"id":"node/6039364478"},{"type":"Feature","properties":{"@id":"node/6048802855","amenity":"fountain"},"geometry":{"type":"Point","coordinates":[5.998369,45.9278298]},"id":"node/6048802855"},{"type":"Feature","properties":{"@id":"node/6070815546","amenity":"drinking_water"},"geometry":{"type":"Point","coordinates":[6.256289,45.8805562]},"id":"node/6070815546"},{"type":"Feature","properties":{"@id":"node/6088882189","amenity":"drinking_water","man_made":"water_tap"},"geometry":{"type":"Point","coordinates":[5.8916459,46.0624711]},"id":"node/6088882189"},{"type":"Feature","properties":{"@id":"node/6115846864","amenity":"fountain"},"geometry":{"type":"Point","coordinates":[5.7550613,45.4628414]},"id":"node/6115846864"},{"type":"Feature","properties":{"@id":"node/6163435211","amenity":"drinking_water"},"geometry":{"type":"Point","coordinates":[6.0554476,45.7639426]},"id":"node/6163435211"},{"type":"Feature","properties":{"@id":"node/6170159887","amenity":"fountain"},"geometry":{"type":"Point","coordinates":[6.5083333,45.502064]},"id":"node/6170159887"},{"type":"Feature","properties":{"@id":"node/6173651683","man_made":"water_tap"},"geometry":{"type":"Point","coordinates":[6.4230196,46.2208862]},"id":"node/6173651683"},{"type":"Feature","properties":{"@id":"node/6182242492","amenity":"fountain","drinking_water":"yes"},"geometry":{"type":"Point","coordinates":[6.6550202,46.2352373]},"id":"node/6182242492"},{"type":"Feature","properties":{"@id":"node/6196837277","amenity":"fountain"},"geometry":{"type":"Point","coordinates":[6.0816457,46.1448649]},"id":"node/6196837277"},{"type":"Feature","properties":{"@id":"node/6205584146","amenity":"drinking_water","fountain":"bubbler"},"geometry":{"type":"Point","coordinates":[6.2314394,46.1934774]},"id":"node/6205584146"},{"type":"Feature","properties":{"@id":"node/6229570573","amenity":"drinking_water"},"geometry":{"type":"Point","coordinates":[5.8003246,45.62975]},"id":"node/6229570573"},{"type":"Feature","properties":{"@id":"node/6232930888","amenity":"drinking_water"},"geometry":{"type":"Point","coordinates":[6.7678222,46.0209932]},"id":"node/6232930888"},{"type":"Feature","properties":{"@id":"node/6239306594","description":"Résurgence captée","name":"Résurgence du Crémon","natural":"spring"},"geometry":{"type":"Point","coordinates":[5.8043595,45.7624945]},"id":"node/6239306594"},{"type":"Feature","properties":{"@id":"node/6275136862","name":"Fontaine Gaillarde","natural":"spring"},"geometry":{"type":"Point","coordinates":[6.9250801,45.359004]},"id":"node/6275136862"},{"type":"Feature","properties":{"@id":"node/6310454971","amenity":"drinking_water","man_made":"water_well","pump":"manual","ref:refuges.info":"8234"},"geometry":{"type":"Point","coordinates":[6.6305557,45.9352709]},"id":"node/6310454971"},{"type":"Feature","properties":{"@id":"node/6313040745","amenity":"drinking_water"},"geometry":{"type":"Point","coordinates":[6.6359213,45.9356631]},"id":"node/6313040745"},{"type":"Feature","properties":{"@id":"node/6326868319","amenity":"fountain","name":"Fontaine de Cilaos"},"geometry":{"type":"Point","coordinates":[6.8686723,45.92386]},"id":"node/6326868319"},{"type":"Feature","properties":{"@id":"node/6343547435","amenity":"fountain"},"geometry":{"type":"Point","coordinates":[5.8961069,45.6933152]},"id":"node/6343547435"},{"type":"Feature","properties":{"@id":"node/6356231962","name":"Source des Deux Reines","natural":"spring"},"geometry":{"type":"Point","coordinates":[5.9530865,45.6836806]},"id":"node/6356231962"},{"type":"Feature","properties":{"@id":"node/6362226606","natural":"spring"},"geometry":{"type":"Point","coordinates":[5.8053007,45.756512]},"id":"node/6362226606"},{"type":"Feature","properties":{"@id":"node/6366029163","drinking_water":"no","man_made":"water_tap"},"geometry":{"type":"Point","coordinates":[6.6697538,46.0673194]},"id":"node/6366029163"},{"type":"Feature","properties":{"@id":"node/6366102197","drinking_water":"no","natural":"spring"},"geometry":{"type":"Point","coordinates":[5.9356394,45.6178215]},"id":"node/6366102197"},{"type":"Feature","properties":{"@id":"node/6367780433","natural":"spring"},"geometry":{"type":"Point","coordinates":[5.9354609,45.6234808]},"id":"node/6367780433"},{"type":"Feature","properties":{"@id":"node/6381967679","access":"yes","drinking_water:legal":"no","fee":"no","man_made":"water_tap","note":"Il y a un panonceau juste au dessus du robinet: «Eau non potable»"},"geometry":{"type":"Point","coordinates":[6.7567719,45.5454344]},"id":"node/6381967679"},{"type":"Feature","properties":{"@id":"node/6400352165","amenity":"drinking_water","drinking_water":"yes"},"geometry":{"type":"Point","coordinates":[6.5852925,46.069195]},"id":"node/6400352165"},{"type":"Feature","properties":{"@id":"node/6418404798","amenity":"drinking_water","check_date":"2025-06-07","man_made":"water_tap"},"geometry":{"type":"Point","coordinates":[6.4846238,46.0523658]},"id":"node/6418404798"},{"type":"Feature","properties":{"@id":"node/6420323343","access":"yes","amenity":"toilets","drinking_water":"yes"},"geometry":{"type":"Point","coordinates":[5.8818552,45.798594]},"id":"node/6420323343"},{"type":"Feature","properties":{"@id":"node/6430892126","amenity":"water_point","drinking_water":"yes","fee":"no"},"geometry":{"type":"Point","coordinates":[6.6404428,45.9510131]},"id":"node/6430892126"},{"type":"Feature","properties":{"@id":"node/6431117242","amenity":"drinking_water"},"geometry":{"type":"Point","coordinates":[6.5342514,46.0783447]},"id":"node/6431117242"},{"type":"Feature","properties":{"@id":"node/6431272855","amenity":"fountain","drinking_water":"yes","source":"survey"},"geometry":{"type":"Point","coordinates":[6.7746009,45.2234547]},"id":"node/6431272855"},{"type":"Feature","properties":{"@id":"node/6431272857","amenity":"fountain","source":"survey"},"geometry":{"type":"Point","coordinates":[6.7854454,45.2321774]},"id":"node/6431272857"},{"type":"Feature","properties":{"@id":"node/6440716484","amenity":"drinking_water","fountain":"drinking","indoor":"no","name":"Bassin de Dessy"},"geometry":{"type":"Point","coordinates":[6.5202979,46.1266294]},"id":"node/6440716484"},{"type":"Feature","properties":{"@id":"node/6446404899","amenity":"water_point"},"geometry":{"type":"Point","coordinates":[6.5579206,45.2129431]},"id":"node/6446404899"},{"type":"Feature","properties":{"@id":"node/6446404900","amenity":"water_point"},"geometry":{"type":"Point","coordinates":[6.5575674,45.2134829]},"id":"node/6446404900"},{"type":"Feature","properties":{"@id":"node/6446404902","amenity":"water_point"},"geometry":{"type":"Point","coordinates":[6.5559445,45.2131944]},"id":"node/6446404902"},{"type":"Feature","properties":{"@id":"node/6446404903","amenity":"fountain","drinking_water":"yes","name":"Fontaine du cimetière de Bonvillard"},"geometry":{"type":"Point","coordinates":[6.5560734,45.2132889]},"id":"node/6446404903"},{"type":"Feature","properties":{"@id":"node/6470820577","amenity":"fountain"},"geometry":{"type":"Point","coordinates":[6.4785701,46.3737067]},"id":"node/6470820577"},{"type":"Feature","properties":{"@id":"node/6470909499","amenity":"water_point","drinking_water":"yes"},"geometry":{"type":"Point","coordinates":[6.4787719,46.3753486]},"id":"node/6470909499"},{"type":"Feature","properties":{"@id":"node/6472075332","amenity":"fountain"},"geometry":{"type":"Point","coordinates":[6.2929764,46.3511353]},"id":"node/6472075332"},{"type":"Feature","properties":{"@id":"node/6476531886","drinking_water":"yes","man_made":"water_well"},"geometry":{"type":"Point","coordinates":[6.5831626,46.0877776]},"id":"node/6476531886"},{"type":"Feature","properties":{"@id":"node/6476573792","amenity":"drinking_water","drinking_water":"no","indoor":"no"},"geometry":{"type":"Point","coordinates":[6.6760253,46.0836086]},"id":"node/6476573792"},{"type":"Feature","properties":{"@id":"node/6478374362","amenity":"fountain","name":"Brumisateurs"},"geometry":{"type":"Point","coordinates":[5.9133671,45.6884968]},"id":"node/6478374362"},{"type":"Feature","properties":{"@id":"node/6478374363","amenity":"fountain","name":"Brumisateurs"},"geometry":{"type":"Point","coordinates":[5.913299,45.6887622]},"id":"node/6478374363"},{"type":"Feature","properties":{"@id":"node/6481331800","amenity":"water_point"},"geometry":{"type":"Point","coordinates":[6.2053442,45.8583628]},"id":"node/6481331800"},{"type":"Feature","properties":{"@id":"node/6483482697","name":"Fontaine Jules César","name:etymology:wikidata":"Q1048","name:etymology:wikipedia":"fr:Jules César","natural":"spring"},"geometry":{"type":"Point","coordinates":[6.1923115,46.1668858]},"id":"node/6483482697"},{"type":"Feature","properties":{"@id":"node/6483744073","amenity":"fountain","drinking_water":"no","drinking_water:legal":"no"},"geometry":{"type":"Point","coordinates":[6.2494994,46.2029341]},"id":"node/6483744073"},{"type":"Feature","properties":{"@id":"node/6491074317","amenity":"fountain"},"geometry":{"type":"Point","coordinates":[6.4792304,46.3712342]},"id":"node/6491074317"},{"type":"Feature","properties":{"@id":"node/6495331406","amenity":"drinking_water","check_date":"2026-07-06","man_made":"water_tap"},"geometry":{"type":"Point","coordinates":[5.8302723,45.6992939]},"id":"node/6495331406"},{"type":"Feature","properties":{"@id":"node/6516688221","amenity":"drinking_water","description":"Eau \"non surveillée\", mais bu 2 fois, et pas de problèmes","drinking_water":"conditional","ele":"502","indoor":"no"},"geometry":{"type":"Point","coordinates":[6.0633217,45.4501355]},"id":"node/6516688221"},{"type":"Feature","properties":{"@id":"node/6516723610","amenity":"drinking_water","description":"fontaine à eau du parc de jeux, très probablement surveillée, du réseau d'eau courante et donc buvable","drinking_water":"yes","fixme":"position approximative, selon mes souvenirs, c'était pas très loin de la pataugeoire"},"geometry":{"type":"Point","coordinates":[6.1034412,45.4516027]},"id":"node/6516723610"},{"type":"Feature","properties":{"@id":"node/6516723611","amenity":"drinking_water","description":"fontaine à eau du parc de jeux, très probablement surveillée, du réseau d'eau courante et donc buvable","drinking_water":"yes","ele":"400"},"geometry":{"type":"Point","coordinates":[6.101532,45.4504673]},"id":"node/6516723611"},{"type":"Feature","properties":{"@id":"node/6516726746","amenity":"drinking_water","drinking_water":"yes","ele":"390","man_made":"water_tap"},"geometry":{"type":"Point","coordinates":[6.1193435,45.4574601]},"id":"node/6516726746"},{"type":"Feature","properties":{"@id":"node/6518008385","amenity":"drinking_water"},"geometry":{"type":"Point","coordinates":[6.4732629,46.2054986]},"id":"node/6518008385"},{"type":"Feature","properties":{"@id":"node/6534171002","caravans":"yes","disused:tourism":"camp_site","drinking_water":"yes","name":"Camping Bellevue","power_supply":"yes","seasonal":"yes","shower":"yes","tents":"yes","toilets":"yes","website":"https://bellevuecamping.com/"},"geometry":{"type":"Point","coordinates":[5.7928942,45.5552199]},"id":"node/6534171002"},{"type":"Feature","properties":{"@id":"node/6561478148","amenity":"fountain"},"geometry":{"type":"Point","coordinates":[6.6385723,46.3396507]},"id":"node/6561478148"},{"type":"Feature","properties":{"@id":"node/6574230876","amenity":"fountain"},"geometry":{"type":"Point","coordinates":[5.8563457,45.6834634]},"id":"node/6574230876"},{"type":"Feature","properties":{"@id":"node/6579597021","name":"Fontaine Froide","natural":"spring"},"geometry":{"type":"Point","coordinates":[6.3660226,45.3496943]},"id":"node/6579597021"},{"type":"Feature","properties":{"@id":"node/6583582564","amenity":"water_point"},"geometry":{"type":"Point","coordinates":[6.5441307,46.3043047]},"id":"node/6583582564"},{"type":"Feature","properties":{"@id":"node/6585967029","amenity":"drinking_water"},"geometry":{"type":"Point","coordinates":[6.4056577,46.3381929]},"id":"node/6585967029"},{"type":"Feature","properties":{"@id":"node/6585967030","amenity":"drinking_water"},"geometry":{"type":"Point","coordinates":[6.4033104,46.3270755]},"id":"node/6585967030"},{"type":"Feature","properties":{"@id":"node/6590503538","description":"Très petite et souvent sèche en été","name":"Sources du Goujon","natural":"spring","ref:refuges.info":"7782"},"geometry":{"type":"Point","coordinates":[6.2299347,45.4173182]},"id":"node/6590503538"},{"type":"Feature","properties":{"@id":"node/6594302749","amenity":"drinking_water"},"geometry":{"type":"Point","coordinates":[6.2810571,46.2144306]},"id":"node/6594302749"},{"type":"Feature","properties":{"@id":"node/6602420509","amenity":"fountain"},"geometry":{"type":"Point","coordinates":[6.6305707,46.0425809]},"id":"node/6602420509"},{"type":"Feature","properties":{"@id":"node/6614698472","amenity":"water_point"},"geometry":{"type":"Point","coordinates":[6.2649892,45.2547247]},"id":"node/6614698472"},{"type":"Feature","properties":{"@id":"node/6616164125","access":"yes","amenity":"lavoir","intermittent":"no","natural":"spring","shelter":"yes","water":"yes"},"geometry":{"type":"Point","coordinates":[6.4582074,45.7201745]},"id":"node/6616164125"},{"type":"Feature","properties":{"@id":"node/6616391763","access":"yes","amenity":"toilets","changing_table":"no","drinking_water":"yes","fee":"no","toilets:handwashing":"yes","unisex":"yes"},"geometry":{"type":"Point","coordinates":[6.4593057,45.7203653]},"id":"node/6616391763"},{"type":"Feature","properties":{"@id":"node/6617225291","access":"yes","amenity":"toilets","changing_table":"no","drinking_water":"yes","fee":"no","survey:date":"2024-08-16","toilets:handwashing":"yes","unisex":"yes","wheelchair":"yes"},"geometry":{"type":"Point","coordinates":[6.5338473,45.7605877]},"id":"node/6617225291"},{"type":"Feature","properties":{"@id":"node/6617337947","access":"yes","amenity":"drinking_water","covered":"yes","fee":"no"},"geometry":{"type":"Point","coordinates":[6.5268741,45.7260651]},"id":"node/6617337947"},{"type":"Feature","properties":{"@id":"node/6617446157","amenity":"drinking_water","description":"Au 2023/09/02, un très mince filet d'eau qui ne coule que si l'on incline le tuyau. Mais peu tout de même donner de l'eau.","fountain":"drinking"},"geometry":{"type":"Point","coordinates":[6.4865859,45.7438892]},"id":"node/6617446157"},{"type":"Feature","properties":{"@id":"node/6617547978","access":"customers","amenity":"drinking_water","note":"Demander l'autorisation au responsable du refuge de la Croix de Pierre","wheelchair":"no"},"geometry":{"type":"Point","coordinates":[6.6117796,45.7940994]},"id":"node/6617547978"},{"type":"Feature","properties":{"@id":"node/6618702811","access":"yes","amenity":"drinking_water","fee":"no","operator":"Refuge de Presset","wheelchair":"no"},"geometry":{"type":"Point","coordinates":[6.6637382,45.6483029]},"id":"node/6618702811"},{"type":"Feature","properties":{"@id":"node/6618718898","access":"yes","amenity":"drinking_water","description":"Au 07/09/2023, la source coule à flot. 10 secondes pour 1,5 litres.","fee":"no","fountain":"drinking","operator":"Les Arolles","ref:refuges.info":"7112","wheelchair":"no"},"geometry":{"type":"Point","coordinates":[6.5334177,45.6570655]},"id":"node/6618718898"},{"type":"Feature","properties":{"@id":"node/6622710551","amenity":"drinking_water"},"geometry":{"type":"Point","coordinates":[5.8907426,45.7785006]},"id":"node/6622710551"},{"type":"Feature","properties":{"@id":"node/6627503560","amenity":"fountain","drinking_water":"yes","fountain":"stone_block","lit":"no"},"geometry":{"type":"Point","coordinates":[6.3196364,46.1610064]},"id":"node/6627503560"},{"type":"Feature","properties":{"@id":"node/6627503561","amenity":"fountain","drinking_water":"yes","fountain":"nasone","lit":"no","name":"Fontaine à Mémé"},"geometry":{"type":"Point","coordinates":[6.3197105,46.1609019]},"id":"node/6627503561"},{"type":"Feature","properties":{"@id":"node/6627503562","amenity":"fountain"},"geometry":{"type":"Point","coordinates":[6.3203405,46.162582]},"id":"node/6627503562"},{"type":"Feature","properties":{"@id":"node/6627554933","natural":"spring"},"geometry":{"type":"Point","coordinates":[6.3449062,46.1585405]},"id":"node/6627554933"},{"type":"Feature","properties":{"@id":"node/6627607027","amenity":"fountain","start_date":"2015"},"geometry":{"type":"Point","coordinates":[6.3395955,46.1547387]},"id":"node/6627607027"},{"type":"Feature","properties":{"@id":"node/6629703585","access":"yes","amenity":"drinking_water","fee":"no","indoor":"no","man_made":"water_tap","source":"Grand Annecy"},"geometry":{"type":"Point","coordinates":[6.12562,45.90115]},"id":"node/6629703585"},{"type":"Feature","properties":{"@id":"node/6631187632","amenity":"drinking_water","bottle":"yes","cold_water":"no","fee":"no","fountain":"bottle_refill;water_tap","hot_water":"no","iced_water":"no","opening_hours":"24/7","room_temperature_water":"yes","warm_water":"no"},"geometry":{"type":"Point","coordinates":[5.8295924,45.9334198]},"id":"node/6631187632"},{"type":"Feature","properties":{"@id":"node/6634410515","amenity":"drinking_water"},"geometry":{"type":"Point","coordinates":[5.9164666,45.7083345]},"id":"node/6634410515"},{"type":"Feature","properties":{"@id":"node/6644208862","access":"yes","amenity":"drinking_water","drinking_water":"yes","fee":"no","man_made":"water_tap"},"geometry":{"type":"Point","coordinates":[5.7912267,45.8090823]},"id":"node/6644208862"},{"type":"Feature","properties":{"@id":"node/6646107138","access":"yes","amenity":"drinking_water","drinking_water":"yes","fee":"no","man_made":"water_well","pump":"manual","wheelchair":"yes"},"geometry":{"type":"Point","coordinates":[6.7145494,45.9225113]},"id":"node/6646107138"},{"type":"Feature","properties":{"@id":"node/6654841999","amenity":"drinking_water","description":"coulait nikel le 18/01/2020 : Donc même en hiver on dirait qu'on peut s'en servir"},"geometry":{"type":"Point","coordinates":[5.9120656,45.5943179]},"id":"node/6654841999"},{"type":"Feature","properties":{"@id":"node/6661667782","amenity":"drinking_water"},"geometry":{"type":"Point","coordinates":[6.4002657,45.7695766]},"id":"node/6661667782"},{"type":"Feature","properties":{"@id":"node/6661667783","amenity":"drinking_water"},"geometry":{"type":"Point","coordinates":[6.3908582,45.7638978]},"id":"node/6661667783"},{"type":"Feature","properties":{"@id":"node/6670612148","amenity":"drinking_water","description":"Attention, ne coule pas toujours","intermittent":"yes","ref:refuges.info":"5903"},"geometry":{"type":"Point","coordinates":[5.9101792,45.4061297]},"id":"node/6670612148"},{"type":"Feature","properties":{"@id":"node/6681744465","amenity":"fountain","drinking_water":"yes"},"geometry":{"type":"Point","coordinates":[6.591424,46.1077196]},"id":"node/6681744465"},{"type":"Feature","properties":{"@id":"node/6685110905","amenity":"drinking_water"},"geometry":{"type":"Point","coordinates":[5.8187546,45.7935743]},"id":"node/6685110905"},{"type":"Feature","properties":{"@id":"node/6687768488","amenity":"drinking_water","source":"Grand Annecy"},"geometry":{"type":"Point","coordinates":[6.12768,45.89756]},"id":"node/6687768488"},{"type":"Feature","properties":{"@id":"node/6687776485","amenity":"drinking_water"},"geometry":{"type":"Point","coordinates":[6.3964499,46.002898]},"id":"node/6687776485"},{"type":"Feature","properties":{"@id":"node/6690860513","amenity":"drinking_water"},"geometry":{"type":"Point","coordinates":[6.4318946,45.7554394]},"id":"node/6690860513"},{"type":"Feature","properties":{"@id":"node/6690914596","intermittent":"no","name":"Résurgence des eaux du lac d'Anterne","natural":"spring"},"geometry":{"type":"Point","coordinates":[6.7851298,45.9969223]},"id":"node/6690914596"},{"type":"Feature","properties":{"@id":"node/6690914654","natural":"spring"},"geometry":{"type":"Point","coordinates":[6.7921115,46.0046339]},"id":"node/6690914654"},{"type":"Feature","properties":{"@id":"node/6695592965","name":"Source du Lac (résurgence CH19)","natural":"spring"},"geometry":{"type":"Point","coordinates":[6.4233431,45.8072057]},"id":"node/6695592965"},{"type":"Feature","properties":{"@id":"node/6695862656","amenity":"fountain"},"geometry":{"type":"Point","coordinates":[6.1897519,45.9507785]},"id":"node/6695862656"},{"type":"Feature","properties":{"@id":"node/6699011420","amenity":"fountain"},"geometry":{"type":"Point","coordinates":[6.8473392,45.6292484]},"id":"node/6699011420"},{"type":"Feature","properties":{"@id":"node/6706859979","amenity":"fountain"},"geometry":{"type":"Point","coordinates":[6.3483692,46.2291401]},"id":"node/6706859979"},{"type":"Feature","properties":{"@id":"node/6706926785","amenity":"fountain"},"geometry":{"type":"Point","coordinates":[6.3481737,46.2295181]},"id":"node/6706926785"},{"type":"Feature","properties":{"@id":"node/6715574153","man_made":"water_tap","name":"Fontaine Caroline"},"geometry":{"type":"Point","coordinates":[5.8348505,45.4340137]},"id":"node/6715574153"},{"type":"Feature","properties":{"@id":"node/6715825625","amenity":"drinking_water","drinking_water":"yes","name":"Fontaine Sanou"},"geometry":{"type":"Point","coordinates":[5.8105023,45.4422255]},"id":"node/6715825625"},{"type":"Feature","properties":{"@id":"node/6715849612","amenity":"drinking_water","drinking_water":"yes","name":"Fontaine Le Laviu"},"geometry":{"type":"Point","coordinates":[5.8097083,45.4385482]},"id":"node/6715849612"},{"type":"Feature","properties":{"@id":"node/6718304900","amenity":"fountain"},"geometry":{"type":"Point","coordinates":[6.485534,45.93552]},"id":"node/6718304900"},{"type":"Feature","properties":{"@id":"node/6721693747","amenity":"drinking_water","covered":"yes","man_made":"water_well","pump":"manual"},"geometry":{"type":"Point","coordinates":[6.2092025,45.8095479]},"id":"node/6721693747"},{"type":"Feature","properties":{"@id":"node/6721693753","amenity":"drinking_water","fountain":"drinking","source":"Grand Annecy","start_date":"1990-01-01"},"geometry":{"type":"Point","coordinates":[6.20395,45.82685]},"id":"node/6721693753"},{"type":"Feature","properties":{"@id":"node/6722834303","amenity":"fountain"},"geometry":{"type":"Point","coordinates":[6.6818807,46.0311703]},"id":"node/6722834303"},{"type":"Feature","properties":{"@id":"node/6724837487","amenity":"fountain","name":"Fontaine de l'Envers"},"geometry":{"type":"Point","coordinates":[6.8052553,45.2598704]},"id":"node/6724837487"},{"type":"Feature","properties":{"@id":"node/6726232989","amenity":"fountain","name":"Jet d'eau","name:es":"El Chorro","name:fr":"Jet d'eau","name:ru":"Фонтан Же д'О","name:zh":"大喷泉"},"geometry":{"type":"Point","coordinates":[6.1009642,45.4515069]},"id":"node/6726232989"},{"type":"Feature","properties":{"@id":"node/6726437683","amenity":"drinking_water","source":"GPS"},"geometry":{"type":"Point","coordinates":[6.7158318,45.7708878]},"id":"node/6726437683"},{"type":"Feature","properties":{"@id":"node/6739068366","amenity":"drinking_water"},"geometry":{"type":"Point","coordinates":[6.7476132,46.0408004]},"id":"node/6739068366"},{"type":"Feature","properties":{"@id":"node/6739069854","amenity":"drinking_water"},"geometry":{"type":"Point","coordinates":[6.7453379,46.0403021]},"id":"node/6739069854"},{"type":"Feature","properties":{"@id":"node/6739069862","amenity":"drinking_water","description":"Fontaine en apparence privée, avec bachasson de collecte de l'eau, mais rien n'empĉhe de servir, coulait en Août 2020","ele":"1523"},"geometry":{"type":"Point","coordinates":[6.7375276,46.0326237]},"id":"node/6739069862"},{"type":"Feature","properties":{"@id":"node/6739069867","amenity":"drinking_water"},"geometry":{"type":"Point","coordinates":[6.7365063,46.0321587]},"id":"node/6739069867"},{"type":"Feature","properties":{"@id":"node/6739462922","intermittent":"no","name":"Résurgence du Torrent de Sales","natural":"spring"},"geometry":{"type":"Point","coordinates":[6.7526385,45.9972794]},"id":"node/6739462922"},{"type":"Feature","properties":{"@id":"node/6739462923","intermittent":"no","name":"Résurgence du Torrent de Sales","natural":"spring"},"geometry":{"type":"Point","coordinates":[6.7519078,45.997472]},"id":"node/6739462923"},{"type":"Feature","properties":{"@id":"node/6742517252","drinking_water":"conditional","man_made":"water_tap","source":"GPS"},"geometry":{"type":"Point","coordinates":[6.738992,46.232731]},"id":"node/6742517252"},{"type":"Feature","properties":{"@id":"node/6743730852","amenity":"fountain","name":"Lavoir"},"geometry":{"type":"Point","coordinates":[5.737798,45.6694513]},"id":"node/6743730852"},{"type":"Feature","properties":{"@id":"node/6745476770","drinking_water":"conditional","man_made":"water_tap"},"geometry":{"type":"Point","coordinates":[6.635851,46.202457]},"id":"node/6745476770"},{"type":"Feature","properties":{"@id":"node/6751156785","alt_name":"Source Terrier","description":"Eau alcaline","drinking_water":"yes","name":"Source Maxima","natural":"spring"},"geometry":{"type":"Point","coordinates":[6.5469388,46.3942408]},"id":"node/6751156785"},{"type":"Feature","properties":{"@id":"node/6756060188","amenity":"drinking_water","bottle":"yes","cold_water":"no","fee":"no","fountain":"water_tap","hot_water":"no","iced_water":"no","opening_hours":"24/7","panoramax":"5ac39ddd-8d18-43e9-84e1-62aa15e5f0d9","room_temperature_water":"yes","seasonal":"no","warm_water":"no"},"geometry":{"type":"Point","coordinates":[5.9296435,46.0191245]},"id":"node/6756060188"},{"type":"Feature","properties":{"@id":"node/6759148098","access":"permissive","amenity":"toilets","drinking_water":"yes"},"geometry":{"type":"Point","coordinates":[5.7434785,45.5534831]},"id":"node/6759148098"},{"type":"Feature","properties":{"@id":"node/6759151937","amenity":"water_point"},"geometry":{"type":"Point","coordinates":[5.7459173,45.6887271]},"id":"node/6759151937"},{"type":"Feature","properties":{"@id":"node/6759440209","amenity":"drinking_water","fountain":"drinking","man_made":"water_tap","survey:date":"2022-05-28"},"geometry":{"type":"Point","coordinates":[6.3950445,45.6771758]},"id":"node/6759440209"},{"type":"Feature","properties":{"@id":"node/6761556286","amenity":"fountain"},"geometry":{"type":"Point","coordinates":[6.5651173,46.3247109]},"id":"node/6761556286"},{"type":"Feature","properties":{"@id":"node/6762263830","amenity":"drinking_water","man_made":"water_well","pump":"manual"},"geometry":{"type":"Point","coordinates":[6.5188267,46.1328385]},"id":"node/6762263830"},{"type":"Feature","properties":{"@id":"node/6762327432","natural":"spring"},"geometry":{"type":"Point","coordinates":[6.5141853,46.1288687]},"id":"node/6762327432"},{"type":"Feature","properties":{"@id":"node/6763613807","amenity":"drinking_water"},"geometry":{"type":"Point","coordinates":[6.8053452,46.088554]},"id":"node/6763613807"},{"type":"Feature","properties":{"@id":"node/6763613837","amenity":"drinking_water"},"geometry":{"type":"Point","coordinates":[6.8056749,46.0883962]},"id":"node/6763613837"},{"type":"Feature","properties":{"@id":"node/6763696296","access":"permissive","amenity":"drinking_water","bottle":"yes","fee":"no","wheelchair":"no"},"geometry":{"type":"Point","coordinates":[6.8376232,46.112329]},"id":"node/6763696296"},{"type":"Feature","properties":{"@id":"node/6765374354","amenity":"drinking_water"},"geometry":{"type":"Point","coordinates":[6.6220199,45.5658097]},"id":"node/6765374354"},{"type":"Feature","properties":{"@id":"node/6765374356","amenity":"drinking_water"},"geometry":{"type":"Point","coordinates":[6.6506352,45.5725961]},"id":"node/6765374356"},{"type":"Feature","properties":{"@id":"node/6765374359","amenity":"drinking_water","description":"Au 06/09/2023, la source coule très bien. 1,5 litre en 32 seconde.","fountain":"drinking"},"geometry":{"type":"Point","coordinates":[6.6085603,45.6181276]},"id":"node/6765374359"},{"type":"Feature","properties":{"@id":"node/6765374360","amenity":"drinking_water","description":"Au 06/09/2023, très bon débit.","fountain":"drinking"},"geometry":{"type":"Point","coordinates":[6.6079212,45.6183085]},"id":"node/6765374360"},{"type":"Feature","properties":{"@id":"node/6767000189","amenity":"drinking_water"},"geometry":{"type":"Point","coordinates":[6.6507948,45.5719452]},"id":"node/6767000189"},{"type":"Feature","properties":{"@id":"node/6767000190","amenity":"drinking_water"},"geometry":{"type":"Point","coordinates":[6.6511261,45.5724032]},"id":"node/6767000190"},{"type":"Feature","properties":{"@id":"node/6768832318","ele":"1170","natural":"spring"},"geometry":{"type":"Point","coordinates":[6.5339937,46.1433398]},"id":"node/6768832318"},{"type":"Feature","properties":{"@id":"node/6779914501","access":"yes","amenity":"drinking_water","bottle":"yes","drinking_water":"untreated","fee":"no","survey:date":"2024-08-13","wheelchair":"yes"},"geometry":{"type":"Point","coordinates":[6.7739372,45.6322551]},"id":"node/6779914501"},{"type":"Feature","properties":{"@id":"node/6780078779","amenity":"drinking_water"},"geometry":{"type":"Point","coordinates":[6.6440286,45.5685]},"id":"node/6780078779"},{"type":"Feature","properties":{"@id":"node/6780078780","access":"yes","amenity":"drinking_water","bottle":"yes","drinking_water":"yes","fee":"no","fountain":"decorative"},"geometry":{"type":"Point","coordinates":[6.7682737,45.6173581]},"id":"node/6780078780"},{"type":"Feature","properties":{"@id":"node/6780078781","amenity":"fountain","fountain":"decorative"},"geometry":{"type":"Point","coordinates":[6.7689973,45.618094]},"id":"node/6780078781"},{"type":"Feature","properties":{"@id":"node/6780515184","drinking_water":"yes","name":"Source Cachat","natural":"spring","ref:refuges.info":"7761"},"geometry":{"type":"Point","coordinates":[6.5922418,46.3997306]},"id":"node/6780515184"},{"type":"Feature","properties":{"@id":"node/6780535985","drinking_water":"yes","name":"Source des cordeliers","natural":"spring"},"geometry":{"type":"Point","coordinates":[6.5928375,46.3998152]},"id":"node/6780535985"},{"type":"Feature","properties":{"@id":"node/6780641888","access":"yes","amenity":"drinking_water","bottle":"yes","fee":"no"},"geometry":{"type":"Point","coordinates":[6.2885666,46.1967681]},"id":"node/6780641888"},{"type":"Feature","properties":{"@id":"node/6782684507","amenity":"fountain"},"geometry":{"type":"Point","coordinates":[6.6398487,45.5890493]},"id":"node/6782684507"},{"type":"Feature","properties":{"@id":"node/6788703969","amenity":"drinking_water","description":"Captation dans le ruisseau des Férices par tuyau.","name":"Source des Férices","wikimedia_commons":"File:Source des Férices.jpg"},"geometry":{"type":"Point","coordinates":[6.1941873,45.3720106]},"id":"node/6788703969"},{"type":"Feature","properties":{"@id":"node/6788834889","amenity":"drinking_water"},"geometry":{"type":"Point","coordinates":[6.2676953,45.5306285]},"id":"node/6788834889"},{"type":"Feature","properties":{"@id":"node/6795950393","amenity":"drinking_water"},"geometry":{"type":"Point","coordinates":[6.4278111,45.1807435]},"id":"node/6795950393"},{"type":"Feature","properties":{"@id":"node/6801683302","drinking_water":"yes","natural":"spring"},"geometry":{"type":"Point","coordinates":[6.2862949,45.8149723]},"id":"node/6801683302"},{"type":"Feature","properties":{"@id":"node/6812129494","amenity":"water_point"},"geometry":{"type":"Point","coordinates":[6.4738078,45.2505076]},"id":"node/6812129494"},{"type":"Feature","properties":{"@id":"node/6814020905","amenity":"drinking_water","bottle":"yes"},"geometry":{"type":"Point","coordinates":[5.7984635,45.5891452]},"id":"node/6814020905"},{"type":"Feature","properties":{"@id":"node/6814020906","access":"yes","amenity":"drinking_water"},"geometry":{"type":"Point","coordinates":[5.8440659,45.5681466]},"id":"node/6814020906"},{"type":"Feature","properties":{"@id":"node/6815768086","amenity":"drinking_water","man_made":"water_tap"},"geometry":{"type":"Point","coordinates":[6.7113124,45.8929219]},"id":"node/6815768086"},{"type":"Feature","properties":{"@id":"node/6816909528","amenity":"drinking_water","check_date":"2022-10","drinking_water":"yes","man_made":"water_tap"},"geometry":{"type":"Point","coordinates":[6.3258087,46.3623005]},"id":"node/6816909528"},{"type":"Feature","properties":{"@id":"node/6817531687","amenity":"drinking_water","man_made":"water_well","pump":"manual"},"geometry":{"type":"Point","coordinates":[6.5747522,45.7169297]},"id":"node/6817531687"},{"type":"Feature","properties":{"@id":"node/6819234385","amenity":"drinking_water","man_made":"water_well","pump":"manual"},"geometry":{"type":"Point","coordinates":[6.5731572,45.7192852]},"id":"node/6819234385"},{"type":"Feature","properties":{"@id":"node/6820658785","amenity":"fountain","name":"Lavoir"},"geometry":{"type":"Point","coordinates":[6.2125358,45.8511653]},"id":"node/6820658785"},{"type":"Feature","properties":{"@id":"node/6832320747","amenity":"drinking_water"},"geometry":{"type":"Point","coordinates":[5.7181228,45.7050738]},"id":"node/6832320747"},{"type":"Feature","properties":{"@id":"node/6832410437","access":"yes","amenity":"toilets","check_date":"2024-06-18","drinking_water":"yes","fee":"no","source":"survey","toilets:disposal":"flush","toilets:handwashing":"yes","unisex":"yes"},"geometry":{"type":"Point","coordinates":[5.8076604,45.8486419]},"id":"node/6832410437"},{"type":"Feature","properties":{"@id":"node/6838300950","access":"yes","amenity":"drinking_water","bottle":"yes","fee":"no","wheelchair":"yes"},"geometry":{"type":"Point","coordinates":[6.8014976,45.6234897]},"id":"node/6838300950"},{"type":"Feature","properties":{"@id":"node/6853474338","name":"Résurgence de Nant","natural":"spring"},"geometry":{"type":"Point","coordinates":[6.8048065,46.0705487]},"id":"node/6853474338"},{"type":"Feature","properties":{"@id":"node/6858508146","amenity":"fountain"},"geometry":{"type":"Point","coordinates":[6.5285967,46.1325]},"id":"node/6858508146"},{"type":"Feature","properties":{"@id":"node/6863519899","amenity":"drinking_water"},"geometry":{"type":"Point","coordinates":[5.7310016,45.6713399]},"id":"node/6863519899"},{"type":"Feature","properties":{"@id":"node/6877713894","access":"yes","amenity":"drinking_water","description":"eau de source canalisée","fee":"no","wheelchair":"yes"},"geometry":{"type":"Point","coordinates":[6.2909157,45.3448678]},"id":"node/6877713894"},{"type":"Feature","properties":{"@id":"node/6877713895","access":"yes","amenity":"drinking_water","description":"eau de source canalisée","fee":"no","wheelchair":"yes"},"geometry":{"type":"Point","coordinates":[6.2104512,45.2798722]},"id":"node/6877713895"},{"type":"Feature","properties":{"@id":"node/6893692289","amenity":"fountain","survey:date":"2023-04-26"},"geometry":{"type":"Point","coordinates":[6.3651089,45.2995505]},"id":"node/6893692289"},{"type":"Feature","properties":{"@id":"node/6905208735","amenity":"drinking_water"},"geometry":{"type":"Point","coordinates":[6.7348458,46.1716504]},"id":"node/6905208735"},{"type":"Feature","properties":{"@id":"node/6918343478","amenity":"fountain","drinking_water":"yes","heritage":"2","heritage:operator":"mhs","historic":"yes","image":"https://commons.wikimedia.org/wiki/File:Fontaine_H%C3%B4tel_Ville_Thonon_Bains_1.jpg","material":"limestone","material:name":"Marbre de la Vernaz","material:wikidata":"Q135527266","mhs:inscription_date":"1942-10-12","name":"Fontaine de Thonon-les-Bains","ref:mhs":"PA00118459","source:heritage":"data.gouv.fr, Ministère de la Culture - 2016","start_date":"1737","wikidata":"Q21619435","wikimedia_commons":"Category:Fontaine de l'Hôtel de ville (Thonon-les-Bains)","wikipedia":"fr:Fontaine de Thonon-les-Bains"},"geometry":{"type":"Point","coordinates":[6.4780187,46.3730342]},"id":"node/6918343478"},{"type":"Feature","properties":{"@id":"node/6918680749","amenity":"fountain","drinking_water":"no"},"geometry":{"type":"Point","coordinates":[6.2415847,46.1916875]},"id":"node/6918680749"},{"type":"Feature","properties":{"@id":"node/6927124532","amenity":"drinking_water"},"geometry":{"type":"Point","coordinates":[6.4187568,45.1567448]},"id":"node/6927124532"},{"type":"Feature","properties":{"@id":"node/6936035706","access":"yes","amenity":"drinking_water","wheelchair":"yes"},"geometry":{"type":"Point","coordinates":[6.3190179,45.5303656]},"id":"node/6936035706"},{"type":"Feature","properties":{"@id":"node/6937072468","amenity":"drinking_water"},"geometry":{"type":"Point","coordinates":[6.4193248,45.1558232]},"id":"node/6937072468"},{"type":"Feature","properties":{"@id":"node/6944513684","amenity":"drinking_water","note":"Généralement à sec"},"geometry":{"type":"Point","coordinates":[6.4184583,45.1617452]},"id":"node/6944513684"},{"type":"Feature","properties":{"@id":"node/6945411724","amenity":"fountain"},"geometry":{"type":"Point","coordinates":[6.4826898,46.3708959]},"id":"node/6945411724"},{"type":"Feature","properties":{"@id":"node/6956903309","amenity":"drinking_water","man_made":"water_tap"},"geometry":{"type":"Point","coordinates":[6.4208687,45.1214214]},"id":"node/6956903309"},{"type":"Feature","properties":{"@id":"node/7001792756","amenity":"drinking_water","man_made":"water_tap"},"geometry":{"type":"Point","coordinates":[6.1566254,45.9321573]},"id":"node/7001792756"},{"type":"Feature","properties":{"@id":"node/7012036322","amenity":"fountain"},"geometry":{"type":"Point","coordinates":[6.4129767,46.276077]},"id":"node/7012036322"},{"type":"Feature","properties":{"@id":"node/7030626544","amenity":"drinking_water","indoor":"no"},"geometry":{"type":"Point","coordinates":[5.8421436,46.0083891]},"id":"node/7030626544"},{"type":"Feature","properties":{"@id":"node/7040107598","access":"yes","amenity":"drinking_water","fee":"no","ref:refuges.info":"8439"},"geometry":{"type":"Point","coordinates":[6.7391548,45.9513859]},"id":"node/7040107598"},{"type":"Feature","properties":{"@id":"node/7049128226","amenity":"fountain","drinking_water":"no"},"geometry":{"type":"Point","coordinates":[6.2917677,46.1869226]},"id":"node/7049128226"},{"type":"Feature","properties":{"@id":"node/7057981129","drinking_water":"no","natural":"spring"},"geometry":{"type":"Point","coordinates":[5.9193719,45.8505141]},"id":"node/7057981129"},{"type":"Feature","properties":{"@id":"node/7057981130","amenity":"fountain"},"geometry":{"type":"Point","coordinates":[5.9168721,45.8485823]},"id":"node/7057981130"},{"type":"Feature","properties":{"@id":"node/7066580507","access":"yes","amenity":"toilets","drinking_water":"yes","drinking_water:legal":"yes","fee":"no","man_made":"water_tap","opening_hours":"24/7","survey:date":"2022-04-18","unisex":"yes","wheelchair":"yes"},"geometry":{"type":"Point","coordinates":[5.8874781,45.7048693]},"id":"node/7066580507"},{"type":"Feature","properties":{"@id":"node/7082676277","amenity":"fountain"},"geometry":{"type":"Point","coordinates":[6.2676104,46.1783981]},"id":"node/7082676277"},{"type":"Feature","properties":{"@id":"node/7088639403","amenity":"fountain","drinking_water":"no"},"geometry":{"type":"Point","coordinates":[6.506762,45.3873194]},"id":"node/7088639403"},{"type":"Feature","properties":{"@id":"node/7094324570","amenity":"drinking_water","drinking_water":"no","ele":"325","name":"Bassin du Gua"},"geometry":{"type":"Point","coordinates":[5.957613,45.5129082]},"id":"node/7094324570"},{"type":"Feature","properties":{"@id":"node/7108806044","amenity":"drinking_water","man_made":"water_tap","survey:date":"2025-08-14"},"geometry":{"type":"Point","coordinates":[6.9258812,45.9819141]},"id":"node/7108806044"},{"type":"Feature","properties":{"@id":"node/7112547497","amenity":"water_point","drinking_water":"no"},"geometry":{"type":"Point","coordinates":[5.8148722,45.7221647]},"id":"node/7112547497"},{"type":"Feature","properties":{"@id":"node/7116478603","drinking_water":"yes","man_made":"water_tap"},"geometry":{"type":"Point","coordinates":[5.9476084,45.863624]},"id":"node/7116478603"},{"type":"Feature","properties":{"@id":"node/7125745474","amenity":"drinking_water","bottle":"yes","fountain":"bayard"},"geometry":{"type":"Point","coordinates":[6.3024035,46.3059437]},"id":"node/7125745474"},{"type":"Feature","properties":{"@id":"node/7127990931","amenity":"fountain"},"geometry":{"type":"Point","coordinates":[6.3271739,46.2987245]},"id":"node/7127990931"},{"type":"Feature","properties":{"@id":"node/7135587519","amenity":"drinking_water"},"geometry":{"type":"Point","coordinates":[6.520607,46.3367027]},"id":"node/7135587519"},{"type":"Feature","properties":{"@id":"node/7137001204","natural":"spring"},"geometry":{"type":"Point","coordinates":[6.5605171,45.4639058]},"id":"node/7137001204"},{"type":"Feature","properties":{"@id":"node/7142447507","amenity":"fountain"},"geometry":{"type":"Point","coordinates":[6.3579176,46.3297627]},"id":"node/7142447507"},{"type":"Feature","properties":{"@id":"node/7142807490","amenity":"fountain"},"geometry":{"type":"Point","coordinates":[5.8829382,45.7986357]},"id":"node/7142807490"},{"type":"Feature","properties":{"@id":"node/7156710574","amenity":"fountain","fee":"no"},"geometry":{"type":"Point","coordinates":[6.7943315,45.6260135]},"id":"node/7156710574"},{"type":"Feature","properties":{"@id":"node/7157338634","name":"Résurgence des Fontaines","natural":"spring"},"geometry":{"type":"Point","coordinates":[6.7392268,46.0908046]},"id":"node/7157338634"},{"type":"Feature","properties":{"@id":"node/7158310711","amenity":"fountain"},"geometry":{"type":"Point","coordinates":[6.4482551,46.3632804]},"id":"node/7158310711"},{"type":"Feature","properties":{"@id":"node/7158833793","amenity":"fountain","drinking_water":"no"},"geometry":{"type":"Point","coordinates":[6.5515637,46.3843175]},"id":"node/7158833793"},{"type":"Feature","properties":{"@id":"node/7158833811","amenity":"fountain","drinking_water":"no"},"geometry":{"type":"Point","coordinates":[6.527547,46.3758001]},"id":"node/7158833811"},{"type":"Feature","properties":{"@id":"node/7161214678","amenity":"drinking_water"},"geometry":{"type":"Point","coordinates":[6.16236,46.1367904]},"id":"node/7161214678"},{"type":"Feature","properties":{"@id":"node/7169978451","amenity":"fountain","image":"https://commons.wikimedia.org/wiki/File:Jet_Eau_Thonon_Bains_1.jpg","name":"Jet d'eau de Thonon-les-Bains"},"geometry":{"type":"Point","coordinates":[6.4805502,46.374144]},"id":"node/7169978451"},{"type":"Feature","properties":{"@id":"node/7175915988","amenity":"fountain","survey:date":"2025-04-29"},"geometry":{"type":"Point","coordinates":[6.3447547,45.2767479]},"id":"node/7175915988"},{"type":"Feature","properties":{"@id":"node/7177208040","access":"yes","drinking_water":"yes","man_made":"water_tap"},"geometry":{"type":"Point","coordinates":[6.6519195,45.9225491]},"id":"node/7177208040"},{"type":"Feature","properties":{"@id":"node/7187931056","amenity":"drinking_water","fountain":"drinking","ref:refuges.info":"8615"},"geometry":{"type":"Point","coordinates":[6.8714953,45.6191039]},"id":"node/7187931056"},{"type":"Feature","properties":{"@id":"node/7187931057","amenity":"drinking_water","man_made":"water_tap"},"geometry":{"type":"Point","coordinates":[6.8636741,45.6156951]},"id":"node/7187931057"},{"type":"Feature","properties":{"@id":"node/7187931083","amenity":"fountain"},"geometry":{"type":"Point","coordinates":[6.8469444,45.6116355]},"id":"node/7187931083"},{"type":"Feature","properties":{"@id":"node/7196993378","natural":"spring"},"geometry":{"type":"Point","coordinates":[6.4214444,46.2262369]},"id":"node/7196993378"},{"type":"Feature","properties":{"@id":"node/7206360203","amenity":"drinking_water","man_made":"water_tap","ref:refuges.info":"8481"},"geometry":{"type":"Point","coordinates":[6.8719908,45.924435]},"id":"node/7206360203"},{"type":"Feature","properties":{"@id":"node/7218483810","access":"yes","amenity":"drinking_water","bottle":"yes","check_date":"2025-08-10","fee":"no","wheelchair":"no"},"geometry":{"type":"Point","coordinates":[6.7436792,45.5694869]},"id":"node/7218483810"},{"type":"Feature","properties":{"@id":"node/7218716982","amenity":"drinking_water","mapillary":"1129102467584340"},"geometry":{"type":"Point","coordinates":[6.8579455,45.9175717]},"id":"node/7218716982"},{"type":"Feature","properties":{"@id":"node/7218716983","amenity":"drinking_water"},"geometry":{"type":"Point","coordinates":[6.8285185,45.8948047]},"id":"node/7218716983"},{"type":"Feature","properties":{"@id":"node/7222255037","amenity":"drinking_water"},"geometry":{"type":"Point","coordinates":[6.8425848,45.9078798]},"id":"node/7222255037"},{"type":"Feature","properties":{"@id":"node/7222255068","amenity":"drinking_water"},"geometry":{"type":"Point","coordinates":[6.8325774,45.9027879]},"id":"node/7222255068"},{"type":"Feature","properties":{"@id":"node/7223216569","amenity":"drinking_water","fountain":"drinking","name":"Fontaine lavoir"},"geometry":{"type":"Point","coordinates":[6.6983709,45.8892593]},"id":"node/7223216569"},{"type":"Feature","properties":{"@id":"node/7227863360","amenity":"drinking_water","fountain":"drinking"},"geometry":{"type":"Point","coordinates":[6.8394587,45.9058363]},"id":"node/7227863360"},{"type":"Feature","properties":{"@id":"node/7228497734","amenity":"drinking_water"},"geometry":{"type":"Point","coordinates":[6.5774417,46.3981208]},"id":"node/7228497734"},{"type":"Feature","properties":{"@id":"node/7261731385","access":"yes","amenity":"drinking_water","bottle":"yes","fee":"no","fountain":"drinking","wheelchair":"limited"},"geometry":{"type":"Point","coordinates":[6.7201184,45.8413685]},"id":"node/7261731385"},{"type":"Feature","properties":{"@id":"node/7328188648","amenity":"drinking_water","ref:refuges.info":"4625"},"geometry":{"type":"Point","coordinates":[6.0361827,45.7232993]},"id":"node/7328188648"},{"type":"Feature","properties":{"@id":"node/7332073902","natural":"spring"},"geometry":{"type":"Point","coordinates":[5.9924261,45.5468224]},"id":"node/7332073902"},{"type":"Feature","properties":{"@id":"node/7341136225","amenity":"fountain"},"geometry":{"type":"Point","coordinates":[6.8866566,45.6026915]},"id":"node/7341136225"},{"type":"Feature","properties":{"@id":"node/7341136226","amenity":"fountain"},"geometry":{"type":"Point","coordinates":[6.8803748,45.6087029]},"id":"node/7341136226"},{"type":"Feature","properties":{"@id":"node/7341136227","natural":"spring"},"geometry":{"type":"Point","coordinates":[6.8828934,45.6130712]},"id":"node/7341136227"},{"type":"Feature","properties":{"@id":"node/7341136461","amenity":"fountain"},"geometry":{"type":"Point","coordinates":[6.9144423,45.6074587]},"id":"node/7341136461"},{"type":"Feature","properties":{"@id":"node/7362779916","amenity":"fountain"},"geometry":{"type":"Point","coordinates":[6.4584166,46.3048657]},"id":"node/7362779916"},{"type":"Feature","properties":{"@id":"node/7375007517","amenity":"fountain"},"geometry":{"type":"Point","coordinates":[6.4589963,46.3042785]},"id":"node/7375007517"},{"type":"Feature","properties":{"@id":"node/7386352795","amenity":"fountain","drinking_water":"yes"},"geometry":{"type":"Point","coordinates":[6.5101954,46.3167422]},"id":"node/7386352795"},{"type":"Feature","properties":{"@id":"node/7405592444","amenity":"fountain","lit":"no"},"geometry":{"type":"Point","coordinates":[6.459012,46.3051787]},"id":"node/7405592444"},{"type":"Feature","properties":{"@id":"node/7405890441","natural":"spring"},"geometry":{"type":"Point","coordinates":[6.2574932,46.1698893]},"id":"node/7405890441"},{"type":"Feature","properties":{"@id":"node/7405890442","natural":"spring"},"geometry":{"type":"Point","coordinates":[6.2573363,46.1698927]},"id":"node/7405890442"},{"type":"Feature","properties":{"@id":"node/7415852431","amenity":"drinking_water","man_made":"water_tap","ref:refuges.info":"8446"},"geometry":{"type":"Point","coordinates":[6.7017849,45.9057399]},"id":"node/7415852431"},{"type":"Feature","properties":{"@id":"node/7417093098","amenity":"fountain"},"geometry":{"type":"Point","coordinates":[6.7037436,45.9037764]},"id":"node/7417093098"},{"type":"Feature","properties":{"@id":"node/7419447600","amenity":"fountain","lit":"no"},"geometry":{"type":"Point","coordinates":[6.4574763,46.3032845]},"id":"node/7419447600"},{"type":"Feature","properties":{"@id":"node/7429355931","name":"Résurgence de Recorba","natural":"spring"},"geometry":{"type":"Point","coordinates":[5.7060679,45.6506501]},"id":"node/7429355931"},{"type":"Feature","properties":{"@id":"node/7448609546","amenity":"fountain"},"geometry":{"type":"Point","coordinates":[6.2603438,46.1725229]},"id":"node/7448609546"},{"type":"Feature","properties":{"@id":"node/7459133523","drinking_water":"no","intermittent":"yes","natural":"spring"},"geometry":{"type":"Point","coordinates":[6.4997122,46.1387332]},"id":"node/7459133523"},{"type":"Feature","properties":{"@id":"node/7473248129","access":"private","amenity":"drinking_water","bottle":"yes","drinking_water":"yes","wheelchair":"yes"},"geometry":{"type":"Point","coordinates":[6.1923596,46.1284351]},"id":"node/7473248129"},{"type":"Feature","properties":{"@id":"node/7473248130","amenity":"drinking_water","wikimedia_commons":"File:Pyrog 0CFpl3pQ--.1.jpg","wikimedia_commons:1":"File:Pyrog 0CFpl3j5--.1.jpg"},"geometry":{"type":"Point","coordinates":[6.2042444,46.1200415]},"id":"node/7473248130"},{"type":"Feature","properties":{"@id":"node/7499604238","amenity":"fountain"},"geometry":{"type":"Point","coordinates":[6.4266077,46.3547061]},"id":"node/7499604238"},{"type":"Feature","properties":{"@id":"node/7526572610","amenity":"fountain","drinking_water":"no","fountain":"no","lit":"no"},"geometry":{"type":"Point","coordinates":[6.2511033,46.1766603]},"id":"node/7526572610"},{"type":"Feature","properties":{"@id":"node/7546130020","name":"Source sud du Ruisseau des Moulins","natural":"spring"},"geometry":{"type":"Point","coordinates":[6.3812499,45.1880351]},"id":"node/7546130020"},{"type":"Feature","properties":{"@id":"node/7548785585","drinking_water":"yes","natural":"spring"},"geometry":{"type":"Point","coordinates":[6.2192947,45.3878174]},"id":"node/7548785585"},{"type":"Feature","properties":{"@id":"node/7554717192","amenity":"water_point"},"geometry":{"type":"Point","coordinates":[6.5540327,46.2283165]},"id":"node/7554717192"},{"type":"Feature","properties":{"@id":"node/7562352241","amenity":"water_point"},"geometry":{"type":"Point","coordinates":[6.5537578,46.228715]},"id":"node/7562352241"},{"type":"Feature","properties":{"@id":"node/7567284938","amenity":"drinking_water"},"geometry":{"type":"Point","coordinates":[6.6560686,45.45643]},"id":"node/7567284938"},{"type":"Feature","properties":{"@id":"node/7591992516","amenity":"fountain"},"geometry":{"type":"Point","coordinates":[6.4733519,46.3702571]},"id":"node/7591992516"},{"type":"Feature","properties":{"@id":"node/7591992517","amenity":"fountain"},"geometry":{"type":"Point","coordinates":[6.4730984,46.3704922]},"id":"node/7591992517"},{"type":"Feature","properties":{"@id":"node/7591992518","amenity":"fountain"},"geometry":{"type":"Point","coordinates":[6.473227,46.3703729]},"id":"node/7591992518"},{"type":"Feature","properties":{"@id":"node/7591992535","amenity":"fountain","image":"https://commons.wikimedia.org/wiki/File:Thonon-les-Bains_Concise.jpg"},"geometry":{"type":"Point","coordinates":[6.4859162,46.3796327]},"id":"node/7591992535"},{"type":"Feature","properties":{"@id":"node/7592569171","natural":"spring"},"geometry":{"type":"Point","coordinates":[7.0807772,45.2584038]},"id":"node/7592569171"},{"type":"Feature","properties":{"@id":"node/7618593152","access":"customers","amenity":"toilets","changing_table":"yes","drinking_water":"yes","fee":"no","female":"yes","male":"yes"},"geometry":{"type":"Point","coordinates":[6.5119033,46.400186]},"id":"node/7618593152"},{"type":"Feature","properties":{"@id":"node/7618593154","access":"customers","amenity":"toilets","changing_table":"yes","drinking_water":"yes","fee":"no","female":"yes","male":"yes"},"geometry":{"type":"Point","coordinates":[6.5110758,46.3994369]},"id":"node/7618593154"},{"type":"Feature","properties":{"@id":"node/7618593156","access":"customers","amenity":"toilets","changing_table":"yes","drinking_water":"yes","fee":"no","female":"yes","male":"yes"},"geometry":{"type":"Point","coordinates":[6.5099922,46.3990947]},"id":"node/7618593156"},{"type":"Feature","properties":{"@id":"node/7618593166","access":"customers","amenity":"toilets","changing_table":"yes","drinking_water":"yes","fee":"no","female":"yes","male":"yes"},"geometry":{"type":"Point","coordinates":[6.5089126,46.3987617]},"id":"node/7618593166"},{"type":"Feature","properties":{"@id":"node/7626572479","access":"yes","amenity":"drinking_water","bottle":"yes","fee":"no","wheelchair":"yes"},"geometry":{"type":"Point","coordinates":[6.734946,45.5909223]},"id":"node/7626572479"},{"type":"Feature","properties":{"@id":"node/7628463165","amenity":"drinking_water"},"geometry":{"type":"Point","coordinates":[6.3126155,45.3538183]},"id":"node/7628463165"},{"type":"Feature","properties":{"@id":"node/7629268401","amenity":"drinking_water"},"geometry":{"type":"Point","coordinates":[6.3075069,45.3672348]},"id":"node/7629268401"},{"type":"Feature","properties":{"@id":"node/7630253990","amenity":"drinking_water"},"geometry":{"type":"Point","coordinates":[6.3138396,45.3760032]},"id":"node/7630253990"},{"type":"Feature","properties":{"@id":"node/7631573453","amenity":"drinking_water","fee":"no","man_made":"water_tap"},"geometry":{"type":"Point","coordinates":[6.4006158,46.330714]},"id":"node/7631573453"},{"type":"Feature","properties":{"@id":"node/7633008131","amenity":"drinking_water"},"geometry":{"type":"Point","coordinates":[6.6142791,45.4583208]},"id":"node/7633008131"},{"type":"Feature","properties":{"@id":"node/7636728897","amenity":"drinking_water"},"geometry":{"type":"Point","coordinates":[6.3120612,45.3718227]},"id":"node/7636728897"},{"type":"Feature","properties":{"@id":"node/7639872879","intermittent":"yes","name":"Source du Gothier","natural":"spring"},"geometry":{"type":"Point","coordinates":[6.4130332,45.8539421]},"id":"node/7639872879"},{"type":"Feature","properties":{"@id":"node/7639960678","amenity":"water_point","drinking_water":"conditional","drinking_water:legal":"no"},"geometry":{"type":"Point","coordinates":[6.2824054,45.3920264]},"id":"node/7639960678"},{"type":"Feature","properties":{"@id":"node/7640328816","amenity":"drinking_water"},"geometry":{"type":"Point","coordinates":[6.3566219,46.3193857]},"id":"node/7640328816"},{"type":"Feature","properties":{"@id":"node/7640476597","amenity":"drinking_water"},"geometry":{"type":"Point","coordinates":[6.3185515,45.3620397]},"id":"node/7640476597"},{"type":"Feature","properties":{"@id":"node/7650596681","amenity":"drinking_water"},"geometry":{"type":"Point","coordinates":[6.3020405,45.3803903]},"id":"node/7650596681"},{"type":"Feature","properties":{"@id":"node/7658463903","amenity":"drinking_water","name":"Fontaine du Planet"},"geometry":{"type":"Point","coordinates":[6.3386124,45.4000433]},"id":"node/7658463903"},{"type":"Feature","properties":{"@id":"node/7667895774","drinking_water":"yes","man_made":"water_tap"},"geometry":{"type":"Point","coordinates":[6.7431278,45.2236561]},"id":"node/7667895774"},{"type":"Feature","properties":{"@id":"node/7669844994","name":"Source des 3 tétards","natural":"spring"},"geometry":{"type":"Point","coordinates":[6.1780764,45.8078207]},"id":"node/7669844994"},{"type":"Feature","properties":{"@id":"node/7673009219","amenity":"fountain"},"geometry":{"type":"Point","coordinates":[6.0802728,46.1447566]},"id":"node/7673009219"},{"type":"Feature","properties":{"@id":"node/7683153393","name":"Source du Glandon","natural":"spring"},"geometry":{"type":"Point","coordinates":[6.1609664,45.2400242]},"id":"node/7683153393"},{"type":"Feature","properties":{"@id":"node/7685963056","amenity":"fountain","drinking_water":"no","name":"Fontaine de la Terre"},"geometry":{"type":"Point","coordinates":[6.5558183,45.2097214]},"id":"node/7685963056"},{"type":"Feature","properties":{"@id":"node/7686665247","amenity":"drinking_water"},"geometry":{"type":"Point","coordinates":[6.3534642,45.4184495]},"id":"node/7686665247"},{"type":"Feature","properties":{"@id":"node/7686674400","amenity":"drinking_water"},"geometry":{"type":"Point","coordinates":[6.3391744,45.4108393]},"id":"node/7686674400"},{"type":"Feature","properties":{"@id":"node/7688406856","amenity":"drinking_water","bottle":"yes","fee":"no","name":"Bénite Fontaine","source":"cadastre-dgi-fr source : Direction Générale des Impôts - Cadastre. Mise à jour : 2011","wheelchair":"yes"},"geometry":{"type":"Point","coordinates":[6.3196781,46.0579235]},"id":"node/7688406856"},{"type":"Feature","properties":{"@id":"node/7691632226","name":"Fontaine du Tour","natural":"spring"},"geometry":{"type":"Point","coordinates":[6.2640072,45.9581804]},"id":"node/7691632226"},{"type":"Feature","properties":{"@id":"node/7694113890","access":"yes","amenity":"watering_place","drinking_water":"yes","intermittent":"yes","seasonal":"spring;summer"},"geometry":{"type":"Point","coordinates":[6.7139635,45.8534876]},"id":"node/7694113890"},{"type":"Feature","properties":{"@id":"node/7694139381","drinking_water":"yes","intermittent":"yes","natural":"spring"},"geometry":{"type":"Point","coordinates":[6.6995948,45.8418668]},"id":"node/7694139381"},{"type":"Feature","properties":{"@id":"node/7696036899","access":"yes","amenity":"drinking_water","bottle":"yes","fee":"no","wheelchair":"yes"},"geometry":{"type":"Point","coordinates":[6.7157996,45.7920907]},"id":"node/7696036899"},{"type":"Feature","properties":{"@id":"node/7696060002","amenity":"drinking_water"},"geometry":{"type":"Point","coordinates":[6.3464331,45.3718331]},"id":"node/7696060002"},{"type":"Feature","properties":{"@id":"node/7696379761","access":"yes","amenity":"drinking_water","bottle":"yes","fee":"no","wheelchair":"yes"},"geometry":{"type":"Point","coordinates":[6.7129262,45.864981]},"id":"node/7696379761"},{"type":"Feature","properties":{"@id":"node/7697278545","access":"yes","amenity":"drinking_water","bottle":"yes","fee":"no","fountain":"drinking"},"geometry":{"type":"Point","coordinates":[6.7228674,45.8547659]},"id":"node/7697278545"},{"type":"Feature","properties":{"@id":"node/7703409750","amenity":"drinking_water"},"geometry":{"type":"Point","coordinates":[6.3649819,45.3744135]},"id":"node/7703409750"},{"type":"Feature","properties":{"@id":"node/7703439886","amenity":"drinking_water","man_made":"water_tap"},"geometry":{"type":"Point","coordinates":[6.3030986,45.3529487]},"id":"node/7703439886"},{"type":"Feature","properties":{"@id":"node/7704323331","access":"yes","amenity":"drinking_water","fee":"no","wheelchair":"no"},"geometry":{"type":"Point","coordinates":[6.357,45.3432701]},"id":"node/7704323331"},{"type":"Feature","properties":{"@id":"node/7704338666","amenity":"drinking_water"},"geometry":{"type":"Point","coordinates":[6.3046275,45.3357045]},"id":"node/7704338666"},{"type":"Feature","properties":{"@id":"node/7704339418","amenity":"drinking_water"},"geometry":{"type":"Point","coordinates":[6.3432413,45.4044571]},"id":"node/7704339418"},{"type":"Feature","properties":{"@id":"node/7704567476","access":"yes","amenity":"drinking_water","fee":"no","seasonal":"yes"},"geometry":{"type":"Point","coordinates":[6.345383,45.3203741]},"id":"node/7704567476"},{"type":"Feature","properties":{"@id":"node/7704618019","amenity":"drinking_water"},"geometry":{"type":"Point","coordinates":[6.2773401,45.4221915]},"id":"node/7704618019"},{"type":"Feature","properties":{"@id":"node/7704973297","amenity":"drinking_water"},"geometry":{"type":"Point","coordinates":[6.2969591,45.3331911]},"id":"node/7704973297"},{"type":"Feature","properties":{"@id":"node/7704975718","amenity":"drinking_water"},"geometry":{"type":"Point","coordinates":[6.3114685,45.3308964]},"id":"node/7704975718"},{"type":"Feature","properties":{"@id":"node/7704979406","amenity":"drinking_water"},"geometry":{"type":"Point","coordinates":[6.301834,45.3387674]},"id":"node/7704979406"},{"type":"Feature","properties":{"@id":"node/7704987794","amenity":"drinking_water"},"geometry":{"type":"Point","coordinates":[6.3018635,45.3395922]},"id":"node/7704987794"},{"type":"Feature","properties":{"@id":"node/7704999786","amenity":"drinking_water"},"geometry":{"type":"Point","coordinates":[6.3013016,45.3398288]},"id":"node/7704999786"},{"type":"Feature","properties":{"@id":"node/7706680143","amenity":"drinking_water","name":"Fontaine des Bacarons","ref:refuges.info":"4360"},"geometry":{"type":"Point","coordinates":[6.3085516,45.4014972]},"id":"node/7706680143"},{"type":"Feature","properties":{"@id":"node/7707623734","amenity":"drinking_water"},"geometry":{"type":"Point","coordinates":[6.3133296,45.3732359]},"id":"node/7707623734"},{"type":"Feature","properties":{"@id":"node/7711432460","amenity":"drinking_water"},"geometry":{"type":"Point","coordinates":[6.3534202,45.3692087]},"id":"node/7711432460"},{"type":"Feature","properties":{"@id":"node/7711432470","amenity":"drinking_water"},"geometry":{"type":"Point","coordinates":[6.3599923,45.3723592]},"id":"node/7711432470"},{"type":"Feature","properties":{"@id":"node/7711484906","amenity":"drinking_water"},"geometry":{"type":"Point","coordinates":[6.3449679,45.3722311]},"id":"node/7711484906"},{"type":"Feature","properties":{"@id":"node/7716212608","drinking_water":"untreated","natural":"spring"},"geometry":{"type":"Point","coordinates":[6.3410693,45.7069051]},"id":"node/7716212608"},{"type":"Feature","properties":{"@id":"node/7717394914","amenity":"drinking_water"},"geometry":{"type":"Point","coordinates":[6.3386614,45.3729806]},"id":"node/7717394914"},{"type":"Feature","properties":{"@id":"node/7717394915","amenity":"drinking_water"},"geometry":{"type":"Point","coordinates":[6.3375664,45.3726475]},"id":"node/7717394915"},{"type":"Feature","properties":{"@id":"node/7717425251","amenity":"drinking_water"},"geometry":{"type":"Point","coordinates":[6.3529985,45.3743089]},"id":"node/7717425251"},{"type":"Feature","properties":{"@id":"node/7717427978","amenity":"drinking_water"},"geometry":{"type":"Point","coordinates":[6.3513127,45.3784865]},"id":"node/7717427978"},{"type":"Feature","properties":{"@id":"node/7717532831","name":"Résurgence","natural":"spring"},"geometry":{"type":"Point","coordinates":[6.1728729,45.1898484]},"id":"node/7717532831"},{"type":"Feature","properties":{"@id":"node/7723869581","amenity":"drinking_water"},"geometry":{"type":"Point","coordinates":[6.3278407,45.3404623]},"id":"node/7723869581"},{"type":"Feature","properties":{"@id":"node/7726127361","amenity":"drinking_water","wikimedia_commons":"File:Pyrog 0CEqyaH7--.1.jpg"},"geometry":{"type":"Point","coordinates":[6.2995953,45.7281552]},"id":"node/7726127361"},{"type":"Feature","properties":{"@id":"node/7728063588","natural":"spring"},"geometry":{"type":"Point","coordinates":[6.9592971,45.4116482]},"id":"node/7728063588"},{"type":"Feature","properties":{"@id":"node/7730120730","amenity":"drinking_water"},"geometry":{"type":"Point","coordinates":[6.2840416,45.3912023]},"id":"node/7730120730"},{"type":"Feature","properties":{"@id":"node/7731143310","access":"yes","amenity":"drinking_water","bottle":"yes","fee":"no"},"geometry":{"type":"Point","coordinates":[6.3372685,45.2105153]},"id":"node/7731143310"},{"type":"Feature","properties":{"@id":"node/7731981573","amenity":"drinking_water"},"geometry":{"type":"Point","coordinates":[6.6950126,45.3942939]},"id":"node/7731981573"},{"type":"Feature","properties":{"@id":"node/7731987145","natural":"spring"},"geometry":{"type":"Point","coordinates":[6.63133,45.1386411]},"id":"node/7731987145"},{"type":"Feature","properties":{"@id":"node/7733458385","natural":"spring"},"geometry":{"type":"Point","coordinates":[6.9496022,45.3953877]},"id":"node/7733458385"},{"type":"Feature","properties":{"@id":"node/7733458485","natural":"spring"},"geometry":{"type":"Point","coordinates":[6.9527222,45.3731644]},"id":"node/7733458485"},{"type":"Feature","properties":{"@id":"node/7734163548","amenity":"drinking_water"},"geometry":{"type":"Point","coordinates":[6.3113379,45.4069706]},"id":"node/7734163548"},{"type":"Feature","properties":{"@id":"node/7734163557","drinking_water":"no","man_made":"water_tap"},"geometry":{"type":"Point","coordinates":[6.3124482,45.3929443]},"id":"node/7734163557"},{"type":"Feature","properties":{"@id":"node/7734503772","natural":"spring"},"geometry":{"type":"Point","coordinates":[6.637786,45.7147106]},"id":"node/7734503772"},{"type":"Feature","properties":{"@id":"node/7734503821","natural":"spring"},"geometry":{"type":"Point","coordinates":[6.6375902,45.7147124]},"id":"node/7734503821"},{"type":"Feature","properties":{"@id":"node/7734503849","natural":"spring"},"geometry":{"type":"Point","coordinates":[6.6352218,45.7146562]},"id":"node/7734503849"},{"type":"Feature","properties":{"@id":"node/7734503877","natural":"spring"},"geometry":{"type":"Point","coordinates":[6.6348597,45.7144184]},"id":"node/7734503877"},{"type":"Feature","properties":{"@id":"node/7734984332","amenity":"drinking_water"},"geometry":{"type":"Point","coordinates":[6.3209863,45.3930143]},"id":"node/7734984332"},{"type":"Feature","properties":{"@id":"node/7737548385","amenity":"drinking_water"},"geometry":{"type":"Point","coordinates":[6.4818977,46.3721367]},"id":"node/7737548385"},{"type":"Feature","properties":{"@id":"node/7737839202","access":"yes","amenity":"drinking_water"},"geometry":{"type":"Point","coordinates":[6.2762468,45.9007228]},"id":"node/7737839202"},{"type":"Feature","properties":{"@id":"node/7741461700","amenity":"drinking_water","bottle":"yes","wheelchair":"no"},"geometry":{"type":"Point","coordinates":[6.8933273,45.9154505]},"id":"node/7741461700"},{"type":"Feature","properties":{"@id":"node/7741461701","amenity":"drinking_water"},"geometry":{"type":"Point","coordinates":[6.8896607,45.9187986]},"id":"node/7741461701"},{"type":"Feature","properties":{"@id":"node/7741707826","amenity":"drinking_water"},"geometry":{"type":"Point","coordinates":[6.3200965,45.3931339]},"id":"node/7741707826"},{"type":"Feature","properties":{"@id":"node/7746205895","amenity":"fountain","fountain":"nozzle","lit":"no"},"geometry":{"type":"Point","coordinates":[6.7587352,46.0614032]},"id":"node/7746205895"},{"type":"Feature","properties":{"@id":"node/7747506128","amenity":"drinking_water"},"geometry":{"type":"Point","coordinates":[6.2780857,45.3423975]},"id":"node/7747506128"},{"type":"Feature","properties":{"@id":"node/7747506183","amenity":"drinking_water"},"geometry":{"type":"Point","coordinates":[6.2962215,45.332583]},"id":"node/7747506183"},{"type":"Feature","properties":{"@id":"node/7747572351","amenity":"drinking_water"},"geometry":{"type":"Point","coordinates":[6.2984209,45.335317]},"id":"node/7747572351"},{"type":"Feature","properties":{"@id":"node/7749810437","amenity":"drinking_water"},"geometry":{"type":"Point","coordinates":[6.2850715,45.3279033]},"id":"node/7749810437"},{"type":"Feature","properties":{"@id":"node/7749832834","amenity":"fountain","drinking_water":"no","lit":"no"},"geometry":{"type":"Point","coordinates":[6.3962904,46.2366953]},"id":"node/7749832834"},{"type":"Feature","properties":{"@id":"node/7751924794","amenity":"fountain"},"geometry":{"type":"Point","coordinates":[6.5673653,46.2477149]},"id":"node/7751924794"},{"type":"Feature","properties":{"@id":"node/7756144283","amenity":"drinking_water"},"geometry":{"type":"Point","coordinates":[6.4276424,45.1632489]},"id":"node/7756144283"},{"type":"Feature","properties":{"@id":"node/7762572237","amenity":"drinking_water"},"geometry":{"type":"Point","coordinates":[6.3460831,45.2748153]},"id":"node/7762572237"},{"type":"Feature","properties":{"@id":"node/7762572238","amenity":"drinking_water","fountain":"drinking"},"geometry":{"type":"Point","coordinates":[6.4130777,45.2347696]},"id":"node/7762572238"},{"type":"Feature","properties":{"@id":"node/7765303729","amenity":"drinking_water"},"geometry":{"type":"Point","coordinates":[6.3461968,45.2769693]},"id":"node/7765303729"},{"type":"Feature","properties":{"@id":"node/7765321327","amenity":"drinking_water"},"geometry":{"type":"Point","coordinates":[6.2950252,45.329881]},"id":"node/7765321327"},{"type":"Feature","properties":{"@id":"node/7765321332","amenity":"drinking_water"},"geometry":{"type":"Point","coordinates":[6.2843728,45.3266734]},"id":"node/7765321332"},{"type":"Feature","properties":{"@id":"node/7765321336","amenity":"drinking_water"},"geometry":{"type":"Point","coordinates":[6.2745143,45.3123709]},"id":"node/7765321336"},{"type":"Feature","properties":{"@id":"node/7768096813","name":"Source des Perries","natural":"spring"},"geometry":{"type":"Point","coordinates":[6.6488871,46.1242512]},"id":"node/7768096813"},{"type":"Feature","properties":{"@id":"node/7768937890","amenity":"drinking_water","survey:date":"2025-04-29"},"geometry":{"type":"Point","coordinates":[6.3434895,45.2762319]},"id":"node/7768937890"},{"type":"Feature","properties":{"@id":"node/7768937891","amenity":"drinking_water"},"geometry":{"type":"Point","coordinates":[6.3403222,45.2785502]},"id":"node/7768937891"},{"type":"Feature","properties":{"@id":"node/7768937892","amenity":"drinking_water"},"geometry":{"type":"Point","coordinates":[6.3403178,45.2790002]},"id":"node/7768937892"},{"type":"Feature","properties":{"@id":"node/7768937893","amenity":"drinking_water"},"geometry":{"type":"Point","coordinates":[6.3417277,45.2743041]},"id":"node/7768937893"},{"type":"Feature","properties":{"@id":"node/7769426071","amenity":"drinking_water"},"geometry":{"type":"Point","coordinates":[6.2952693,45.3410184]},"id":"node/7769426071"},{"type":"Feature","properties":{"@id":"node/7770724862","amenity":"fountain"},"geometry":{"type":"Point","coordinates":[5.9589399,45.5112051]},"id":"node/7770724862"},{"type":"Feature","properties":{"@id":"node/7772359168","amenity":"drinking_water"},"geometry":{"type":"Point","coordinates":[5.8871075,45.7061488]},"id":"node/7772359168"},{"type":"Feature","properties":{"@id":"node/7775569237","amenity":"drinking_water"},"geometry":{"type":"Point","coordinates":[6.3646084,45.4182473]},"id":"node/7775569237"},{"type":"Feature","properties":{"@id":"node/7778042642","amenity":"drinking_water","man_made":"water_tap"},"geometry":{"type":"Point","coordinates":[5.9114845,45.6940484]},"id":"node/7778042642"},{"type":"Feature","properties":{"@id":"node/7778271810","amenity":"drinking_water"},"geometry":{"type":"Point","coordinates":[6.3075197,46.364762]},"id":"node/7778271810"},{"type":"Feature","properties":{"@id":"node/7778307088","amenity":"drinking_water","fountain":"drinking"},"geometry":{"type":"Point","coordinates":[6.504505,46.3830076]},"id":"node/7778307088"},{"type":"Feature","properties":{"@id":"node/7779081373","amenity":"toilets","drinking_water":"yes"},"geometry":{"type":"Point","coordinates":[6.3030118,45.3575639]},"id":"node/7779081373"},{"type":"Feature","properties":{"@id":"node/7779081374","amenity":"drinking_water"},"geometry":{"type":"Point","coordinates":[6.3103996,45.351707]},"id":"node/7779081374"},{"type":"Feature","properties":{"@id":"node/7784106616","amenity":"drinking_water"},"geometry":{"type":"Point","coordinates":[6.2889567,45.3445561]},"id":"node/7784106616"},{"type":"Feature","properties":{"@id":"node/7784271588","amenity":"drinking_water","fountain":"drinking"},"geometry":{"type":"Point","coordinates":[6.2678363,45.3615389]},"id":"node/7784271588"},{"type":"Feature","properties":{"@id":"node/7784294677","amenity":"drinking_water"},"geometry":{"type":"Point","coordinates":[6.2840087,45.3427255]},"id":"node/7784294677"},{"type":"Feature","properties":{"@id":"node/7784328622","amenity":"drinking_water"},"geometry":{"type":"Point","coordinates":[6.2905835,45.342817]},"id":"node/7784328622"},{"type":"Feature","properties":{"@id":"node/7784328623","amenity":"drinking_water"},"geometry":{"type":"Point","coordinates":[6.2939818,45.3461839]},"id":"node/7784328623"},{"type":"Feature","properties":{"@id":"node/7786385012","amenity":"drinking_water"},"geometry":{"type":"Point","coordinates":[6.3116978,45.352362]},"id":"node/7786385012"},{"type":"Feature","properties":{"@id":"node/7787423547","amenity":"drinking_water","man_made":"water_well","pump":"manual"},"geometry":{"type":"Point","coordinates":[5.9149649,45.6877279]},"id":"node/7787423547"},{"type":"Feature","properties":{"@id":"node/7788284802","amenity":"drinking_water"},"geometry":{"type":"Point","coordinates":[6.277501,45.326168]},"id":"node/7788284802"},{"type":"Feature","properties":{"@id":"node/7788284831","amenity":"drinking_water"},"geometry":{"type":"Point","coordinates":[6.2660252,45.3277803]},"id":"node/7788284831"},{"type":"Feature","properties":{"@id":"node/7788284837","amenity":"drinking_water"},"geometry":{"type":"Point","coordinates":[6.2770826,45.3372336]},"id":"node/7788284837"},{"type":"Feature","properties":{"@id":"node/7792053285","amenity":"fountain","bottle":"yes","drinking_water":"yes","fountain":"drinking","source":"survey 2020"},"geometry":{"type":"Point","coordinates":[6.7775131,45.5710926]},"id":"node/7792053285"},{"type":"Feature","properties":{"@id":"node/7792235443","man_made":"water_tap","survey:date":"2025-04-20"},"geometry":{"type":"Point","coordinates":[6.4805628,45.1993071]},"id":"node/7792235443"},{"type":"Feature","properties":{"@id":"node/7792630979","access":"yes","amenity":"drinking_water","bottle":"yes","drinking_water":"yes"},"geometry":{"type":"Point","coordinates":[6.4680363,45.2129287]},"id":"node/7792630979"},{"type":"Feature","properties":{"@id":"node/7792643562","drinking_water":"yes","drinking_water:legal":"yes","man_made":"water_tap","survey:date":"2025-04-22"},"geometry":{"type":"Point","coordinates":[6.4639327,45.2085651]},"id":"node/7792643562"},{"type":"Feature","properties":{"@id":"node/7793347652","drinking_water":"no","man_made":"water_tap"},"geometry":{"type":"Point","coordinates":[6.3123224,45.3901387]},"id":"node/7793347652"},{"type":"Feature","properties":{"@id":"node/7793347653","drinking_water":"yes","natural":"spring"},"geometry":{"type":"Point","coordinates":[6.3120934,45.3878607]},"id":"node/7793347653"},{"type":"Feature","properties":{"@id":"node/7793347655","amenity":"drinking_water","fountain":"drinking"},"geometry":{"type":"Point","coordinates":[6.3197062,45.3932488]},"id":"node/7793347655"},{"type":"Feature","properties":{"@id":"node/7793347656","amenity":"drinking_water","man_made":"water_tap"},"geometry":{"type":"Point","coordinates":[6.3191731,45.3916506]},"id":"node/7793347656"},{"type":"Feature","properties":{"@id":"node/7793347657","amenity":"drinking_water"},"geometry":{"type":"Point","coordinates":[6.3089858,45.3646906]},"id":"node/7793347657"},{"type":"Feature","properties":{"@id":"node/7794984552","amenity":"drinking_water"},"geometry":{"type":"Point","coordinates":[6.2956739,45.7465031]},"id":"node/7794984552"},{"type":"Feature","properties":{"@id":"node/7795476285","access":"yes","amenity":"drinking_water","bottle":"yes","check_date":"2026-06-08","description":"Source captée jusqu'à un bachat","fee":"no","fountain":"drinking","ref:refuges.info":"7472","wheelchair":"limited"},"geometry":{"type":"Point","coordinates":[6.8373637,45.3454095]},"id":"node/7795476285"},{"type":"Feature","properties":{"@id":"node/7796212931","amenity":"drinking_water"},"geometry":{"type":"Point","coordinates":[6.3044532,45.355603]},"id":"node/7796212931"},{"type":"Feature","properties":{"@id":"node/7798013832","amenity":"drinking_water"},"geometry":{"type":"Point","coordinates":[6.3444141,45.3487674]},"id":"node/7798013832"},{"type":"Feature","properties":{"@id":"node/7798085873","amenity":"drinking_water"},"geometry":{"type":"Point","coordinates":[6.2979582,45.3615068]},"id":"node/7798085873"},{"type":"Feature","properties":{"@id":"node/7798085874","amenity":"drinking_water"},"geometry":{"type":"Point","coordinates":[6.3073841,45.3566722]},"id":"node/7798085874"},{"type":"Feature","properties":{"@id":"node/7798117231","amenity":"drinking_water"},"geometry":{"type":"Point","coordinates":[6.3116388,45.3891293]},"id":"node/7798117231"},{"type":"Feature","properties":{"@id":"node/7798155949","amenity":"drinking_water"},"geometry":{"type":"Point","coordinates":[6.2867238,45.340187]},"id":"node/7798155949"},{"type":"Feature","properties":{"@id":"node/7798155950","amenity":"drinking_water"},"geometry":{"type":"Point","coordinates":[6.2867922,45.3413031]},"id":"node/7798155950"},{"type":"Feature","properties":{"@id":"node/7798155951","drinking_water":"yes","intermittent":"no","natural":"spring"},"geometry":{"type":"Point","coordinates":[6.3368395,45.3601867]},"id":"node/7798155951"},{"type":"Feature","properties":{"@id":"node/7798155952","amenity":"drinking_water"},"geometry":{"type":"Point","coordinates":[6.3340587,45.3605042]},"id":"node/7798155952"},{"type":"Feature","properties":{"@id":"node/7798734596","amenity":"drinking_water"},"geometry":{"type":"Point","coordinates":[6.4949776,45.8626836]},"id":"node/7798734596"},{"type":"Feature","properties":{"@id":"node/7798804060","amenity":"drinking_water"},"geometry":{"type":"Point","coordinates":[6.5148341,45.8183154]},"id":"node/7798804060"},{"type":"Feature","properties":{"@id":"node/7799458274","amenity":"fountain"},"geometry":{"type":"Point","coordinates":[6.6538175,45.1725338]},"id":"node/7799458274"},{"type":"Feature","properties":{"@id":"node/7800006053","amenity":"drinking_water"},"geometry":{"type":"Point","coordinates":[6.3467764,45.4167623]},"id":"node/7800006053"},{"type":"Feature","properties":{"@id":"node/7800006054","amenity":"water_point","drinking_water":"no"},"geometry":{"type":"Point","coordinates":[6.3555756,45.418733]},"id":"node/7800006054"},{"type":"Feature","properties":{"@id":"node/7800006055","amenity":"drinking_water"},"geometry":{"type":"Point","coordinates":[6.3529341,45.4182775]},"id":"node/7800006055"},{"type":"Feature","properties":{"@id":"node/7800700827","amenity":"drinking_water"},"geometry":{"type":"Point","coordinates":[6.5190658,45.8075143]},"id":"node/7800700827"},{"type":"Feature","properties":{"@id":"node/7800779884","amenity":"drinking_water"},"geometry":{"type":"Point","coordinates":[6.5053771,45.7951509]},"id":"node/7800779884"},{"type":"Feature","properties":{"@id":"node/7800803933","amenity":"drinking_water","fountain":"bubbler","ref:refuges.info":"7886"},"geometry":{"type":"Point","coordinates":[6.6519218,45.6825695]},"id":"node/7800803933"},{"type":"Feature","properties":{"@id":"node/7801784137","amenity":"drinking_water"},"geometry":{"type":"Point","coordinates":[6.273656,45.372136]},"id":"node/7801784137"},{"type":"Feature","properties":{"@id":"node/7802187855","access":"yes","amenity":"toilets","drinking_water":"yes","fee":"no","toilets:position":"seated;urinal","wheelchair":"yes"},"geometry":{"type":"Point","coordinates":[6.6224939,45.888659]},"id":"node/7802187855"},{"type":"Feature","properties":{"@id":"node/7803506449","amenity":"drinking_water"},"geometry":{"type":"Point","coordinates":[6.5684664,45.6856109]},"id":"node/7803506449"},{"type":"Feature","properties":{"@id":"node/7803679974","name":"Source de Barme","natural":"spring"},"geometry":{"type":"Point","coordinates":[6.6506926,46.1224556]},"id":"node/7803679974"},{"type":"Feature","properties":{"@id":"node/7803679975","natural":"spring"},"geometry":{"type":"Point","coordinates":[6.6484875,46.1213515]},"id":"node/7803679975"},{"type":"Feature","properties":{"@id":"node/7803731057","name":"Fontaine des Perries","natural":"spring"},"geometry":{"type":"Point","coordinates":[6.64796,46.1267142]},"id":"node/7803731057"},{"type":"Feature","properties":{"@id":"node/7803731096","name":"Source du Crozet","natural":"spring"},"geometry":{"type":"Point","coordinates":[6.6474694,46.1281093]},"id":"node/7803731096"},{"type":"Feature","properties":{"@id":"node/7803731097","name":"Source de Pré Gelé","natural":"spring"},"geometry":{"type":"Point","coordinates":[6.647231,46.1286472]},"id":"node/7803731097"},{"type":"Feature","properties":{"@id":"node/7803731099","natural":"spring"},"geometry":{"type":"Point","coordinates":[6.6376008,46.1269979]},"id":"node/7803731099"},{"type":"Feature","properties":{"@id":"node/7803731100","name":"Fontaine de la Rosière","natural":"spring"},"geometry":{"type":"Point","coordinates":[6.6374559,46.1283542]},"id":"node/7803731100"},{"type":"Feature","properties":{"@id":"node/7804086580","natural":"spring"},"geometry":{"type":"Point","coordinates":[6.5007198,45.631729]},"id":"node/7804086580"},{"type":"Feature","properties":{"@id":"node/7804347936","amenity":"water_point"},"geometry":{"type":"Point","coordinates":[6.600143,45.9216944]},"id":"node/7804347936"},{"type":"Feature","properties":{"@id":"node/7804840244","amenity":"drinking_water"},"geometry":{"type":"Point","coordinates":[6.6271876,45.4400455]},"id":"node/7804840244"},{"type":"Feature","properties":{"@id":"node/7804840247","amenity":"drinking_water"},"geometry":{"type":"Point","coordinates":[6.6385382,45.4349722]},"id":"node/7804840247"},{"type":"Feature","properties":{"@id":"node/7804840248","amenity":"drinking_water"},"geometry":{"type":"Point","coordinates":[6.7242794,45.3533448]},"id":"node/7804840248"},{"type":"Feature","properties":{"@id":"node/7804840249","amenity":"drinking_water"},"geometry":{"type":"Point","coordinates":[6.7008866,45.345492]},"id":"node/7804840249"},{"type":"Feature","properties":{"@id":"node/7805781415","name":"Fontaine des Mais","natural":"spring"},"geometry":{"type":"Point","coordinates":[6.6312856,46.1246661]},"id":"node/7805781415"},{"type":"Feature","properties":{"@id":"node/7805882574","name":"Source des Châlets","natural":"spring"},"geometry":{"type":"Point","coordinates":[6.6337576,46.1213725]},"id":"node/7805882574"},{"type":"Feature","properties":{"@id":"node/7807859144","amenity":"drinking_water"},"geometry":{"type":"Point","coordinates":[6.6147235,45.3498426]},"id":"node/7807859144"},{"type":"Feature","properties":{"@id":"node/7810961913","access":"yes","amenity":"drinking_water","bottle":"yes","fee":"no"},"geometry":{"type":"Point","coordinates":[6.5122371,45.1306484]},"id":"node/7810961913"},{"type":"Feature","properties":{"@id":"node/7810973568","amenity":"water_point","drinking_water":"conditional","drinking_water:legal":"no"},"geometry":{"type":"Point","coordinates":[6.3408569,45.3741163]},"id":"node/7810973568"},{"type":"Feature","properties":{"@id":"node/7810973573","amenity":"drinking_water"},"geometry":{"type":"Point","coordinates":[6.3436054,45.374364]},"id":"node/7810973573"},{"type":"Feature","properties":{"@id":"node/7814993665","amenity":"water_point"},"geometry":{"type":"Point","coordinates":[6.3205652,45.3850491]},"id":"node/7814993665"},{"type":"Feature","properties":{"@id":"node/7815161085","amenity":"drinking_water","survey:date":"2020-08-15"},"geometry":{"type":"Point","coordinates":[5.864665,45.6550894]},"id":"node/7815161085"},{"type":"Feature","properties":{"@id":"node/7815493144","man_made":"water_tap"},"geometry":{"type":"Point","coordinates":[6.5164957,46.2476226]},"id":"node/7815493144"},{"type":"Feature","properties":{"@id":"node/7815545867","amenity":"fountain","drinking_water":"no"},"geometry":{"type":"Point","coordinates":[6.6359092,46.025363]},"id":"node/7815545867"},{"type":"Feature","properties":{"@id":"node/7820028810","amenity":"fountain"},"geometry":{"type":"Point","coordinates":[6.5440721,45.9753749]},"id":"node/7820028810"},{"type":"Feature","properties":{"@id":"node/7820713135","amenity":"drinking_water","amenity_1":"fountain","fee":"no","wheelchair":"limited"},"geometry":{"type":"Point","coordinates":[6.5874853,45.9686253]},"id":"node/7820713135"},{"type":"Feature","properties":{"@id":"node/7822630422","amenity":"drinking_water","man_made":"water_tap","source":"Grand Annecy","wikimedia_commons":"File:Pyrog 0CE4QfsE--.1.jpg"},"geometry":{"type":"Point","coordinates":[6.15745,45.9059]},"id":"node/7822630422"},{"type":"Feature","properties":{"@id":"node/7822642460","man_made":"water_tap"},"geometry":{"type":"Point","coordinates":[6.1493534,45.8508414]},"id":"node/7822642460"},{"type":"Feature","properties":{"@id":"node/7822642665","man_made":"water_tap"},"geometry":{"type":"Point","coordinates":[6.1625738,45.837276]},"id":"node/7822642665"},{"type":"Feature","properties":{"@id":"node/7822645204","amenity":"drinking_water","man_made":"water_tap","source":"Grand Annecy","start_date":"1992-12-10"},"geometry":{"type":"Point","coordinates":[6.13202,45.89934]},"id":"node/7822645204"},{"type":"Feature","properties":{"@id":"node/7823199926","amenity":"fountain"},"geometry":{"type":"Point","coordinates":[6.6108492,46.115103]},"id":"node/7823199926"},{"type":"Feature","properties":{"@id":"node/7823723732","access":"permissive","amenity":"drinking_water","bottle":"yes","fee":"no","wheelchair":"no"},"geometry":{"type":"Point","coordinates":[6.7707769,46.1192753]},"id":"node/7823723732"},{"type":"Feature","properties":{"@id":"node/7823841968","amenity":"drinking_water"},"geometry":{"type":"Point","coordinates":[6.674595,46.0829625]},"id":"node/7823841968"},{"type":"Feature","properties":{"@id":"node/7824069804","amenity":"drinking_water"},"geometry":{"type":"Point","coordinates":[6.3127667,45.3760428]},"id":"node/7824069804"},{"type":"Feature","properties":{"@id":"node/7824276534","amenity":"fountain"},"geometry":{"type":"Point","coordinates":[6.2929009,45.7473622]},"id":"node/7824276534"},{"type":"Feature","properties":{"@id":"node/7826687856","access":"yes","amenity":"lavoir","drinking_water":"yes","shelter":"yes"},"geometry":{"type":"Point","coordinates":[6.2832221,45.4203503]},"id":"node/7826687856"},{"type":"Feature","properties":{"@id":"node/7826687858","amenity":"drinking_water"},"geometry":{"type":"Point","coordinates":[6.2818636,45.3900608]},"id":"node/7826687858"},{"type":"Feature","properties":{"@id":"node/7826687859","amenity":"drinking_water"},"geometry":{"type":"Point","coordinates":[6.2855325,45.3992747]},"id":"node/7826687859"},{"type":"Feature","properties":{"@id":"node/7826687860","amenity":"drinking_water"},"geometry":{"type":"Point","coordinates":[6.2820071,45.3961965]},"id":"node/7826687860"},{"type":"Feature","properties":{"@id":"node/7827741285","amenity":"drinking_water","survey:date":"2020-08-19"},"geometry":{"type":"Point","coordinates":[6.9171441,45.9483113]},"id":"node/7827741285"},{"type":"Feature","properties":{"@id":"node/7827821595","access":"yes","amenity":"drinking_water","bottle":"yes","check_date":"2025-08-02","fee":"no","man_made":"water_tap","wheelchair":"yes"},"geometry":{"type":"Point","coordinates":[6.7391974,45.5712716]},"id":"node/7827821595"},{"type":"Feature","properties":{"@id":"node/7828469178","amenity":"drinking_water"},"geometry":{"type":"Point","coordinates":[6.2829097,45.4116019]},"id":"node/7828469178"},{"type":"Feature","properties":{"@id":"node/7829057729","amenity":"drinking_water"},"geometry":{"type":"Point","coordinates":[6.2849367,45.4129539]},"id":"node/7829057729"},{"type":"Feature","properties":{"@id":"node/7829060900","amenity":"drinking_water"},"geometry":{"type":"Point","coordinates":[6.2830183,45.3969649]},"id":"node/7829060900"},{"type":"Feature","properties":{"@id":"node/7829076769","amenity":"drinking_water"},"geometry":{"type":"Point","coordinates":[6.2769739,45.4209151]},"id":"node/7829076769"},{"type":"Feature","properties":{"@id":"node/7829076770","amenity":"drinking_water"},"geometry":{"type":"Point","coordinates":[6.2773293,45.4197846]},"id":"node/7829076770"},{"type":"Feature","properties":{"@id":"node/7830203271","amenity":"drinking_water"},"geometry":{"type":"Point","coordinates":[6.294763,45.4524318]},"id":"node/7830203271"},{"type":"Feature","properties":{"@id":"node/7830216880","amenity":"fountain"},"geometry":{"type":"Point","coordinates":[6.620736,46.1086544]},"id":"node/7830216880"},{"type":"Feature","properties":{"@id":"node/7830223523","amenity":"fountain","covered":"yes","ele":"645","fountain":"nozzle","lit":"no"},"geometry":{"type":"Point","coordinates":[6.6337681,46.1038032]},"id":"node/7830223523"},{"type":"Feature","properties":{"@id":"node/7832264674","access":"yes","amenity":"drinking_water","bottle":"yes","fee":"no"},"geometry":{"type":"Point","coordinates":[6.8168199,45.6372577]},"id":"node/7832264674"},{"type":"Feature","properties":{"@id":"node/7832735087","amenity":"drinking_water","fountain":"drinking"},"geometry":{"type":"Point","coordinates":[6.8173675,45.2772874]},"id":"node/7832735087"},{"type":"Feature","properties":{"@id":"node/7832907152","drinking_water":"yes","man_made":"water_tap"},"geometry":{"type":"Point","coordinates":[6.779117,46.1234028]},"id":"node/7832907152"},{"type":"Feature","properties":{"@id":"node/7832912925","addr:street":"Route du Col de Cou","amenity":"drinking_water"},"geometry":{"type":"Point","coordinates":[6.7740066,46.1403067]},"id":"node/7832912925"},{"type":"Feature","properties":{"@id":"node/7833451488","amenity":"drinking_water"},"geometry":{"type":"Point","coordinates":[6.3126795,45.3905703]},"id":"node/7833451488"},{"type":"Feature","properties":{"@id":"node/7835839354","drinking_water":"yes","natural":"spring","ref:refuges.info":"8244"},"geometry":{"type":"Point","coordinates":[6.549991,45.9431588]},"id":"node/7835839354"},{"type":"Feature","properties":{"@id":"node/7835839381","natural":"spring"},"geometry":{"type":"Point","coordinates":[6.5497194,45.9425446]},"id":"node/7835839381"},{"type":"Feature","properties":{"@id":"node/7835840474","amenity":"drinking_water","drinking_water":"yes"},"geometry":{"type":"Point","coordinates":[6.506826,45.9359039]},"id":"node/7835840474"},{"type":"Feature","properties":{"@id":"node/7835840478","amenity":"drinking_water"},"geometry":{"type":"Point","coordinates":[6.4721173,45.9772671]},"id":"node/7835840478"},{"type":"Feature","properties":{"@id":"node/7835840485","amenity":"drinking_water"},"geometry":{"type":"Point","coordinates":[6.4635243,45.9817686]},"id":"node/7835840485"},{"type":"Feature","properties":{"@id":"node/7835840486","natural":"spring"},"geometry":{"type":"Point","coordinates":[6.4409545,45.9894229]},"id":"node/7835840486"},{"type":"Feature","properties":{"@id":"node/7835840783","amenity":"fountain"},"geometry":{"type":"Point","coordinates":[6.5346794,46.0112288]},"id":"node/7835840783"},{"type":"Feature","properties":{"@id":"node/7836942796","amenity":"drinking_water"},"geometry":{"type":"Point","coordinates":[6.2917489,45.3808038]},"id":"node/7836942796"},{"type":"Feature","properties":{"@id":"node/7836942797","amenity":"drinking_water"},"geometry":{"type":"Point","coordinates":[6.2919205,45.3845264]},"id":"node/7836942797"},{"type":"Feature","properties":{"@id":"node/7837496085","amenity":"drinking_water","survey:date":"2020-08-23"},"geometry":{"type":"Point","coordinates":[6.257929,45.6047329]},"id":"node/7837496085"},{"type":"Feature","properties":{"@id":"node/7837615257","amenity":"drinking_water","ele":"1200"},"geometry":{"type":"Point","coordinates":[6.4786003,45.6268962]},"id":"node/7837615257"},{"type":"Feature","properties":{"@id":"node/7838993339","amenity":"drinking_water"},"geometry":{"type":"Point","coordinates":[6.3136415,45.3320834]},"id":"node/7838993339"},{"type":"Feature","properties":{"@id":"node/7839028333","amenity":"drinking_water"},"geometry":{"type":"Point","coordinates":[6.3103756,45.3271592]},"id":"node/7839028333"},{"type":"Feature","properties":{"@id":"node/7839035779","amenity":"drinking_water"},"geometry":{"type":"Point","coordinates":[6.3171636,45.3243045]},"id":"node/7839035779"},{"type":"Feature","properties":{"@id":"node/7839037070","amenity":"drinking_water"},"geometry":{"type":"Point","coordinates":[6.2958068,45.3309627]},"id":"node/7839037070"},{"type":"Feature","properties":{"@id":"node/7839090355","amenity":"drinking_water"},"geometry":{"type":"Point","coordinates":[6.2818272,45.3300294]},"id":"node/7839090355"},{"type":"Feature","properties":{"@id":"node/7839100235","amenity":"drinking_water"},"geometry":{"type":"Point","coordinates":[6.2702264,45.3376415]},"id":"node/7839100235"},{"type":"Feature","properties":{"@id":"node/7840054372","amenity":"fountain"},"geometry":{"type":"Point","coordinates":[6.6363955,46.1161151]},"id":"node/7840054372"},{"type":"Feature","properties":{"@id":"node/7840054373","name":"Source des Creux","natural":"spring"},"geometry":{"type":"Point","coordinates":[6.6371322,46.1160132]},"id":"node/7840054373"},{"type":"Feature","properties":{"@id":"node/7840054451","amenity":"fountain"},"geometry":{"type":"Point","coordinates":[6.6394238,46.1188925]},"id":"node/7840054451"},{"type":"Feature","properties":{"@id":"node/7840108702","amenity":"drinking_water"},"geometry":{"type":"Point","coordinates":[6.5810068,45.4489549]},"id":"node/7840108702"},{"type":"Feature","properties":{"@id":"node/7840322468","amenity":"drinking_water","bottle":"yes","description":"Tuyau, eau d'origine inconnue, accès facile et débit correct"},"geometry":{"type":"Point","coordinates":[6.342705,45.4520978]},"id":"node/7840322468"},{"type":"Feature","properties":{"@id":"node/7840438213","description":"Débit parfois faible","name":"Source du chalet de l'Arbesserie","natural":"spring"},"geometry":{"type":"Point","coordinates":[6.3388136,45.4652916]},"id":"node/7840438213"},{"type":"Feature","properties":{"@id":"node/7840438385","amenity":"drinking_water","description":"Tuyau d'eau et bachal"},"geometry":{"type":"Point","coordinates":[6.3721953,45.5063259]},"id":"node/7840438385"},{"type":"Feature","properties":{"@id":"node/7840876676","amenity":"water_point"},"geometry":{"type":"Point","coordinates":[6.7077112,45.7698243]},"id":"node/7840876676"},{"type":"Feature","properties":{"@id":"node/7841170518","intermittent":"yes","name":"Source de l'Ane","natural":"spring"},"geometry":{"type":"Point","coordinates":[5.9186335,45.4429356]},"id":"node/7841170518"},{"type":"Feature","properties":{"@id":"node/7842806488","amenity":"fountain"},"geometry":{"type":"Point","coordinates":[6.5664187,46.1117389]},"id":"node/7842806488"},{"type":"Feature","properties":{"@id":"node/7842806489","amenity":"fountain"},"geometry":{"type":"Point","coordinates":[6.5629764,46.1122316]},"id":"node/7842806489"},{"type":"Feature","properties":{"@id":"node/7842806490","amenity":"fountain"},"geometry":{"type":"Point","coordinates":[6.5635388,46.1131444]},"id":"node/7842806490"},{"type":"Feature","properties":{"@id":"node/7843646169","amenity":"drinking_water","name":"Ruisseau du Soufflet","ref:refuges.info":"4882"},"geometry":{"type":"Point","coordinates":[6.5099348,45.6517714]},"id":"node/7843646169"},{"type":"Feature","properties":{"@id":"node/7844201570","amenity":"drinking_water","description":"Au 08/09/2023, bon débit."},"geometry":{"type":"Point","coordinates":[6.4562061,45.6920285]},"id":"node/7844201570"},{"type":"Feature","properties":{"@id":"node/7844482814","amenity":"drinking_water"},"geometry":{"type":"Point","coordinates":[6.2969282,45.363007]},"id":"node/7844482814"},{"type":"Feature","properties":{"@id":"node/7846539505","amenity":"drinking_water","man_made":"water_tap","wikimedia_commons":"File:Pyrog 0CE2hn5A--.1 v1.jpg"},"geometry":{"type":"Point","coordinates":[6.11626,45.9747375]},"id":"node/7846539505"},{"type":"Feature","properties":{"@id":"node/7846918795","amenity":"water_point"},"geometry":{"type":"Point","coordinates":[6.6417503,45.7619508]},"id":"node/7846918795"},{"type":"Feature","properties":{"@id":"node/7849057085","amenity":"drinking_water","bottle":"yes","fee":"no","survey:date":"2020-08-27","wheelchair":"yes"},"geometry":{"type":"Point","coordinates":[6.1017033,46.0955693]},"id":"node/7849057085"},{"type":"Feature","properties":{"@id":"node/7850423758","amenity":"drinking_water"},"geometry":{"type":"Point","coordinates":[6.7726991,46.1421719]},"id":"node/7850423758"},{"type":"Feature","properties":{"@id":"node/7850423759","amenity":"fountain","drinking_water":"yes","fountain":"nozzle","lit":"no"},"geometry":{"type":"Point","coordinates":[6.7820284,46.1421831]},"id":"node/7850423759"},{"type":"Feature","properties":{"@id":"node/7856710391","drinking_water":"no","intermittent":"no","natural":"spring"},"geometry":{"type":"Point","coordinates":[6.4780176,46.0820255]},"id":"node/7856710391"},{"type":"Feature","properties":{"@id":"node/7857110886","access":"yes","amenity":"drinking_water","covered":"no","fee":"no","indoor":"no"},"geometry":{"type":"Point","coordinates":[6.3016372,46.1795807]},"id":"node/7857110886"},{"type":"Feature","properties":{"@id":"node/7857379742","amenity":"drinking_water","ele":"1180","note":"2025-06-29 : la source coule à flot. 1L en 3 secondes."},"geometry":{"type":"Point","coordinates":[6.2409344,45.703171]},"id":"node/7857379742"},{"type":"Feature","properties":{"@id":"node/7857717853","amenity":"fountain","name":"Bassin du Villard"},"geometry":{"type":"Point","coordinates":[6.3876403,45.736702]},"id":"node/7857717853"},{"type":"Feature","properties":{"@id":"node/7857717857","amenity":"fountain","drinking_water":"yes","name":"Bassin de Bulles","operator":"Arlysère"},"geometry":{"type":"Point","coordinates":[6.3964869,45.7374433]},"id":"node/7857717857"},{"type":"Feature","properties":{"@id":"node/7857837400","amenity":"fountain"},"geometry":{"type":"Point","coordinates":[6.4841243,45.8030989]},"id":"node/7857837400"},{"type":"Feature","properties":{"@id":"node/7857837401","amenity":"fountain"},"geometry":{"type":"Point","coordinates":[6.4842034,45.8025199]},"id":"node/7857837401"},{"type":"Feature","properties":{"@id":"node/7859307185","amenity":"fountain","survey:date":"2020-08-30"},"geometry":{"type":"Point","coordinates":[5.9371435,45.5638639]},"id":"node/7859307185"},{"type":"Feature","properties":{"@id":"node/7861324638","amenity":"drinking_water","man_made":"water_tap"},"geometry":{"type":"Point","coordinates":[6.3041621,45.3525505]},"id":"node/7861324638"},{"type":"Feature","properties":{"@id":"node/7868539344","amenity":"drinking_water"},"geometry":{"type":"Point","coordinates":[5.882897,45.9649508]},"id":"node/7868539344"},{"type":"Feature","properties":{"@id":"node/7869057658","amenity":"drinking_water","bottle":"yes","fee":"no"},"geometry":{"type":"Point","coordinates":[6.1888787,45.7967349]},"id":"node/7869057658"},{"type":"Feature","properties":{"@id":"node/7872695651","name":"Source du Brevon","natural":"spring"},"geometry":{"type":"Point","coordinates":[6.594172,46.1960493]},"id":"node/7872695651"},{"type":"Feature","properties":{"@id":"node/7873772912","amenity":"fountain","name":"Bassin de Balme Dessous"},"geometry":{"type":"Point","coordinates":[6.4135082,45.7323666]},"id":"node/7873772912"},{"type":"Feature","properties":{"@id":"node/7873824803","amenity":"fountain","name":"Bassin de la Filatière"},"geometry":{"type":"Point","coordinates":[6.4193432,45.7331692]},"id":"node/7873824803"},{"type":"Feature","properties":{"@id":"node/7873824805","amenity":"fountain","name":"Bassin de la Combaz (privé)"},"geometry":{"type":"Point","coordinates":[6.4021312,45.7354894]},"id":"node/7873824805"},{"type":"Feature","properties":{"@id":"node/7873824807","amenity":"fountain","name":"Bassin de Duines"},"geometry":{"type":"Point","coordinates":[6.4065517,45.7330173]},"id":"node/7873824807"},{"type":"Feature","properties":{"@id":"node/7873824869","amenity":"fountain","name":"Bassin de Balmes Dessus"},"geometry":{"type":"Point","coordinates":[6.4159082,45.735506]},"id":"node/7873824869"},{"type":"Feature","properties":{"@id":"node/7873827149","amenity":"drinking_water","description":"Torrent capté avec bachasson (compatible ânes !)","ele":"1273"},"geometry":{"type":"Point","coordinates":[6.8059042,46.0224776]},"id":"node/7873827149"},{"type":"Feature","properties":{"@id":"node/7873854923","access":"yes","amenity":"drinking_water","bottle":"yes","fee":"no","wheelchair":"no"},"geometry":{"type":"Point","coordinates":[6.7311329,46.027979]},"id":"node/7873854923"},{"type":"Feature","properties":{"@id":"node/7874615069","amenity":"fountain","fountain":"decorative"},"geometry":{"type":"Point","coordinates":[6.2721095,45.3861131]},"id":"node/7874615069"},{"type":"Feature","properties":{"@id":"node/7878878085","amenity":"drinking_water"},"geometry":{"type":"Point","coordinates":[6.9337864,46.0597069]},"id":"node/7878878085"},{"type":"Feature","properties":{"@id":"node/7878878185","amenity":"drinking_water"},"geometry":{"type":"Point","coordinates":[6.9305907,46.0624908]},"id":"node/7878878185"},{"type":"Feature","properties":{"@id":"node/7881080193","amenity":"drinking_water","fee":"no"},"geometry":{"type":"Point","coordinates":[6.7531441,45.3897262]},"id":"node/7881080193"},{"type":"Feature","properties":{"@id":"node/7881853181","amenity":"drinking_water"},"geometry":{"type":"Point","coordinates":[6.3587176,45.3044934]},"id":"node/7881853181"},{"type":"Feature","properties":{"@id":"node/7881853183","amenity":"drinking_water"},"geometry":{"type":"Point","coordinates":[6.3629213,45.3052187]},"id":"node/7881853183"},{"type":"Feature","properties":{"@id":"node/7881853184","amenity":"drinking_water"},"geometry":{"type":"Point","coordinates":[6.3628757,45.3050735]},"id":"node/7881853184"},{"type":"Feature","properties":{"@id":"node/7881984082","drinking_water":"yes","name":"Fontaine Froide","natural":"spring"},"geometry":{"type":"Point","coordinates":[6.9028868,46.0182047]},"id":"node/7881984082"},{"type":"Feature","properties":{"@id":"node/7881985293","amenity":"drinking_water","ref:refuges.info":"8597"},"geometry":{"type":"Point","coordinates":[6.9090046,46.0210203]},"id":"node/7881985293"},{"type":"Feature","properties":{"@id":"node/7881985300","amenity":"drinking_water","man_made":"water_tap"},"geometry":{"type":"Point","coordinates":[6.9162957,46.0213649]},"id":"node/7881985300"},{"type":"Feature","properties":{"@id":"node/7881985301","access":"private","amenity":"drinking_water"},"geometry":{"type":"Point","coordinates":[6.9240252,46.0264982]},"id":"node/7881985301"},{"type":"Feature","properties":{"@id":"node/7881985308","amenity":"drinking_water","fountain":"drinking"},"geometry":{"type":"Point","coordinates":[6.9194819,46.0194849]},"id":"node/7881985308"},{"type":"Feature","properties":{"@id":"node/7883782952","amenity":"drinking_water"},"geometry":{"type":"Point","coordinates":[6.3579745,46.0185891]},"id":"node/7883782952"},{"type":"Feature","properties":{"@id":"node/7884549862","amenity":"fountain"},"geometry":{"type":"Point","coordinates":[6.4778969,46.3734264]},"id":"node/7884549862"},{"type":"Feature","properties":{"@id":"node/7886491091","access":"yes","amenity":"drinking_water","fee":"no"},"geometry":{"type":"Point","coordinates":[6.2934563,45.3416378]},"id":"node/7886491091"},{"type":"Feature","properties":{"@id":"node/7886529210","access":"yes","amenity":"drinking_water","fee":"no"},"geometry":{"type":"Point","coordinates":[6.3087831,45.333144]},"id":"node/7886529210"},{"type":"Feature","properties":{"@id":"node/7886529211","access":"yes","amenity":"drinking_water"},"geometry":{"type":"Point","coordinates":[6.3109472,45.3320047]},"id":"node/7886529211"},{"type":"Feature","properties":{"@id":"node/7893055047","amenity":"drinking_water"},"geometry":{"type":"Point","coordinates":[6.3876465,45.9934026]},"id":"node/7893055047"},{"type":"Feature","properties":{"@id":"node/7893111664","amenity":"drinking_water"},"geometry":{"type":"Point","coordinates":[6.1716506,45.5592143]},"id":"node/7893111664"},{"type":"Feature","properties":{"@id":"node/7893111665","amenity":"drinking_water","man_made":"water_tap"},"geometry":{"type":"Point","coordinates":[6.1704113,45.5586529]},"id":"node/7893111665"},{"type":"Feature","properties":{"@id":"node/7893111681","amenity":"drinking_water"},"geometry":{"type":"Point","coordinates":[6.1703382,45.5593583]},"id":"node/7893111681"},{"type":"Feature","properties":{"@id":"node/7893111682","amenity":"drinking_water"},"geometry":{"type":"Point","coordinates":[6.1707205,45.5590693]},"id":"node/7893111682"},{"type":"Feature","properties":{"@id":"node/7893111683","amenity":"drinking_water"},"geometry":{"type":"Point","coordinates":[6.171107,45.5589179]},"id":"node/7893111683"},{"type":"Feature","properties":{"@id":"node/7894029230","amenity":"drinking_water","fountain":"drinking","man_made":"water_tap"},"geometry":{"type":"Point","coordinates":[5.9190888,45.5653068]},"id":"node/7894029230"},{"type":"Feature","properties":{"@id":"node/7894029231","amenity":"drinking_water","man_made":"water_tap"},"geometry":{"type":"Point","coordinates":[5.9204883,45.5665322]},"id":"node/7894029231"},{"type":"Feature","properties":{"@id":"node/7899609489","amenity":"drinking_water","man_made":"water_tap","operator":"Grand Annecy","start_date":"2017-01-26"},"geometry":{"type":"Point","coordinates":[6.1325379,45.8932172]},"id":"node/7899609489"},{"type":"Feature","properties":{"@id":"node/7900186438","amenity":"drinking_water"},"geometry":{"type":"Point","coordinates":[6.2993208,45.4552503]},"id":"node/7900186438"},{"type":"Feature","properties":{"@id":"node/7900186441","amenity":"drinking_water"},"geometry":{"type":"Point","coordinates":[6.2991243,45.4548712]},"id":"node/7900186441"},{"type":"Feature","properties":{"@id":"node/7906080714","amenity":"drinking_water"},"geometry":{"type":"Point","coordinates":[6.2907988,45.3435177]},"id":"node/7906080714"},{"type":"Feature","properties":{"@id":"node/7906462945","amenity":"fountain","name":"Bassin de la Combaz (privé)"},"geometry":{"type":"Point","coordinates":[6.402417,45.7362159]},"id":"node/7906462945"},{"type":"Feature","properties":{"@id":"node/7906462946","amenity":"fountain","name":"Bassin de l'Epenette (privé)"},"geometry":{"type":"Point","coordinates":[6.4030985,45.7366896]},"id":"node/7906462946"},{"type":"Feature","properties":{"@id":"node/7906889618","natural":"spring"},"geometry":{"type":"Point","coordinates":[6.400667,45.7360097]},"id":"node/7906889618"},{"type":"Feature","properties":{"@id":"node/7913635476","amenity":"drinking_water","man_made":"water_well","pump":"manual"},"geometry":{"type":"Point","coordinates":[6.3047386,45.54233]},"id":"node/7913635476"},{"type":"Feature","properties":{"@id":"node/7914240886","amenity":"fountain","survey:date":"2020-09-16"},"geometry":{"type":"Point","coordinates":[6.1545595,45.5692797]},"id":"node/7914240886"},{"type":"Feature","properties":{"@id":"node/7924132772","man_made":"water_tap"},"geometry":{"type":"Point","coordinates":[5.9017738,45.7679366]},"id":"node/7924132772"},{"type":"Feature","properties":{"@id":"node/7925085444","amenity":"fountain","name":"Bassin des Bois"},"geometry":{"type":"Point","coordinates":[6.3939148,45.7305619]},"id":"node/7925085444"},{"type":"Feature","properties":{"@id":"node/7925500918","amenity":"watering_place","drinking_water":"yes","image":"https://www.refuges.info/photos_points/38788-originale.jpeg","ref:refuges.info":"7168"},"geometry":{"type":"Point","coordinates":[6.7834698,45.9667186]},"id":"node/7925500918"},{"type":"Feature","properties":{"@id":"node/7934253812","natural":"spring"},"geometry":{"type":"Point","coordinates":[6.4707986,45.8142348]},"id":"node/7934253812"},{"type":"Feature","properties":{"@id":"node/7944679915","amenity":"drinking_water"},"geometry":{"type":"Point","coordinates":[6.3022071,45.3593258]},"id":"node/7944679915"},{"type":"Feature","properties":{"@id":"node/7947579685","amenity":"drinking_water","ref:refuges.info":"8478","survey:date":"2020-09-27"},"geometry":{"type":"Point","coordinates":[6.8702103,45.9250531]},"id":"node/7947579685"},{"type":"Feature","properties":{"@id":"node/7966130301","amenity":"fountain"},"geometry":{"type":"Point","coordinates":[6.6075441,46.4019839]},"id":"node/7966130301"},{"type":"Feature","properties":{"@id":"node/7966246717","amenity":"fountain"},"geometry":{"type":"Point","coordinates":[6.0544095,45.7884653]},"id":"node/7966246717"},{"type":"Feature","properties":{"@id":"node/7968923487","amenity":"drinking_water","fountain":"drinking","source":"Grand Annecy","start_date":"2010-07-01","survey:date":"2020-10-03"},"geometry":{"type":"Point","coordinates":[6.12514,45.8972]},"id":"node/7968923487"},{"type":"Feature","properties":{"@id":"node/7989780544","amenity":"drinking_water"},"geometry":{"type":"Point","coordinates":[6.3164596,45.3664549]},"id":"node/7989780544"},{"type":"Feature","properties":{"@id":"node/7995013317","amenity":"drinking_water"},"geometry":{"type":"Point","coordinates":[6.261914,45.3175304]},"id":"node/7995013317"},{"type":"Feature","properties":{"@id":"node/7995013318","amenity":"drinking_water"},"geometry":{"type":"Point","coordinates":[6.2623693,45.317108]},"id":"node/7995013318"},{"type":"Feature","properties":{"@id":"node/7995013352","amenity":"drinking_water"},"geometry":{"type":"Point","coordinates":[6.2680878,45.3214962]},"id":"node/7995013352"},{"type":"Feature","properties":{"@id":"node/7997127835","amenity":"drinking_water","fee":"no","man_made":"water_tap","source":"Grand Annecy"},"geometry":{"type":"Point","coordinates":[6.11881,45.89471]},"id":"node/7997127835"},{"type":"Feature","properties":{"@id":"node/8003503481","amenity":"fountain"},"geometry":{"type":"Point","coordinates":[6.5868953,46.4000458]},"id":"node/8003503481"},{"type":"Feature","properties":{"@id":"node/8003908561","amenity":"drinking_water"},"geometry":{"type":"Point","coordinates":[6.3401775,45.3324239]},"id":"node/8003908561"},{"type":"Feature","properties":{"@id":"node/8014078952","amenity":"drinking_water","fee":"no","wheelchair":"no"},"geometry":{"type":"Point","coordinates":[6.5194081,45.9987718]},"id":"node/8014078952"},{"type":"Feature","properties":{"@id":"node/8015673319","drinking_water":"no","man_made":"spring_box","natural":"spring","source":"IGN - 09/2020"},"geometry":{"type":"Point","coordinates":[6.3398684,45.3496755]},"id":"node/8015673319"},{"type":"Feature","properties":{"@id":"node/8015686876","amenity":"drinking_water"},"geometry":{"type":"Point","coordinates":[6.3305806,45.3417744]},"id":"node/8015686876"},{"type":"Feature","properties":{"@id":"node/8018694068","amenity":"drinking_water"},"geometry":{"type":"Point","coordinates":[6.3377561,45.3273357]},"id":"node/8018694068"},{"type":"Feature","properties":{"@id":"node/8018694079","amenity":"drinking_water"},"geometry":{"type":"Point","coordinates":[6.3388659,45.3239022]},"id":"node/8018694079"},{"type":"Feature","properties":{"@id":"node/8019114315","amenity":"drinking_water","survey:date":"2024-04-27"},"geometry":{"type":"Point","coordinates":[6.3108056,45.3701346]},"id":"node/8019114315"},{"type":"Feature","properties":{"@id":"node/8021065338","access":"yes","amenity":"water_point","drinking_water":"yes","fee":"no","operator":"Ville de Albertville","water_point":"yes"},"geometry":{"type":"Point","coordinates":[6.3970746,45.6738401]},"id":"node/8021065338"},{"type":"Feature","properties":{"@id":"node/8023213855","amenity":"drinking_water"},"geometry":{"type":"Point","coordinates":[6.6971326,45.4247922]},"id":"node/8023213855"},{"type":"Feature","properties":{"@id":"node/8032432498","natural":"spring"},"geometry":{"type":"Point","coordinates":[6.4430399,46.0165684]},"id":"node/8032432498"},{"type":"Feature","properties":{"@id":"node/8042151429","amenity":"drinking_water","fee":"no","man_made":"water_tap"},"geometry":{"type":"Point","coordinates":[6.7709141,46.0535337]},"id":"node/8042151429"},{"type":"Feature","properties":{"@id":"node/8042628750","amenity":"fountain"},"geometry":{"type":"Point","coordinates":[6.000705,45.4985114]},"id":"node/8042628750"},{"type":"Feature","properties":{"@id":"node/8043364656","access":"yes","man_made":"water_tap"},"geometry":{"type":"Point","coordinates":[6.468975,46.0798199]},"id":"node/8043364656"},{"type":"Feature","properties":{"@id":"node/8045142106","access":"yes","amenity":"drinking_water","fountain":"bubbler","wheelchair":"limited"},"geometry":{"type":"Point","coordinates":[5.9675892,45.5752135]},"id":"node/8045142106"},{"type":"Feature","properties":{"@id":"node/8045142111","access":"yes","amenity":"drinking_water","fee":"no","man_made":"water_tap","wheelchair":"yes"},"geometry":{"type":"Point","coordinates":[5.9285146,45.5647654]},"id":"node/8045142111"},{"type":"Feature","properties":{"@id":"node/8047415607","access":"yes","drinking_water":"yes","man_made":"water_tap"},"geometry":{"type":"Point","coordinates":[6.7757193,46.0542468]},"id":"node/8047415607"},{"type":"Feature","properties":{"@id":"node/8050051905","amenity":"drinking_water"},"geometry":{"type":"Point","coordinates":[6.442154,46.3023839]},"id":"node/8050051905"},{"type":"Feature","properties":{"@id":"node/8051634729","drinking_water":"yes","natural":"spring"},"geometry":{"type":"Point","coordinates":[6.7786744,46.0565265]},"id":"node/8051634729"},{"type":"Feature","properties":{"@id":"node/8063296317","access":"no","drinking_water":"no","man_made":"water_tap"},"geometry":{"type":"Point","coordinates":[6.7811912,45.2290333]},"id":"node/8063296317"},{"type":"Feature","properties":{"@id":"node/8063296372","access":"yes","drinking_water":"yes","man_made":"water_tap"},"geometry":{"type":"Point","coordinates":[6.7802276,45.2284709]},"id":"node/8063296372"},{"type":"Feature","properties":{"@id":"node/8063359066","amenity":"fountain"},"geometry":{"type":"Point","coordinates":[6.4798947,46.3105581]},"id":"node/8063359066"},{"type":"Feature","properties":{"@id":"node/8063366107","handle":"lever","man_made":"water_tap"},"geometry":{"type":"Point","coordinates":[6.4325873,46.3363429]},"id":"node/8063366107"},{"type":"Feature","properties":{"@id":"node/8069103585","drinking_water":"no","man_made":"water_tap","survey:date":"2020-10-31"},"geometry":{"type":"Point","coordinates":[6.2531163,45.6013012]},"id":"node/8069103585"},{"type":"Feature","properties":{"@id":"node/8069176998","natural":"spring"},"geometry":{"type":"Point","coordinates":[6.8949015,45.9514607]},"id":"node/8069176998"},{"type":"Feature","properties":{"@id":"node/8071772562","natural":"spring"},"geometry":{"type":"Point","coordinates":[5.843422,45.566297]},"id":"node/8071772562"},{"type":"Feature","properties":{"@id":"node/8075429125","amenity":"fountain"},"geometry":{"type":"Point","coordinates":[6.2366411,46.1925027]},"id":"node/8075429125"},{"type":"Feature","properties":{"@id":"node/8075429126","amenity":"fountain"},"geometry":{"type":"Point","coordinates":[6.236657,46.1924986]},"id":"node/8075429126"},{"type":"Feature","properties":{"@id":"node/8075429127","amenity":"fountain"},"geometry":{"type":"Point","coordinates":[6.2366422,46.1924924]},"id":"node/8075429127"},{"type":"Feature","properties":{"@id":"node/8075429128","amenity":"fountain"},"geometry":{"type":"Point","coordinates":[6.2360659,46.1926639]},"id":"node/8075429128"},{"type":"Feature","properties":{"@id":"node/8075429129","amenity":"fountain"},"geometry":{"type":"Point","coordinates":[6.2360793,46.19267]},"id":"node/8075429129"},{"type":"Feature","properties":{"@id":"node/8075429130","amenity":"fountain"},"geometry":{"type":"Point","coordinates":[6.2360634,46.1926722]},"id":"node/8075429130"},{"type":"Feature","properties":{"@id":"node/8077493546","amenity":"fountain","lit":"no"},"geometry":{"type":"Point","coordinates":[6.0214926,45.8169238]},"id":"node/8077493546"},{"type":"Feature","properties":{"@id":"node/8081521283","amenity":"drinking_water"},"geometry":{"type":"Point","coordinates":[6.4799469,46.3735822]},"id":"node/8081521283"},{"type":"Feature","properties":{"@id":"node/8081521299","amenity":"drinking_water"},"geometry":{"type":"Point","coordinates":[6.4822025,46.3742823]},"id":"node/8081521299"},{"type":"Feature","properties":{"@id":"node/8081681056","amenity":"fountain","name":"Bassin Boex (privé)"},"geometry":{"type":"Point","coordinates":[6.3959877,45.7375418]},"id":"node/8081681056"},{"type":"Feature","properties":{"@id":"node/8081794581","amenity":"fountain","name":"Bassin abandonné"},"geometry":{"type":"Point","coordinates":[6.4020523,45.7259559]},"id":"node/8081794581"},{"type":"Feature","properties":{"@id":"node/8081805317","amenity":"fountain"},"geometry":{"type":"Point","coordinates":[6.2593974,46.1842466]},"id":"node/8081805317"},{"type":"Feature","properties":{"@id":"node/8083742725","amenity":"drinking_water"},"geometry":{"type":"Point","coordinates":[6.1550754,45.5693148]},"id":"node/8083742725"},{"type":"Feature","properties":{"@id":"node/8102774950","amenity":"drinking_water","man_made":"water_well","pump":"manual","source":"Grand Annecy","survey:date":"2025-01-25"},"geometry":{"type":"Point","coordinates":[6.1505,45.91212]},"id":"node/8102774950"},{"type":"Feature","properties":{"@id":"node/8117523260","amenity":"fountain","name":"Bassin de la Croix"},"geometry":{"type":"Point","coordinates":[6.3947077,45.7326949]},"id":"node/8117523260"},{"type":"Feature","properties":{"@id":"node/8118490811","access":"yes","amenity":"drinking_water","fee":"no"},"geometry":{"type":"Point","coordinates":[6.9229748,45.9747829]},"id":"node/8118490811"},{"type":"Feature","properties":{"@id":"node/8129649074","description":"l'eau peut être bue mais la source n'est pas classée potable !","natural":"spring"},"geometry":{"type":"Point","coordinates":[6.1800226,45.9199307]},"id":"node/8129649074"},{"type":"Feature","properties":{"@id":"node/8143981197","natural":"spring"},"geometry":{"type":"Point","coordinates":[6.3954509,45.7384883]},"id":"node/8143981197"},{"type":"Feature","properties":{"@id":"node/8149989291","natural":"spring"},"geometry":{"type":"Point","coordinates":[6.3889934,46.0246683]},"id":"node/8149989291"},{"type":"Feature","properties":{"@id":"node/8151175694","amenity":"fountain"},"geometry":{"type":"Point","coordinates":[6.3577875,46.3325696]},"id":"node/8151175694"},{"type":"Feature","properties":{"@id":"node/8157955620","amenity":"fountain"},"geometry":{"type":"Point","coordinates":[6.4415713,46.3043404]},"id":"node/8157955620"},{"type":"Feature","properties":{"@id":"node/8158147210","amenity":"fountain"},"geometry":{"type":"Point","coordinates":[6.4753012,46.3728328]},"id":"node/8158147210"},{"type":"Feature","properties":{"@id":"node/8168521717","amenity":"drinking_water","drinking_water":"yes"},"geometry":{"type":"Point","coordinates":[5.9334757,46.0185346]},"id":"node/8168521717"},{"type":"Feature","properties":{"@id":"node/8168521817","amenity":"fountain","drinking_water":"no","fountain":"decorative"},"geometry":{"type":"Point","coordinates":[5.9305928,46.0191629]},"id":"node/8168521817"},{"type":"Feature","properties":{"@id":"node/8168625918","amenity":"fountain"},"geometry":{"type":"Point","coordinates":[6.3719615,45.7056162]},"id":"node/8168625918"},{"type":"Feature","properties":{"@id":"node/8168625919","amenity":"fountain"},"geometry":{"type":"Point","coordinates":[6.3763119,45.7117855]},"id":"node/8168625919"},{"type":"Feature","properties":{"@id":"node/8168625921","amenity":"fountain"},"geometry":{"type":"Point","coordinates":[6.3839561,45.7162577]},"id":"node/8168625921"},{"type":"Feature","properties":{"@id":"node/8176212458","amenity":"drinking_water"},"geometry":{"type":"Point","coordinates":[6.3171574,46.3543294]},"id":"node/8176212458"},{"type":"Feature","properties":{"@id":"node/8176212467","amenity":"fountain"},"geometry":{"type":"Point","coordinates":[6.3171608,46.3543738]},"id":"node/8176212467"},{"type":"Feature","properties":{"@id":"node/8176212701","amenity":"drinking_water"},"geometry":{"type":"Point","coordinates":[6.3012985,46.3326253]},"id":"node/8176212701"},{"type":"Feature","properties":{"@id":"node/8190446217","amenity":"fountain"},"geometry":{"type":"Point","coordinates":[6.3263547,46.3239382]},"id":"node/8190446217"},{"type":"Feature","properties":{"@id":"node/8199057690","access":"yes","amenity":"drinking_water","wheelchair":"yes"},"geometry":{"type":"Point","coordinates":[6.2931924,45.7474235]},"id":"node/8199057690"},{"type":"Feature","properties":{"@id":"node/8199070398","amenity":"drinking_water"},"geometry":{"type":"Point","coordinates":[6.5735093,45.7178024]},"id":"node/8199070398"},{"type":"Feature","properties":{"@id":"node/8223901991","amenity":"drinking_water"},"geometry":{"type":"Point","coordinates":[6.0141805,45.7968226]},"id":"node/8223901991"},{"type":"Feature","properties":{"@id":"node/8224025674","amenity":"drinking_water"},"geometry":{"type":"Point","coordinates":[6.0132209,45.7970363]},"id":"node/8224025674"},{"type":"Feature","properties":{"@id":"node/8225489555","amenity":"drinking_water","ref:refuges.info":"7688"},"geometry":{"type":"Point","coordinates":[6.2894643,45.7275109]},"id":"node/8225489555"},{"type":"Feature","properties":{"@id":"node/8231813786","amenity":"water_point"},"geometry":{"type":"Point","coordinates":[5.9990045,45.7983509]},"id":"node/8231813786"},{"type":"Feature","properties":{"@id":"node/8235455894","amenity":"water_point"},"geometry":{"type":"Point","coordinates":[6.0255571,45.7851986]},"id":"node/8235455894"},{"type":"Feature","properties":{"@id":"node/8235455895","amenity":"water_point"},"geometry":{"type":"Point","coordinates":[6.001668,45.7896566]},"id":"node/8235455895"},{"type":"Feature","properties":{"@id":"node/8235483027","amenity":"water_point"},"geometry":{"type":"Point","coordinates":[6.0050797,45.8014045]},"id":"node/8235483027"},{"type":"Feature","properties":{"@id":"node/8242570951","amenity":"fountain","drinking_water":"no","lit":"no"},"geometry":{"type":"Point","coordinates":[6.3792655,46.1541848]},"id":"node/8242570951"},{"type":"Feature","properties":{"@id":"node/8242570952","natural":"spring"},"geometry":{"type":"Point","coordinates":[6.4287349,46.1405155]},"id":"node/8242570952"},{"type":"Feature","properties":{"@id":"node/8248193779","amenity":"drinking_water"},"geometry":{"type":"Point","coordinates":[6.4269329,46.3565143]},"id":"node/8248193779"},{"type":"Feature","properties":{"@id":"node/8257196043","amenity":"drinking_water"},"geometry":{"type":"Point","coordinates":[6.2269043,45.2940465]},"id":"node/8257196043"},{"type":"Feature","properties":{"@id":"node/8261944218","amenity":"drinking_water"},"geometry":{"type":"Point","coordinates":[6.2755752,45.310611]},"id":"node/8261944218"},{"type":"Feature","properties":{"@id":"node/8263493644","amenity":"drinking_water"},"geometry":{"type":"Point","coordinates":[6.2919232,45.3333571]},"id":"node/8263493644"},{"type":"Feature","properties":{"@id":"node/8264007299","access":"yes","amenity":"drinking_water","bottle":"yes","charge":"0","fee":"no","man_made":"water_tap","wheelchair":"yes"},"geometry":{"type":"Point","coordinates":[5.8885386,45.6946353]},"id":"node/8264007299"},{"type":"Feature","properties":{"@id":"node/8281630619","amenity":"water_point"},"geometry":{"type":"Point","coordinates":[6.7051497,45.8883223]},"id":"node/8281630619"},{"type":"Feature","properties":{"@id":"node/8281952224","amenity":"drinking_water","survey:date":"2026-04-27"},"geometry":{"type":"Point","coordinates":[6.4229575,45.2541113]},"id":"node/8281952224"},{"type":"Feature","properties":{"@id":"node/8282106317","amenity":"fountain","drinking_water":"yes"},"geometry":{"type":"Point","coordinates":[6.3037591,45.6869829]},"id":"node/8282106317"},{"type":"Feature","properties":{"@id":"node/8284369559","amenity":"drinking_water"},"geometry":{"type":"Point","coordinates":[6.3518981,45.3124128]},"id":"node/8284369559"},{"type":"Feature","properties":{"@id":"node/8284369560","amenity":"drinking_water"},"geometry":{"type":"Point","coordinates":[6.3490704,45.3137591]},"id":"node/8284369560"},{"type":"Feature","properties":{"@id":"node/8287515590","amenity":"fountain","drinking_water":"no","lit":"no"},"geometry":{"type":"Point","coordinates":[6.3127937,46.1873033]},"id":"node/8287515590"},{"type":"Feature","properties":{"@id":"node/8287650612","amenity":"drinking_water"},"geometry":{"type":"Point","coordinates":[6.0294374,45.4996994]},"id":"node/8287650612"},{"type":"Feature","properties":{"@id":"node/8287654157","amenity":"drinking_water"},"geometry":{"type":"Point","coordinates":[6.0213367,45.5037049]},"id":"node/8287654157"},{"type":"Feature","properties":{"@id":"node/8291581290","amenity":"drinking_water"},"geometry":{"type":"Point","coordinates":[6.1166684,45.9189505]},"id":"node/8291581290"},{"type":"Feature","properties":{"@id":"node/8291624277","amenity":"drinking_water"},"geometry":{"type":"Point","coordinates":[6.1062969,45.9414944]},"id":"node/8291624277"},{"type":"Feature","properties":{"@id":"node/8293847349","amenity":"fountain"},"geometry":{"type":"Point","coordinates":[6.1238231,46.0863187]},"id":"node/8293847349"},{"type":"Feature","properties":{"@id":"node/8305153663","access":"yes","amenity":"drinking_water","wheelchair":"limited"},"geometry":{"type":"Point","coordinates":[6.0306512,45.4991208]},"id":"node/8305153663"},{"type":"Feature","properties":{"@id":"node/8305153688","amenity":"drinking_water"},"geometry":{"type":"Point","coordinates":[6.0340258,45.4997009]},"id":"node/8305153688"},{"type":"Feature","properties":{"@id":"node/8305153696","amenity":"drinking_water"},"geometry":{"type":"Point","coordinates":[6.0341972,45.4991336]},"id":"node/8305153696"},{"type":"Feature","properties":{"@id":"node/8306983922","amenity":"drinking_water","source":"Grand Annecy"},"geometry":{"type":"Point","coordinates":[6.10971,45.93328]},"id":"node/8306983922"},{"type":"Feature","properties":{"@id":"node/8378371052","amenity":"drinking_water","man_made":"water_tap","source":"Grand Annecy","start_date":"2012-09-20"},"geometry":{"type":"Point","coordinates":[6.10134,45.90362]},"id":"node/8378371052"},{"type":"Feature","properties":{"@id":"node/8384499484","amenity":"drinking_water","ref:refuges.info":"7689"},"geometry":{"type":"Point","coordinates":[6.2929559,45.7309192]},"id":"node/8384499484"},{"type":"Feature","properties":{"@id":"node/8388826780","access":"yes","amenity":"toilets","drinking_water":"yes","fee":"no","toilets:position":"seated","unisex":"yes"},"geometry":{"type":"Point","coordinates":[6.2232627,45.7816872]},"id":"node/8388826780"},{"type":"Feature","properties":{"@id":"node/8412633028","amenity":"drinking_water","manufacturer":"metalco","model":"Fuente-R"},"geometry":{"type":"Point","coordinates":[6.3528306,46.355977]},"id":"node/8412633028"},{"type":"Feature","properties":{"@id":"node/8420093873","natural":"spring"},"geometry":{"type":"Point","coordinates":[6.0823488,45.877827]},"id":"node/8420093873"},{"type":"Feature","properties":{"@id":"node/8423159674","amenity":"drinking_water"},"geometry":{"type":"Point","coordinates":[6.7278343,45.8190132]},"id":"node/8423159674"},{"type":"Feature","properties":{"@id":"node/8429179352","access":"yes","amenity":"drinking_water","fee":"no"},"geometry":{"type":"Point","coordinates":[6.7290389,45.8471779]},"id":"node/8429179352"},{"type":"Feature","properties":{"@id":"node/8443621181","amenity":"fountain","ref:refuges.info":"7687"},"geometry":{"type":"Point","coordinates":[6.2797902,45.7460131]},"id":"node/8443621181"},{"type":"Feature","properties":{"@id":"node/8443622047","man_made":"water_tap"},"geometry":{"type":"Point","coordinates":[6.3487156,45.7680139]},"id":"node/8443622047"},{"type":"Feature","properties":{"@id":"node/8458626395","amenity":"fountain","ref:refuges.info":"7648"},"geometry":{"type":"Point","coordinates":[6.3495231,45.7668583]},"id":"node/8458626395"},{"type":"Feature","properties":{"@id":"node/8462288131","amenity":"drinking_water","source":"Grand Annecy","start_date":"2017-09-06"},"geometry":{"type":"Point","coordinates":[6.10298,45.90761]},"id":"node/8462288131"},{"type":"Feature","properties":{"@id":"node/8474760062","amenity":"drinking_water"},"geometry":{"type":"Point","coordinates":[6.4292958,45.1696103]},"id":"node/8474760062"},{"type":"Feature","properties":{"@id":"node/8485860417","amenity":"drinking_water"},"geometry":{"type":"Point","coordinates":[6.6481189,46.0355091]},"id":"node/8485860417"},{"type":"Feature","properties":{"@id":"node/8493109917","amenity":"water_point"},"geometry":{"type":"Point","coordinates":[6.5919583,45.4560778]},"id":"node/8493109917"},{"type":"Feature","properties":{"@id":"node/8493621641","access":"yes","amenity":"water_point","charge":"2 EUR","drinking_water":"yes","fee":"yes","operator":"Ville de Saint-Jean-de-Maurienne, Borne flot bleu","payment:visa_debit":"yes","water_point":"yes"},"geometry":{"type":"Point","coordinates":[6.34797,45.2802315]},"id":"node/8493621641"},{"type":"Feature","properties":{"@id":"node/8494027323","amenity":"water_point","charge":"4 EUR","description":"Remplissage du reservoir d'eau claire, mais cout élevé de l'eau. Borne flot bleu fremée en hiver","drinking_water":"yes","fee":"yes","operator":"Ville de La Chambre","water_point":"yes"},"geometry":{"type":"Point","coordinates":[6.2974617,45.3629319]},"id":"node/8494027323"},{"type":"Feature","properties":{"@id":"node/8494059152","amenity":"water_point","drinking_water":"yes","fee":"no","operator":"Ville de La Léchère","water_point":"yes"},"geometry":{"type":"Point","coordinates":[6.4210807,45.4793492]},"id":"node/8494059152"},{"type":"Feature","properties":{"@id":"node/8494093367","access":"yes","amenity":"water_point","drinking_water":"yes","fee":"no","name":"Aire de service pour camping-car de Notre-Dame-de-Briançon","operator":"Ville de La Léchère","water_point":"yes"},"geometry":{"type":"Point","coordinates":[6.4691887,45.5397007]},"id":"node/8494093367"},{"type":"Feature","properties":{"@id":"node/8512684517","access":"yes","amenity":"water_point","brand":"Flot bleu","charge":"5 €","description":"borne flot bleu , service à cout élevé, 5€, à payer en mairie ou à l'office de tourisme","drinking_water":"yes","fee":"yes","operator":"Ville de Beaufort","payment:visa_debit":"no","water_point":"yes"},"geometry":{"type":"Point","coordinates":[6.5671179,45.7198974]},"id":"node/8512684517"},{"type":"Feature","properties":{"@id":"node/8512708869","amenity":"water_point","charge":"2 €","description":"borne flot bleu","drinking_water":"yes","fee":"yes","operator":"Ville de Sallanches","water_point":"yes"},"geometry":{"type":"Point","coordinates":[6.6335261,45.93187]},"id":"node/8512708869"},{"type":"Feature","properties":{"@id":"node/8512758212","amenity":"water_point","charge":"2 €","description":"borne flot bleu, à jeton disponible à l'office de tourisme en centre ville.","drinking_water":"yes","fee":"yes","operator":"Ville de Saint-Gervais-les-Bains","water_point":"yes"},"geometry":{"type":"Point","coordinates":[6.7130011,45.8876714]},"id":"node/8512758212"},{"type":"Feature","properties":{"@id":"node/8512787531","amenity":"water_point","description":"Aire de service gratuite mais peut etre fermée en hivers","drinking_water":"yes","fee":"no","operator":"Ville de Chamonix-Mont-Blanc","water_point":"yes"},"geometry":{"type":"Point","coordinates":[6.874013,45.9186346]},"id":"node/8512787531"},{"type":"Feature","properties":{"@id":"node/8513798298","amenity":"water_point","charge":"0 €","description":"station de service gratuit pour camping-car, borne artisanale.","drinking_water":"yes","fee":"no","operator":"Ville de Le Reposoir","water_point":"yes"},"geometry":{"type":"Point","coordinates":[6.5365314,46.0100604]},"id":"node/8513798298"},{"type":"Feature","properties":{"@id":"node/8514293214","amenity":"water_point","charge":"0 €","description":"station de service gratuit pour camping-car, borne artisanale.","drinking_water":"yes","fee":"no","operator":"Ville de Saint-Pierre-en-Faucigny","water_point":"yes"},"geometry":{"type":"Point","coordinates":[6.3746732,46.0588789]},"id":"node/8514293214"},{"type":"Feature","properties":{"@id":"node/8514359040","access":"yes","amenity":"water_point","drinking_water":"yes","fee":"no","operator":"Ville de La Roche-sur-Foron","water_point":"yes"},"geometry":{"type":"Point","coordinates":[6.313963,46.0642447]},"id":"node/8514359040"},{"type":"Feature","properties":{"@id":"node/8514430674","amenity":"water_point","charge":"0 €","description":"station de service gratuit pour camping-car, borne flot bleu","drinking_water":"yes","fee":"no","operator":"Ville de Mieussy","water_point":"yes"},"geometry":{"type":"Point","coordinates":[6.5494609,46.1592801]},"id":"node/8514430674"},{"type":"Feature","properties":{"@id":"node/8514490327","amenity":"water_point","charge":"3.50 EUR","description":"station de service gratuit pour camping-car, borne flot bleu","drinking_water":"yes","fee":"yes","operator":"Ville de Abondance","payment:visa_debit":"yes","water_point":"yes"},"geometry":{"type":"Point","coordinates":[6.7154712,46.2802331]},"id":"node/8514490327"},{"type":"Feature","properties":{"@id":"node/8515937271","access":"yes","amenity":"water_point","drinking_water":"yes","fee":"no","operator":"Ville de Serrières-en-Chautagne","water_point":"yes"},"geometry":{"type":"Point","coordinates":[5.8431231,45.8805218]},"id":"node/8515937271"},{"type":"Feature","properties":{"@id":"node/8517991862","amenity":"fountain","name":"Bassin du Vorger"},"geometry":{"type":"Point","coordinates":[6.3802768,45.7104426]},"id":"node/8517991862"},{"type":"Feature","properties":{"@id":"node/8530225676","natural":"spring"},"geometry":{"type":"Point","coordinates":[6.4494351,45.7017881]},"id":"node/8530225676"},{"type":"Feature","properties":{"@id":"node/8531077318","amenity":"fountain"},"geometry":{"type":"Point","coordinates":[6.0643212,46.1409326]},"id":"node/8531077318"},{"type":"Feature","properties":{"@id":"node/8546907712","drinking_water":"yes","natural":"spring"},"geometry":{"type":"Point","coordinates":[6.3190395,45.7906114]},"id":"node/8546907712"},{"type":"Feature","properties":{"@id":"node/8546907713","natural":"spring"},"geometry":{"type":"Point","coordinates":[6.2893215,45.7674291]},"id":"node/8546907713"},{"type":"Feature","properties":{"@id":"node/8552971580","amenity":"drinking_water"},"geometry":{"type":"Point","coordinates":[6.439786,45.1833205]},"id":"node/8552971580"},{"type":"Feature","properties":{"@id":"node/8594696980","amenity":"drinking_water"},"geometry":{"type":"Point","coordinates":[6.5031732,45.4005647]},"id":"node/8594696980"},{"type":"Feature","properties":{"@id":"node/8596091829","disused:amenity":"drinking_water","man_made":"water_tap"},"geometry":{"type":"Point","coordinates":[6.0098194,45.5570156]},"id":"node/8596091829"},{"type":"Feature","properties":{"@id":"node/8599798801","amenity":"drinking_water"},"geometry":{"type":"Point","coordinates":[6.1225783,45.9465969]},"id":"node/8599798801"},{"type":"Feature","properties":{"@id":"node/8600444902","amenity":"water_point"},"geometry":{"type":"Point","coordinates":[6.2370861,46.1910497]},"id":"node/8600444902"},{"type":"Feature","properties":{"@id":"node/8603248304","amenity":"drinking_water"},"geometry":{"type":"Point","coordinates":[6.5029964,45.3790836]},"id":"node/8603248304"},{"type":"Feature","properties":{"@id":"node/8607175800","amenity":"drinking_water"},"geometry":{"type":"Point","coordinates":[6.5062954,45.3733438]},"id":"node/8607175800"},{"type":"Feature","properties":{"@id":"node/8614111325","amenity":"water_point","drinking_water":"yes"},"geometry":{"type":"Point","coordinates":[6.0291378,45.8531971]},"id":"node/8614111325"},{"type":"Feature","properties":{"@id":"node/8617114775","amenity":"drinking_water"},"geometry":{"type":"Point","coordinates":[6.2390457,45.5953518]},"id":"node/8617114775"},{"type":"Feature","properties":{"@id":"node/8618116772","amenity":"drinking_water","drinking_water":"conditional"},"geometry":{"type":"Point","coordinates":[6.0394341,45.7485338]},"id":"node/8618116772"},{"type":"Feature","properties":{"@id":"node/8626527346","amenity":"drinking_water"},"geometry":{"type":"Point","coordinates":[6.2493799,45.9965548]},"id":"node/8626527346"},{"type":"Feature","properties":{"@id":"node/8629483156","natural":"spring"},"geometry":{"type":"Point","coordinates":[6.2478909,46.1637204]},"id":"node/8629483156"},{"type":"Feature","properties":{"@id":"node/8631913031","access":"yes","amenity":"drinking_water","covered":"no","fee":"no","indoor":"no","man_made":"water_tap"},"geometry":{"type":"Point","coordinates":[6.237243,46.19914]},"id":"node/8631913031"},{"type":"Feature","properties":{"@id":"node/8648106346","amenity":"drinking_water","manufacturer":"Bayard","model":"Série D1 10"},"geometry":{"type":"Point","coordinates":[6.2369198,46.191273]},"id":"node/8648106346"},{"type":"Feature","properties":{"@id":"node/8662870009","name":"Pisse-vache","natural":"spring"},"geometry":{"type":"Point","coordinates":[6.5403721,46.1536703]},"id":"node/8662870009"},{"type":"Feature","properties":{"@id":"node/8663037382","access":"yes","amenity":"fountain","bottle":"yes","drinking_water":"yes","fee":"no","fountain":"stone_block","name":"Bachal"},"geometry":{"type":"Point","coordinates":[6.8007226,45.6232873]},"id":"node/8663037382"},{"type":"Feature","properties":{"@id":"node/8665004386","natural":"spring"},"geometry":{"type":"Point","coordinates":[6.5398563,46.15299]},"id":"node/8665004386"},{"type":"Feature","properties":{"@id":"node/8680855931","amenity":"fountain","name":"Fontaine","name:fr":"Fontaine de la Bouchasse","ref:refuges.info":"3214"},"geometry":{"type":"Point","coordinates":[6.2815339,45.6940868]},"id":"node/8680855931"},{"type":"Feature","properties":{"@id":"node/8690286119","access":"yes","amenity":"drinking_water","bottle":"yes","covered":"no","fee":"no","indoor":"no","lit":"yes","ref:refuges.info":"8233"},"geometry":{"type":"Point","coordinates":[6.6319439,45.935833]},"id":"node/8690286119"},{"type":"Feature","properties":{"@id":"node/8693526445","amenity":"drinking_water","source":"Grand Annecy"},"geometry":{"type":"Point","coordinates":[6.17932,45.88193]},"id":"node/8693526445"},{"type":"Feature","properties":{"@id":"node/8703003512","amenity":"fountain"},"geometry":{"type":"Point","coordinates":[6.4215252,46.3301206]},"id":"node/8703003512"},{"type":"Feature","properties":{"@id":"node/8709416354","amenity":"drinking_water","bottle":"yes","fee":"no","man_made":"water_tap","wheelchair":"yes"},"geometry":{"type":"Point","coordinates":[6.1523078,45.9065495]},"id":"node/8709416354"},{"type":"Feature","properties":{"@id":"node/8709416355","amenity":"drinking_water","bottle":"yes","man_made":"water_tap","wheelchair":"yes"},"geometry":{"type":"Point","coordinates":[6.1526882,45.9058514]},"id":"node/8709416355"},{"type":"Feature","properties":{"@id":"node/8715526082","amenity":"drinking_water","man_made":"water_tap"},"geometry":{"type":"Point","coordinates":[5.8564967,45.6833154]},"id":"node/8715526082"},{"type":"Feature","properties":{"@id":"node/8719235871","amenity":"fountain"},"geometry":{"type":"Point","coordinates":[6.6399787,46.0254575]},"id":"node/8719235871"},{"type":"Feature","properties":{"@id":"node/8729496463","amenity":"fountain"},"geometry":{"type":"Point","coordinates":[6.3943501,46.1909929]},"id":"node/8729496463"},{"type":"Feature","properties":{"@id":"node/8731537718","amenity":"drinking_water","survey:date":"2021-05-14"},"geometry":{"type":"Point","coordinates":[6.3730996,45.6478243]},"id":"node/8731537718"},{"type":"Feature","properties":{"@id":"node/8747448408","natural":"spring"},"geometry":{"type":"Point","coordinates":[6.4236891,45.6976997]},"id":"node/8747448408"},{"type":"Feature","properties":{"@id":"node/8747564668","amenity":"water_point","drinking_water":"yes"},"geometry":{"type":"Point","coordinates":[6.2697682,45.5571366]},"id":"node/8747564668"},{"type":"Feature","properties":{"@id":"node/8766215398","amenity":"fountain","drinking_water":"no"},"geometry":{"type":"Point","coordinates":[6.2479012,45.3092038]},"id":"node/8766215398"},{"type":"Feature","properties":{"@id":"node/8772785592","amenity":"fountain"},"geometry":{"type":"Point","coordinates":[6.8698856,45.9222827]},"id":"node/8772785592"},{"type":"Feature","properties":{"@id":"node/8775315981","amenity":"drinking_water"},"geometry":{"type":"Point","coordinates":[5.7967633,45.5894157]},"id":"node/8775315981"},{"type":"Feature","properties":{"@id":"node/8775396993","natural":"spring"},"geometry":{"type":"Point","coordinates":[5.7965997,45.603117]},"id":"node/8775396993"},{"type":"Feature","properties":{"@id":"node/8775396995","drinking_water":"conditional","natural":"spring"},"geometry":{"type":"Point","coordinates":[5.7974164,45.603041]},"id":"node/8775396995"},{"type":"Feature","properties":{"@id":"node/8775424733","ele":"1326","intermittent":"yes","name":"Source de Château Richard","natural":"spring","ref:refuges.info":"2459"},"geometry":{"type":"Point","coordinates":[5.8152075,45.6079503]},"id":"node/8775424733"},{"type":"Feature","properties":{"@id":"node/8811423792","man_made":"spring_box","natural":"spring"},"geometry":{"type":"Point","coordinates":[5.7975901,45.6029228]},"id":"node/8811423792"},{"type":"Feature","properties":{"@id":"node/8811423806","man_made":"spring_box","natural":"spring"},"geometry":{"type":"Point","coordinates":[5.7985594,45.5978604]},"id":"node/8811423806"},{"type":"Feature","properties":{"@id":"node/8821529891","amenity":"drinking_water"},"geometry":{"type":"Point","coordinates":[6.2912295,45.8998043]},"id":"node/8821529891"},{"type":"Feature","properties":{"@id":"node/8825734139","amenity":"fountain","fountain":"stone_block","lit":"no"},"geometry":{"type":"Point","coordinates":[6.7417242,46.0986317]},"id":"node/8825734139"},{"type":"Feature","properties":{"@id":"node/8832732336","access":"yes","amenity":"drinking_water","operator":"Commune de Saint-Genix-les-Villages"},"geometry":{"type":"Point","coordinates":[5.6829039,45.609283]},"id":"node/8832732336"},{"type":"Feature","properties":{"@id":"node/8833138979","amenity":"drinking_water"},"geometry":{"type":"Point","coordinates":[6.3364519,45.3610376]},"id":"node/8833138979"},{"type":"Feature","properties":{"@id":"node/8833654030","amenity":"drinking_water"},"geometry":{"type":"Point","coordinates":[5.951516,45.8649014]},"id":"node/8833654030"},{"type":"Feature","properties":{"@id":"node/8833658688","amenity":"drinking_water","fee":"no","fountain":"bubbler"},"geometry":{"type":"Point","coordinates":[5.9464618,45.8637461]},"id":"node/8833658688"},{"type":"Feature","properties":{"@id":"node/8847541744","amenity":"drinking_water"},"geometry":{"type":"Point","coordinates":[6.019835,45.6210891]},"id":"node/8847541744"},{"type":"Feature","properties":{"@id":"node/8851184416","amenity":"drinking_water"},"geometry":{"type":"Point","coordinates":[6.3404176,45.4015028]},"id":"node/8851184416"},{"type":"Feature","properties":{"@id":"node/8851393907","amenity":"drinking_water"},"geometry":{"type":"Point","coordinates":[6.3295801,45.3690014]},"id":"node/8851393907"},{"type":"Feature","properties":{"@id":"node/8852856600","amenity":"drinking_water","fountain":"drinking"},"geometry":{"type":"Point","coordinates":[6.8832716,45.2157096]},"id":"node/8852856600"},{"type":"Feature","properties":{"@id":"node/8856050448","amenity":"drinking_water","bottle":"yes","fee":"no","fountain":"drinking","ref:refuges.info":"8452"},"geometry":{"type":"Point","coordinates":[6.7229532,45.8014126]},"id":"node/8856050448"},{"type":"Feature","properties":{"@id":"node/8865411297","access":"private","amenity":"drinking_water"},"geometry":{"type":"Point","coordinates":[6.3726,45.2854809]},"id":"node/8865411297"},{"type":"Feature","properties":{"@id":"node/8865425540","amenity":"drinking_water","survey:date":"2024-04-20"},"geometry":{"type":"Point","coordinates":[6.3711262,45.2846109]},"id":"node/8865425540"},{"type":"Feature","properties":{"@id":"node/8865510388","amenity":"drinking_water"},"geometry":{"type":"Point","coordinates":[6.3773113,45.2941818]},"id":"node/8865510388"},{"type":"Feature","properties":{"@id":"node/8869448588","amenity":"drinking_water"},"geometry":{"type":"Point","coordinates":[6.2988192,45.2384009]},"id":"node/8869448588"},{"type":"Feature","properties":{"@id":"node/8873451375","man_made":"spring_box","natural":"spring","source":"IGN - 09/2020"},"geometry":{"type":"Point","coordinates":[6.4958073,45.1676145]},"id":"node/8873451375"},{"type":"Feature","properties":{"@id":"node/8875614854","natural":"spring"},"geometry":{"type":"Point","coordinates":[6.2713922,45.5411586]},"id":"node/8875614854"},{"type":"Feature","properties":{"@id":"node/8875614855","name":"La Claire Fontaine","natural":"spring"},"geometry":{"type":"Point","coordinates":[6.2649045,45.5344796]},"id":"node/8875614855"},{"type":"Feature","properties":{"@id":"node/8883877496","amenity":"drinking_water"},"geometry":{"type":"Point","coordinates":[6.277735,45.3431818]},"id":"node/8883877496"},{"type":"Feature","properties":{"@id":"node/8883877497","amenity":"drinking_water"},"geometry":{"type":"Point","coordinates":[6.2824322,45.34229]},"id":"node/8883877497"},{"type":"Feature","properties":{"@id":"node/8884013758","man_made":"spring_box","natural":"spring","source":"IGN - 09/2020"},"geometry":{"type":"Point","coordinates":[6.4695246,45.2405994]},"id":"node/8884013758"},{"type":"Feature","properties":{"@id":"node/8890010936","amenity":"drinking_water","source":"Grand Annecy"},"geometry":{"type":"Point","coordinates":[6.12128,45.89232]},"id":"node/8890010936"},{"type":"Feature","properties":{"@id":"node/8890010937","amenity":"drinking_water","source":"Grand Annecy","start_date":"1997-03-24"},"geometry":{"type":"Point","coordinates":[6.14934,45.85085]},"id":"node/8890010937"},{"type":"Feature","properties":{"@id":"node/8890010938","amenity":"drinking_water","source":"Grand Annecy","start_date":"1955-01-01"},"geometry":{"type":"Point","coordinates":[6.11439,45.91758]},"id":"node/8890010938"},{"type":"Feature","properties":{"@id":"node/8890010939","amenity":"drinking_water","man_made":"water_tap","source":"Grand Annecy","start_date":"2012-03-21"},"geometry":{"type":"Point","coordinates":[6.09927,45.88827]},"id":"node/8890010939"},{"type":"Feature","properties":{"@id":"node/8890011138","amenity":"drinking_water","source":"Grand Annecy"},"geometry":{"type":"Point","coordinates":[6.15207,45.92746]},"id":"node/8890011138"},{"type":"Feature","properties":{"@id":"node/8890011139","amenity":"lavoir","drinking_water":"yes","source":"Grand Annecy"},"geometry":{"type":"Point","coordinates":[6.1549152,45.8036307]},"id":"node/8890011139"},{"type":"Feature","properties":{"@id":"node/8890011248","amenity":"drinking_water","source":"Grand Annecy"},"geometry":{"type":"Point","coordinates":[6.15219,45.92776]},"id":"node/8890011248"},{"type":"Feature","properties":{"@id":"node/8890011249","access":"yes","amenity":"drinking_water","fee":"no","man_made":"water_tap","source":"Grand Annecy","start_date":"2011-09-22"},"geometry":{"type":"Point","coordinates":[6.12139,45.90816]},"id":"node/8890011249"},{"type":"Feature","properties":{"@id":"node/8890011250","amenity":"drinking_water","source":"Grand Annecy"},"geometry":{"type":"Point","coordinates":[6.14249,45.91564]},"id":"node/8890011250"},{"type":"Feature","properties":{"@id":"node/8890011423","amenity":"drinking_water","source":"Grand Annecy"},"geometry":{"type":"Point","coordinates":[6.09728,45.90339]},"id":"node/8890011423"},{"type":"Feature","properties":{"@id":"node/8890011424","amenity":"drinking_water","source":"Grand Annecy"},"geometry":{"type":"Point","coordinates":[6.0932,45.90521]},"id":"node/8890011424"},{"type":"Feature","properties":{"@id":"node/8890017764","amenity":"drinking_water","man_made":"water_tap","source":"Grand Annecy","start_date":"1960-01-01"},"geometry":{"type":"Point","coordinates":[6.07728,45.91154]},"id":"node/8890017764"},{"type":"Feature","properties":{"@id":"node/8890017766","amenity":"drinking_water","man_made":"water_tap","source":"Grand Annecy"},"geometry":{"type":"Point","coordinates":[6.18077,45.88494]},"id":"node/8890017766"},{"type":"Feature","properties":{"@id":"node/8890017767","amenity":"drinking_water","source":"Grand Annecy","start_date":"2009-07-22"},"geometry":{"type":"Point","coordinates":[6.1529545,45.9279128]},"id":"node/8890017767"},{"type":"Feature","properties":{"@id":"node/8890017768","amenity":"drinking_water","fountain":"drinking","source":"Grand Annecy"},"geometry":{"type":"Point","coordinates":[6.1241244,45.9079832]},"id":"node/8890017768"},{"type":"Feature","properties":{"@id":"node/8890017770","amenity":"drinking_water","man_made":"water_well","pump":"manual","source":"Grand Annecy"},"geometry":{"type":"Point","coordinates":[6.15136,45.91219]},"id":"node/8890017770"},{"type":"Feature","properties":{"@id":"node/8890017771","amenity":"drinking_water","man_made":"water_tap","source":"Grand Annecy","start_date":"2006-04-24"},"geometry":{"type":"Point","coordinates":[6.1793,45.88848]},"id":"node/8890017771"},{"type":"Feature","properties":{"@id":"node/8890017772","amenity":"drinking_water","operator":"Grand Annecy"},"geometry":{"type":"Point","coordinates":[6.1432779,45.9054563]},"id":"node/8890017772"},{"type":"Feature","properties":{"@id":"node/8890017773","amenity":"drinking_water","source":"Grand Annecy"},"geometry":{"type":"Point","coordinates":[6.12264,45.86537]},"id":"node/8890017773"},{"type":"Feature","properties":{"@id":"node/8890017774","amenity":"drinking_water","source":"Grand Annecy"},"geometry":{"type":"Point","coordinates":[6.11393,45.916]},"id":"node/8890017774"},{"type":"Feature","properties":{"@id":"node/8890017775","access":"yes","amenity":"drinking_water","source":"Grand Annecy","start_date":"1999-01-01"},"geometry":{"type":"Point","coordinates":[6.18378,45.87711]},"id":"node/8890017775"},{"type":"Feature","properties":{"@id":"node/8890017776","access":"yes","amenity":"drinking_water","fee":"no","man_made":"water_tap","source":"Grand Annecy","start_date":"2009-12-10"},"geometry":{"type":"Point","coordinates":[6.1272668,45.9274664]},"id":"node/8890017776"},{"type":"Feature","properties":{"@id":"node/8890017777","amenity":"drinking_water","source":"Grand Annecy","start_date":"2004-01-23"},"geometry":{"type":"Point","coordinates":[6.19269,45.81046]},"id":"node/8890017777"},{"type":"Feature","properties":{"@id":"node/8890017779","amenity":"drinking_water","man_made":"water_tap","source":"Grand Annecy"},"geometry":{"type":"Point","coordinates":[6.1296786,45.9061711]},"id":"node/8890017779"},{"type":"Feature","properties":{"@id":"node/8890017780","amenity":"drinking_water","source":"Grand Annecy","start_date":"1960-01-01"},"geometry":{"type":"Point","coordinates":[6.11956,45.91609]},"id":"node/8890017780"},{"type":"Feature","properties":{"@id":"node/8890017781","amenity":"drinking_water","source":"Grand Annecy"},"geometry":{"type":"Point","coordinates":[6.11497,45.91798]},"id":"node/8890017781"},{"type":"Feature","properties":{"@id":"node/8890017782","amenity":"drinking_water","fountain":"drinking","source":"Grand Annecy","start_date":"1990-06-08"},"geometry":{"type":"Point","coordinates":[6.1423162,45.8639693]},"id":"node/8890017782"},{"type":"Feature","properties":{"@id":"node/8890017783","amenity":"drinking_water","source":"Grand Annecy"},"geometry":{"type":"Point","coordinates":[6.11937,45.89578]},"id":"node/8890017783"},{"type":"Feature","properties":{"@id":"node/8890017784","amenity":"drinking_water","man_made":"water_well","pump":"manual","source":"Grand Annecy","start_date":"1999-04-30"},"geometry":{"type":"Point","coordinates":[6.1396309,45.9096075]},"id":"node/8890017784"},{"type":"Feature","properties":{"@id":"node/8890017785","amenity":"drinking_water","source":"Grand Annecy","start_date":"2010-09-13"},"geometry":{"type":"Point","coordinates":[6.1177687,45.9140695]},"id":"node/8890017785"},{"type":"Feature","properties":{"@id":"node/8890017786","amenity":"drinking_water","fountain":"drinking","source":"Grand Annecy","start_date":"1955-01-01"},"geometry":{"type":"Point","coordinates":[6.11339,45.91644]},"id":"node/8890017786"},{"type":"Feature","properties":{"@id":"node/8890017787","amenity":"drinking_water","source":"Grand Annecy"},"geometry":{"type":"Point","coordinates":[6.16553,45.80849]},"id":"node/8890017787"},{"type":"Feature","properties":{"@id":"node/8890017788","amenity":"drinking_water","source":"Grand Annecy","start_date":"1965-01-01"},"geometry":{"type":"Point","coordinates":[6.15408,45.80751]},"id":"node/8890017788"},{"type":"Feature","properties":{"@id":"node/8890017789","amenity":"drinking_water","source":"Grand Annecy"},"geometry":{"type":"Point","coordinates":[6.08862,45.91088]},"id":"node/8890017789"},{"type":"Feature","properties":{"@id":"node/8890017790","amenity":"drinking_water","fountain":"drinking","source":"Grand Annecy","start_date":"2006-08-07"},"geometry":{"type":"Point","coordinates":[6.10534,45.90883]},"id":"node/8890017790"},{"type":"Feature","properties":{"@id":"node/8890017791","amenity":"drinking_water","source":"Grand Annecy"},"geometry":{"type":"Point","coordinates":[6.08621,45.87959]},"id":"node/8890017791"},{"type":"Feature","properties":{"@id":"node/8890017792","amenity":"drinking_water","source":"Grand Annecy"},"geometry":{"type":"Point","coordinates":[6.1958956,45.859533]},"id":"node/8890017792"},{"type":"Feature","properties":{"@id":"node/8890017793","amenity":"drinking_water","fountain":"drinking","source":"Grand Annecy","start_date":"1992-10-28"},"geometry":{"type":"Point","coordinates":[6.11913,45.90504]},"id":"node/8890017793"},{"type":"Feature","properties":{"@id":"node/8890017794","amenity":"drinking_water","source":"Grand Annecy"},"geometry":{"type":"Point","coordinates":[6.15244,45.92844]},"id":"node/8890017794"},{"type":"Feature","properties":{"@id":"node/8890017795","amenity":"drinking_water","source":"Grand Annecy","start_date":"1984-01-01"},"geometry":{"type":"Point","coordinates":[6.08945,45.88507]},"id":"node/8890017795"},{"type":"Feature","properties":{"@id":"node/8890017796","amenity":"drinking_water","source":"Grand Annecy","start_date":"1965-01-01"},"geometry":{"type":"Point","coordinates":[6.08822,45.91467]},"id":"node/8890017796"},{"type":"Feature","properties":{"@id":"node/8890017798","amenity":"drinking_water","source":"Grand Annecy","start_date":"2013-07-01"},"geometry":{"type":"Point","coordinates":[6.18288,45.88264]},"id":"node/8890017798"},{"type":"Feature","properties":{"@id":"node/8890017799","amenity":"drinking_water","source":"Grand Annecy"},"geometry":{"type":"Point","coordinates":[6.10435,45.90954]},"id":"node/8890017799"},{"type":"Feature","properties":{"@id":"node/8890017800","amenity":"drinking_water","source":"Grand Annecy"},"geometry":{"type":"Point","coordinates":[6.09445,45.93475]},"id":"node/8890017800"},{"type":"Feature","properties":{"@id":"node/8890017803","amenity":"drinking_water","source":"Grand Annecy","start_date":"1950-01-01"},"geometry":{"type":"Point","coordinates":[6.13684,45.84746]},"id":"node/8890017803"},{"type":"Feature","properties":{"@id":"node/8890017804","amenity":"drinking_water","source":"Grand Annecy","start_date":"1955-01-01"},"geometry":{"type":"Point","coordinates":[6.11372,45.91712]},"id":"node/8890017804"},{"type":"Feature","properties":{"@id":"node/8890017805","amenity":"drinking_water","source":"Grand Annecy","start_date":"1955-01-01"},"geometry":{"type":"Point","coordinates":[6.11346,45.9167]},"id":"node/8890017805"},{"type":"Feature","properties":{"@id":"node/8890017806","access":"yes","amenity":"drinking_water","fee":"no","man_made":"water_tap","source":"Grand Annecy","start_date":"2020-09-17"},"geometry":{"type":"Point","coordinates":[5.9955296,45.7778725]},"id":"node/8890017806"},{"type":"Feature","properties":{"@id":"node/8890017807","access":"yes","amenity":"drinking_water","fee":"no","man_made":"water_tap","ref":"A14","source":"Grand Annecy"},"geometry":{"type":"Point","coordinates":[6.1306,45.90288]},"id":"node/8890017807"},{"type":"Feature","properties":{"@id":"node/8890017808","amenity":"drinking_water","source":"Grand Annecy","start_date":"1955-01-01"},"geometry":{"type":"Point","coordinates":[6.11361,45.91765]},"id":"node/8890017808"},{"type":"Feature","properties":{"@id":"node/8890017809","amenity":"drinking_water","man_made":"water_tap","source":"Grand Annecy"},"geometry":{"type":"Point","coordinates":[6.13654,45.89221]},"id":"node/8890017809"},{"type":"Feature","properties":{"@id":"node/8890017810","access":"yes","amenity":"drinking_water","fee":"no","man_made":"water_tap","source":"Grand Annecy"},"geometry":{"type":"Point","coordinates":[6.10506,45.91834]},"id":"node/8890017810"},{"type":"Feature","properties":{"@id":"node/8890017811","amenity":"drinking_water","source":"Grand Annecy","start_date":"1992-04-23"},"geometry":{"type":"Point","coordinates":[6.12825,45.90701]},"id":"node/8890017811"},{"type":"Feature","properties":{"@id":"node/8890017812","amenity":"lavoir","drinking_water":"yes","source":"Grand Annecy"},"geometry":{"type":"Point","coordinates":[6.1576,45.79873]},"id":"node/8890017812"},{"type":"Feature","properties":{"@id":"node/8890017813","amenity":"drinking_water","source":"Grand Annecy"},"geometry":{"type":"Point","coordinates":[6.16259,45.83731]},"id":"node/8890017813"},{"type":"Feature","properties":{"@id":"node/8890017814","amenity":"drinking_water","source":"Grand Annecy"},"geometry":{"type":"Point","coordinates":[6.12672,45.89984]},"id":"node/8890017814"},{"type":"Feature","properties":{"@id":"node/8890017815","amenity":"drinking_water","source":"Grand Annecy"},"geometry":{"type":"Point","coordinates":[6.06207,45.92602]},"id":"node/8890017815"},{"type":"Feature","properties":{"@id":"node/8890017816","amenity":"drinking_water","source":"Grand Annecy"},"geometry":{"type":"Point","coordinates":[6.01243,45.80535]},"id":"node/8890017816"},{"type":"Feature","properties":{"@id":"node/8890022217","amenity":"drinking_water","source":"Grand Annecy","start_date":"2009-11-30"},"geometry":{"type":"Point","coordinates":[6.15231,45.92809]},"id":"node/8890022217"},{"type":"Feature","properties":{"@id":"node/8890022218","amenity":"drinking_water","source":"Grand Annecy"},"geometry":{"type":"Point","coordinates":[6.08667,45.87955]},"id":"node/8890022218"},{"type":"Feature","properties":{"@id":"node/8890022219","amenity":"drinking_water","source":"Grand Annecy","start_date":"2019-12-11"},"geometry":{"type":"Point","coordinates":[6.0382,45.80534]},"id":"node/8890022219"},{"type":"Feature","properties":{"@id":"node/8890022220","amenity":"drinking_water","source":"Grand Annecy","start_date":"1997-02-11"},"geometry":{"type":"Point","coordinates":[6.16436,45.9101]},"id":"node/8890022220"},{"type":"Feature","properties":{"@id":"node/8890022221","amenity":"drinking_water","man_made":"water_tap","source":"Grand Annecy"},"geometry":{"type":"Point","coordinates":[6.1791,45.88785]},"id":"node/8890022221"},{"type":"Feature","properties":{"@id":"node/8890022222","amenity":"drinking_water","source":"Grand Annecy"},"geometry":{"type":"Point","coordinates":[6.08704,45.8796]},"id":"node/8890022222"},{"type":"Feature","properties":{"@id":"node/8890022223","amenity":"drinking_water","source":"Grand Annecy"},"geometry":{"type":"Point","coordinates":[6.20532,45.85837]},"id":"node/8890022223"},{"type":"Feature","properties":{"@id":"node/8890022224","amenity":"drinking_water","fee":"no","source":"Grand Annecy"},"geometry":{"type":"Point","coordinates":[6.14475,45.92064]},"id":"node/8890022224"},{"type":"Feature","properties":{"@id":"node/8890022225","amenity":"drinking_water","source":"Grand Annecy"},"geometry":{"type":"Point","coordinates":[6.17493,45.88106]},"id":"node/8890022225"},{"type":"Feature","properties":{"@id":"node/8890022226","amenity":"drinking_water","source":"Grand Annecy"},"geometry":{"type":"Point","coordinates":[6.20291,45.78191]},"id":"node/8890022226"},{"type":"Feature","properties":{"@id":"node/8890022227","amenity":"drinking_water","man_made":"water_tap","source":"Grand Annecy","start_date":"1998-01-01"},"geometry":{"type":"Point","coordinates":[6.1288607,45.9115072]},"id":"node/8890022227"},{"type":"Feature","properties":{"@id":"node/8890022228","amenity":"drinking_water","source":"Grand Annecy","start_date":"1960-01-01"},"geometry":{"type":"Point","coordinates":[6.11691,45.91719]},"id":"node/8890022228"},{"type":"Feature","properties":{"@id":"node/8890022229","amenity":"drinking_water","source":"Grand Annecy","start_date":"1955-01-01"},"geometry":{"type":"Point","coordinates":[6.11323,45.91624]},"id":"node/8890022229"},{"type":"Feature","properties":{"@id":"node/8890022230","amenity":"drinking_water","source":"Grand Annecy"},"geometry":{"type":"Point","coordinates":[6.11907,45.89614]},"id":"node/8890022230"},{"type":"Feature","properties":{"@id":"node/8890022231","amenity":"drinking_water","source":"Grand Annecy","start_date":"2008-06-28"},"geometry":{"type":"Point","coordinates":[6.12011,45.89314]},"id":"node/8890022231"},{"type":"Feature","properties":{"@id":"node/8890022232","amenity":"drinking_water","source":"Grand Annecy","start_date":"1997-02-04"},"geometry":{"type":"Point","coordinates":[6.13677,45.86619]},"id":"node/8890022232"},{"type":"Feature","properties":{"@id":"node/8890022233","amenity":"drinking_water","source":"Grand Annecy","start_date":"1955-01-01"},"geometry":{"type":"Point","coordinates":[6.11424,45.91672]},"id":"node/8890022233"},{"type":"Feature","properties":{"@id":"node/8890022234","amenity":"drinking_water","source":"Grand Annecy"},"geometry":{"type":"Point","coordinates":[6.1530945,45.9282828]},"id":"node/8890022234"},{"type":"Feature","properties":{"@id":"node/8890022235","amenity":"drinking_water","source":"Grand Annecy","start_date":"1955-01-01"},"geometry":{"type":"Point","coordinates":[6.11291,45.91717]},"id":"node/8890022235"},{"type":"Feature","properties":{"@id":"node/8890022236","amenity":"drinking_water","source":"Grand Annecy"},"geometry":{"type":"Point","coordinates":[6.14869,45.79604]},"id":"node/8890022236"},{"type":"Feature","properties":{"@id":"node/8890022237","amenity":"drinking_water","covered":"yes","source":"Grand Annecy"},"geometry":{"type":"Point","coordinates":[6.07164,45.85599]},"id":"node/8890022237"},{"type":"Feature","properties":{"@id":"node/8890022238","amenity":"drinking_water","source":"Grand Annecy"},"geometry":{"type":"Point","coordinates":[6.1211,45.8985]},"id":"node/8890022238"},{"type":"Feature","properties":{"@id":"node/8890022239","amenity":"drinking_water","man_made":"water_well","operator":"Grand Annecy","pump":"manual","start_date":"2008-12-08"},"geometry":{"type":"Point","coordinates":[6.14035,45.88704]},"id":"node/8890022239"},{"type":"Feature","properties":{"@id":"node/8890022240","amenity":"drinking_water","operator":"Grand Annecy","start_date":"2007-05-23"},"geometry":{"type":"Point","coordinates":[6.14732,45.91299]},"id":"node/8890022240"},{"type":"Feature","properties":{"@id":"node/8890022241","amenity":"drinking_water","man_made":"water_well","pump":"manual","source":"Grand Annecy"},"geometry":{"type":"Point","coordinates":[6.10589,45.90929]},"id":"node/8890022241"},{"type":"Feature","properties":{"@id":"node/8890022242","amenity":"drinking_water","source":"Grand Annecy","start_date":"1985-01-01"},"geometry":{"type":"Point","coordinates":[6.0669,45.92151]},"id":"node/8890022242"},{"type":"Feature","properties":{"@id":"node/8890022243","amenity":"drinking_water","source":"Grand Annecy","start_date":"2007-07-25"},"geometry":{"type":"Point","coordinates":[6.15262,45.92575]},"id":"node/8890022243"},{"type":"Feature","properties":{"@id":"node/8890022244","amenity":"drinking_water","source":"Grand Annecy"},"geometry":{"type":"Point","coordinates":[6.16645,45.89548]},"id":"node/8890022244"},{"type":"Feature","properties":{"@id":"node/8890022245","amenity":"drinking_water","source":"Grand Annecy"},"geometry":{"type":"Point","coordinates":[6.10564,45.91015]},"id":"node/8890022245"},{"type":"Feature","properties":{"@id":"node/8890022246","amenity":"drinking_water","source":"Grand Annecy"},"geometry":{"type":"Point","coordinates":[6.16337,45.92062]},"id":"node/8890022246"},{"type":"Feature","properties":{"@id":"node/8890022247","amenity":"drinking_water","source":"Grand Annecy"},"geometry":{"type":"Point","coordinates":[6.18995,45.86329]},"id":"node/8890022247"},{"type":"Feature","properties":{"@id":"node/8890022248","access":"yes","amenity":"drinking_water","source":"Grand Annecy"},"geometry":{"type":"Point","coordinates":[6.1846,45.87652]},"id":"node/8890022248"},{"type":"Feature","properties":{"@id":"node/8890022249","amenity":"drinking_water","man_made":"water_tap","source":"Grand Annecy","start_date":"2012-02-29"},"geometry":{"type":"Point","coordinates":[6.11844,45.9151]},"id":"node/8890022249"},{"type":"Feature","properties":{"@id":"node/8890022251","amenity":"drinking_water","source":"Grand Annecy"},"geometry":{"type":"Point","coordinates":[6.17496,45.88959]},"id":"node/8890022251"},{"type":"Feature","properties":{"@id":"node/8890022252","amenity":"drinking_water","source":"Grand Annecy"},"geometry":{"type":"Point","coordinates":[6.11562,45.91844]},"id":"node/8890022252"},{"type":"Feature","properties":{"@id":"node/8890022253","amenity":"drinking_water","source":"Grand Annecy","start_date":"2015-06-03"},"geometry":{"type":"Point","coordinates":[6.20242,45.82791]},"id":"node/8890022253"},{"type":"Feature","properties":{"@id":"node/8890022254","amenity":"drinking_water","source":"Grand Annecy","start_date":"2012-01-01"},"geometry":{"type":"Point","coordinates":[6.14851,45.96265]},"id":"node/8890022254"},{"type":"Feature","properties":{"@id":"node/8890022255","amenity":"drinking_water","source":"Grand Annecy"},"geometry":{"type":"Point","coordinates":[6.11495,45.91718]},"id":"node/8890022255"},{"type":"Feature","properties":{"@id":"node/8890022256","amenity":"drinking_water","source":"Grand Annecy","start_date":"1970-01-01"},"geometry":{"type":"Point","coordinates":[6.13091,45.88504]},"id":"node/8890022256"},{"type":"Feature","properties":{"@id":"node/8890022257","amenity":"drinking_water","source":"Grand Annecy"},"geometry":{"type":"Point","coordinates":[6.1413,45.94061]},"id":"node/8890022257"},{"type":"Feature","properties":{"@id":"node/8890022258","amenity":"drinking_water","man_made":"water_tap","source":"Grand Annecy"},"geometry":{"type":"Point","coordinates":[6.17487,45.84339]},"id":"node/8890022258"},{"type":"Feature","properties":{"@id":"node/8890022259","amenity":"drinking_water","operator":"Grand Annecy"},"geometry":{"type":"Point","coordinates":[6.13766,45.90997]},"id":"node/8890022259"},{"type":"Feature","properties":{"@id":"node/8890022260","amenity":"drinking_water","source":"Grand Annecy","start_date":"2012-09-11"},"geometry":{"type":"Point","coordinates":[6.12007,45.91687]},"id":"node/8890022260"},{"type":"Feature","properties":{"@id":"node/8890022261","amenity":"drinking_water","source":"Grand Annecy"},"geometry":{"type":"Point","coordinates":[6.11851,45.89666]},"id":"node/8890022261"},{"type":"Feature","properties":{"@id":"node/8890022263","amenity":"drinking_water","source":"Grand Annecy"},"geometry":{"type":"Point","coordinates":[6.08434,45.75081]},"id":"node/8890022263"},{"type":"Feature","properties":{"@id":"node/8890022264","amenity":"drinking_water","source":"Grand Annecy","start_date":"1997-02-12"},"geometry":{"type":"Point","coordinates":[6.16397,45.92737]},"id":"node/8890022264"},{"type":"Feature","properties":{"@id":"node/8890022265","amenity":"drinking_water","source":"Grand Annecy","start_date":"1985-01-01"},"geometry":{"type":"Point","coordinates":[6.06668,45.92196]},"id":"node/8890022265"},{"type":"Feature","properties":{"@id":"node/8890022266","amenity":"drinking_water","man_made":"water_tap","source":"Grand Annecy"},"geometry":{"type":"Point","coordinates":[6.02438,45.81513]},"id":"node/8890022266"},{"type":"Feature","properties":{"@id":"node/8890022267","access":"yes","amenity":"drinking_water","man_made":"water_tap","source":"Grand Annecy"},"geometry":{"type":"Point","coordinates":[6.1218743,45.9006489]},"id":"node/8890022267"},{"type":"Feature","properties":{"@id":"node/8890022268","amenity":"drinking_water","source":"Grand Annecy"},"geometry":{"type":"Point","coordinates":[6.08762,45.87994]},"id":"node/8890022268"},{"type":"Feature","properties":{"@id":"node/8890022269","amenity":"drinking_water","source":"Grand Annecy"},"geometry":{"type":"Point","coordinates":[6.08597,45.8798]},"id":"node/8890022269"},{"type":"Feature","properties":{"@id":"node/8890022270","amenity":"drinking_water","source":"Grand Annecy"},"geometry":{"type":"Point","coordinates":[6.19936,45.86389]},"id":"node/8890022270"},{"type":"Feature","properties":{"@id":"node/8890022271","amenity":"drinking_water","source":"Grand Annecy"},"geometry":{"type":"Point","coordinates":[6.08674,45.88002]},"id":"node/8890022271"},{"type":"Feature","properties":{"@id":"node/8890022272","amenity":"drinking_water","man_made":"water_tap","source":"Grand Annecy"},"geometry":{"type":"Point","coordinates":[6.18599,45.85916]},"id":"node/8890022272"},{"type":"Feature","properties":{"@id":"node/8890022273","amenity":"drinking_water","source":"Grand Annecy"},"geometry":{"type":"Point","coordinates":[6.17813,45.88339]},"id":"node/8890022273"},{"type":"Feature","properties":{"@id":"node/8890022274","amenity":"drinking_water","source":"Grand Annecy"},"geometry":{"type":"Point","coordinates":[6.05362,45.78465]},"id":"node/8890022274"},{"type":"Feature","properties":{"@id":"node/8890022275","access":"yes","amenity":"drinking_water","fee":"no","man_made":"water_tap","source":"Grand Annecy"},"geometry":{"type":"Point","coordinates":[6.12874,45.91229]},"id":"node/8890022275"},{"type":"Feature","properties":{"@id":"node/8890022276","amenity":"drinking_water","source":"Grand Annecy","start_date":"1992-08-07"},"geometry":{"type":"Point","coordinates":[6.1399,45.86464]},"id":"node/8890022276"},{"type":"Feature","properties":{"@id":"node/8890022277","amenity":"drinking_water","source":"Grand Annecy"},"geometry":{"type":"Point","coordinates":[6.11229,45.91671]},"id":"node/8890022277"},{"type":"Feature","properties":{"@id":"node/8890022278","amenity":"drinking_water","source":"Grand Annecy","start_date":"1999-05-19"},"geometry":{"type":"Point","coordinates":[6.12292,45.89593]},"id":"node/8890022278"},{"type":"Feature","properties":{"@id":"node/8890078589","amenity":"water_point","source":"Grand Annecy","start_date":"2017-07-28"},"geometry":{"type":"Point","coordinates":[6.11796,45.88478]},"id":"node/8890078589"},{"type":"Feature","properties":{"@id":"node/8891009815","amenity":"drinking_water"},"geometry":{"type":"Point","coordinates":[6.284403,45.4125084]},"id":"node/8891009815"},{"type":"Feature","properties":{"@id":"node/8891079457","drinking_water":"yes","man_made":"spring_box","natural":"spring","source":"IGN - 09/2020"},"geometry":{"type":"Point","coordinates":[6.4552744,45.2021678]},"id":"node/8891079457"},{"type":"Feature","properties":{"@id":"node/8891079487","man_made":"spring_box","natural":"spring","source":"IGN - 09/2020"},"geometry":{"type":"Point","coordinates":[6.4831241,45.1859813]},"id":"node/8891079487"},{"type":"Feature","properties":{"@id":"node/8891924890","intermittent":"no","natural":"spring","ref:refuges.info":"7108"},"geometry":{"type":"Point","coordinates":[6.7670906,46.1009484]},"id":"node/8891924890"},{"type":"Feature","properties":{"@id":"node/8892334579","amenity":"drinking_water"},"geometry":{"type":"Point","coordinates":[6.9463867,45.4828228]},"id":"node/8892334579"},{"type":"Feature","properties":{"@id":"node/8893145597","drinking_water":"yes","drinking_water:legal":"yes","man_made":"spring_box","natural":"spring","source":"IGN - 09/2020"},"geometry":{"type":"Point","coordinates":[6.4571594,45.2040538]},"id":"node/8893145597"},{"type":"Feature","properties":{"@id":"node/8893145598","drinking_water":"yes","drinking_water:legal":"yes","man_made":"spring_box","natural":"spring","source":"IGN - 09/2020"},"geometry":{"type":"Point","coordinates":[6.4563281,45.2041697]},"id":"node/8893145598"},{"type":"Feature","properties":{"@id":"node/8893391414","amenity":"drinking_water"},"geometry":{"type":"Point","coordinates":[6.2915289,45.3454935]},"id":"node/8893391414"},{"type":"Feature","properties":{"@id":"node/8893438437","natural":"spring"},"geometry":{"type":"Point","coordinates":[6.2799069,45.3585932]},"id":"node/8893438437"},{"type":"Feature","properties":{"@id":"node/8893444417","amenity":"drinking_water"},"geometry":{"type":"Point","coordinates":[6.2811354,45.3442733]},"id":"node/8893444417"},{"type":"Feature","properties":{"@id":"node/8894560985","amenity":"drinking_water"},"geometry":{"type":"Point","coordinates":[6.2579145,45.3437188]},"id":"node/8894560985"},{"type":"Feature","properties":{"@id":"node/8895152266","name":"Fontaine de la Roche","natural":"spring"},"geometry":{"type":"Point","coordinates":[5.8993539,45.6344516]},"id":"node/8895152266"},{"type":"Feature","properties":{"@id":"node/8895754352","amenity":"fountain","drinking_water":"yes"},"geometry":{"type":"Point","coordinates":[6.3214071,46.2357245]},"id":"node/8895754352"},{"type":"Feature","properties":{"@id":"node/8895754353","amenity":"fountain","drinking_water":"yes"},"geometry":{"type":"Point","coordinates":[6.3305035,46.2510418]},"id":"node/8895754353"},{"type":"Feature","properties":{"@id":"node/8895826438","amenity":"drinking_water"},"geometry":{"type":"Point","coordinates":[5.9622848,46.0960678]},"id":"node/8895826438"},{"type":"Feature","properties":{"@id":"node/8908271804","access":"yes","amenity":"drinking_water","fee":"no","survey:date":"2025-04-29"},"geometry":{"type":"Point","coordinates":[6.3457167,45.2774695]},"id":"node/8908271804"},{"type":"Feature","properties":{"@id":"node/8908271805","amenity":"drinking_water","survey:date":"2025-04-29"},"geometry":{"type":"Point","coordinates":[6.3443299,45.2781923]},"id":"node/8908271805"},{"type":"Feature","properties":{"@id":"node/8910089488","amenity":"drinking_water"},"geometry":{"type":"Point","coordinates":[6.0909621,45.9393299]},"id":"node/8910089488"},{"type":"Feature","properties":{"@id":"node/8910103030","natural":"spring"},"geometry":{"type":"Point","coordinates":[5.9570199,45.5965075]},"id":"node/8910103030"},{"type":"Feature","properties":{"@id":"node/8913239427","amenity":"toilets","changing_table":"no","drinking_water":"yes","fee":"no","opening_hours":"24/7","toilets:disposal":"flush","wheelchair":"no"},"geometry":{"type":"Point","coordinates":[5.847107,45.8209018]},"id":"node/8913239427"},{"type":"Feature","properties":{"@id":"node/8913406260","amenity":"drinking_water"},"geometry":{"type":"Point","coordinates":[6.4055217,45.2819455]},"id":"node/8913406260"},{"type":"Feature","properties":{"@id":"node/8916222737","access":"yes","amenity":"drinking_water","bottle":"yes","fee":"no","wheelchair":"yes"},"geometry":{"type":"Point","coordinates":[6.2276127,46.1947146]},"id":"node/8916222737"},{"type":"Feature","properties":{"@id":"node/8923539056","amenity":"drinking_water"},"geometry":{"type":"Point","coordinates":[6.6951844,45.1996713]},"id":"node/8923539056"},{"type":"Feature","properties":{"@id":"node/8928988872","amenity":"drinking_water","fountain":"drinking","ref:refuges.info":"8454"},"geometry":{"type":"Point","coordinates":[6.7176673,45.7950131]},"id":"node/8928988872"},{"type":"Feature","properties":{"@id":"node/8935675517","amenity":"drinking_water","check_date":"2025-12-28","man_made":"water_tap"},"geometry":{"type":"Point","coordinates":[6.8749464,45.9304416]},"id":"node/8935675517"},{"type":"Feature","properties":{"@id":"node/8935990397","amenity":"drinking_water","man_made":"water_tap","ref:refuges.info":"7820"},"geometry":{"type":"Point","coordinates":[6.7987833,45.8903326]},"id":"node/8935990397"},{"type":"Feature","properties":{"@id":"node/8938976418","amenity":"drinking_water","fountain":"drinking","ref:refuges.info":"8440","survey:date":"2021-07-21"},"geometry":{"type":"Point","coordinates":[6.741338,45.9495358]},"id":"node/8938976418"},{"type":"Feature","properties":{"@id":"node/8940865215","amenity":"drinking_water"},"geometry":{"type":"Point","coordinates":[6.0777331,45.5823166]},"id":"node/8940865215"},{"type":"Feature","properties":{"@id":"node/8942699372","amenity":"drinking_water"},"geometry":{"type":"Point","coordinates":[6.1382619,45.5138137]},"id":"node/8942699372"},{"type":"Feature","properties":{"@id":"node/8942715839","amenity":"drinking_water"},"geometry":{"type":"Point","coordinates":[6.0900689,45.5024856]},"id":"node/8942715839"},{"type":"Feature","properties":{"@id":"node/8942722668","amenity":"drinking_water"},"geometry":{"type":"Point","coordinates":[6.1065629,45.5048834]},"id":"node/8942722668"},{"type":"Feature","properties":{"@id":"node/8942726658","amenity":"drinking_water"},"geometry":{"type":"Point","coordinates":[6.0300571,45.9019874]},"id":"node/8942726658"},{"type":"Feature","properties":{"@id":"node/8943794417","amenity":"drinking_water","survey:date":"2023-08-15"},"geometry":{"type":"Point","coordinates":[6.2400214,45.5946083]},"id":"node/8943794417"},{"type":"Feature","properties":{"@id":"node/8946610417","amenity":"drinking_water","man_made":"water_tap","ref:refuges.info":"8480","survey:date":"2021-07-24"},"geometry":{"type":"Point","coordinates":[6.8722406,45.9252419]},"id":"node/8946610417"},{"type":"Feature","properties":{"@id":"node/8964211589","drinking_water":"no","man_made":"water_tap"},"geometry":{"type":"Point","coordinates":[6.2451339,45.3048719]},"id":"node/8964211589"},{"type":"Feature","properties":{"@id":"node/8968422686","amenity":"drinking_water"},"geometry":{"type":"Point","coordinates":[6.6522106,45.2291515]},"id":"node/8968422686"},{"type":"Feature","properties":{"@id":"node/8968423466","amenity":"fountain"},"geometry":{"type":"Point","coordinates":[6.6669338,45.2039842]},"id":"node/8968423466"},{"type":"Feature","properties":{"@id":"node/8979252614","amenity":"water_point"},"geometry":{"type":"Point","coordinates":[6.2066404,46.1832827]},"id":"node/8979252614"},{"type":"Feature","properties":{"@id":"node/8979252615","amenity":"water_point"},"geometry":{"type":"Point","coordinates":[6.2074135,46.1834369]},"id":"node/8979252615"},{"type":"Feature","properties":{"@id":"node/8979252616","amenity":"water_point"},"geometry":{"type":"Point","coordinates":[6.2073009,46.1835469]},"id":"node/8979252616"},{"type":"Feature","properties":{"@id":"node/8979318417","amenity":"water_point"},"geometry":{"type":"Point","coordinates":[6.2062454,46.1837609]},"id":"node/8979318417"},{"type":"Feature","properties":{"@id":"node/8979318418","amenity":"water_point"},"geometry":{"type":"Point","coordinates":[6.2063755,46.1840618]},"id":"node/8979318418"},{"type":"Feature","properties":{"@id":"node/8979318419","amenity":"water_point"},"geometry":{"type":"Point","coordinates":[6.2070943,46.1839476]},"id":"node/8979318419"},{"type":"Feature","properties":{"@id":"node/8979939371","access":"yes","amenity":"drinking_water","bottle":"yes","fee":"no","wheelchair":"yes"},"geometry":{"type":"Point","coordinates":[6.7770353,45.5334114]},"id":"node/8979939371"},{"type":"Feature","properties":{"@id":"node/8981001518","amenity":"fountain"},"geometry":{"type":"Point","coordinates":[6.6470621,45.4424088]},"id":"node/8981001518"},{"type":"Feature","properties":{"@id":"node/8985827892","amenity":"drinking_water"},"geometry":{"type":"Point","coordinates":[6.692808,45.5726051]},"id":"node/8985827892"},{"type":"Feature","properties":{"@id":"node/8985852458","amenity":"drinking_water"},"geometry":{"type":"Point","coordinates":[6.7135869,45.569124]},"id":"node/8985852458"},{"type":"Feature","properties":{"@id":"node/8985854994","access":"yes","amenity":"drinking_water","bottle":"yes","fee":"no","ref:refuges.info":"8607","wheelchair":"yes"},"geometry":{"type":"Point","coordinates":[6.6935907,45.5755492]},"id":"node/8985854994"},{"type":"Feature","properties":{"@id":"node/8985866894","access":"yes","amenity":"drinking_water","bottle":"yes","check_date":"2025-08-10","fee":"no","man_made":"water_tap","wheelchair":"yes"},"geometry":{"type":"Point","coordinates":[6.7542418,45.5509927]},"id":"node/8985866894"},{"type":"Feature","properties":{"@id":"node/8985866895","amenity":"drinking_water","man_made":"water_tap"},"geometry":{"type":"Point","coordinates":[6.69323,45.5734976]},"id":"node/8985866895"},{"type":"Feature","properties":{"@id":"node/8985866896","natural":"spring"},"geometry":{"type":"Point","coordinates":[6.6371824,45.666486]},"id":"node/8985866896"},{"type":"Feature","properties":{"@id":"node/8985879234","amenity":"drinking_water","man_made":"water_tap","start_date":"1931"},"geometry":{"type":"Point","coordinates":[6.6930907,45.5742511]},"id":"node/8985879234"},{"type":"Feature","properties":{"@id":"node/8985880564","amenity":"drinking_water"},"geometry":{"type":"Point","coordinates":[6.7154473,45.5697001]},"id":"node/8985880564"},{"type":"Feature","properties":{"@id":"node/8985880565","amenity":"drinking_water","ref:refuges.info":"8608"},"geometry":{"type":"Point","coordinates":[6.6925857,45.5770469]},"id":"node/8985880565"},{"type":"Feature","properties":{"@id":"node/8985881109","amenity":"drinking_water"},"geometry":{"type":"Point","coordinates":[6.7096448,45.5710006]},"id":"node/8985881109"},{"type":"Feature","properties":{"@id":"node/8985881776","access":"yes","amenity":"drinking_water","bottle":"yes","check_date":"2024-08-22","fee":"no","fountain":"drinking","wheelchair":"yes"},"geometry":{"type":"Point","coordinates":[6.7557839,45.5468729]},"id":"node/8985881776"},{"type":"Feature","properties":{"@id":"node/8985883318","amenity":"drinking_water"},"geometry":{"type":"Point","coordinates":[6.712358,45.5695863]},"id":"node/8985883318"},{"type":"Feature","properties":{"@id":"node/8985887666","access":"yes","amenity":"toilets","bottle":"yes","drinking_water":"yes","fee":"no","layer":"-2","toilets:disposal":"flush","unisex":"yes","wheelchair":"no"},"geometry":{"type":"Point","coordinates":[6.7929611,45.5957507]},"id":"node/8985887666"},{"type":"Feature","properties":{"@id":"node/8986327205","access":"yes","amenity":"toilets","bottle":"yes","drinking_water":"yes","fee":"no","female":"yes","male":"yes","toilets:disposal":"flush","wheelchair":"yes"},"geometry":{"type":"Point","coordinates":[6.7816581,45.5766665]},"id":"node/8986327205"},{"type":"Feature","properties":{"@id":"node/8989777335","amenity":"fountain"},"geometry":{"type":"Point","coordinates":[6.7977805,45.5957629]},"id":"node/8989777335"},{"type":"Feature","properties":{"@id":"node/8989801440","amenity":"drinking_water"},"geometry":{"type":"Point","coordinates":[6.8732968,45.5534098]},"id":"node/8989801440"},{"type":"Feature","properties":{"@id":"node/8989801441","amenity":"drinking_water"},"geometry":{"type":"Point","coordinates":[6.8845201,45.5527278]},"id":"node/8989801441"},{"type":"Feature","properties":{"@id":"node/8990073166","natural":"spring"},"geometry":{"type":"Point","coordinates":[5.8009805,45.4497083]},"id":"node/8990073166"},{"type":"Feature","properties":{"@id":"node/8993210117","amenity":"drinking_water"},"geometry":{"type":"Point","coordinates":[5.9340117,46.1029637]},"id":"node/8993210117"},{"type":"Feature","properties":{"@id":"node/8993652456","amenity":"drinking_water"},"geometry":{"type":"Point","coordinates":[6.7795425,45.5285221]},"id":"node/8993652456"},{"type":"Feature","properties":{"@id":"node/8995778417","access":"yes","amenity":"drinking_water","bottle":"yes","covered":"no","fee":"no","indoor":"no","source":"survey","wheelchair":"yes"},"geometry":{"type":"Point","coordinates":[5.807662,45.8486268]},"id":"node/8995778417"},{"type":"Feature","properties":{"@id":"node/8996716547","man_made":"spring_box","name":"Source du Vernet","natural":"spring","source":"IGN - 2021-06"},"geometry":{"type":"Point","coordinates":[6.5269789,45.2232321]},"id":"node/8996716547"},{"type":"Feature","properties":{"@id":"node/8996716548","man_made":"spring_box","name":"Source de Pierre-Aigue","natural":"spring","source":"IGN - 2021-06"},"geometry":{"type":"Point","coordinates":[6.5268419,45.2226379]},"id":"node/8996716548"},{"type":"Feature","properties":{"@id":"node/8996716550","man_made":"spring_box","name":"Source des Martinières","natural":"spring","source":"IGN - 2021-06"},"geometry":{"type":"Point","coordinates":[6.528114,45.2200875]},"id":"node/8996716550"},{"type":"Feature","properties":{"@id":"node/8996716560","man_made":"spring_box","name":"Source de l'Arpont","natural":"spring","source":"IGN - 2021-06"},"geometry":{"type":"Point","coordinates":[6.5297341,45.2227142]},"id":"node/8996716560"},{"type":"Feature","properties":{"@id":"node/8996786903","man_made":"spring_box","natural":"spring","source":"IGN - 2021-06"},"geometry":{"type":"Point","coordinates":[6.4058399,45.1958585]},"id":"node/8996786903"},{"type":"Feature","properties":{"@id":"node/8996786904","man_made":"spring_box","natural":"spring","source":"IGN - 2021-06"},"geometry":{"type":"Point","coordinates":[6.410625,45.1972139]},"id":"node/8996786904"},{"type":"Feature","properties":{"@id":"node/8996786905","man_made":"spring_box","natural":"spring","source":"IGN - 2021-06"},"geometry":{"type":"Point","coordinates":[6.4129327,45.1987422]},"id":"node/8996786905"},{"type":"Feature","properties":{"@id":"node/8996798118","man_made":"spring_box","natural":"spring","source":"IGN - 2021-06"},"geometry":{"type":"Point","coordinates":[6.3963018,45.2139156]},"id":"node/8996798118"},{"type":"Feature","properties":{"@id":"node/8996798121","man_made":"spring_box","natural":"spring","source":"IGN - 2021-06"},"geometry":{"type":"Point","coordinates":[6.4045513,45.2229978]},"id":"node/8996798121"},{"type":"Feature","properties":{"@id":"node/8996798122","man_made":"spring_box","natural":"spring","source":"IGN - 2021-06"},"geometry":{"type":"Point","coordinates":[6.4045236,45.2231275]},"id":"node/8996798122"},{"type":"Feature","properties":{"@id":"node/8996798123","man_made":"spring_box","natural":"spring","source":"IGN - 2021-06"},"geometry":{"type":"Point","coordinates":[6.406229,45.2220273]},"id":"node/8996798123"},{"type":"Feature","properties":{"@id":"node/8999253024","amenity":"fountain","drinking_water":"no","fountain":"decorative"},"geometry":{"type":"Point","coordinates":[6.7669359,45.6169111]},"id":"node/8999253024"},{"type":"Feature","properties":{"@id":"node/8999516273","amenity":"drinking_water"},"geometry":{"type":"Point","coordinates":[5.9343885,45.7227384]},"id":"node/8999516273"},{"type":"Feature","properties":{"@id":"node/9003540974","amenity":"drinking_water"},"geometry":{"type":"Point","coordinates":[6.1288581,45.7015831]},"id":"node/9003540974"},{"type":"Feature","properties":{"@id":"node/9003540975","amenity":"drinking_water"},"geometry":{"type":"Point","coordinates":[6.1292831,45.7010449]},"id":"node/9003540975"},{"type":"Feature","properties":{"@id":"node/9004565518","drinking_water":"yes","man_made":"water_tap"},"geometry":{"type":"Point","coordinates":[6.4269239,45.94198]},"id":"node/9004565518"},{"type":"Feature","properties":{"@id":"node/9004876838","intermittent":"no","natural":"spring"},"geometry":{"type":"Point","coordinates":[6.7642852,46.0759484]},"id":"node/9004876838"},{"type":"Feature","properties":{"@id":"node/9004876839","amenity":"fountain","fountain":"stone_block","height":"1","lit":"no","name":"Fontaine Adelin Ballaloud"},"geometry":{"type":"Point","coordinates":[6.7642774,46.0759065]},"id":"node/9004876839"},{"type":"Feature","properties":{"@id":"node/9007866298","natural":"spring"},"geometry":{"type":"Point","coordinates":[6.2096644,45.2420069]},"id":"node/9007866298"},{"type":"Feature","properties":{"@id":"node/9008379935","man_made":"spring_box","natural":"spring","source":"IGN - 2021-06"},"geometry":{"type":"Point","coordinates":[6.461338,45.2570729]},"id":"node/9008379935"},{"type":"Feature","properties":{"@id":"node/9008488814","man_made":"spring_box","natural":"spring","source":"IGN - 2021-06"},"geometry":{"type":"Point","coordinates":[6.4201361,45.2799643]},"id":"node/9008488814"},{"type":"Feature","properties":{"@id":"node/9010193997","amenity":"drinking_water","drinking_water":"yes","man_made":"water_tap"},"geometry":{"type":"Point","coordinates":[5.9817396,45.5911296]},"id":"node/9010193997"},{"type":"Feature","properties":{"@id":"node/9010638295","amenity":"fountain"},"geometry":{"type":"Point","coordinates":[6.5046098,46.3839308]},"id":"node/9010638295"},{"type":"Feature","properties":{"@id":"node/9010740717","amenity":"drinking_water","survey:date":"2021-08-16"},"geometry":{"type":"Point","coordinates":[6.8157913,45.8950178]},"id":"node/9010740717"},{"type":"Feature","properties":{"@id":"node/9014575713","amenity":"toilets","drinking_water":"yes","fee":"no","female":"yes","male":"yes","toilets:disposal":"flush","toilets:handwashing":"yes"},"geometry":{"type":"Point","coordinates":[6.6197455,45.3960693]},"id":"node/9014575713"},{"type":"Feature","properties":{"@id":"node/9014581278","amenity":"fountain","drinking_water":"yes"},"geometry":{"type":"Point","coordinates":[6.683798,45.4420977]},"id":"node/9014581278"},{"type":"Feature","properties":{"@id":"node/9016371918","amenity":"water_point"},"geometry":{"type":"Point","coordinates":[6.7792295,45.5775639]},"id":"node/9016371918"},{"type":"Feature","properties":{"@id":"node/9019947270","amenity":"fountain"},"geometry":{"type":"Point","coordinates":[6.1679765,45.4876726]},"id":"node/9019947270"},{"type":"Feature","properties":{"@id":"node/9021089289","man_made":"water_tap"},"geometry":{"type":"Point","coordinates":[6.4106948,45.7066855]},"id":"node/9021089289"},{"type":"Feature","properties":{"@id":"node/9021216673","amenity":"fountain","drinking_water":"yes"},"geometry":{"type":"Point","coordinates":[6.7788481,45.5366092]},"id":"node/9021216673"},{"type":"Feature","properties":{"@id":"node/9021351812","drinking_water":"yes","man_made":"spring_box","name":"Captage de Godissart","natural":"spring","source":"IGN - 2021-06"},"geometry":{"type":"Point","coordinates":[6.5325886,45.2126895]},"id":"node/9021351812"},{"type":"Feature","properties":{"@id":"node/9021355028","man_made":"spring_box","natural":"spring","source":"IGN - 2021-06"},"geometry":{"type":"Point","coordinates":[6.6476988,45.1621762]},"id":"node/9021355028"},{"type":"Feature","properties":{"@id":"node/9023933956","amenity":"fountain"},"geometry":{"type":"Point","coordinates":[6.2179966,45.5858389]},"id":"node/9023933956"},{"type":"Feature","properties":{"@id":"node/9023933958","amenity":"fountain"},"geometry":{"type":"Point","coordinates":[6.2175513,45.5859534]},"id":"node/9023933958"},{"type":"Feature","properties":{"@id":"node/9023933961","amenity":"fountain","drinking_water":"yes"},"geometry":{"type":"Point","coordinates":[6.2081931,45.5840237]},"id":"node/9023933961"},{"type":"Feature","properties":{"@id":"node/9023933973","amenity":"fountain"},"geometry":{"type":"Point","coordinates":[6.2073987,45.5842582]},"id":"node/9023933973"},{"type":"Feature","properties":{"@id":"node/9023934006","amenity":"fountain","drinking_water":"yes"},"geometry":{"type":"Point","coordinates":[6.1990212,45.5796672]},"id":"node/9023934006"},{"type":"Feature","properties":{"@id":"node/9023945117","amenity":"fountain","drinking_water":"yes"},"geometry":{"type":"Point","coordinates":[6.1980977,45.5804699]},"id":"node/9023945117"},{"type":"Feature","properties":{"@id":"node/9024319040","amenity":"drinking_water"},"geometry":{"type":"Point","coordinates":[6.7196101,46.2799261]},"id":"node/9024319040"},{"type":"Feature","properties":{"@id":"node/9025392366","man_made":"spring_box","name":"Source de Frédière basse","natural":"spring","source":"IGN - 2021-06"},"geometry":{"type":"Point","coordinates":[6.4468572,45.0847494]},"id":"node/9025392366"},{"type":"Feature","properties":{"@id":"node/9025392375","drinking_water":"no","man_made":"spring_box","natural":"spring","source":"IGN - 2021-06"},"geometry":{"type":"Point","coordinates":[6.9367563,45.2166907]},"id":"node/9025392375"},{"type":"Feature","properties":{"@id":"node/9025462763","amenity":"fountain"},"geometry":{"type":"Point","coordinates":[6.1562407,45.5691487]},"id":"node/9025462763"},{"type":"Feature","properties":{"@id":"node/9025472329","man_made":"spring_box","natural":"spring","source":"IGN - 2021-06"},"geometry":{"type":"Point","coordinates":[6.8211897,45.2926155]},"id":"node/9025472329"},{"type":"Feature","properties":{"@id":"node/9025472399","man_made":"spring_box","natural":"spring","source":"IGN - 2021-06"},"geometry":{"type":"Point","coordinates":[6.7209457,45.2460216]},"id":"node/9025472399"},{"type":"Feature","properties":{"@id":"node/9025472400","man_made":"spring_box","natural":"spring","source":"IGN - 2021-06"},"geometry":{"type":"Point","coordinates":[6.7207374,45.2475276]},"id":"node/9025472400"},{"type":"Feature","properties":{"@id":"node/9025493485","amenity":"fountain"},"geometry":{"type":"Point","coordinates":[6.1529795,45.5669707]},"id":"node/9025493485"},{"type":"Feature","properties":{"@id":"node/9025945360","amenity":"lavoir","covered":"yes","drinking_water":"yes"},"geometry":{"type":"Point","coordinates":[6.3301977,46.3493731]},"id":"node/9025945360"},{"type":"Feature","properties":{"@id":"node/9026089717","amenity":"fountain","drinking_water":"yes","survey:date":"2021-08-22"},"geometry":{"type":"Point","coordinates":[6.3045687,45.6832902]},"id":"node/9026089717"},{"type":"Feature","properties":{"@id":"node/9026150891","amenity":"drinking_water","fountain":"drinking"},"geometry":{"type":"Point","coordinates":[6.5760322,45.7168605]},"id":"node/9026150891"},{"type":"Feature","properties":{"@id":"node/9026198717","amenity":"drinking_water","man_made":"water_tap"},"geometry":{"type":"Point","coordinates":[6.5771165,45.7261246]},"id":"node/9026198717"},{"type":"Feature","properties":{"@id":"node/9026198718","natural":"spring"},"geometry":{"type":"Point","coordinates":[6.5754783,45.7219859]},"id":"node/9026198718"},{"type":"Feature","properties":{"@id":"node/9026458048","access":"yes","amenity":"drinking_water","bottle":"yes","wheelchair":"yes"},"geometry":{"type":"Point","coordinates":[6.2092244,45.4881488]},"id":"node/9026458048"},{"type":"Feature","properties":{"@id":"node/9026778394","amenity":"drinking_water"},"geometry":{"type":"Point","coordinates":[6.3272608,46.3700816]},"id":"node/9026778394"},{"type":"Feature","properties":{"@id":"node/9026784441","amenity":"drinking_water","man_made":"water_tap"},"geometry":{"type":"Point","coordinates":[6.3275657,46.3696234]},"id":"node/9026784441"},{"type":"Feature","properties":{"@id":"node/9026784566","amenity":"drinking_water","man_made":"water_well","pump":"manual"},"geometry":{"type":"Point","coordinates":[6.3263252,46.3700862]},"id":"node/9026784566"},{"type":"Feature","properties":{"@id":"node/9026784571","amenity":"drinking_water","man_made":"water_well","pump":"manual"},"geometry":{"type":"Point","coordinates":[6.3266548,46.3713766]},"id":"node/9026784571"},{"type":"Feature","properties":{"@id":"node/9026784663","amenity":"lavoir","drinking_water":"yes"},"geometry":{"type":"Point","coordinates":[6.3271312,46.3705356]},"id":"node/9026784663"},{"type":"Feature","properties":{"@id":"node/9027102149","man_made":"spring_box","natural":"spring","source":"IGN - 2021-06"},"geometry":{"type":"Point","coordinates":[6.8788914,45.2658669]},"id":"node/9027102149"},{"type":"Feature","properties":{"@id":"node/9027102197","man_made":"spring_box","natural":"spring","source":"IGN - 2021-06"},"geometry":{"type":"Point","coordinates":[6.7057244,45.1902568]},"id":"node/9027102197"},{"type":"Feature","properties":{"@id":"node/9027102198","man_made":"spring_box","natural":"spring","source":"IGN - 2021-06"},"geometry":{"type":"Point","coordinates":[6.7062497,45.1903926]},"id":"node/9027102198"},{"type":"Feature","properties":{"@id":"node/9027102203","man_made":"spring_box","natural":"spring","source":"IGN - 2021-06"},"geometry":{"type":"Point","coordinates":[6.6946244,45.1985455]},"id":"node/9027102203"},{"type":"Feature","properties":{"@id":"node/9027102204","man_made":"spring_box","natural":"spring","source":"IGN - 2021-06"},"geometry":{"type":"Point","coordinates":[6.6955466,45.1987448]},"id":"node/9027102204"},{"type":"Feature","properties":{"@id":"node/9027102205","man_made":"spring_box","natural":"spring","source":"IGN - 2021-06"},"geometry":{"type":"Point","coordinates":[6.7005534,45.2033762]},"id":"node/9027102205"},{"type":"Feature","properties":{"@id":"node/9027102212","description":"Excédant d'eau de la source captée. 2026-06-20 bon débit d'eau.","man_made":"spring_box","natural":"spring","source":"IGN - 2021-06"},"geometry":{"type":"Point","coordinates":[6.3614183,45.233882]},"id":"node/9027102212"},{"type":"Feature","properties":{"@id":"node/9027113335","man_made":"spring_box","natural":"spring","source":"IGN - 2021-06"},"geometry":{"type":"Point","coordinates":[6.6792154,45.2154618]},"id":"node/9027113335"},{"type":"Feature","properties":{"@id":"node/9027113347","man_made":"spring_box","natural":"spring","source":"IGN - 2021-06"},"geometry":{"type":"Point","coordinates":[6.6744674,45.2278502]},"id":"node/9027113347"},{"type":"Feature","properties":{"@id":"node/9027113349","drinking_water":"yes","intermittent":"no","man_made":"spring_box","name":"Barrage de Plan-Py-sud","natural":"spring","source":"IGN - 2021-06"},"geometry":{"type":"Point","coordinates":[6.5623319,45.2399635]},"id":"node/9027113349"},{"type":"Feature","properties":{"@id":"node/9027113350","man_made":"spring_box","name":"Barrage de Contarte","natural":"spring","source":"IGN - 2021-06"},"geometry":{"type":"Point","coordinates":[6.5571453,45.2420352]},"id":"node/9027113350"},{"type":"Feature","properties":{"@id":"node/9027113360","man_made":"spring_box","natural":"spring","source":"IGN - 2021-06"},"geometry":{"type":"Point","coordinates":[6.3298922,45.1792669]},"id":"node/9027113360"},{"type":"Feature","properties":{"@id":"node/9027113362","man_made":"spring_box","natural":"spring","source":"IGN - 2021-06"},"geometry":{"type":"Point","coordinates":[6.3183263,45.1844402]},"id":"node/9027113362"},{"type":"Feature","properties":{"@id":"node/9027113379","man_made":"spring_box","natural":"spring","source":"IGN - 2021-06"},"geometry":{"type":"Point","coordinates":[6.3867626,45.2908331]},"id":"node/9027113379"},{"type":"Feature","properties":{"@id":"node/9027113380","man_made":"spring_box","natural":"spring","source":"IGN - 2021-06"},"geometry":{"type":"Point","coordinates":[6.3832195,45.2879977]},"id":"node/9027113380"},{"type":"Feature","properties":{"@id":"node/9027135341","man_made":"water_tap"},"geometry":{"type":"Point","coordinates":[6.4172674,45.7002893]},"id":"node/9027135341"},{"type":"Feature","properties":{"@id":"node/9028308844","amenity":"drinking_water","fountain":"drinking"},"geometry":{"type":"Point","coordinates":[6.417203,45.746039]},"id":"node/9028308844"},{"type":"Feature","properties":{"@id":"node/9029813651","amenity":"fountain","bottle":"yes","check_date":"2024-08-22","drinking_water":"yes","fountain":"decorative","operator":"Mairie"},"geometry":{"type":"Point","coordinates":[6.7570437,45.5437014]},"id":"node/9029813651"},{"type":"Feature","properties":{"@id":"node/9029813665","access":"yes","amenity":"drinking_water","bottle":"yes","fee":"no","fountain":"drinking","man_made":"water_tap","wheelchair":"yes"},"geometry":{"type":"Point","coordinates":[6.7570808,45.5433471]},"id":"node/9029813665"},{"type":"Feature","properties":{"@id":"node/9036359791","amenity":"drinking_water"},"geometry":{"type":"Point","coordinates":[6.4160391,46.159884]},"id":"node/9036359791"},{"type":"Feature","properties":{"@id":"node/9036365230","amenity":"drinking_water"},"geometry":{"type":"Point","coordinates":[6.475999,46.1301903]},"id":"node/9036365230"},{"type":"Feature","properties":{"@id":"node/9036366265","amenity":"drinking_water"},"geometry":{"type":"Point","coordinates":[6.4814585,46.1260794]},"id":"node/9036366265"},{"type":"Feature","properties":{"@id":"node/9036367669","amenity":"drinking_water","fountain":"drinking"},"geometry":{"type":"Point","coordinates":[6.4605517,46.2603485]},"id":"node/9036367669"},{"type":"Feature","properties":{"@id":"node/9036369927","amenity":"drinking_water"},"geometry":{"type":"Point","coordinates":[6.5447559,46.1142117]},"id":"node/9036369927"},{"type":"Feature","properties":{"@id":"node/9036378058","access":"yes","amenity":"drinking_water","bottle":"yes","wheelchair":"yes"},"geometry":{"type":"Point","coordinates":[6.4285851,46.1929638]},"id":"node/9036378058"},{"type":"Feature","properties":{"@id":"node/9044171429","amenity":"drinking_water"},"geometry":{"type":"Point","coordinates":[6.1275035,45.5557593]},"id":"node/9044171429"},{"type":"Feature","properties":{"@id":"node/9048142425","man_made":"water_tap"},"geometry":{"type":"Point","coordinates":[6.7433598,46.306955]},"id":"node/9048142425"},{"type":"Feature","properties":{"@id":"node/9048693938","name":"Résurgence de Cercle","natural":"spring"},"geometry":{"type":"Point","coordinates":[6.6964504,46.2877993]},"id":"node/9048693938"},{"type":"Feature","properties":{"@id":"node/9050046517","amenity":"drinking_water"},"geometry":{"type":"Point","coordinates":[6.653802,45.1725446]},"id":"node/9050046517"},{"type":"Feature","properties":{"@id":"node/9050046518","drinking_water":"yes","man_made":"water_tap"},"geometry":{"type":"Point","coordinates":[6.8829185,45.2858328]},"id":"node/9050046518"},{"type":"Feature","properties":{"@id":"node/9056575941","drinking_water":"yes","intermittent":"yes","name":"La fontaine du vin blanc","natural":"spring","ref:refuges.info":"8602"},"geometry":{"type":"Point","coordinates":[6.7512121,46.0755215]},"id":"node/9056575941"},{"type":"Feature","properties":{"@id":"node/9060229065","amenity":"watering_place","drinking_water":"yes"},"geometry":{"type":"Point","coordinates":[6.3840235,45.9663118]},"id":"node/9060229065"},{"type":"Feature","properties":{"@id":"node/9065881899","access":"yes","amenity":"drinking_water","wheelchair":"no"},"geometry":{"type":"Point","coordinates":[6.9189523,45.2053298]},"id":"node/9065881899"},{"type":"Feature","properties":{"@id":"node/9067468487","amenity":"drinking_water"},"geometry":{"type":"Point","coordinates":[6.5655246,45.4541052]},"id":"node/9067468487"},{"type":"Feature","properties":{"@id":"node/9069398256","amenity":"drinking_water","bottle":"yes","fee":"no"},"geometry":{"type":"Point","coordinates":[6.7678508,46.3974613]},"id":"node/9069398256"},{"type":"Feature","properties":{"@id":"node/9069398257","amenity":"drinking_water","bottle":"yes","fee":"no"},"geometry":{"type":"Point","coordinates":[6.7553106,46.4020542]},"id":"node/9069398257"},{"type":"Feature","properties":{"@id":"node/9071101779","man_made":"water_tap"},"geometry":{"type":"Point","coordinates":[5.9551616,45.5313096]},"id":"node/9071101779"},{"type":"Feature","properties":{"@id":"node/9081513445","man_made":"spring_box","natural":"spring","source":"IGN - 2021-06"},"geometry":{"type":"Point","coordinates":[6.4368698,46.3192351]},"id":"node/9081513445"},{"type":"Feature","properties":{"@id":"node/9084764777","amenity":"drinking_water"},"geometry":{"type":"Point","coordinates":[5.9553014,45.7477314]},"id":"node/9084764777"},{"type":"Feature","properties":{"@id":"node/9091678720","amenity":"drinking_water"},"geometry":{"type":"Point","coordinates":[6.6576038,45.1787892]},"id":"node/9091678720"},{"type":"Feature","properties":{"@id":"node/9112932513","amenity":"drinking_water","man_made":"water_tap"},"geometry":{"type":"Point","coordinates":[6.5330202,45.4834931]},"id":"node/9112932513"},{"type":"Feature","properties":{"@id":"node/9115330987","man_made":"spring_box","natural":"spring","source":"IGN - 2021-06"},"geometry":{"type":"Point","coordinates":[6.3533966,45.2977294]},"id":"node/9115330987"},{"type":"Feature","properties":{"@id":"node/9115838536","amenity":"drinking_water"},"geometry":{"type":"Point","coordinates":[6.2354136,46.2009324]},"id":"node/9115838536"},{"type":"Feature","properties":{"@id":"node/9120538858","access":"private","amenity":"drinking_water","bottle":"yes","fee":"no"},"geometry":{"type":"Point","coordinates":[5.8642315,45.6564772]},"id":"node/9120538858"},{"type":"Feature","properties":{"@id":"node/9122971820","amenity":"fountain"},"geometry":{"type":"Point","coordinates":[6.07199,45.4480513]},"id":"node/9122971820"},{"type":"Feature","properties":{"@id":"node/9122971839","amenity":"fountain"},"geometry":{"type":"Point","coordinates":[6.0743169,45.4571029]},"id":"node/9122971839"},{"type":"Feature","properties":{"@id":"node/9122972153","amenity":"drinking_water","fountain":"drinking"},"geometry":{"type":"Point","coordinates":[6.0612491,45.4636883]},"id":"node/9122972153"},{"type":"Feature","properties":{"@id":"node/9130263282","man_made":"water_tap"},"geometry":{"type":"Point","coordinates":[6.2284827,46.1890873]},"id":"node/9130263282"},{"type":"Feature","properties":{"@id":"node/9132257230","amenity":"drinking_water"},"geometry":{"type":"Point","coordinates":[6.36614,45.3777836]},"id":"node/9132257230"},{"type":"Feature","properties":{"@id":"node/9132275988","amenity":"drinking_water"},"geometry":{"type":"Point","coordinates":[6.3625681,45.3863639]},"id":"node/9132275988"},{"type":"Feature","properties":{"@id":"node/9140444350","amenity":"fountain"},"geometry":{"type":"Point","coordinates":[6.0866627,45.523379]},"id":"node/9140444350"},{"type":"Feature","properties":{"@id":"node/9140649771","amenity":"drinking_water","manufacturer":"Bayard"},"geometry":{"type":"Point","coordinates":[6.3030381,46.3655285]},"id":"node/9140649771"},{"type":"Feature","properties":{"@id":"node/9140649775","amenity":"fountain","drinking_water":"no"},"geometry":{"type":"Point","coordinates":[6.3030913,46.3655038]},"id":"node/9140649775"},{"type":"Feature","properties":{"@id":"node/9155582902","access":"yes","amenity":"drinking_water","bottle":"yes"},"geometry":{"type":"Point","coordinates":[6.4403089,46.0767552]},"id":"node/9155582902"},{"type":"Feature","properties":{"@id":"node/9160622533","amenity":"drinking_water"},"geometry":{"type":"Point","coordinates":[6.2673938,45.405145]},"id":"node/9160622533"},{"type":"Feature","properties":{"@id":"node/9160978398","amenity":"drinking_water"},"geometry":{"type":"Point","coordinates":[6.2693819,45.4194278]},"id":"node/9160978398"},{"type":"Feature","properties":{"@id":"node/9160980646","amenity":"drinking_water"},"geometry":{"type":"Point","coordinates":[6.3146918,45.5422396]},"id":"node/9160980646"},{"type":"Feature","properties":{"@id":"node/9160980647","amenity":"water_point"},"geometry":{"type":"Point","coordinates":[6.3204056,45.517631]},"id":"node/9160980647"},{"type":"Feature","properties":{"@id":"node/9163444967","amenity":"drinking_water"},"geometry":{"type":"Point","coordinates":[6.4133649,45.4712801]},"id":"node/9163444967"},{"type":"Feature","properties":{"@id":"node/9173277486","amenity":"fountain"},"geometry":{"type":"Point","coordinates":[6.2851804,45.6377455]},"id":"node/9173277486"},{"type":"Feature","properties":{"@id":"node/9173285586","natural":"spring"},"geometry":{"type":"Point","coordinates":[6.2824358,45.6465155]},"id":"node/9173285586"},{"type":"Feature","properties":{"@id":"node/9173296041","natural":"spring"},"geometry":{"type":"Point","coordinates":[6.2712719,45.5078128]},"id":"node/9173296041"},{"type":"Feature","properties":{"@id":"node/9173302234","natural":"spring"},"geometry":{"type":"Point","coordinates":[6.27477,45.5134891]},"id":"node/9173302234"},{"type":"Feature","properties":{"@id":"node/9173302726","amenity":"drinking_water","ele":"1990"},"geometry":{"type":"Point","coordinates":[6.5314308,45.6051333]},"id":"node/9173302726"},{"type":"Feature","properties":{"@id":"node/9176161642","amenity":"drinking_water"},"geometry":{"type":"Point","coordinates":[6.3121042,45.3543261]},"id":"node/9176161642"},{"type":"Feature","properties":{"@id":"node/9178141917","amenity":"drinking_water","description":"2021-10-17 : il y a bien de l'eau potable à ce robinet."},"geometry":{"type":"Point","coordinates":[6.9232225,46.0038674]},"id":"node/9178141917"},{"type":"Feature","properties":{"@id":"node/9186749413","amenity":"fountain"},"geometry":{"type":"Point","coordinates":[6.7744063,46.0252156]},"id":"node/9186749413"},{"type":"Feature","properties":{"@id":"node/9187793319","amenity":"drinking_water","name":"Cimetière"},"geometry":{"type":"Point","coordinates":[5.8185128,45.5368111]},"id":"node/9187793319"},{"type":"Feature","properties":{"@id":"node/9189990081","man_made":"spring_box","natural":"spring","source":"IGN - 2021-06"},"geometry":{"type":"Point","coordinates":[6.69967,46.3579975]},"id":"node/9189990081"},{"type":"Feature","properties":{"@id":"node/9196379353","amenity":"fountain"},"geometry":{"type":"Point","coordinates":[6.0880597,45.4509408]},"id":"node/9196379353"},{"type":"Feature","properties":{"@id":"node/9198386534","amenity":"fountain"},"geometry":{"type":"Point","coordinates":[6.099341,45.4880946]},"id":"node/9198386534"},{"type":"Feature","properties":{"@id":"node/9202509333","amenity":"fountain"},"geometry":{"type":"Point","coordinates":[6.7037382,46.3972684]},"id":"node/9202509333"},{"type":"Feature","properties":{"@id":"node/9202509350","man_made":"spring_box","natural":"spring","source":"IGN - 2021-06"},"geometry":{"type":"Point","coordinates":[6.7516666,46.3764946]},"id":"node/9202509350"},{"type":"Feature","properties":{"@id":"node/9211762786","amenity":"drinking_water"},"geometry":{"type":"Point","coordinates":[5.8129731,45.5377196]},"id":"node/9211762786"},{"type":"Feature","properties":{"@id":"node/9211821629","amenity":"drinking_water"},"geometry":{"type":"Point","coordinates":[5.793788,45.5372047]},"id":"node/9211821629"},{"type":"Feature","properties":{"@id":"node/9214316617","amenity":"drinking_water","survey:date":"2021-10-31"},"geometry":{"type":"Point","coordinates":[6.8778557,45.9460536]},"id":"node/9214316617"},{"type":"Feature","properties":{"@id":"node/9216344909","name":"Prise d eau de la portette","natural":"spring"},"geometry":{"type":"Point","coordinates":[6.6612121,45.5998706]},"id":"node/9216344909"},{"type":"Feature","properties":{"@id":"node/9216407966","amenity":"drinking_water","description":"robinet d' eau au toilette public du village"},"geometry":{"type":"Point","coordinates":[6.497925,46.1992406]},"id":"node/9216407966"},{"type":"Feature","properties":{"@id":"node/9218193110","man_made":"spring_box","natural":"spring","source":"IGN - 2021-06"},"geometry":{"type":"Point","coordinates":[6.5622349,46.3766352]},"id":"node/9218193110"},{"type":"Feature","properties":{"@id":"node/9221431310","amenity":"fountain","drinking_water":"no"},"geometry":{"type":"Point","coordinates":[6.5215956,46.3770357]},"id":"node/9221431310"},{"type":"Feature","properties":{"@id":"node/9230574516","natural":"spring"},"geometry":{"type":"Point","coordinates":[6.3480592,45.7682155]},"id":"node/9230574516"},{"type":"Feature","properties":{"@id":"node/9230987932","amenity":"drinking_water","man_made":"water_well","pump":"manual"},"geometry":{"type":"Point","coordinates":[6.6652591,45.2050395]},"id":"node/9230987932"},{"type":"Feature","properties":{"@id":"node/9231258849","amenity":"drinking_water"},"geometry":{"type":"Point","coordinates":[6.3448258,45.268295]},"id":"node/9231258849"},{"type":"Feature","properties":{"@id":"node/9233070610","amenity":"fountain","fountain":"jet_water","height":"30","lit":"yes","tourism":"attraction"},"geometry":{"type":"Point","coordinates":[6.2713969,45.3941817]},"id":"node/9233070610"},{"type":"Feature","properties":{"@id":"node/9244319720","amenity":"drinking_water"},"geometry":{"type":"Point","coordinates":[6.0638399,45.4810032]},"id":"node/9244319720"},{"type":"Feature","properties":{"@id":"node/9244319768","amenity":"drinking_water"},"geometry":{"type":"Point","coordinates":[6.065513,45.4816543]},"id":"node/9244319768"},{"type":"Feature","properties":{"@id":"node/9248536020","amenity":"fountain"},"geometry":{"type":"Point","coordinates":[6.0262156,45.5956182]},"id":"node/9248536020"},{"type":"Feature","properties":{"@id":"node/9261911721","access":"yes","amenity":"drinking_water","fee":"no"},"geometry":{"type":"Point","coordinates":[5.848693,45.624992]},"id":"node/9261911721"},{"type":"Feature","properties":{"@id":"node/9269522196","amenity":"drinking_water"},"geometry":{"type":"Point","coordinates":[6.4842296,46.2111353]},"id":"node/9269522196"},{"type":"Feature","properties":{"@id":"node/9270535081","amenity":"drinking_water"},"geometry":{"type":"Point","coordinates":[6.4938257,45.1751053]},"id":"node/9270535081"},{"type":"Feature","properties":{"@id":"node/9281527402","amenity":"drinking_water"},"geometry":{"type":"Point","coordinates":[6.8026923,45.6326059]},"id":"node/9281527402"},{"type":"Feature","properties":{"@id":"node/9282818783","amenity":"drinking_water","fountain":"drinking","indoor":"yes"},"geometry":{"type":"Point","coordinates":[6.2646324,45.8034238]},"id":"node/9282818783"},{"type":"Feature","properties":{"@id":"node/9283204936","amenity":"drinking_water"},"geometry":{"type":"Point","coordinates":[6.1867385,45.6435645]},"id":"node/9283204936"},{"type":"Feature","properties":{"@id":"node/9290355250","amenity":"drinking_water"},"geometry":{"type":"Point","coordinates":[6.0100794,45.7999427]},"id":"node/9290355250"},{"type":"Feature","properties":{"@id":"node/9294625232","amenity":"drinking_water"},"geometry":{"type":"Point","coordinates":[6.3443222,45.3729792]},"id":"node/9294625232"},{"type":"Feature","properties":{"@id":"node/9295960421","man_made":"spring_box","natural":"spring","source":"IGN - 2021-06"},"geometry":{"type":"Point","coordinates":[6.7459555,46.260421]},"id":"node/9295960421"},{"type":"Feature","properties":{"@id":"node/9306496276","access":"yes","amenity":"drinking_water","fee":"no","man_made":"water_tap","opening_hours":"24/7"},"geometry":{"type":"Point","coordinates":[6.4578105,45.2195769]},"id":"node/9306496276"},{"type":"Feature","properties":{"@id":"node/9310559976","amenity":"drinking_water"},"geometry":{"type":"Point","coordinates":[6.2599412,45.3164582]},"id":"node/9310559976"},{"type":"Feature","properties":{"@id":"node/9319523623","amenity":"drinking_water","man_made":"water_well","pump":"manual"},"geometry":{"type":"Point","coordinates":[6.4801465,46.3699392]},"id":"node/9319523623"},{"type":"Feature","properties":{"@id":"node/9350324332","amenity":"fountain","fountain":"nasone","lit":"no"},"geometry":{"type":"Point","coordinates":[6.2908989,46.1859482]},"id":"node/9350324332"},{"type":"Feature","properties":{"@id":"node/9351137468","amenity":"fountain","drinking_water":"yes","start_date":"1861"},"geometry":{"type":"Point","coordinates":[6.4632916,46.33503]},"id":"node/9351137468"},{"type":"Feature","properties":{"@id":"node/9368224522","amenity":"fountain","drinking_water":"yes","fountain":"drinking_fountain","name":"Fontaine du Pernand"},"geometry":{"type":"Point","coordinates":[6.6384754,46.0202911]},"id":"node/9368224522"},{"type":"Feature","properties":{"@id":"node/9368553367","man_made":"spring_box","natural":"spring","source":"IGN - 2021-06"},"geometry":{"type":"Point","coordinates":[6.3664471,46.2340947]},"id":"node/9368553367"},{"type":"Feature","properties":{"@id":"node/9370362292","man_made":"spring_box","natural":"spring","source":"IGN - 2021-06"},"geometry":{"type":"Point","coordinates":[6.3625646,46.1953317]},"id":"node/9370362292"},{"type":"Feature","properties":{"@id":"node/9372987285","amenity":"water_point"},"geometry":{"type":"Point","coordinates":[5.8998007,45.5585029]},"id":"node/9372987285"},{"type":"Feature","properties":{"@id":"node/9379554416","amenity":"fountain"},"geometry":{"type":"Point","coordinates":[6.2653979,46.17669]},"id":"node/9379554416"},{"type":"Feature","properties":{"@id":"node/9382007431","access":"yes","amenity":"drinking_water","fee":"no","man_made":"water_tap","manufacturer":"Bayard","model":"Série D1 10"},"geometry":{"type":"Point","coordinates":[6.2336028,46.1932065]},"id":"node/9382007431"},{"type":"Feature","properties":{"@id":"node/9386410760","amenity":"water_point","fee":"no"},"geometry":{"type":"Point","coordinates":[5.9001032,45.5583225]},"id":"node/9386410760"},{"type":"Feature","properties":{"@id":"node/9404423704","amenity":"drinking_water"},"geometry":{"type":"Point","coordinates":[6.3454238,46.1614202]},"id":"node/9404423704"},{"type":"Feature","properties":{"@id":"node/9407352702","amenity":"fountain"},"geometry":{"type":"Point","coordinates":[5.9552199,45.8405326]},"id":"node/9407352702"},{"type":"Feature","properties":{"@id":"node/9415670758","amenity":"fountain"},"geometry":{"type":"Point","coordinates":[6.6663582,46.4026442]},"id":"node/9415670758"},{"type":"Feature","properties":{"@id":"node/9464227713","amenity":"fountain"},"geometry":{"type":"Point","coordinates":[6.2145978,45.8398036]},"id":"node/9464227713"},{"type":"Feature","properties":{"@id":"node/9486168013","amenity":"drinking_water"},"geometry":{"type":"Point","coordinates":[6.3214159,46.2357365]},"id":"node/9486168013"},{"type":"Feature","properties":{"@id":"node/9505391738","amenity":"drinking_water"},"geometry":{"type":"Point","coordinates":[6.2214324,45.8266253]},"id":"node/9505391738"},{"type":"Feature","properties":{"@id":"node/9509235213","handle":"lever","man_made":"water_tap"},"geometry":{"type":"Point","coordinates":[6.4320002,46.3361628]},"id":"node/9509235213"},{"type":"Feature","properties":{"@id":"node/9511960430","amenity":"drinking_water"},"geometry":{"type":"Point","coordinates":[6.3182196,46.1901459]},"id":"node/9511960430"},{"type":"Feature","properties":{"@id":"node/9511973987","access":"yes","amenity":"toilets","drinking_water":"yes","fee":"no","female":"yes","male":"yes","toilets:disposal":"flush","toilets:position":"seated;urinal","wheelchair":"no"},"geometry":{"type":"Point","coordinates":[6.7264921,45.8224976]},"id":"node/9511973987"},{"type":"Feature","properties":{"@id":"node/9523748979","amenity":"drinking_water","man_made":"water_well","pump":"manual"},"geometry":{"type":"Point","coordinates":[6.230317,45.7990614]},"id":"node/9523748979"},{"type":"Feature","properties":{"@id":"node/9534738377","drinking_water":"yes","natural":"spring"},"geometry":{"type":"Point","coordinates":[5.9627208,45.6723274]},"id":"node/9534738377"},{"type":"Feature","properties":{"@id":"node/9535032121","amenity":"drinking_water"},"geometry":{"type":"Point","coordinates":[6.1874487,45.8634186]},"id":"node/9535032121"},{"type":"Feature","properties":{"@id":"node/9537792866","amenity":"fountain"},"geometry":{"type":"Point","coordinates":[6.7404462,45.5724364]},"id":"node/9537792866"},{"type":"Feature","properties":{"@id":"node/9543493566","amenity":"drinking_water"},"geometry":{"type":"Point","coordinates":[6.3614018,45.3375871]},"id":"node/9543493566"},{"type":"Feature","properties":{"@id":"node/9551814812","natural":"spring"},"geometry":{"type":"Point","coordinates":[6.2072531,45.7744474]},"id":"node/9551814812"},{"type":"Feature","properties":{"@id":"node/9551830319","natural":"spring"},"geometry":{"type":"Point","coordinates":[6.2066362,45.7747568]},"id":"node/9551830319"},{"type":"Feature","properties":{"@id":"node/9552077819","amenity":"drinking_water"},"geometry":{"type":"Point","coordinates":[6.7147991,45.3922183]},"id":"node/9552077819"},{"type":"Feature","properties":{"@id":"node/9556397520","name":"Source du Mollard","natural":"spring"},"geometry":{"type":"Point","coordinates":[6.794028,45.4569287]},"id":"node/9556397520"},{"type":"Feature","properties":{"@id":"node/9558937200","amenity":"drinking_water"},"geometry":{"type":"Point","coordinates":[5.7838587,45.5513993]},"id":"node/9558937200"},{"type":"Feature","properties":{"@id":"node/9560649923","amenity":"fountain","name":"Fontaine"},"geometry":{"type":"Point","coordinates":[5.9170715,45.569608]},"id":"node/9560649923"},{"type":"Feature","properties":{"@id":"node/9566923615","amenity":"drinking_water"},"geometry":{"type":"Point","coordinates":[6.1582943,45.8325897]},"id":"node/9566923615"},{"type":"Feature","properties":{"@id":"node/9569069838","amenity":"drinking_water"},"geometry":{"type":"Point","coordinates":[6.3015747,45.3391186]},"id":"node/9569069838"},{"type":"Feature","properties":{"@id":"node/9571246722","amenity":"drinking_water"},"geometry":{"type":"Point","coordinates":[6.5226151,45.5600541]},"id":"node/9571246722"},{"type":"Feature","properties":{"@id":"node/9592199499","access":"yes","amenity":"drinking_water","bottle":"yes","fee":"no"},"geometry":{"type":"Point","coordinates":[5.8004567,45.6320355]},"id":"node/9592199499"},{"type":"Feature","properties":{"@id":"node/9594952015","amenity":"drinking_water","man_made":"water_tap"},"geometry":{"type":"Point","coordinates":[6.1828178,46.0547554]},"id":"node/9594952015"},{"type":"Feature","properties":{"@id":"node/9603803513","amenity":"fountain"},"geometry":{"type":"Point","coordinates":[6.1782137,45.8818043]},"id":"node/9603803513"},{"type":"Feature","properties":{"@id":"node/9609246157","natural":"spring"},"geometry":{"type":"Point","coordinates":[6.9354539,46.0337202]},"id":"node/9609246157"},{"type":"Feature","properties":{"@id":"node/9615097049","natural":"spring","ref:refuges.info":"7673"},"geometry":{"type":"Point","coordinates":[6.2154732,45.8452302]},"id":"node/9615097049"},{"type":"Feature","properties":{"@id":"node/9628219522","natural":"spring"},"geometry":{"type":"Point","coordinates":[6.5274497,45.4514472]},"id":"node/9628219522"},{"type":"Feature","properties":{"@id":"node/9631383650","natural":"spring","ref:refuges.info":"7903"},"geometry":{"type":"Point","coordinates":[6.4908784,45.4530407]},"id":"node/9631383650"},{"type":"Feature","properties":{"@id":"node/9631383652","natural":"spring"},"geometry":{"type":"Point","coordinates":[6.4893605,45.4624347]},"id":"node/9631383652"},{"type":"Feature","properties":{"@id":"node/9631383679","natural":"spring"},"geometry":{"type":"Point","coordinates":[6.4609572,45.44399]},"id":"node/9631383679"},{"type":"Feature","properties":{"@id":"node/9631383680","natural":"spring"},"geometry":{"type":"Point","coordinates":[6.4594609,45.4419291]},"id":"node/9631383680"},{"type":"Feature","properties":{"@id":"node/9631383681","natural":"spring"},"geometry":{"type":"Point","coordinates":[6.4637873,45.4411605]},"id":"node/9631383681"},{"type":"Feature","properties":{"@id":"node/9631383692","natural":"spring"},"geometry":{"type":"Point","coordinates":[6.4782751,45.4331097]},"id":"node/9631383692"},{"type":"Feature","properties":{"@id":"node/9631383712","natural":"spring"},"geometry":{"type":"Point","coordinates":[6.465817,45.4236647]},"id":"node/9631383712"},{"type":"Feature","properties":{"@id":"node/9645782168","amenity":"fountain"},"geometry":{"type":"Point","coordinates":[6.4056142,45.2818914]},"id":"node/9645782168"},{"type":"Feature","properties":{"@id":"node/9645939076","amenity":"drinking_water"},"geometry":{"type":"Point","coordinates":[6.2792739,45.3403063]},"id":"node/9645939076"},{"type":"Feature","properties":{"@id":"node/9646628346","man_made":"water_tap"},"geometry":{"type":"Point","coordinates":[6.1845567,45.5262156]},"id":"node/9646628346"},{"type":"Feature","properties":{"@id":"node/9651624071","amenity":"drinking_water"},"geometry":{"type":"Point","coordinates":[6.652754,46.1930201]},"id":"node/9651624071"},{"type":"Feature","properties":{"@id":"node/9657591733","amenity":"drinking_water"},"geometry":{"type":"Point","coordinates":[6.2943037,45.4377781]},"id":"node/9657591733"},{"type":"Feature","properties":{"@id":"node/9665716358","amenity":"drinking_water"},"geometry":{"type":"Point","coordinates":[6.2852378,45.3449207]},"id":"node/9665716358"},{"type":"Feature","properties":{"@id":"node/9670499605","amenity":"fountain"},"geometry":{"type":"Point","coordinates":[6.7336249,46.2653698]},"id":"node/9670499605"},{"type":"Feature","properties":{"@id":"node/9670514116","amenity":"drinking_water","bottle":"yes","drinking_water":"yes","fee":"no"},"geometry":{"type":"Point","coordinates":[6.4541893,46.2968536]},"id":"node/9670514116"},{"type":"Feature","properties":{"@id":"node/9670523248","natural":"spring"},"geometry":{"type":"Point","coordinates":[6.4712696,46.2746795]},"id":"node/9670523248"},{"type":"Feature","properties":{"@id":"node/9670561216","amenity":"fountain"},"geometry":{"type":"Point","coordinates":[6.7532699,46.2425145]},"id":"node/9670561216"},{"type":"Feature","properties":{"@id":"node/9680961917","amenity":"drinking_water"},"geometry":{"type":"Point","coordinates":[6.2782601,45.4236111]},"id":"node/9680961917"},{"type":"Feature","properties":{"@id":"node/9691723058","amenity":"fountain"},"geometry":{"type":"Point","coordinates":[6.3261194,46.3707119]},"id":"node/9691723058"},{"type":"Feature","properties":{"@id":"node/9691723059","amenity":"fountain"},"geometry":{"type":"Point","coordinates":[6.3263611,46.3705884]},"id":"node/9691723059"},{"type":"Feature","properties":{"@id":"node/9691723060","amenity":"fountain"},"geometry":{"type":"Point","coordinates":[6.3261113,46.3705602]},"id":"node/9691723060"},{"type":"Feature","properties":{"@id":"node/9691723061","amenity":"fountain"},"geometry":{"type":"Point","coordinates":[6.3263635,46.3704797]},"id":"node/9691723061"},{"type":"Feature","properties":{"@id":"node/9691723071","amenity":"fountain"},"geometry":{"type":"Point","coordinates":[6.3263464,46.3703534]},"id":"node/9691723071"},{"type":"Feature","properties":{"@id":"node/9703639637","drinking_water":"no","fee":"no","man_made":"water_tap"},"geometry":{"type":"Point","coordinates":[6.1793884,45.888828]},"id":"node/9703639637"},{"type":"Feature","properties":{"@id":"node/9707606574","amenity":"drinking_water"},"geometry":{"type":"Point","coordinates":[6.2970266,45.4541524]},"id":"node/9707606574"},{"type":"Feature","properties":{"@id":"node/9707615126","amenity":"fountain","drinking_water":"yes"},"geometry":{"type":"Point","coordinates":[6.2931138,45.4548409]},"id":"node/9707615126"},{"type":"Feature","properties":{"@id":"node/9709836617","amenity":"fountain"},"geometry":{"type":"Point","coordinates":[6.3070795,45.6536019]},"id":"node/9709836617"},{"type":"Feature","properties":{"@id":"node/9709836717","amenity":"fountain"},"geometry":{"type":"Point","coordinates":[6.3100003,45.6551286]},"id":"node/9709836717"},{"type":"Feature","properties":{"@id":"node/9710027303","amenity":"drinking_water"},"geometry":{"type":"Point","coordinates":[6.2923604,45.3186215]},"id":"node/9710027303"},{"type":"Feature","properties":{"@id":"node/9710079373","amenity":"drinking_water"},"geometry":{"type":"Point","coordinates":[6.2478317,45.297045]},"id":"node/9710079373"},{"type":"Feature","properties":{"@id":"node/9710115046","amenity":"drinking_water"},"geometry":{"type":"Point","coordinates":[5.9068789,45.9722615]},"id":"node/9710115046"},{"type":"Feature","properties":{"@id":"node/9710119912","amenity":"fountain"},"geometry":{"type":"Point","coordinates":[6.520747,46.282284]},"id":"node/9710119912"},{"type":"Feature","properties":{"@id":"node/9710864921","amenity":"drinking_water"},"geometry":{"type":"Point","coordinates":[6.2583054,45.3157061]},"id":"node/9710864921"},{"type":"Feature","properties":{"@id":"node/9710965996","amenity":"drinking_water"},"geometry":{"type":"Point","coordinates":[6.2479605,45.3075862]},"id":"node/9710965996"},{"type":"Feature","properties":{"@id":"node/9738296419","access":"customers","amenity":"drinking_water","survey:date":"2022-05-13"},"geometry":{"type":"Point","coordinates":[5.7902427,45.5565453]},"id":"node/9738296419"},{"type":"Feature","properties":{"@id":"node/9738336117","amenity":"drinking_water","survey:date":"2022-05-13"},"geometry":{"type":"Point","coordinates":[5.7912643,45.5564557]},"id":"node/9738336117"},{"type":"Feature","properties":{"@id":"node/9738367618","amenity":"drinking_water","survey:date":"2022-05-13"},"geometry":{"type":"Point","coordinates":[5.7899904,45.5559486]},"id":"node/9738367618"},{"type":"Feature","properties":{"@id":"node/9738367719","amenity":"drinking_water","survey:date":"2022-05-13"},"geometry":{"type":"Point","coordinates":[5.7898913,45.5560119]},"id":"node/9738367719"},{"type":"Feature","properties":{"@id":"node/9740656302","amenity":"drinking_water","bottle":"yes","man_made":"water_tap"},"geometry":{"type":"Point","coordinates":[6.2527144,46.2051978]},"id":"node/9740656302"},{"type":"Feature","properties":{"@id":"node/9740910117","amenity":"drinking_water","survey:date":"2022-05-15"},"geometry":{"type":"Point","coordinates":[5.7891834,45.5570712]},"id":"node/9740910117"},{"type":"Feature","properties":{"@id":"node/9741505434","amenity":"drinking_water"},"geometry":{"type":"Point","coordinates":[6.3810556,46.314868]},"id":"node/9741505434"},{"type":"Feature","properties":{"@id":"node/9742145316","amenity":"drinking_water"},"geometry":{"type":"Point","coordinates":[6.1064797,45.9388505]},"id":"node/9742145316"},{"type":"Feature","properties":{"@id":"node/9752885717","amenity":"drinking_water","fountain":"drinking"},"geometry":{"type":"Point","coordinates":[6.3073449,45.6700248]},"id":"node/9752885717"},{"type":"Feature","properties":{"@id":"node/9756415688","amenity":"drinking_water"},"geometry":{"type":"Point","coordinates":[6.3031563,45.3396686]},"id":"node/9756415688"},{"type":"Feature","properties":{"@id":"node/9761913376","amenity":"fountain"},"geometry":{"type":"Point","coordinates":[6.5740127,45.7169]},"id":"node/9761913376"},{"type":"Feature","properties":{"@id":"node/9764079311","man_made":"water_tap"},"geometry":{"type":"Point","coordinates":[6.210014,45.5841632]},"id":"node/9764079311"},{"type":"Feature","properties":{"@id":"node/9772249541","man_made":"spring_box","natural":"spring","source":"IGN - 2022-03"},"geometry":{"type":"Point","coordinates":[6.5053385,46.3096534]},"id":"node/9772249541"},{"type":"Feature","properties":{"@id":"node/9775304919","amenity":"drinking_water","man_made":"water_tap","survey:date":"2022-05-27"},"geometry":{"type":"Point","coordinates":[6.3925995,45.6749536]},"id":"node/9775304919"},{"type":"Feature","properties":{"@id":"node/9776529749","natural":"spring"},"geometry":{"type":"Point","coordinates":[6.5048382,45.437574]},"id":"node/9776529749"},{"type":"Feature","properties":{"@id":"node/9779371618","amenity":"drinking_water","man_made":"water_tap","survey:date":"2022-05-29"},"geometry":{"type":"Point","coordinates":[6.3867184,45.6738838]},"id":"node/9779371618"},{"type":"Feature","properties":{"@id":"node/9781286926","access":"yes","amenity":"drinking_water","bottle":"yes","fee":"no","wheelchair":"limited"},"geometry":{"type":"Point","coordinates":[6.559654,45.4686744]},"id":"node/9781286926"},{"type":"Feature","properties":{"@id":"node/9781286927","access":"yes","amenity":"drinking_water","bottle":"yes","fee":"no","wheelchair":"no"},"geometry":{"type":"Point","coordinates":[6.5589519,45.4687045]},"id":"node/9781286927"},{"type":"Feature","properties":{"@id":"node/9781286928","access":"yes","amenity":"drinking_water","bottle":"yes","fee":"no","wheelchair":"yes"},"geometry":{"type":"Point","coordinates":[6.5594316,45.4708593]},"id":"node/9781286928"},{"type":"Feature","properties":{"@id":"node/9781286930","amenity":"drinking_water","bottle":"yes","fee":"no","wheelchair":"yes"},"geometry":{"type":"Point","coordinates":[6.5614368,45.4712599]},"id":"node/9781286930"},{"type":"Feature","properties":{"@id":"node/9781286931","access":"yes","amenity":"drinking_water","bottle":"yes","fee":"no","wheelchair":"limited"},"geometry":{"type":"Point","coordinates":[6.5597596,45.4715252]},"id":"node/9781286931"},{"type":"Feature","properties":{"@id":"node/9794689654","amenity":"drinking_water"},"geometry":{"type":"Point","coordinates":[6.211555,45.8384323]},"id":"node/9794689654"},{"type":"Feature","properties":{"@id":"node/9796157562","amenity":"drinking_water"},"geometry":{"type":"Point","coordinates":[6.2189305,45.7930134]},"id":"node/9796157562"},{"type":"Feature","properties":{"@id":"node/9798591361","amenity":"drinking_water"},"geometry":{"type":"Point","coordinates":[6.2587423,45.8072393]},"id":"node/9798591361"},{"type":"Feature","properties":{"@id":"node/9799618256","natural":"spring"},"geometry":{"type":"Point","coordinates":[6.3228963,45.9158661]},"id":"node/9799618256"},{"type":"Feature","properties":{"@id":"node/9800952814","amenity":"drinking_water","man_made":"water_tap"},"geometry":{"type":"Point","coordinates":[5.888055,45.6957246]},"id":"node/9800952814"},{"type":"Feature","properties":{"@id":"node/9802498177","man_made":"water_tap"},"geometry":{"type":"Point","coordinates":[6.2233631,45.84211]},"id":"node/9802498177"},{"type":"Feature","properties":{"@id":"node/9811993001","man_made":"water_tap"},"geometry":{"type":"Point","coordinates":[6.2265321,45.8376453]},"id":"node/9811993001"},{"type":"Feature","properties":{"@id":"node/9812169018","amenity":"drinking_water"},"geometry":{"type":"Point","coordinates":[6.3171384,45.6443071]},"id":"node/9812169018"},{"type":"Feature","properties":{"@id":"node/9813885047","drinking_water":"no","man_made":"water_tap"},"geometry":{"type":"Point","coordinates":[6.8183647,45.9077843]},"id":"node/9813885047"},{"type":"Feature","properties":{"@id":"node/9816591968","natural":"spring"},"geometry":{"type":"Point","coordinates":[6.248034,45.8275541]},"id":"node/9816591968"},{"type":"Feature","properties":{"@id":"node/9827882536","access":"yes","amenity":"drinking_water","fee":"no","wheelchair":"yes"},"geometry":{"type":"Point","coordinates":[5.8356348,45.9596278]},"id":"node/9827882536"},{"type":"Feature","properties":{"@id":"node/9831570417","amenity":"drinking_water"},"geometry":{"type":"Point","coordinates":[6.1711999,45.649709]},"id":"node/9831570417"},{"type":"Feature","properties":{"@id":"node/9833831104","access":"permissive","amenity":"drinking_water","bottle":"yes","fee":"no","wheelchair":"no"},"geometry":{"type":"Point","coordinates":[6.7525253,46.135372]},"id":"node/9833831104"},{"type":"Feature","properties":{"@id":"node/9844500525","drinking_water":"conditional","natural":"spring"},"geometry":{"type":"Point","coordinates":[6.4722516,45.4693508]},"id":"node/9844500525"},{"type":"Feature","properties":{"@id":"node/9846550238","amenity":"fountain","drinking_water":"no"},"geometry":{"type":"Point","coordinates":[6.0089636,45.5221348]},"id":"node/9846550238"},{"type":"Feature","properties":{"@id":"node/9848552011","natural":"spring"},"geometry":{"type":"Point","coordinates":[6.369304,45.9228851]},"id":"node/9848552011"},{"type":"Feature","properties":{"@id":"node/9848553672","natural":"spring"},"geometry":{"type":"Point","coordinates":[6.3667788,45.922739]},"id":"node/9848553672"},{"type":"Feature","properties":{"@id":"node/9858434535","amenity":"drinking_water","man_made":"water_tap"},"geometry":{"type":"Point","coordinates":[6.6326013,46.0426162]},"id":"node/9858434535"},{"type":"Feature","properties":{"@id":"node/9860005508","access":"yes","man_made":"water_tap"},"geometry":{"type":"Point","coordinates":[6.2524543,45.7504448]},"id":"node/9860005508"},{"type":"Feature","properties":{"@id":"node/9860011942","drinking_water":"yes","natural":"spring","ref:refuges.info":"6051"},"geometry":{"type":"Point","coordinates":[6.2386561,45.7332783]},"id":"node/9860011942"},{"type":"Feature","properties":{"@id":"node/9865578505","amenity":"fountain"},"geometry":{"type":"Point","coordinates":[6.7396362,46.3218488]},"id":"node/9865578505"},{"type":"Feature","properties":{"@id":"node/9874608700","natural":"spring"},"geometry":{"type":"Point","coordinates":[5.7962556,45.741431]},"id":"node/9874608700"},{"type":"Feature","properties":{"@id":"node/9874608701","natural":"spring"},"geometry":{"type":"Point","coordinates":[5.8281597,45.7438912]},"id":"node/9874608701"},{"type":"Feature","properties":{"@id":"node/9874608702","name":"Source d'Hautecombe","natural":"spring"},"geometry":{"type":"Point","coordinates":[5.8337832,45.757133]},"id":"node/9874608702"},{"type":"Feature","properties":{"@id":"node/9874608703","natural":"spring"},"geometry":{"type":"Point","coordinates":[5.8385653,45.8032234]},"id":"node/9874608703"},{"type":"Feature","properties":{"@id":"node/9874608704","natural":"spring"},"geometry":{"type":"Point","coordinates":[5.8253325,45.7116293]},"id":"node/9874608704"},{"type":"Feature","properties":{"@id":"node/9874608705","name":"Sources des Grangeons","natural":"spring"},"geometry":{"type":"Point","coordinates":[5.8364435,45.7033995]},"id":"node/9874608705"},{"type":"Feature","properties":{"@id":"node/9874608706","natural":"spring"},"geometry":{"type":"Point","coordinates":[5.822963,45.6847468]},"id":"node/9874608706"},{"type":"Feature","properties":{"@id":"node/9874608707","natural":"spring"},"geometry":{"type":"Point","coordinates":[5.8353184,45.6824759]},"id":"node/9874608707"},{"type":"Feature","properties":{"@id":"node/9874608708","name":"Source du Gerle","natural":"spring"},"geometry":{"type":"Point","coordinates":[5.8500187,45.6757418]},"id":"node/9874608708"},{"type":"Feature","properties":{"@id":"node/9874608709","name":"Source du Pisset","natural":"spring"},"geometry":{"type":"Point","coordinates":[5.8510956,45.6706189]},"id":"node/9874608709"},{"type":"Feature","properties":{"@id":"node/9874608710","natural":"spring"},"geometry":{"type":"Point","coordinates":[5.8382518,45.6637543]},"id":"node/9874608710"},{"type":"Feature","properties":{"@id":"node/9874608711","natural":"spring"},"geometry":{"type":"Point","coordinates":[5.8129282,45.6757938]},"id":"node/9874608711"},{"type":"Feature","properties":{"@id":"node/9874608712","natural":"spring"},"geometry":{"type":"Point","coordinates":[5.7954645,45.676764]},"id":"node/9874608712"},{"type":"Feature","properties":{"@id":"node/9874608713","natural":"spring"},"geometry":{"type":"Point","coordinates":[5.7882142,45.6691114]},"id":"node/9874608713"},{"type":"Feature","properties":{"@id":"node/9874608714","name":"Fontaine des Couaillets","natural":"spring"},"geometry":{"type":"Point","coordinates":[5.8154374,45.6497939]},"id":"node/9874608714"},{"type":"Feature","properties":{"@id":"node/9874608715","natural":"spring"},"geometry":{"type":"Point","coordinates":[5.8437204,45.6529142]},"id":"node/9874608715"},{"type":"Feature","properties":{"@id":"node/9874608716","natural":"spring"},"geometry":{"type":"Point","coordinates":[5.8496804,45.6535361]},"id":"node/9874608716"},{"type":"Feature","properties":{"@id":"node/9874668446","name":"Source de la Duis","natural":"spring"},"geometry":{"type":"Point","coordinates":[6.1252222,45.71706]},"id":"node/9874668446"},{"type":"Feature","properties":{"@id":"node/9874668447","name":"Source de la Bécua","natural":"spring"},"geometry":{"type":"Point","coordinates":[6.1252181,45.7085919]},"id":"node/9874668447"},{"type":"Feature","properties":{"@id":"node/9874668449","name":"Source de la Combavère","natural":"spring"},"geometry":{"type":"Point","coordinates":[6.1032376,45.6613862]},"id":"node/9874668449"},{"type":"Feature","properties":{"@id":"node/9874668450","name":"Source des Cornes","natural":"spring"},"geometry":{"type":"Point","coordinates":[6.0968193,45.6979446]},"id":"node/9874668450"},{"type":"Feature","properties":{"@id":"node/9874668451","name":"Source de la Monderesse","natural":"spring"},"geometry":{"type":"Point","coordinates":[5.9967719,45.7481439]},"id":"node/9874668451"},{"type":"Feature","properties":{"@id":"node/9874668452","name":"Source de la Gouille des Moines","natural":"spring"},"geometry":{"type":"Point","coordinates":[6.0139176,45.7080898]},"id":"node/9874668452"},{"type":"Feature","properties":{"@id":"node/9874668453","name":"Source de la Benoîte","natural":"spring"},"geometry":{"type":"Point","coordinates":[6.0360192,45.7083927]},"id":"node/9874668453"},{"type":"Feature","properties":{"@id":"node/9874668454","name":"Source du Marais","natural":"spring"},"geometry":{"type":"Point","coordinates":[6.0654862,45.6756242]},"id":"node/9874668454"},{"type":"Feature","properties":{"@id":"node/9874668455","name":"Source de l'Empereur","natural":"spring"},"geometry":{"type":"Point","coordinates":[6.0365751,45.6628229]},"id":"node/9874668455"},{"type":"Feature","properties":{"@id":"node/9874668456","name":"Source de la Duy","natural":"spring"},"geometry":{"type":"Point","coordinates":[6.0371924,45.6661098]},"id":"node/9874668456"},{"type":"Feature","properties":{"@id":"node/9874668458","name":"Source des Platets","natural":"spring"},"geometry":{"type":"Point","coordinates":[6.0764458,45.6482606]},"id":"node/9874668458"},{"type":"Feature","properties":{"@id":"node/9874668459","name":"Source de la Meunaz","natural":"spring"},"geometry":{"type":"Point","coordinates":[5.9847802,45.6982568]},"id":"node/9874668459"},{"type":"Feature","properties":{"@id":"node/9874668460","name":"Exurgence de Chindrieux","natural":"spring"},"geometry":{"type":"Point","coordinates":[5.8563185,45.8063713]},"id":"node/9874668460"},{"type":"Feature","properties":{"@id":"node/9876527023","amenity":"drinking_water"},"geometry":{"type":"Point","coordinates":[6.2775266,45.6176795]},"id":"node/9876527023"},{"type":"Feature","properties":{"@id":"node/9876663780","access":"yes","drinking_water":"yes","man_made":"water_well","pump":"manual"},"geometry":{"type":"Point","coordinates":[5.7198417,45.5947156]},"id":"node/9876663780"},{"type":"Feature","properties":{"@id":"node/9876663781","access":"yes","drinking_water":"yes","man_made":"water_tap"},"geometry":{"type":"Point","coordinates":[5.7797845,45.6286123]},"id":"node/9876663781"},{"type":"Feature","properties":{"@id":"node/9882804048","name":"Source du Biel","natural":"spring"},"geometry":{"type":"Point","coordinates":[6.2947181,45.7414313]},"id":"node/9882804048"},{"type":"Feature","properties":{"@id":"node/9884582347","amenity":"drinking_water","fountain":"drinking","name":"Fontaine"},"geometry":{"type":"Point","coordinates":[6.8686992,45.9237979]},"id":"node/9884582347"},{"type":"Feature","properties":{"@id":"node/9885322068","amenity":"drinking_water","fee":"no","man_made":"water_tap"},"geometry":{"type":"Point","coordinates":[5.8012343,45.8322321]},"id":"node/9885322068"},{"type":"Feature","properties":{"@id":"node/9885545895","amenity":"fountain","name":"Fontaine du Rho"},"geometry":{"type":"Point","coordinates":[6.7094849,45.2073426]},"id":"node/9885545895"},{"type":"Feature","properties":{"@id":"node/9885560633","amenity":"drinking_water","survey:date":"2022-08-19"},"geometry":{"type":"Point","coordinates":[6.4746108,45.2174262]},"id":"node/9885560633"},{"type":"Feature","properties":{"@id":"node/9885560635","amenity":"fountain"},"geometry":{"type":"Point","coordinates":[6.4733111,45.2187792]},"id":"node/9885560635"},{"type":"Feature","properties":{"@id":"node/9888008600","access":"yes","drinking_water":"no","man_made":"water_tap","mapillary":"443812694281736"},"geometry":{"type":"Point","coordinates":[6.5805145,45.8755627]},"id":"node/9888008600"},{"type":"Feature","properties":{"@id":"node/9889247064","amenity":"fountain"},"geometry":{"type":"Point","coordinates":[6.2848301,45.5492138]},"id":"node/9889247064"},{"type":"Feature","properties":{"@id":"node/9889289838","amenity":"drinking_water"},"geometry":{"type":"Point","coordinates":[6.723181,45.2174914]},"id":"node/9889289838"},{"type":"Feature","properties":{"@id":"node/9889305626","amenity":"fountain","drinking_water":"yes"},"geometry":{"type":"Point","coordinates":[6.7221511,45.2151012]},"id":"node/9889305626"},{"type":"Feature","properties":{"@id":"node/9892428298","amenity":"drinking_water","source":"survey;aerial imagery;gps"},"geometry":{"type":"Point","coordinates":[6.2374723,45.5016787]},"id":"node/9892428298"},{"type":"Feature","properties":{"@id":"node/9892444261","amenity":"drinking_water","fixme":"A placer plus précisément","source":"survey;aerial imagery;gps"},"geometry":{"type":"Point","coordinates":[6.2105738,45.4768979]},"id":"node/9892444261"},{"type":"Feature","properties":{"@id":"node/9894628946","amenity":"drinking_water","fountain":"drinking"},"geometry":{"type":"Point","coordinates":[5.9424206,45.5608592]},"id":"node/9894628946"},{"type":"Feature","properties":{"@id":"node/9896361006","amenity":"fountain"},"geometry":{"type":"Point","coordinates":[6.8757637,45.285236]},"id":"node/9896361006"},{"type":"Feature","properties":{"@id":"node/9896395564","amenity":"fountain","drinking_water":"yes"},"geometry":{"type":"Point","coordinates":[6.9508836,45.240262]},"id":"node/9896395564"},{"type":"Feature","properties":{"@id":"node/9896395565","amenity":"drinking_water","fountain":"drinking"},"geometry":{"type":"Point","coordinates":[6.9513481,45.2400508]},"id":"node/9896395565"},{"type":"Feature","properties":{"@id":"node/9896395566","amenity":"drinking_water"},"geometry":{"type":"Point","coordinates":[6.9175049,45.2520098]},"id":"node/9896395566"},{"type":"Feature","properties":{"@id":"node/9897497917","amenity":"drinking_water","name":"Eau potable"},"geometry":{"type":"Point","coordinates":[6.3781692,46.0664469]},"id":"node/9897497917"},{"type":"Feature","properties":{"@id":"node/9904191559","amenity":"drinking_water","fountain":"bubbler"},"geometry":{"type":"Point","coordinates":[6.0216081,45.8187517]},"id":"node/9904191559"},{"type":"Feature","properties":{"@id":"node/9907369671","amenity":"drinking_water"},"geometry":{"type":"Point","coordinates":[6.4262442,45.1639643]},"id":"node/9907369671"},{"type":"Feature","properties":{"@id":"node/9910183306","amenity":"drinking_water","bottle":"yes"},"geometry":{"type":"Point","coordinates":[6.5442166,45.8611567]},"id":"node/9910183306"},{"type":"Feature","properties":{"@id":"node/9910973169","amenity":"drinking_water","bottle":"yes","fee":"no"},"geometry":{"type":"Point","coordinates":[6.5810844,45.8311545]},"id":"node/9910973169"},{"type":"Feature","properties":{"@id":"node/9910973170","amenity":"drinking_water","bottle":"yes","fee":"no"},"geometry":{"type":"Point","coordinates":[6.5655025,45.839647]},"id":"node/9910973170"},{"type":"Feature","properties":{"@id":"node/9912780018","amenity":"drinking_water"},"geometry":{"type":"Point","coordinates":[6.7067201,45.9016057]},"id":"node/9912780018"},{"type":"Feature","properties":{"@id":"node/9912836318","amenity":"drinking_water","survey:date":"2022-07-26"},"geometry":{"type":"Point","coordinates":[6.7644781,45.9013559]},"id":"node/9912836318"},{"type":"Feature","properties":{"@id":"node/9913395157","amenity":"drinking_water","ref:refuges.info":"7671"},"geometry":{"type":"Point","coordinates":[6.2131333,45.8677869]},"id":"node/9913395157"},{"type":"Feature","properties":{"@id":"node/9913817062","amenity":"drinking_water"},"geometry":{"type":"Point","coordinates":[6.4268102,45.1980421]},"id":"node/9913817062"},{"type":"Feature","properties":{"@id":"node/9916288489","access":"yes","amenity":"drinking_water","bottle":"yes","fee":"no","fountain":"drinking"},"geometry":{"type":"Point","coordinates":[6.7936202,45.5245043]},"id":"node/9916288489"},{"type":"Feature","properties":{"@id":"node/9917085626","amenity":"fountain","lit":"no"},"geometry":{"type":"Point","coordinates":[6.7218726,46.074563]},"id":"node/9917085626"},{"type":"Feature","properties":{"@id":"node/9917822006","amenity":"fountain"},"geometry":{"type":"Point","coordinates":[6.6857044,46.3596807]},"id":"node/9917822006"},{"type":"Feature","properties":{"@id":"node/9919394317","amenity":"drinking_water"},"geometry":{"type":"Point","coordinates":[6.5818991,45.7505543]},"id":"node/9919394317"},{"type":"Feature","properties":{"@id":"node/9921296394","amenity":"drinking_water"},"geometry":{"type":"Point","coordinates":[6.2943791,45.746163]},"id":"node/9921296394"},{"type":"Feature","properties":{"@id":"node/9921406212","amenity":"drinking_water"},"geometry":{"type":"Point","coordinates":[6.2936301,45.7465473]},"id":"node/9921406212"},{"type":"Feature","properties":{"@id":"node/9921558321","amenity":"drinking_water"},"geometry":{"type":"Point","coordinates":[6.2403778,46.0731001]},"id":"node/9921558321"},{"type":"Feature","properties":{"@id":"node/9921558322","access":"yes","amenity":"drinking_water","fee":"no"},"geometry":{"type":"Point","coordinates":[6.2644947,46.1590598]},"id":"node/9921558322"},{"type":"Feature","properties":{"@id":"node/9921558323","drinking_water":"yes","man_made":"water_tap"},"geometry":{"type":"Point","coordinates":[6.2704304,46.1402437]},"id":"node/9921558323"},{"type":"Feature","properties":{"@id":"node/9923937255","access":"yes","amenity":"drinking_water","bottle":"yes","cold_water":"yes","fountain":"nozzle","indoor":"no"},"geometry":{"type":"Point","coordinates":[6.2526917,45.6943531]},"id":"node/9923937255"},{"type":"Feature","properties":{"@id":"node/9925557838","amenity":"fountain"},"geometry":{"type":"Point","coordinates":[6.6449378,45.8943339]},"id":"node/9925557838"},{"type":"Feature","properties":{"@id":"node/9926651017","amenity":"drinking_water","man_made":"water_tap","survey:date":"2022-08-02"},"geometry":{"type":"Point","coordinates":[6.5684666,45.6859568]},"id":"node/9926651017"},{"type":"Feature","properties":{"@id":"node/9926799383","amenity":"drinking_water","bottle":"no","fee":"no"},"geometry":{"type":"Point","coordinates":[6.5850642,45.4923246]},"id":"node/9926799383"},{"type":"Feature","properties":{"@id":"node/9927566464","access":"yes","amenity":"drinking_water","bottle":"yes","fee":"no"},"geometry":{"type":"Point","coordinates":[6.7631549,45.5574089]},"id":"node/9927566464"},{"type":"Feature","properties":{"@id":"node/9927566492","access":"yes","amenity":"drinking_water","bottle":"yes","fee":"no","wheelchair":"yes"},"geometry":{"type":"Point","coordinates":[6.7734586,45.5346169]},"id":"node/9927566492"},{"type":"Feature","properties":{"@id":"node/9927829519","amenity":"drinking_water","survey:date":"2022-08-02"},"geometry":{"type":"Point","coordinates":[6.1034921,45.4512871]},"id":"node/9927829519"},{"type":"Feature","properties":{"@id":"node/9927833520","amenity":"fountain","survey:date":"2022-08-02"},"geometry":{"type":"Point","coordinates":[6.1031813,45.4514487]},"id":"node/9927833520"},{"type":"Feature","properties":{"@id":"node/9927835418","amenity":"fountain","survey:date":"2022-08-02"},"geometry":{"type":"Point","coordinates":[6.10306,45.4512392]},"id":"node/9927835418"},{"type":"Feature","properties":{"@id":"node/9932276536","natural":"spring","seasonal":"yes"},"geometry":{"type":"Point","coordinates":[6.3746057,45.1872849]},"id":"node/9932276536"},{"type":"Feature","properties":{"@id":"node/9932394001","amenity":"drinking_water"},"geometry":{"type":"Point","coordinates":[6.7653481,46.3507902]},"id":"node/9932394001"},{"type":"Feature","properties":{"@id":"node/9932415209","drinking_water":"no","drinking_water:legal":"no","fixme":"position à vérifier","man_made":"water_tap"},"geometry":{"type":"Point","coordinates":[6.7882364,46.3688134]},"id":"node/9932415209"},{"type":"Feature","properties":{"@id":"node/9932416799","amenity":"drinking_water"},"geometry":{"type":"Point","coordinates":[6.779288,46.2481876]},"id":"node/9932416799"},{"type":"Feature","properties":{"@id":"node/9932417803","amenity":"drinking_water"},"geometry":{"type":"Point","coordinates":[6.8088219,46.269631]},"id":"node/9932417803"},{"type":"Feature","properties":{"@id":"node/9932426638","amenity":"drinking_water"},"geometry":{"type":"Point","coordinates":[6.8042055,46.2835764]},"id":"node/9932426638"},{"type":"Feature","properties":{"@id":"node/9932435418","natural":"spring"},"geometry":{"type":"Point","coordinates":[6.8019214,46.1979371]},"id":"node/9932435418"},{"type":"Feature","properties":{"@id":"node/9932435668","amenity":"drinking_water"},"geometry":{"type":"Point","coordinates":[6.8037086,46.3765558]},"id":"node/9932435668"},{"type":"Feature","properties":{"@id":"node/9934187372","access":"yes","amenity":"drinking_water","bottle":"yes","fee":"no","fountain":"drinking","wheelchair":"yes"},"geometry":{"type":"Point","coordinates":[6.8630846,45.5949189]},"id":"node/9934187372"},{"type":"Feature","properties":{"@id":"node/9934187373","access":"yes","amenity":"drinking_water","bottle":"yes","fee":"no","wheelchair":"yes"},"geometry":{"type":"Point","coordinates":[6.8670186,45.5929952]},"id":"node/9934187373"},{"type":"Feature","properties":{"@id":"node/9934187380","access":"yes","amenity":"drinking_water","bottle":"yes","fee":"no","wheelchair":"yes"},"geometry":{"type":"Point","coordinates":[6.8718244,45.5911611]},"id":"node/9934187380"},{"type":"Feature","properties":{"@id":"node/9935097246","amenity":"drinking_water"},"geometry":{"type":"Point","coordinates":[6.8740468,45.9186525]},"id":"node/9935097246"},{"type":"Feature","properties":{"@id":"node/9935119338","amenity":"drinking_water"},"geometry":{"type":"Point","coordinates":[6.8861078,45.931123]},"id":"node/9935119338"},{"type":"Feature","properties":{"@id":"node/9936226483","access":"yes","amenity":"toilets","changing_table":"yes","drinking_water":"yes","fee":"no","layer":"-1","toilets:disposal":"flush","unisex":"yes","wheelchair":"yes"},"geometry":{"type":"Point","coordinates":[6.7781931,45.5718828]},"id":"node/9936226483"},{"type":"Feature","properties":{"@id":"node/9936893890","amenity":"drinking_water"},"geometry":{"type":"Point","coordinates":[6.7264642,45.3803372]},"id":"node/9936893890"},{"type":"Feature","properties":{"@id":"node/9937604841","natural":"spring"},"geometry":{"type":"Point","coordinates":[7.0394054,45.3184754]},"id":"node/9937604841"},{"type":"Feature","properties":{"@id":"node/9939232905","amenity":"drinking_water"},"geometry":{"type":"Point","coordinates":[6.7947139,46.3926625]},"id":"node/9939232905"},{"type":"Feature","properties":{"@id":"node/9939945129","access":"yes","amenity":"drinking_water","bottle":"yes","fee":"no","fountain":"drinking"},"geometry":{"type":"Point","coordinates":[6.7163992,45.5393651]},"id":"node/9939945129"},{"type":"Feature","properties":{"@id":"node/9944407672","amenity":"drinking_water","covered":"yes","indoor":"yes"},"geometry":{"type":"Point","coordinates":[6.5824869,46.1461768]},"id":"node/9944407672"},{"type":"Feature","properties":{"@id":"node/9949525821","man_made":"water_tap","survey:date":"2022-08-12"},"geometry":{"type":"Point","coordinates":[6.299639,45.3572568]},"id":"node/9949525821"},{"type":"Feature","properties":{"@id":"node/9950085731","amenity":"drinking_water","man_made":"water_tap"},"geometry":{"type":"Point","coordinates":[5.7704308,45.5949513]},"id":"node/9950085731"},{"type":"Feature","properties":{"@id":"node/9950901099","amenity":"drinking_water"},"geometry":{"type":"Point","coordinates":[6.7432183,45.5749694]},"id":"node/9950901099"},{"type":"Feature","properties":{"@id":"node/9950975572","amenity":"watering_place","drinking_water":"yes"},"geometry":{"type":"Point","coordinates":[6.7287599,45.87756]},"id":"node/9950975572"},{"type":"Feature","properties":{"@id":"node/9951023480","amenity":"drinking_water","check_date":"2024-08-11"},"geometry":{"type":"Point","coordinates":[6.7582521,45.6230095]},"id":"node/9951023480"},{"type":"Feature","properties":{"@id":"node/9951023481","amenity":"drinking_water","fountain":"drinking"},"geometry":{"type":"Point","coordinates":[6.7476654,45.6264793]},"id":"node/9951023481"},{"type":"Feature","properties":{"@id":"node/9951310651","amenity":"drinking_water"},"geometry":{"type":"Point","coordinates":[6.7646641,46.149907]},"id":"node/9951310651"},{"type":"Feature","properties":{"@id":"node/9953571389","natural":"spring"},"geometry":{"type":"Point","coordinates":[6.4159464,45.1926761]},"id":"node/9953571389"},{"type":"Feature","properties":{"@id":"node/9953571397","natural":"spring"},"geometry":{"type":"Point","coordinates":[6.4214176,45.1937128]},"id":"node/9953571397"},{"type":"Feature","properties":{"@id":"node/9957354850","amenity":"drinking_water"},"geometry":{"type":"Point","coordinates":[6.1298625,45.9996164]},"id":"node/9957354850"},{"type":"Feature","properties":{"@id":"node/9957407148","amenity":"drinking_water"},"geometry":{"type":"Point","coordinates":[6.7719333,46.1027914]},"id":"node/9957407148"},{"type":"Feature","properties":{"@id":"node/9959737688","amenity":"drinking_water"},"geometry":{"type":"Point","coordinates":[6.7532263,45.5509748]},"id":"node/9959737688"},{"type":"Feature","properties":{"@id":"node/9959737689","amenity":"drinking_water"},"geometry":{"type":"Point","coordinates":[6.7536467,45.5506855]},"id":"node/9959737689"},{"type":"Feature","properties":{"@id":"node/9960008950","man_made":"water_tap"},"geometry":{"type":"Point","coordinates":[6.6680825,46.1877368]},"id":"node/9960008950"},{"type":"Feature","properties":{"@id":"node/9961165414","amenity":"fountain"},"geometry":{"type":"Point","coordinates":[6.640753,45.8970107]},"id":"node/9961165414"},{"type":"Feature","properties":{"@id":"node/9961363151","access":"yes","amenity":"drinking_water","fee":"no","man_made":"water_well","pump":"manual"},"geometry":{"type":"Point","coordinates":[6.4448204,45.2027337]},"id":"node/9961363151"},{"type":"Feature","properties":{"@id":"node/9963311521","man_made":"water_tap","survey:date":"2022-08-17"},"geometry":{"type":"Point","coordinates":[6.3075018,45.3672355]},"id":"node/9963311521"},{"type":"Feature","properties":{"@id":"node/9963311822","man_made":"water_tap","survey:date":"2022-08-17"},"geometry":{"type":"Point","coordinates":[6.3110835,45.4025382]},"id":"node/9963311822"},{"type":"Feature","properties":{"@id":"node/9963677428","amenity":"drinking_water"},"geometry":{"type":"Point","coordinates":[6.7810796,45.2447178]},"id":"node/9963677428"},{"type":"Feature","properties":{"@id":"node/9964276818","access":"yes","amenity":"drinking_water","fee":"no","survey:date":"2022-08-19","wheelchair":"yes"},"geometry":{"type":"Point","coordinates":[6.4734029,45.2144935]},"id":"node/9964276818"},{"type":"Feature","properties":{"@id":"node/9964277926","amenity":"drinking_water","man_made":"water_tap","survey:date":"2022-08-19"},"geometry":{"type":"Point","coordinates":[6.4753477,45.2161697]},"id":"node/9964277926"},{"type":"Feature","properties":{"@id":"node/9964283719","amenity":"fountain","survey:date":"2022-08-19"},"geometry":{"type":"Point","coordinates":[6.4744409,45.218493]},"id":"node/9964283719"},{"type":"Feature","properties":{"@id":"node/9964288217","access":"yes","amenity":"drinking_water","fee":"no","survey:date":"2022-08-19","wheelchair":"yes"},"geometry":{"type":"Point","coordinates":[6.4727621,45.2190408]},"id":"node/9964288217"},{"type":"Feature","properties":{"@id":"node/9964300246","amenity":"fountain","survey:date":"2022-08-19"},"geometry":{"type":"Point","coordinates":[6.4745323,45.2179251]},"id":"node/9964300246"},{"type":"Feature","properties":{"@id":"node/9964302322","amenity":"drinking_water","survey:date":"2022-08-19"},"geometry":{"type":"Point","coordinates":[6.4716249,45.219479]},"id":"node/9964302322"},{"type":"Feature","properties":{"@id":"node/9964305021","amenity":"fountain","survey:date":"2022-08-19"},"geometry":{"type":"Point","coordinates":[6.4750903,45.2189579]},"id":"node/9964305021"},{"type":"Feature","properties":{"@id":"node/9965533554","man_made":"water_tap"},"geometry":{"type":"Point","coordinates":[6.6403001,45.8975316]},"id":"node/9965533554"},{"type":"Feature","properties":{"@id":"node/9966837352","amenity":"drinking_water"},"geometry":{"type":"Point","coordinates":[6.8006071,45.975068]},"id":"node/9966837352"},{"type":"Feature","properties":{"@id":"node/9967796818","drinking_water":"no","man_made":"water_tap","survey:date":"2022-08-21"},"geometry":{"type":"Point","coordinates":[6.4733316,45.2188893]},"id":"node/9967796818"},{"type":"Feature","properties":{"@id":"node/9967796821","amenity":"drinking_water","survey:date":"2022-08-21"},"geometry":{"type":"Point","coordinates":[6.4698217,45.2193251]},"id":"node/9967796821"},{"type":"Feature","properties":{"@id":"node/9967824763","amenity":"drinking_water"},"geometry":{"type":"Point","coordinates":[6.8311709,45.9920316]},"id":"node/9967824763"},{"type":"Feature","properties":{"@id":"node/9968280154","access":"yes","amenity":"toilets","drinking_water":"yes","fee":"no","operator":"Commune de Lucey","toilets:disposal":"flush","toilets:position":"seated","unisex":"yes","wheelchair":"yes"},"geometry":{"type":"Point","coordinates":[5.7878975,45.7517572]},"id":"node/9968280154"},{"type":"Feature","properties":{"@id":"node/9969290449","amenity":"drinking_water","man_made":"water_tap"},"geometry":{"type":"Point","coordinates":[6.0232205,45.821894]},"id":"node/9969290449"},{"type":"Feature","properties":{"@id":"node/9973596094","amenity":"drinking_water"},"geometry":{"type":"Point","coordinates":[6.2762469,45.7131564]},"id":"node/9973596094"},{"type":"Feature","properties":{"@id":"node/9974818086","natural":"spring"},"geometry":{"type":"Point","coordinates":[6.3786752,45.7371311]},"id":"node/9974818086"},{"type":"Feature","properties":{"@id":"node/9976459181","amenity":"drinking_water"},"geometry":{"type":"Point","coordinates":[6.4362323,45.0875035]},"id":"node/9976459181"},{"type":"Feature","properties":{"@id":"node/9976768852","amenity":"drinking_water"},"geometry":{"type":"Point","coordinates":[6.7291227,45.5618867]},"id":"node/9976768852"},{"type":"Feature","properties":{"@id":"node/9978568573","amenity":"drinking_water","note":"L'eau coule rarement."},"geometry":{"type":"Point","coordinates":[6.4430791,45.1682869]},"id":"node/9978568573"},{"type":"Feature","properties":{"@id":"node/9979816871","amenity":"drinking_water"},"geometry":{"type":"Point","coordinates":[5.9583404,45.7463362]},"id":"node/9979816871"},{"type":"Feature","properties":{"@id":"node/9980022870","amenity":"drinking_water"},"geometry":{"type":"Point","coordinates":[6.49047,45.8652477]},"id":"node/9980022870"},{"type":"Feature","properties":{"@id":"node/9980022873","amenity":"drinking_water"},"geometry":{"type":"Point","coordinates":[6.4983158,45.8669528]},"id":"node/9980022873"},{"type":"Feature","properties":{"@id":"node/9980024675","access":"yes","amenity":"drinking_water","bottle":"yes"},"geometry":{"type":"Point","coordinates":[6.1503811,45.777905]},"id":"node/9980024675"},{"type":"Feature","properties":{"@id":"node/9981698619","amenity":"drinking_water","survey:date":"2022-08-27"},"geometry":{"type":"Point","coordinates":[6.184324,45.5808784]},"id":"node/9981698619"},{"type":"Feature","properties":{"@id":"node/9983605085","amenity":"drinking_water","ref:refuges.info":"7095"},"geometry":{"type":"Point","coordinates":[6.6773086,45.936167]},"id":"node/9983605085"},{"type":"Feature","properties":{"@id":"node/9984565417","amenity":"fountain","drinking_water":"no","lit":"no","survey:date":"2022-08-28"},"geometry":{"type":"Point","coordinates":[6.4750559,45.2187668]},"id":"node/9984565417"},{"type":"Feature","properties":{"@id":"node/9986290838","amenity":"drinking_water"},"geometry":{"type":"Point","coordinates":[6.259832,45.6419273]},"id":"node/9986290838"},{"type":"Feature","properties":{"@id":"node/9987100145","amenity":"drinking_water"},"geometry":{"type":"Point","coordinates":[6.2612295,45.8127176]},"id":"node/9987100145"},{"type":"Feature","properties":{"@id":"node/9988965039","amenity":"fountain","drinking_water":"no","fountain":"decorative"},"geometry":{"type":"Point","coordinates":[5.9759062,45.9037079]},"id":"node/9988965039"},{"type":"Feature","properties":{"@id":"node/9990798988","amenity":"lavoir","drinking_water":"yes","ele:ellipsoid":"662.560","shelter":"yes"},"geometry":{"type":"Point","coordinates":[6.3014732,45.7421867]},"id":"node/9990798988"},{"type":"Feature","properties":{"@id":"node/9990798999","amenity":"lavoir","drinking_water":"yes","ele:ellipsoid":"637.521"},"geometry":{"type":"Point","coordinates":[6.2993303,45.7430804]},"id":"node/9990798999"},{"type":"Feature","properties":{"@id":"node/9992794293","amenity":"drinking_water","fountain":"drinking"},"geometry":{"type":"Point","coordinates":[6.57358,45.7164388]},"id":"node/9992794293"},{"type":"Feature","properties":{"@id":"node/9997898632","access":"yes","amenity":"drinking_water","fee":"no"},"geometry":{"type":"Point","coordinates":[6.3408746,45.3123529]},"id":"node/9997898632"},{"type":"Feature","properties":{"@id":"node/9997937008","amenity":"fountain","drinking_water":"no"},"geometry":{"type":"Point","coordinates":[5.8982081,45.6922683]},"id":"node/9997937008"},{"type":"Feature","properties":{"@id":"node/9999878157","amenity":"drinking_water"},"geometry":{"type":"Point","coordinates":[6.4196863,45.1431901]},"id":"node/9999878157"},{"type":"Feature","properties":{"@id":"node/10005211003","cabins":"no","camp_site":"basic","caravans":"no","drinking_water":"yes","fee":"yes","name":"Aire naturelle de camping de Passy Plaine-Joux","opening_hours":"May-Sep;Dec-Mar","phone":"+33 6 33 98 21 01","power_supply":"no","shower":"yes","tents":"yes","toilets":"yes","tourism":"camp_site","website":"https://www.ville-passy-mont-blanc.fr/passy-plaine-joux-station-familiale/"},"geometry":{"type":"Point","coordinates":[6.74259,45.9491005]},"id":"node/10005211003"},{"type":"Feature","properties":{"@id":"node/10009133974","amenity":"drinking_water"},"geometry":{"type":"Point","coordinates":[6.7232247,45.7994983]},"id":"node/10009133974"},{"type":"Feature","properties":{"@id":"node/10009144793","amenity":"drinking_water"},"geometry":{"type":"Point","coordinates":[6.7085159,45.9390645]},"id":"node/10009144793"},{"type":"Feature","properties":{"@id":"node/10009735447","amenity":"fountain"},"geometry":{"type":"Point","coordinates":[6.8953713,45.2855289]},"id":"node/10009735447"},{"type":"Feature","properties":{"@id":"node/10022605150","amenity":"drinking_water"},"geometry":{"type":"Point","coordinates":[6.4809244,45.1857711]},"id":"node/10022605150"},{"type":"Feature","properties":{"@id":"node/10025346100","amenity":"drinking_water"},"geometry":{"type":"Point","coordinates":[6.9092397,45.5608401]},"id":"node/10025346100"},{"type":"Feature","properties":{"@id":"node/10030380247","name":"Fontaine","natural":"spring"},"geometry":{"type":"Point","coordinates":[6.7329296,45.4166511]},"id":"node/10030380247"},{"type":"Feature","properties":{"@id":"node/10034722071","amenity":"drinking_water"},"geometry":{"type":"Point","coordinates":[6.429318,45.1699628]},"id":"node/10034722071"},{"type":"Feature","properties":{"@id":"node/10042279377","amenity":"drinking_water"},"geometry":{"type":"Point","coordinates":[6.1028311,45.8917573]},"id":"node/10042279377"},{"type":"Feature","properties":{"@id":"node/10043016870","amenity":"fountain"},"geometry":{"type":"Point","coordinates":[6.0202724,45.816648]},"id":"node/10043016870"},{"type":"Feature","properties":{"@id":"node/10043584715","amenity":"fountain"},"geometry":{"type":"Point","coordinates":[6.0192271,45.8181051]},"id":"node/10043584715"},{"type":"Feature","properties":{"@id":"node/10044488014","amenity":"drinking_water"},"geometry":{"type":"Point","coordinates":[6.021208,45.8216514]},"id":"node/10044488014"},{"type":"Feature","properties":{"@id":"node/10048724561","amenity":"drinking_water"},"geometry":{"type":"Point","coordinates":[6.4371394,45.1615762]},"id":"node/10048724561"},{"type":"Feature","properties":{"@id":"node/10049136428","amenity":"fountain"},"geometry":{"type":"Point","coordinates":[6.3081077,45.7381391]},"id":"node/10049136428"},{"type":"Feature","properties":{"@id":"node/10054141947","amenity":"drinking_water","fountain":"bubbler"},"geometry":{"type":"Point","coordinates":[6.3258079,46.3706085]},"id":"node/10054141947"},{"type":"Feature","properties":{"@id":"node/10058115410","amenity":"fountain","drinking_water":"no"},"geometry":{"type":"Point","coordinates":[6.3975712,46.2454407]},"id":"node/10058115410"},{"type":"Feature","properties":{"@id":"node/10058161853","amenity":"fountain","drinking_water":"yes"},"geometry":{"type":"Point","coordinates":[6.3978235,46.2475131]},"id":"node/10058161853"},{"type":"Feature","properties":{"@id":"node/10060252311","natural":"spring"},"geometry":{"type":"Point","coordinates":[6.025743,45.8131979]},"id":"node/10060252311"},{"type":"Feature","properties":{"@id":"node/10060285619","amenity":"fountain"},"geometry":{"type":"Point","coordinates":[6.0229708,45.8173826]},"id":"node/10060285619"},{"type":"Feature","properties":{"@id":"node/10063892317","amenity":"drinking_water","man_made":"water_well","pump":"manual"},"geometry":{"type":"Point","coordinates":[6.8714575,45.922814]},"id":"node/10063892317"},{"type":"Feature","properties":{"@id":"node/10066694021","amenity":"fountain","drinking_water":"no"},"geometry":{"type":"Point","coordinates":[6.3975285,46.2442368]},"id":"node/10066694021"},{"type":"Feature","properties":{"@id":"node/10069517226","amenity":"fountain"},"geometry":{"type":"Point","coordinates":[6.2992698,45.969502]},"id":"node/10069517226"},{"type":"Feature","properties":{"@id":"node/10073803535","natural":"spring"},"geometry":{"type":"Point","coordinates":[6.7140211,45.2288518]},"id":"node/10073803535"},{"type":"Feature","properties":{"@id":"node/10075182735","access":"yes","amenity":"drinking_water","bottle":"yes","fee":"no","man_made":"water_tap"},"geometry":{"type":"Point","coordinates":[6.1309159,45.9105548]},"id":"node/10075182735"},{"type":"Feature","properties":{"@id":"node/10077594431","amenity":"fountain","drinking_water":"yes"},"geometry":{"type":"Point","coordinates":[6.7217157,45.2139093]},"id":"node/10077594431"},{"type":"Feature","properties":{"@id":"node/10081906268","description":"débit très faible","natural":"spring"},"geometry":{"type":"Point","coordinates":[6.1891423,45.8737057]},"id":"node/10081906268"},{"type":"Feature","properties":{"@id":"node/10083643625","amenity":"fountain","drinking_water":"yes","fountain":"drinking","lit":"no"},"geometry":{"type":"Point","coordinates":[6.6524896,46.060368]},"id":"node/10083643625"},{"type":"Feature","properties":{"@id":"node/10083643627","amenity":"fountain","fountain":"jet_water","lit":"no"},"geometry":{"type":"Point","coordinates":[6.6525142,46.0593113]},"id":"node/10083643627"},{"type":"Feature","properties":{"@id":"node/10083643628","amenity":"fountain","fountain":"jet_water","lit":"no"},"geometry":{"type":"Point","coordinates":[6.6528277,46.0591145]},"id":"node/10083643628"},{"type":"Feature","properties":{"@id":"node/10087875116","amenity":"water_point","drinking_water":"yes"},"geometry":{"type":"Point","coordinates":[6.7400375,45.2224061]},"id":"node/10087875116"},{"type":"Feature","properties":{"@id":"node/10089714014","amenity":"fountain"},"geometry":{"type":"Point","coordinates":[6.7165035,46.1800421]},"id":"node/10089714014"},{"type":"Feature","properties":{"@id":"node/10095637004","drinking_water":"no","natural":"spring"},"geometry":{"type":"Point","coordinates":[6.0175393,45.8182082]},"id":"node/10095637004"},{"type":"Feature","properties":{"@id":"node/10095767475","amenity":"fountain","fountain":"stone_block","lit":"no"},"geometry":{"type":"Point","coordinates":[6.6954348,46.0941262]},"id":"node/10095767475"},{"type":"Feature","properties":{"@id":"node/10103689755","amenity":"drinking_water","note":"L'eau coule rarement."},"geometry":{"type":"Point","coordinates":[6.4422268,45.1606448]},"id":"node/10103689755"},{"type":"Feature","properties":{"@id":"node/10106808944","amenity":"drinking_water","fountain":"drinking"},"geometry":{"type":"Point","coordinates":[6.416304,45.216167]},"id":"node/10106808944"},{"type":"Feature","properties":{"@id":"node/10106808952","amenity":"drinking_water"},"geometry":{"type":"Point","coordinates":[6.4060345,45.1961548]},"id":"node/10106808952"},{"type":"Feature","properties":{"@id":"node/10108225449","drinking_water":"no","natural":"spring"},"geometry":{"type":"Point","coordinates":[6.0200333,45.8214148]},"id":"node/10108225449"},{"type":"Feature","properties":{"@id":"node/10115213909","amenity":"drinking_water"},"geometry":{"type":"Point","coordinates":[6.4197303,45.1459243]},"id":"node/10115213909"},{"type":"Feature","properties":{"@id":"node/10116115661","amenity":"fountain","fountain":"bubbler","lit":"no"},"geometry":{"type":"Point","coordinates":[6.6699468,46.1118903]},"id":"node/10116115661"},{"type":"Feature","properties":{"@id":"node/10116228839","amenity":"fountain","fountain":"bubbler","lit":"no"},"geometry":{"type":"Point","coordinates":[6.6489754,46.0668484]},"id":"node/10116228839"},{"type":"Feature","properties":{"@id":"node/10116495922","drinking_water":"no","natural":"spring"},"geometry":{"type":"Point","coordinates":[6.0198284,45.8208344]},"id":"node/10116495922"},{"type":"Feature","properties":{"@id":"node/10121080746","amenity":"drinking_water","covered":"no","fee":"no","indoor":"no","lit":"no","wheelchair":"yes"},"geometry":{"type":"Point","coordinates":[6.6426609,45.9365605]},"id":"node/10121080746"},{"type":"Feature","properties":{"@id":"node/10123834617","amenity":"fountain"},"geometry":{"type":"Point","coordinates":[6.1299525,46.1048546]},"id":"node/10123834617"},{"type":"Feature","properties":{"@id":"node/10123834817","addr:postcode":"74160","amenity":"water_point","name":"Granite marqué"},"geometry":{"type":"Point","coordinates":[6.1024838,46.10349]},"id":"node/10123834817"},{"type":"Feature","properties":{"@id":"node/10131109193","amenity":"drinking_water"},"geometry":{"type":"Point","coordinates":[6.0320451,45.5012838]},"id":"node/10131109193"},{"type":"Feature","properties":{"@id":"node/10131129030","amenity":"drinking_water"},"geometry":{"type":"Point","coordinates":[6.0327077,45.4990582]},"id":"node/10131129030"},{"type":"Feature","properties":{"@id":"node/10135766133","intermittent":"yes","natural":"spring"},"geometry":{"type":"Point","coordinates":[6.7532637,46.122929]},"id":"node/10135766133"},{"type":"Feature","properties":{"@id":"node/10138460129","amenity":"drinking_water"},"geometry":{"type":"Point","coordinates":[6.6636943,45.5573985]},"id":"node/10138460129"},{"type":"Feature","properties":{"@id":"node/10140379879","natural":"spring"},"geometry":{"type":"Point","coordinates":[6.3760614,45.2348567]},"id":"node/10140379879"},{"type":"Feature","properties":{"@id":"node/10141522737","hiking":"yes","natural":"spring","support":"pole"},"geometry":{"type":"Point","coordinates":[6.7347834,46.36036]},"id":"node/10141522737"},{"type":"Feature","properties":{"@id":"node/10148394089","access":"yes","amenity":"drinking_water","bottle":"yes","fee":"no","name":"Source de la Croix de Fer","natural":"spring","wheelchair":"no"},"geometry":{"type":"Point","coordinates":[6.2593592,45.6619464]},"id":"node/10148394089"},{"type":"Feature","properties":{"@id":"node/10148405766","access":"yes","amenity":"drinking_water","bottle":"yes","fee":"no","fountain":"*","wheelchair":"no"},"geometry":{"type":"Point","coordinates":[6.2068894,45.651157]},"id":"node/10148405766"},{"type":"Feature","properties":{"@id":"node/10160069838","name":"Source du Papillon","natural":"spring"},"geometry":{"type":"Point","coordinates":[6.8479976,45.6301016]},"id":"node/10160069838"},{"type":"Feature","properties":{"@id":"node/10169278635","amenity":"drinking_water"},"geometry":{"type":"Point","coordinates":[6.0137524,45.5535182]},"id":"node/10169278635"},{"type":"Feature","properties":{"@id":"node/10178244767","amenity":"fountain"},"geometry":{"type":"Point","coordinates":[6.4740694,46.3294638]},"id":"node/10178244767"},{"type":"Feature","properties":{"@id":"node/10178588249","natural":"spring"},"geometry":{"type":"Point","coordinates":[6.1921845,45.4443674]},"id":"node/10178588249"},{"type":"Feature","properties":{"@id":"node/10180612856","natural":"spring"},"geometry":{"type":"Point","coordinates":[5.9578588,45.5927186]},"id":"node/10180612856"},{"type":"Feature","properties":{"@id":"node/10181541220","natural":"spring"},"geometry":{"type":"Point","coordinates":[6.4957698,46.1811713]},"id":"node/10181541220"},{"type":"Feature","properties":{"@id":"node/10185945085","amenity":"drinking_water"},"geometry":{"type":"Point","coordinates":[6.1906347,45.4724217]},"id":"node/10185945085"},{"type":"Feature","properties":{"@id":"node/10197575567","man_made":"water_tap"},"geometry":{"type":"Point","coordinates":[5.7203871,45.5925473]},"id":"node/10197575567"},{"type":"Feature","properties":{"@id":"node/10199390684","amenity":"fountain","name":"Borne-fontaine à volant"},"geometry":{"type":"Point","coordinates":[5.7211822,45.5921249]},"id":"node/10199390684"},{"type":"Feature","properties":{"@id":"node/10199399007","man_made":"water_tap","name":"Temporisateur"},"geometry":{"type":"Point","coordinates":[5.72088,45.5922913]},"id":"node/10199399007"},{"type":"Feature","properties":{"@id":"node/10201970544","amenity":"drinking_water","man_made":"water_tap"},"geometry":{"type":"Point","coordinates":[6.0294354,45.7639675]},"id":"node/10201970544"},{"type":"Feature","properties":{"@id":"node/10201975132","amenity":"drinking_water","man_made":"water_tap"},"geometry":{"type":"Point","coordinates":[6.0294129,45.7644195]},"id":"node/10201975132"},{"type":"Feature","properties":{"@id":"node/10204449568","amenity":"drinking_water"},"geometry":{"type":"Point","coordinates":[6.4821951,45.1856049]},"id":"node/10204449568"},{"type":"Feature","properties":{"@id":"node/10204962772","amenity":"fountain"},"geometry":{"type":"Point","coordinates":[6.6975651,45.2143132]},"id":"node/10204962772"},{"type":"Feature","properties":{"@id":"node/10204962773","amenity":"fountain"},"geometry":{"type":"Point","coordinates":[6.6974068,45.2140545]},"id":"node/10204962773"},{"type":"Feature","properties":{"@id":"node/10212132063","amenity":"toilets","drinking_water":"yes","wheelchair":"yes"},"geometry":{"type":"Point","coordinates":[6.7209097,45.2154694]},"id":"node/10212132063"},{"type":"Feature","properties":{"@id":"node/10212132089","amenity":"drinking_water"},"geometry":{"type":"Point","coordinates":[6.7204779,45.215878]},"id":"node/10212132089"},{"type":"Feature","properties":{"@id":"node/10216994174","access":"yes","amenity":"drinking_water","bottle":"yes","fee":"no","man_made":"water_tap"},"geometry":{"type":"Point","coordinates":[6.1333607,45.9069215]},"id":"node/10216994174"},{"type":"Feature","properties":{"@id":"node/10217326609","amenity":"drinking_water"},"geometry":{"type":"Point","coordinates":[5.8957464,45.5349373]},"id":"node/10217326609"},{"type":"Feature","properties":{"@id":"node/10219142304","amenity":"drinking_water"},"geometry":{"type":"Point","coordinates":[6.4776122,45.1913469]},"id":"node/10219142304"},{"type":"Feature","properties":{"@id":"node/10227952986","amenity":"fountain"},"geometry":{"type":"Point","coordinates":[6.1267479,45.9010242]},"id":"node/10227952986"},{"type":"Feature","properties":{"@id":"node/10235298779","amenity":"fountain","drinking_water":"yes"},"geometry":{"type":"Point","coordinates":[6.6963159,45.2138435]},"id":"node/10235298779"},{"type":"Feature","properties":{"@id":"node/10265543965","drinking_water":"yes","man_made":"water_tap"},"geometry":{"type":"Point","coordinates":[6.7881898,46.29537]},"id":"node/10265543965"},{"type":"Feature","properties":{"@id":"node/10280122503","amenity":"drinking_water"},"geometry":{"type":"Point","coordinates":[6.5274361,45.4747435]},"id":"node/10280122503"},{"type":"Feature","properties":{"@id":"node/10287673560","abandoned:man_made":"spring_box","natural":"spring"},"geometry":{"type":"Point","coordinates":[6.4468624,45.0848514]},"id":"node/10287673560"},{"type":"Feature","properties":{"@id":"node/10290050517","amenity":"drinking_water"},"geometry":{"type":"Point","coordinates":[5.9817521,45.5697112]},"id":"node/10290050517"},{"type":"Feature","properties":{"@id":"node/10291151166","amenity":"drinking_water","ele":"612","name":"Source de Bellevarde"},"geometry":{"type":"Point","coordinates":[5.9971265,45.5587297]},"id":"node/10291151166"},{"type":"Feature","properties":{"@id":"node/10293495831","amenity":"drinking_water","man_made":"water_well","pump":"manual"},"geometry":{"type":"Point","coordinates":[6.5754308,45.7169433]},"id":"node/10293495831"},{"type":"Feature","properties":{"@id":"node/10296697509","amenity":"water_point"},"geometry":{"type":"Point","coordinates":[6.693922,45.3286265]},"id":"node/10296697509"},{"type":"Feature","properties":{"@id":"node/10298622487","amenity":"fountain"},"geometry":{"type":"Point","coordinates":[6.1462631,45.9062522]},"id":"node/10298622487"},{"type":"Feature","properties":{"@id":"node/10299251878","amenity":"drinking_water"},"geometry":{"type":"Point","coordinates":[6.1279028,45.9180211]},"id":"node/10299251878"},{"type":"Feature","properties":{"@id":"node/10299882514","amenity":"fountain"},"geometry":{"type":"Point","coordinates":[6.1503938,46.1283878]},"id":"node/10299882514"},{"type":"Feature","properties":{"@id":"node/10304137768","natural":"spring"},"geometry":{"type":"Point","coordinates":[6.0249509,45.6237383]},"id":"node/10304137768"},{"type":"Feature","properties":{"@id":"node/10309144022","amenity":"drinking_water"},"geometry":{"type":"Point","coordinates":[6.1892899,45.8690294]},"id":"node/10309144022"},{"type":"Feature","properties":{"@id":"node/10313377497","amenity":"drinking_water","drinking_water":"conditional","drinking_water:legal":"no"},"geometry":{"type":"Point","coordinates":[6.0113669,45.52413]},"id":"node/10313377497"},{"type":"Feature","properties":{"@id":"node/10313443479","amenity":"drinking_water"},"geometry":{"type":"Point","coordinates":[6.0131352,45.5239244]},"id":"node/10313443479"},{"type":"Feature","properties":{"@id":"node/10314778532","amenity":"drinking_water","man_made":"water_tap"},"geometry":{"type":"Point","coordinates":[5.9168649,46.1084796]},"id":"node/10314778532"},{"type":"Feature","properties":{"@id":"node/10314921606","amenity":"fountain"},"geometry":{"type":"Point","coordinates":[6.4773631,46.3733206]},"id":"node/10314921606"},{"type":"Feature","properties":{"@id":"node/10561869086","amenity":"drinking_water"},"geometry":{"type":"Point","coordinates":[5.8480429,45.5964469]},"id":"node/10561869086"},{"type":"Feature","properties":{"@id":"node/10561869088","amenity":"drinking_water"},"geometry":{"type":"Point","coordinates":[5.8454165,45.595395]},"id":"node/10561869088"},{"type":"Feature","properties":{"@id":"node/10566103558","amenity":"fountain","drinking_water":"untreated","fountain":"drinking","heritage":"no","heritage:operator":"mhs","mhs:inscription_date":"2023-01-18","ref:mhs":"PA74000025","source":"osmsync:findafountain","source:pkey":"1024","wheelchair":"no"},"geometry":{"type":"Point","coordinates":[6.6134604,46.1483367]},"id":"node/10566103558"},{"type":"Feature","properties":{"@id":"node/10566103559","access":"yes","amenity":"drinking_water","bottle":"yes","check_date":"2022-05-13","operator":"Mairie de Samoëns","wheelchair":"yes"},"geometry":{"type":"Point","coordinates":[6.7224597,46.0826029]},"id":"node/10566103559"},{"type":"Feature","properties":{"@id":"node/10566103561","access":"yes","amenity":"drinking_water","bottle":"yes","check_date":"2022-05-13","operator":"Mairie de Samoëns","wheelchair":"yes"},"geometry":{"type":"Point","coordinates":[6.7460638,46.1100593]},"id":"node/10566103561"},{"type":"Feature","properties":{"@id":"node/10568319178","access":"yes","amenity":"drinking_water","bottle":"yes","check_date":"2022-05-13","name":"Fontaine du parking de l'école","wheelchair":"yes"},"geometry":{"type":"Point","coordinates":[6.329542,46.052699]},"id":"node/10568319178"},{"type":"Feature","properties":{"@id":"node/10568319180","access":"yes","amenity":"drinking_water","bottle":"yes","check_date":"2022-05-13","name":"Bassin de la mairie","operator":"Mairie de Faucigny","wheelchair":"yes"},"geometry":{"type":"Point","coordinates":[6.3579371,46.1185889]},"id":"node/10568319180"},{"type":"Feature","properties":{"@id":"node/10570899002","amenity":"fountain","fountain":"jet_water"},"geometry":{"type":"Point","coordinates":[6.531472,46.3964023]},"id":"node/10570899002"},{"type":"Feature","properties":{"@id":"node/10574641425","amenity":"fountain","drinking_water":"no"},"geometry":{"type":"Point","coordinates":[6.3956791,46.1526842]},"id":"node/10574641425"},{"type":"Feature","properties":{"@id":"node/10576801271","amenity":"fountain","drinking_water":"no"},"geometry":{"type":"Point","coordinates":[6.5370962,46.3923124]},"id":"node/10576801271"},{"type":"Feature","properties":{"@id":"node/10576801472","amenity":"fountain","fountain":"decorative"},"geometry":{"type":"Point","coordinates":[6.538339,46.3935919]},"id":"node/10576801472"},{"type":"Feature","properties":{"@id":"node/10579826472","amenity":"fountain","drinking_water":"untreated","fountain":"wood_block","lit":"no"},"geometry":{"type":"Point","coordinates":[6.7031019,46.1592924]},"id":"node/10579826472"},{"type":"Feature","properties":{"@id":"node/10580136848","amenity":"fountain"},"geometry":{"type":"Point","coordinates":[6.3896398,46.1690869]},"id":"node/10580136848"},{"type":"Feature","properties":{"@id":"node/10582465920","access":"yes","amenity":"drinking_water","bottle":"yes","check_date":"2022-05-13","wheelchair":"yes"},"geometry":{"type":"Point","coordinates":[6.4302549,46.1329919]},"id":"node/10582465920"},{"type":"Feature","properties":{"@id":"node/10587511500","amenity":"fountain","hiking":"yes","support":"fountain"},"geometry":{"type":"Point","coordinates":[6.4792286,46.3712227]},"id":"node/10587511500"},{"type":"Feature","properties":{"@id":"node/10591540964","amenity":"fountain"},"geometry":{"type":"Point","coordinates":[6.42823,46.1925233]},"id":"node/10591540964"},{"type":"Feature","properties":{"@id":"node/10596607384","man_made":"water_tap"},"geometry":{"type":"Point","coordinates":[6.5706804,45.8378175]},"id":"node/10596607384"},{"type":"Feature","properties":{"@id":"node/10596711011","amenity":"fountain","colour":"green"},"geometry":{"type":"Point","coordinates":[6.5666421,45.8342974]},"id":"node/10596711011"},{"type":"Feature","properties":{"@id":"node/10599183716","amenity":"fountain","fountain":"decorative"},"geometry":{"type":"Point","coordinates":[5.8716661,45.5954506]},"id":"node/10599183716"},{"type":"Feature","properties":{"@id":"node/10600960219","amenity":"drinking_water","bottle":"yes"},"geometry":{"type":"Point","coordinates":[6.4792822,46.3428079]},"id":"node/10600960219"},{"type":"Feature","properties":{"@id":"node/10609165644","amenity":"drinking_water","man_made":"water_tap"},"geometry":{"type":"Point","coordinates":[6.5807529,45.6848384]},"id":"node/10609165644"},{"type":"Feature","properties":{"@id":"node/10648353397","amenity":"drinking_water"},"geometry":{"type":"Point","coordinates":[6.2244975,46.1945046]},"id":"node/10648353397"},{"type":"Feature","properties":{"@id":"node/10659605023","amenity":"drinking_water","drinking_water":"yes","drinking_water:legal":"yes"},"geometry":{"type":"Point","coordinates":[6.5426952,46.1287264]},"id":"node/10659605023"},{"type":"Feature","properties":{"@id":"node/10659605024","drinking_water":"no","man_made":"water_tap"},"geometry":{"type":"Point","coordinates":[6.5723152,46.1089634]},"id":"node/10659605024"},{"type":"Feature","properties":{"@id":"node/10680021245","amenity":"drinking_water"},"geometry":{"type":"Point","coordinates":[6.3179575,45.9124741]},"id":"node/10680021245"},{"type":"Feature","properties":{"@id":"node/10681397136","access":"permissive","amenity":"drinking_water","bottle":"no","fee":"no"},"geometry":{"type":"Point","coordinates":[6.3480876,45.9139321]},"id":"node/10681397136"},{"type":"Feature","properties":{"@id":"node/10681397144","amenity":"drinking_water","fountain":"drinking"},"geometry":{"type":"Point","coordinates":[6.3443374,45.9063718]},"id":"node/10681397144"},{"type":"Feature","properties":{"@id":"node/10681718040","amenity":"drinking_water","ele":"1555"},"geometry":{"type":"Point","coordinates":[6.5310019,45.5532986]},"id":"node/10681718040"},{"type":"Feature","properties":{"@id":"node/10701447102","amenity":"drinking_water","bottle":"yes","fee":"no","indoor":"no","level":"0","lit":"yes","wheelchair":"yes"},"geometry":{"type":"Point","coordinates":[6.1803249,45.8290762]},"id":"node/10701447102"},{"type":"Feature","properties":{"@id":"node/10701449005","amenity":"drinking_water","bottle":"yes","covered":"no","fee":"no","indoor":"no","level":"0","lit":"yes","wheelchair":"yes"},"geometry":{"type":"Point","coordinates":[6.1804518,45.8294416]},"id":"node/10701449005"},{"type":"Feature","properties":{"@id":"node/10701449014","amenity":"drinking_water","bottle":"yes","fee":"no","indoor":"no","level":"0","lit":"yes","wheelchair":"yes"},"geometry":{"type":"Point","coordinates":[6.1801664,45.8293539]},"id":"node/10701449014"},{"type":"Feature","properties":{"@id":"node/10701503228","amenity":"drinking_water","bottle":"yes","covered":"no","fee":"no","indoor":"no","level":"0","lit":"yes","wheelchair":"yes"},"geometry":{"type":"Point","coordinates":[6.1808477,45.8288812]},"id":"node/10701503228"},{"type":"Feature","properties":{"@id":"node/10707622694","amenity":"drinking_water","manufacturer":"Bayard","model":"Série D1 10"},"geometry":{"type":"Point","coordinates":[6.2225425,46.196413]},"id":"node/10707622694"},{"type":"Feature","properties":{"@id":"node/10712995461","access":"yes","amenity":"drinking_water","fee":"no"},"geometry":{"type":"Point","coordinates":[6.7746837,45.6193898]},"id":"node/10712995461"},{"type":"Feature","properties":{"@id":"node/10720022024","amenity":"drinking_water"},"geometry":{"type":"Point","coordinates":[6.6907771,45.2130357]},"id":"node/10720022024"},{"type":"Feature","properties":{"@id":"node/10730388824","amenity":"drinking_water"},"geometry":{"type":"Point","coordinates":[6.0266535,45.88943]},"id":"node/10730388824"},{"type":"Feature","properties":{"@id":"node/10736067761","natural":"spring"},"geometry":{"type":"Point","coordinates":[6.2175739,46.188799]},"id":"node/10736067761"},{"type":"Feature","properties":{"@id":"node/10751510974","amenity":"water_point","drinking_water":"yes"},"geometry":{"type":"Point","coordinates":[6.7283503,46.0838251]},"id":"node/10751510974"},{"type":"Feature","properties":{"@id":"node/10765525389","amenity":"water_point","fee":"yes"},"geometry":{"type":"Point","coordinates":[6.5253076,46.3902351]},"id":"node/10765525389"},{"type":"Feature","properties":{"@id":"node/10777546305","amenity":"water_point"},"geometry":{"type":"Point","coordinates":[5.8963226,45.6581514]},"id":"node/10777546305"},{"type":"Feature","properties":{"@id":"node/10779293819","amenity":"drinking_water","drinking_water":"yes","man_made":"water_tap"},"geometry":{"type":"Point","coordinates":[6.3756534,46.3291915]},"id":"node/10779293819"},{"type":"Feature","properties":{"@id":"node/10795833692","amenity":"fountain"},"geometry":{"type":"Point","coordinates":[6.4856939,45.5130982]},"id":"node/10795833692"},{"type":"Feature","properties":{"@id":"node/10795890333","amenity":"fountain"},"geometry":{"type":"Point","coordinates":[6.4848924,45.5035903]},"id":"node/10795890333"},{"type":"Feature","properties":{"@id":"node/10795890374","amenity":"fountain"},"geometry":{"type":"Point","coordinates":[6.4849084,45.5041971]},"id":"node/10795890374"},{"type":"Feature","properties":{"@id":"node/10795890375","amenity":"fountain"},"geometry":{"type":"Point","coordinates":[6.4855131,45.5027851]},"id":"node/10795890375"},{"type":"Feature","properties":{"@id":"node/10801389707","access":"yes","amenity":"drinking_water","bottle":"yes"},"geometry":{"type":"Point","coordinates":[5.8430627,45.8804044]},"id":"node/10801389707"},{"type":"Feature","properties":{"@id":"node/10807058654","amenity":"drinking_water"},"geometry":{"type":"Point","coordinates":[6.2301077,45.4830807]},"id":"node/10807058654"},{"type":"Feature","properties":{"@id":"node/10809403414","name":"Source des Charbonniers","natural":"spring"},"geometry":{"type":"Point","coordinates":[5.9320171,45.4804092]},"id":"node/10809403414"},{"type":"Feature","properties":{"@id":"node/10820356677","drinking_water":"yes","drinking_water:legal":"yes","man_made":"water_tap"},"geometry":{"type":"Point","coordinates":[6.4408726,46.2859596]},"id":"node/10820356677"},{"type":"Feature","properties":{"@id":"node/10840495715","natural":"spring"},"geometry":{"type":"Point","coordinates":[6.0014128,45.8355087]},"id":"node/10840495715"},{"type":"Feature","properties":{"@id":"node/10844142107","natural":"spring","note":"suuintement alimentant un abreuvoir"},"geometry":{"type":"Point","coordinates":[5.9070568,45.3971684]},"id":"node/10844142107"},{"type":"Feature","properties":{"@id":"node/10844336905","amenity":"fountain","survey:date":"2023-04-26"},"geometry":{"type":"Point","coordinates":[6.3645276,45.2987762]},"id":"node/10844336905"},{"type":"Feature","properties":{"@id":"node/10844337005","amenity":"fountain","survey:date":"2023-04-26"},"geometry":{"type":"Point","coordinates":[6.3614011,45.2982042]},"id":"node/10844337005"},{"type":"Feature","properties":{"@id":"node/10865472195","amenity":"fountain","fountain":"stone_block","lit":"no"},"geometry":{"type":"Point","coordinates":[6.3317746,46.2442414]},"id":"node/10865472195"},{"type":"Feature","properties":{"@id":"node/10875543127","amenity":"drinking_water","man_made":"water_well","pump":"manual"},"geometry":{"type":"Point","coordinates":[6.0205604,45.5612771]},"id":"node/10875543127"},{"type":"Feature","properties":{"@id":"node/10876156705","access":"yes","amenity":"drinking_water","fee":"no","name":"Font’haine"},"geometry":{"type":"Point","coordinates":[6.9221651,45.9751822]},"id":"node/10876156705"},{"type":"Feature","properties":{"@id":"node/10879320794","amenity":"drinking_water"},"geometry":{"type":"Point","coordinates":[6.4206357,45.220958]},"id":"node/10879320794"},{"type":"Feature","properties":{"@id":"node/10879608101","amenity":"drinking_water","description":"Fontaine"},"geometry":{"type":"Point","coordinates":[6.419306,45.2057217]},"id":"node/10879608101"},{"type":"Feature","properties":{"@id":"node/10880889008","man_made":"water_tap"},"geometry":{"type":"Point","coordinates":[6.1588914,45.6317394]},"id":"node/10880889008"},{"type":"Feature","properties":{"@id":"node/10880889009","man_made":"water_tap"},"geometry":{"type":"Point","coordinates":[6.1591681,45.6309343]},"id":"node/10880889009"},{"type":"Feature","properties":{"@id":"node/10884028548","amenity":"drinking_water"},"geometry":{"type":"Point","coordinates":[5.8999073,45.4442296]},"id":"node/10884028548"},{"type":"Feature","properties":{"@id":"node/10886328893","amenity":"drinking_water"},"geometry":{"type":"Point","coordinates":[6.3439478,45.7670066]},"id":"node/10886328893"},{"type":"Feature","properties":{"@id":"node/10886419572","amenity":"drinking_water"},"geometry":{"type":"Point","coordinates":[6.3451426,45.7702586]},"id":"node/10886419572"},{"type":"Feature","properties":{"@id":"node/10886421721","amenity":"drinking_water"},"geometry":{"type":"Point","coordinates":[6.3639144,45.7977963]},"id":"node/10886421721"},{"type":"Feature","properties":{"@id":"node/10886474920","amenity":"drinking_water"},"geometry":{"type":"Point","coordinates":[6.2859806,45.4687687]},"id":"node/10886474920"},{"type":"Feature","properties":{"@id":"node/10886798601","amenity":"drinking_water"},"geometry":{"type":"Point","coordinates":[6.3258909,45.7491539]},"id":"node/10886798601"},{"type":"Feature","properties":{"@id":"node/10886866225","amenity":"drinking_water"},"geometry":{"type":"Point","coordinates":[6.3364075,45.6751258]},"id":"node/10886866225"},{"type":"Feature","properties":{"@id":"node/10886868109","amenity":"drinking_water"},"geometry":{"type":"Point","coordinates":[6.3802645,45.7104285]},"id":"node/10886868109"},{"type":"Feature","properties":{"@id":"node/10896317245","amenity":"drinking_water"},"geometry":{"type":"Point","coordinates":[6.49394,45.39841]},"id":"node/10896317245"},{"type":"Feature","properties":{"@id":"node/10898141570","drinking_water":"yes","name":"Source des Esserts","natural":"spring"},"geometry":{"type":"Point","coordinates":[6.5021808,45.3711598]},"id":"node/10898141570"},{"type":"Feature","properties":{"@id":"node/10911263760","amenity":"water_point","drinking_water":"no"},"geometry":{"type":"Point","coordinates":[6.8206127,45.9080327]},"id":"node/10911263760"},{"type":"Feature","properties":{"@id":"node/10911474243","access":"yes","amenity":"drinking_water","bottle":"yes","cold_water":"yes","dog":"yes"},"geometry":{"type":"Point","coordinates":[6.0052404,45.730659]},"id":"node/10911474243"},{"type":"Feature","properties":{"@id":"node/10913939105","amenity":"fountain","survey:date":"2023-05-20"},"geometry":{"type":"Point","coordinates":[6.094486,46.0206569]},"id":"node/10913939105"},{"type":"Feature","properties":{"@id":"node/10914306295","access":"yes","amenity":"drinking_water","bottle":"yes","cold_water":"yes","dog":"yes"},"geometry":{"type":"Point","coordinates":[6.006291,45.7309518]},"id":"node/10914306295"},{"type":"Feature","properties":{"@id":"node/10929342014","amenity":"drinking_water","disused":"yes"},"geometry":{"type":"Point","coordinates":[5.9899338,45.5455234]},"id":"node/10929342014"},{"type":"Feature","properties":{"@id":"node/10931107387","amenity":"drinking_water"},"geometry":{"type":"Point","coordinates":[6.3286687,45.8612828]},"id":"node/10931107387"},{"type":"Feature","properties":{"@id":"node/10931653122","amenity":"drinking_water"},"geometry":{"type":"Point","coordinates":[6.0368542,45.5274164]},"id":"node/10931653122"},{"type":"Feature","properties":{"@id":"node/10931909932","amenity":"toilets","drinking_water":"yes"},"geometry":{"type":"Point","coordinates":[6.4585427,45.2171023]},"id":"node/10931909932"},{"type":"Feature","properties":{"@id":"node/10940306667","amenity":"water_point"},"geometry":{"type":"Point","coordinates":[6.0482123,45.8595405]},"id":"node/10940306667"},{"type":"Feature","properties":{"@id":"node/10940623898","man_made":"spring_box","natural":"spring","source":"IGN - 2022-06"},"geometry":{"type":"Point","coordinates":[6.4998454,46.3152133]},"id":"node/10940623898"},{"type":"Feature","properties":{"@id":"node/10941993534","amenity":"drinking_water"},"geometry":{"type":"Point","coordinates":[6.5801002,46.0566848]},"id":"node/10941993534"},{"type":"Feature","properties":{"@id":"node/10941996005","amenity":"drinking_water"},"geometry":{"type":"Point","coordinates":[6.5910009,46.3150862]},"id":"node/10941996005"},{"type":"Feature","properties":{"@id":"node/10942427236","man_made":"water_tap"},"geometry":{"type":"Point","coordinates":[6.4735785,45.7734401]},"id":"node/10942427236"},{"type":"Feature","properties":{"@id":"node/10957609284","amenity":"fountain"},"geometry":{"type":"Point","coordinates":[5.9585244,46.0350923]},"id":"node/10957609284"},{"type":"Feature","properties":{"@id":"node/10959743750","amenity":"drinking_water"},"geometry":{"type":"Point","coordinates":[6.1579337,45.5692045]},"id":"node/10959743750"},{"type":"Feature","properties":{"@id":"node/10964217787","amenity":"drinking_water"},"geometry":{"type":"Point","coordinates":[6.2840113,45.5509438]},"id":"node/10964217787"},{"type":"Feature","properties":{"@id":"node/10964344352","amenity":"fountain"},"geometry":{"type":"Point","coordinates":[6.871522,45.9233963]},"id":"node/10964344352"},{"type":"Feature","properties":{"@id":"node/10964358898","amenity":"drinking_water","drinking_water":"yes"},"geometry":{"type":"Point","coordinates":[6.7622062,45.9095293]},"id":"node/10964358898"},{"type":"Feature","properties":{"@id":"node/10969003369","amenity":"fountain","drinking_water":"no","fountain":"decorative"},"geometry":{"type":"Point","coordinates":[6.7678617,46.3986931]},"id":"node/10969003369"},{"type":"Feature","properties":{"@id":"node/10970888189","access":"yes","amenity":"drinking_water","bottle":"yes"},"geometry":{"type":"Point","coordinates":[6.2735981,45.8989151]},"id":"node/10970888189"},{"type":"Feature","properties":{"@id":"node/10973505768","access":"yes","amenity":"drinking_water","bottle":"yes","fee":"no","wheelchair":"yes"},"geometry":{"type":"Point","coordinates":[6.392777,45.67732]},"id":"node/10973505768"},{"type":"Feature","properties":{"@id":"node/10973505769","access":"yes","amenity":"drinking_water","bottle":"yes","fee":"no","wheelchair":"yes"},"geometry":{"type":"Point","coordinates":[6.3927592,45.6774225]},"id":"node/10973505769"},{"type":"Feature","properties":{"@id":"node/10973854869","amenity":"drinking_water"},"geometry":{"type":"Point","coordinates":[6.8767304,45.9224029]},"id":"node/10973854869"},{"type":"Feature","properties":{"@id":"node/10977721048","amenity":"drinking_water"},"geometry":{"type":"Point","coordinates":[5.9770364,45.9038263]},"id":"node/10977721048"},{"type":"Feature","properties":{"@id":"node/10977879593","amenity":"fountain","lit":"no"},"geometry":{"type":"Point","coordinates":[6.4715703,45.4183217]},"id":"node/10977879593"},{"type":"Feature","properties":{"@id":"node/10977879603","drinking_water":"yes","man_made":"water_tap"},"geometry":{"type":"Point","coordinates":[6.4710659,45.418298]},"id":"node/10977879603"},{"type":"Feature","properties":{"@id":"node/10978536060","access":"yes","amenity":"drinking_water","bottle":"yes","covered":"yes","lit":"no","man_made":"water_tap","wheelchair":"yes"},"geometry":{"type":"Point","coordinates":[6.6439055,45.938311]},"id":"node/10978536060"},{"type":"Feature","properties":{"@id":"node/10979810757","man_made":"water_tap"},"geometry":{"type":"Point","coordinates":[6.3464681,45.2791019]},"id":"node/10979810757"},{"type":"Feature","properties":{"@id":"node/10983949882","amenity":"fountain"},"geometry":{"type":"Point","coordinates":[6.4444175,45.932839]},"id":"node/10983949882"},{"type":"Feature","properties":{"@id":"node/10992331987","name":"Fontaine","natural":"spring"},"geometry":{"type":"Point","coordinates":[6.9310159,45.9951438]},"id":"node/10992331987"},{"type":"Feature","properties":{"@id":"node/11005864614","amenity":"drinking_water"},"geometry":{"type":"Point","coordinates":[5.9631141,45.6772662]},"id":"node/11005864614"},{"type":"Feature","properties":{"@id":"node/11035470237","amenity":"drinking_water"},"geometry":{"type":"Point","coordinates":[5.8644109,45.4637941]},"id":"node/11035470237"},{"type":"Feature","properties":{"@id":"node/11035912952","amenity":"drinking_water","drinking_water":"conditional","drinking_water:legal":"no"},"geometry":{"type":"Point","coordinates":[6.3753359,45.118137]},"id":"node/11035912952"},{"type":"Feature","properties":{"@id":"node/11036811959","amenity":"drinking_water"},"geometry":{"type":"Point","coordinates":[6.9587143,45.2089776]},"id":"node/11036811959"},{"type":"Feature","properties":{"@id":"node/11038805479","amenity":"drinking_water","man_made":"water_tap"},"geometry":{"type":"Point","coordinates":[5.834214,45.956778]},"id":"node/11038805479"},{"type":"Feature","properties":{"@id":"node/11039463684","amenity":"drinking_water","man_made":"water_tap"},"geometry":{"type":"Point","coordinates":[6.5697744,45.6849578]},"id":"node/11039463684"},{"type":"Feature","properties":{"@id":"node/11041861473","drinking_water":"conditional","drinking_water:legal":"no","natural":"spring"},"geometry":{"type":"Point","coordinates":[6.7726891,45.8437476]},"id":"node/11041861473"},{"type":"Feature","properties":{"@id":"node/11042034444","amenity":"drinking_water","drinking_water":"yes"},"geometry":{"type":"Point","coordinates":[6.1459984,45.4541209]},"id":"node/11042034444"},{"type":"Feature","properties":{"@id":"node/11042171064","amenity":"drinking_water","capacity":"2","colour":"blue","fountain":"bubbler","manufacturer":"Bricantel","model":"MUFM10-X","wheelchair":"yes"},"geometry":{"type":"Point","coordinates":[6.228214,46.1913181]},"id":"node/11042171064"},{"type":"Feature","properties":{"@id":"node/11042171069","amenity":"drinking_water","capacity":"2","colour":"blue","fountain":"bubbler","manufacturer":"Bricantel","model":"MUFM10-X","wheelchair":"yes"},"geometry":{"type":"Point","coordinates":[6.2286254,46.1910249]},"id":"node/11042171069"},{"type":"Feature","properties":{"@id":"node/11042365534","amenity":"drinking_water","drinking_water":"yes"},"geometry":{"type":"Point","coordinates":[6.1433039,45.449371]},"id":"node/11042365534"},{"type":"Feature","properties":{"@id":"node/11042365600","amenity":"drinking_water","drinking_water":"yes"},"geometry":{"type":"Point","coordinates":[6.1209402,45.4422158]},"id":"node/11042365600"},{"type":"Feature","properties":{"@id":"node/11042373922","amenity":"drinking_water","drinking_water":"yes"},"geometry":{"type":"Point","coordinates":[6.1521999,45.4222178]},"id":"node/11042373922"},{"type":"Feature","properties":{"@id":"node/11043658802","amenity":"drinking_water","bottle":"yes","fee":"no","fountain":"drinking"},"geometry":{"type":"Point","coordinates":[6.6337928,46.17278]},"id":"node/11043658802"},{"type":"Feature","properties":{"@id":"node/11043877242","amenity":"fountain"},"geometry":{"type":"Point","coordinates":[6.1303342,45.8995464]},"id":"node/11043877242"},{"type":"Feature","properties":{"@id":"node/11043877243","amenity":"fountain"},"geometry":{"type":"Point","coordinates":[6.127466,45.8974042]},"id":"node/11043877243"},{"type":"Feature","properties":{"@id":"node/11043877244","amenity":"fountain"},"geometry":{"type":"Point","coordinates":[6.1250395,45.8984497]},"id":"node/11043877244"},{"type":"Feature","properties":{"@id":"node/11046170224","amenity":"fountain"},"geometry":{"type":"Point","coordinates":[6.9803847,45.4487268]},"id":"node/11046170224"},{"type":"Feature","properties":{"@id":"node/11047053261","amenity":"drinking_water"},"geometry":{"type":"Point","coordinates":[6.4310507,45.1694338]},"id":"node/11047053261"},{"type":"Feature","properties":{"@id":"node/11047885052","amenity":"drinking_water"},"geometry":{"type":"Point","coordinates":[6.5307094,45.2933684]},"id":"node/11047885052"},{"type":"Feature","properties":{"@id":"node/11049555497","amenity":"drinking_water","bottle":"yes","fee":"no","man_made":"water_tap","operator":"Commune de Rochefort","wheelchair":"limited"},"geometry":{"type":"Point","coordinates":[5.7205804,45.581965]},"id":"node/11049555497"},{"type":"Feature","properties":{"@id":"node/11049955654","amenity":"drinking_water"},"geometry":{"type":"Point","coordinates":[6.2285974,45.3206446]},"id":"node/11049955654"},{"type":"Feature","properties":{"@id":"node/11050077487","amenity":"drinking_water","fountain":"drinking"},"geometry":{"type":"Point","coordinates":[6.7301363,45.4603428]},"id":"node/11050077487"},{"type":"Feature","properties":{"@id":"node/11052605994","amenity":"drinking_water"},"geometry":{"type":"Point","coordinates":[6.4525419,45.0833993]},"id":"node/11052605994"},{"type":"Feature","properties":{"@id":"node/11052820600","amenity":"fountain"},"geometry":{"type":"Point","coordinates":[6.1186399,45.4575852]},"id":"node/11052820600"},{"type":"Feature","properties":{"@id":"node/11052848705","amenity":"fountain"},"geometry":{"type":"Point","coordinates":[6.1199911,45.4583911]},"id":"node/11052848705"},{"type":"Feature","properties":{"@id":"node/11055006921","access":"yes","amenity":"drinking_water","fee":"no"},"geometry":{"type":"Point","coordinates":[6.3087336,46.1673132]},"id":"node/11055006921"},{"type":"Feature","properties":{"@id":"node/11057109492","amenity":"drinking_water","wheelchair":"no"},"geometry":{"type":"Point","coordinates":[6.711093,45.894154]},"id":"node/11057109492"},{"type":"Feature","properties":{"@id":"node/11057333632","amenity":"drinking_water","name":"Source du Fuzet"},"geometry":{"type":"Point","coordinates":[6.3860423,46.2451271]},"id":"node/11057333632"},{"type":"Feature","properties":{"@id":"node/11057477416","man_made":"water_tap"},"geometry":{"type":"Point","coordinates":[6.4422029,46.2868385]},"id":"node/11057477416"},{"type":"Feature","properties":{"@id":"node/11059601131","amenity":"drinking_water"},"geometry":{"type":"Point","coordinates":[6.1042856,46.0190178]},"id":"node/11059601131"},{"type":"Feature","properties":{"@id":"node/11061717202","amenity":"fountain","drinking_water":"yes"},"geometry":{"type":"Point","coordinates":[6.5562231,45.4317347]},"id":"node/11061717202"},{"type":"Feature","properties":{"@id":"node/11066515385","amenity":"drinking_water"},"geometry":{"type":"Point","coordinates":[6.7266154,45.826705]},"id":"node/11066515385"},{"type":"Feature","properties":{"@id":"node/11067034158","man_made":"spring_box","name":"Captage du Devant","natural":"spring","source":"IGN - 2022-06"},"geometry":{"type":"Point","coordinates":[6.6657065,46.2028125]},"id":"node/11067034158"},{"type":"Feature","properties":{"@id":"node/11067208116","amenity":"fountain"},"geometry":{"type":"Point","coordinates":[6.6517724,46.1929097]},"id":"node/11067208116"},{"type":"Feature","properties":{"@id":"node/11067208118","amenity":"fountain"},"geometry":{"type":"Point","coordinates":[6.6389729,46.1878267]},"id":"node/11067208118"},{"type":"Feature","properties":{"@id":"node/11068833833","amenity":"drinking_water"},"geometry":{"type":"Point","coordinates":[6.6427322,45.8994544]},"id":"node/11068833833"},{"type":"Feature","properties":{"@id":"node/11068833834","amenity":"drinking_water"},"geometry":{"type":"Point","coordinates":[6.6032682,45.8816393]},"id":"node/11068833834"},{"type":"Feature","properties":{"@id":"node/11073685318","name":"Fontaine des Marches","natural":"spring"},"geometry":{"type":"Point","coordinates":[6.5653815,45.1571573]},"id":"node/11073685318"},{"type":"Feature","properties":{"@id":"node/11074198726","amenity":"drinking_water","drinking_water":"yes","fee":"no"},"geometry":{"type":"Point","coordinates":[6.69174,45.7811162]},"id":"node/11074198726"},{"type":"Feature","properties":{"@id":"node/11074811690","amenity":"drinking_water","man_made":"water_well","pump":"manual"},"geometry":{"type":"Point","coordinates":[6.4553422,45.202458]},"id":"node/11074811690"},{"type":"Feature","properties":{"@id":"node/11077310917","access":"yes","amenity":"drinking_water","bottle":"yes","fee":"no","wheelchair":"yes"},"geometry":{"type":"Point","coordinates":[6.7622879,45.5564313]},"id":"node/11077310917"},{"type":"Feature","properties":{"@id":"node/11079143699","access":"yes","amenity":"drinking_water","bottle":"yes","fee":"no","wheelchair":"yes"},"geometry":{"type":"Point","coordinates":[6.8333092,45.57146]},"id":"node/11079143699"},{"type":"Feature","properties":{"@id":"node/11079195747","access":"yes","amenity":"drinking_water","bottle":"yes","fee":"no","man_made":"water_tap","wheelchair":"limited"},"geometry":{"type":"Point","coordinates":[6.8365084,45.5547073]},"id":"node/11079195747"},{"type":"Feature","properties":{"@id":"node/11080984359","amenity":"fountain"},"geometry":{"type":"Point","coordinates":[6.4258929,46.1373427]},"id":"node/11080984359"},{"type":"Feature","properties":{"@id":"node/11081024725","amenity":"fountain"},"geometry":{"type":"Point","coordinates":[6.4207537,46.1395897]},"id":"node/11081024725"},{"type":"Feature","properties":{"@id":"node/11081770507","amenity":"drinking_water"},"geometry":{"type":"Point","coordinates":[6.2636551,45.5513599]},"id":"node/11081770507"},{"type":"Feature","properties":{"@id":"node/11081880836","access":"yes","amenity":"toilets","drinking_water":"yes","fee":"no"},"geometry":{"type":"Point","coordinates":[6.4804108,45.1830464]},"id":"node/11081880836"},{"type":"Feature","properties":{"@id":"node/11083037973","amenity":"drinking_water","fee":"no"},"geometry":{"type":"Point","coordinates":[6.1996293,45.513002]},"id":"node/11083037973"},{"type":"Feature","properties":{"@id":"node/11083068158","access":"yes","amenity":"drinking_water"},"geometry":{"type":"Point","coordinates":[6.2866647,45.5018106]},"id":"node/11083068158"},{"type":"Feature","properties":{"@id":"node/11083085551","description":"Panneau \"eau non potable\"","drinking_water":"no","natural":"spring"},"geometry":{"type":"Point","coordinates":[6.2720667,45.484764]},"id":"node/11083085551"},{"type":"Feature","properties":{"@id":"node/11083144627","amenity":"drinking_water","fee":"no"},"geometry":{"type":"Point","coordinates":[6.3822771,45.2832551]},"id":"node/11083144627"},{"type":"Feature","properties":{"@id":"node/11083188980","access":"yes","amenity":"drinking_water","fee":"no","fountain":"drinking"},"geometry":{"type":"Point","coordinates":[6.3009649,45.2469365]},"id":"node/11083188980"},{"type":"Feature","properties":{"@id":"node/11084080030","amenity":"drinking_water","check_date":"2025-09-09","disused":"yes","fee":"no","opening_hours":"closed"},"geometry":{"type":"Point","coordinates":[6.3753888,46.0607902]},"id":"node/11084080030"},{"type":"Feature","properties":{"@id":"node/11084128891","natural":"spring"},"geometry":{"type":"Point","coordinates":[6.4747292,46.3694655]},"id":"node/11084128891"},{"type":"Feature","properties":{"@id":"node/11085868308","access":"yes","amenity":"drinking_water","bottle":"yes","fee":"no","fountain":"drinking","wheelchair":"yes"},"geometry":{"type":"Point","coordinates":[6.7796204,45.5744788]},"id":"node/11085868308"},{"type":"Feature","properties":{"@id":"node/11086757905","amenity":"drinking_water"},"geometry":{"type":"Point","coordinates":[6.8614327,45.9143509]},"id":"node/11086757905"},{"type":"Feature","properties":{"@id":"node/11088888505","amenity":"drinking_water"},"geometry":{"type":"Point","coordinates":[6.7976357,45.8895337]},"id":"node/11088888505"},{"type":"Feature","properties":{"@id":"node/11088919077","amenity":"drinking_water"},"geometry":{"type":"Point","coordinates":[6.452261,46.3583298]},"id":"node/11088919077"},{"type":"Feature","properties":{"@id":"node/11091234505","amenity":"drinking_water"},"geometry":{"type":"Point","coordinates":[6.6738991,45.9210484]},"id":"node/11091234505"},{"type":"Feature","properties":{"@id":"node/11091661871","amenity":"water_point","drinking_water":"yes"},"geometry":{"type":"Point","coordinates":[6.314678,46.0701659]},"id":"node/11091661871"},{"type":"Feature","properties":{"@id":"node/11093708434","amenity":"fountain","drinking_water":"yes"},"geometry":{"type":"Point","coordinates":[6.5449357,45.4985002]},"id":"node/11093708434"},{"type":"Feature","properties":{"@id":"node/11093708436","amenity":"fountain","drinking_water":"yes"},"geometry":{"type":"Point","coordinates":[6.54442,45.4977077]},"id":"node/11093708436"},{"type":"Feature","properties":{"@id":"node/11094393305","amenity":"water_point","drinking_water":"yes"},"geometry":{"type":"Point","coordinates":[6.6760974,45.1693544]},"id":"node/11094393305"},{"type":"Feature","properties":{"@id":"node/11099517857","access":"yes","amenity":"drinking_water","bottle":"yes","fee":"no","wheelchair":"yes"},"geometry":{"type":"Point","coordinates":[6.8735473,45.5916787]},"id":"node/11099517857"},{"type":"Feature","properties":{"@id":"node/11099517862","access":"yes","amenity":"drinking_water","bottle":"yes","fee":"no","wheelchair":"yes"},"geometry":{"type":"Point","coordinates":[6.8838311,45.5889696]},"id":"node/11099517862"},{"type":"Feature","properties":{"@id":"node/11099517874","access":"yes","amenity":"drinking_water","bottle":"yes","fee":"no","wheelchair":"yes"},"geometry":{"type":"Point","coordinates":[6.8122026,45.6268963]},"id":"node/11099517874"},{"type":"Feature","properties":{"@id":"node/11103488726","drinking_water":"yes","man_made":"water_tap"},"geometry":{"type":"Point","coordinates":[6.4584332,45.5255541]},"id":"node/11103488726"},{"type":"Feature","properties":{"@id":"node/11104151517","amenity":"drinking_water","man_made":"water_tap","survey:date":"2023-08-10"},"geometry":{"type":"Point","coordinates":[6.0430082,45.503114]},"id":"node/11104151517"},{"type":"Feature","properties":{"@id":"node/11107538630","access":"yes","amenity":"drinking_water","fee":"no","wheelchair":"yes"},"geometry":{"type":"Point","coordinates":[6.3469264,45.4079098]},"id":"node/11107538630"},{"type":"Feature","properties":{"@id":"node/11107985896","access":"yes","amenity":"drinking_water","bottle":"yes","fee":"no","fountain":"drinking","wheelchair":"yes"},"geometry":{"type":"Point","coordinates":[6.8636491,45.5948139]},"id":"node/11107985896"},{"type":"Feature","properties":{"@id":"node/11108445656","amenity":"fountain","start_date":"1861"},"geometry":{"type":"Point","coordinates":[6.4218481,46.3385239]},"id":"node/11108445656"},{"type":"Feature","properties":{"@id":"node/11108549653","amenity":"drinking_water"},"geometry":{"type":"Point","coordinates":[6.7552346,45.1968305]},"id":"node/11108549653"},{"type":"Feature","properties":{"@id":"node/11108572268","amenity":"drinking_water"},"geometry":{"type":"Point","coordinates":[6.7458925,45.1896771]},"id":"node/11108572268"},{"type":"Feature","properties":{"@id":"node/11108699749","amenity":"drinking_water"},"geometry":{"type":"Point","coordinates":[6.7891049,45.2030183]},"id":"node/11108699749"},{"type":"Feature","properties":{"@id":"node/11113695719","amenity":"fountain","name":"La fontaine aux Chèvres"},"geometry":{"type":"Point","coordinates":[6.3516566,45.2436126]},"id":"node/11113695719"},{"type":"Feature","properties":{"@id":"node/11115139638","amenity":"drinking_water","fountain":"drinking"},"geometry":{"type":"Point","coordinates":[6.4230174,45.9045299]},"id":"node/11115139638"},{"type":"Feature","properties":{"@id":"node/11115139639","amenity":"drinking_water","fountain":"drinking"},"geometry":{"type":"Point","coordinates":[6.4281306,45.9049318]},"id":"node/11115139639"},{"type":"Feature","properties":{"@id":"node/11116046997","name":"Le Bon Riou","name:frp":"Lo Bon Riô","natural":"spring"},"geometry":{"type":"Point","coordinates":[6.2393429,45.3010906]},"id":"node/11116046997"},{"type":"Feature","properties":{"@id":"node/11117220863","amenity":"drinking_water","survey:date":"2023-08-15"},"geometry":{"type":"Point","coordinates":[6.2391263,45.597221]},"id":"node/11117220863"},{"type":"Feature","properties":{"@id":"node/11117232963","amenity":"drinking_water","survey:date":"2023-08-15"},"geometry":{"type":"Point","coordinates":[6.2392489,45.597649]},"id":"node/11117232963"},{"type":"Feature","properties":{"@id":"node/11117235224","amenity":"drinking_water","survey:date":"2023-08-15"},"geometry":{"type":"Point","coordinates":[6.2390568,45.5967308]},"id":"node/11117235224"},{"type":"Feature","properties":{"@id":"node/11117242878","amenity":"drinking_water","survey:date":"2023-08-15"},"geometry":{"type":"Point","coordinates":[6.2391541,45.5958834]},"id":"node/11117242878"},{"type":"Feature","properties":{"@id":"node/11117646307","natural":"spring"},"geometry":{"type":"Point","coordinates":[6.8504275,45.3921366]},"id":"node/11117646307"},{"type":"Feature","properties":{"@id":"node/11118505354","access":"yes","man_made":"water_tap"},"geometry":{"type":"Point","coordinates":[6.4395599,45.9083537]},"id":"node/11118505354"},{"type":"Feature","properties":{"@id":"node/11118536968","amenity":"drinking_water","fountain":"drinking"},"geometry":{"type":"Point","coordinates":[6.4318802,45.9053712]},"id":"node/11118536968"},{"type":"Feature","properties":{"@id":"node/11118600109","amenity":"drinking_water","survey:date":"2023-08-16"},"geometry":{"type":"Point","coordinates":[6.8769802,45.922561]},"id":"node/11118600109"},{"type":"Feature","properties":{"@id":"node/11118611006","amenity":"drinking_water","survey:date":"2023-08-16"},"geometry":{"type":"Point","coordinates":[6.8763161,45.9221169]},"id":"node/11118611006"},{"type":"Feature","properties":{"@id":"node/11118704527","man_made":"water_tap"},"geometry":{"type":"Point","coordinates":[6.244659,45.3041289]},"id":"node/11118704527"},{"type":"Feature","properties":{"@id":"node/11118914171","amenity":"drinking_water"},"geometry":{"type":"Point","coordinates":[6.8764618,45.9216518]},"id":"node/11118914171"},{"type":"Feature","properties":{"@id":"node/11118914172","amenity":"drinking_water"},"geometry":{"type":"Point","coordinates":[6.8771324,45.921482]},"id":"node/11118914172"},{"type":"Feature","properties":{"@id":"node/11118914173","amenity":"drinking_water"},"geometry":{"type":"Point","coordinates":[6.8774408,45.9214913]},"id":"node/11118914173"},{"type":"Feature","properties":{"@id":"node/11119486114","amenity":"fountain"},"geometry":{"type":"Point","coordinates":[6.1618241,45.8320085]},"id":"node/11119486114"},{"type":"Feature","properties":{"@id":"node/11121207803","amenity":"drinking_water","description":"Eau potable refuge de plan sec"},"geometry":{"type":"Point","coordinates":[6.7308382,45.257051]},"id":"node/11121207803"},{"type":"Feature","properties":{"@id":"node/11121867905","man_made":"water_tap"},"geometry":{"type":"Point","coordinates":[6.7302474,45.2385225]},"id":"node/11121867905"},{"type":"Feature","properties":{"@id":"node/11121868005","man_made":"water_tap"},"geometry":{"type":"Point","coordinates":[6.7397504,45.2227866]},"id":"node/11121868005"},{"type":"Feature","properties":{"@id":"node/11121932286","man_made":"spring_box","natural":"spring","source":"IGN - 2022-06"},"geometry":{"type":"Point","coordinates":[6.5218247,46.3331521]},"id":"node/11121932286"},{"type":"Feature","properties":{"@id":"node/11121932287","man_made":"spring_box","natural":"spring","source":"IGN - 2022-06"},"geometry":{"type":"Point","coordinates":[6.5215132,46.333363]},"id":"node/11121932287"},{"type":"Feature","properties":{"@id":"node/11127214248","man_made":"spring_box","natural":"spring","source":"IGN - 2022-06"},"geometry":{"type":"Point","coordinates":[6.5279483,46.3285361]},"id":"node/11127214248"},{"type":"Feature","properties":{"@id":"node/11127214249","man_made":"spring_box","natural":"spring","source":"IGN - 2022-06"},"geometry":{"type":"Point","coordinates":[6.5277286,46.3286674]},"id":"node/11127214249"},{"type":"Feature","properties":{"@id":"node/11127262591","man_made":"water_tap","name":"Bassin"},"geometry":{"type":"Point","coordinates":[6.12274,45.7077736]},"id":"node/11127262591"},{"type":"Feature","properties":{"@id":"node/11128323812","natural":"spring"},"geometry":{"type":"Point","coordinates":[6.2951521,45.817506]},"id":"node/11128323812"},{"type":"Feature","properties":{"@id":"node/11128404205","amenity":"drinking_water","survey:date":"2023-08-19"},"geometry":{"type":"Point","coordinates":[6.7611055,45.8673312]},"id":"node/11128404205"},{"type":"Feature","properties":{"@id":"node/11128404305","amenity":"drinking_water","survey:date":"2023-08-19"},"geometry":{"type":"Point","coordinates":[6.7702716,45.8655913]},"id":"node/11128404305"},{"type":"Feature","properties":{"@id":"node/11128404405","amenity":"drinking_water","survey:date":"2023-08-19"},"geometry":{"type":"Point","coordinates":[6.7703391,45.8648253]},"id":"node/11128404405"},{"type":"Feature","properties":{"@id":"node/11128404408","amenity":"drinking_water","survey:date":"2023-08-19"},"geometry":{"type":"Point","coordinates":[6.7500703,45.8730989]},"id":"node/11128404408"},{"type":"Feature","properties":{"@id":"node/11131445743","amenity":"drinking_water"},"geometry":{"type":"Point","coordinates":[6.8507105,45.9380344]},"id":"node/11131445743"},{"type":"Feature","properties":{"@id":"node/11132008112","access":"yes","amenity":"drinking_water","bottle":"yes","fee":"no","fountain":"bottle_refill"},"geometry":{"type":"Point","coordinates":[6.7786476,45.5714071]},"id":"node/11132008112"},{"type":"Feature","properties":{"@id":"node/11133475905","addr:housenumber":"229","addr:postcode":"74120","addr:street":"Route des Thouvassières","caravans":"yes","drinking_water":"yes","name":"Les Prés d'Arly","tents":"yes","tourism":"camp_site"},"geometry":{"type":"Point","coordinates":[6.5767873,45.836207]},"id":"node/11133475905"},{"type":"Feature","properties":{"@id":"node/11133526981","access":"yes","amenity":"drinking_water","bottle":"yes","check_date":"2023-08-20","description":"Au 20/08/2023, compter environ 1 minute pour 1 litre.","fee":"no","intermittent":"yes","natural":"spring"},"geometry":{"type":"Point","coordinates":[6.5997726,45.1233248]},"id":"node/11133526981"},{"type":"Feature","properties":{"@id":"node/11142998724","amenity":"drinking_water","survey:date":"2023-08-24"},"geometry":{"type":"Point","coordinates":[6.5640537,45.684833]},"id":"node/11142998724"},{"type":"Feature","properties":{"@id":"node/11143301868","man_made":"water_tap"},"geometry":{"type":"Point","coordinates":[6.2858782,45.4799287]},"id":"node/11143301868"},{"type":"Feature","properties":{"@id":"node/11143576881","amenity":"drinking_water","man_made":"water_tap"},"geometry":{"type":"Point","coordinates":[6.7083301,46.1789348]},"id":"node/11143576881"},{"type":"Feature","properties":{"@id":"node/11146027529","access":"yes","drinking_water":"yes","man_made":"water_tap"},"geometry":{"type":"Point","coordinates":[6.6327453,45.6951372]},"id":"node/11146027529"},{"type":"Feature","properties":{"@id":"node/11146547164","amenity":"drinking_water","man_made":"water_well","pump":"manual"},"geometry":{"type":"Point","coordinates":[6.7034894,46.1811299]},"id":"node/11146547164"},{"type":"Feature","properties":{"@id":"node/11146587948","amenity":"drinking_water"},"geometry":{"type":"Point","coordinates":[6.429021,45.9422074]},"id":"node/11146587948"},{"type":"Feature","properties":{"@id":"node/11148784665","amenity":"drinking_water","name":"Fontaine de la Fauge","ref:refuges.info":"8460"},"geometry":{"type":"Point","coordinates":[6.7169747,45.693773]},"id":"node/11148784665"},{"type":"Feature","properties":{"@id":"node/11148815446","natural":"spring"},"geometry":{"type":"Point","coordinates":[6.6404448,45.6360208]},"id":"node/11148815446"},{"type":"Feature","properties":{"@id":"node/11149157116","amenity":"drinking_water","fee":"no"},"geometry":{"type":"Point","coordinates":[6.701632,45.3473427]},"id":"node/11149157116"},{"type":"Feature","properties":{"@id":"node/11149215178","natural":"spring"},"geometry":{"type":"Point","coordinates":[6.1407854,45.8550816]},"id":"node/11149215178"},{"type":"Feature","properties":{"@id":"node/11150403321","man_made":"spring_box","natural":"spring","source":"IGN - 2022-06"},"geometry":{"type":"Point","coordinates":[6.4593641,46.3021047]},"id":"node/11150403321"},{"type":"Feature","properties":{"@id":"node/11150679008","amenity":"drinking_water","bottle":"yes"},"geometry":{"type":"Point","coordinates":[5.8406952,46.0086972]},"id":"node/11150679008"},{"type":"Feature","properties":{"@id":"node/11150705493","amenity":"fountain"},"geometry":{"type":"Point","coordinates":[5.8434357,45.8808352]},"id":"node/11150705493"},{"type":"Feature","properties":{"@id":"node/11150705495","amenity":"drinking_water","bottle":"yes"},"geometry":{"type":"Point","coordinates":[5.8351115,45.9596421]},"id":"node/11150705495"},{"type":"Feature","properties":{"@id":"node/11152347661","access":"yes","amenity":"drinking_water","bottle":"yes","check_date":"2026-06-18","description":"Fermé en hiver.","fee":"no","seasonal":"yes","wheelchair":"no"},"geometry":{"type":"Point","coordinates":[6.583125,46.0876411]},"id":"node/11152347661"},{"type":"Feature","properties":{"@id":"node/11152347662","access":"yes","amenity":"drinking_water","bottle":"yes","check_date":"2023-08-13","wheelchair":"yes"},"geometry":{"type":"Point","coordinates":[6.5230414,46.1329728]},"id":"node/11152347662"},{"type":"Feature","properties":{"@id":"node/11152347663","access":"yes","amenity":"drinking_water","bottle":"yes","check_date":"2023-08-13","wheelchair":"yes"},"geometry":{"type":"Point","coordinates":[6.5137066,46.1454549]},"id":"node/11152347663"},{"type":"Feature","properties":{"@id":"node/11152347664","access":"yes","amenity":"drinking_water","bottle":"yes","check_date":"2023-07-13","wheelchair":"yes"},"geometry":{"type":"Point","coordinates":[6.5125337,46.1460396]},"id":"node/11152347664"},{"type":"Feature","properties":{"@id":"node/11152347665","access":"yes","amenity":"drinking_water","bottle":"yes","check_date":"2023-08-13","wheelchair":"yes"},"geometry":{"type":"Point","coordinates":[6.5123324,46.1465419]},"id":"node/11152347665"},{"type":"Feature","properties":{"@id":"node/11158834405","man_made":"water_tap","name":"wc"},"geometry":{"type":"Point","coordinates":[6.4355021,45.9446919]},"id":"node/11158834405"},{"type":"Feature","properties":{"@id":"node/11166236786","amenity":"drinking_water","description":"Fontaine à eau potable en forme de tête de cheval avec bac à eau.\nAu 03/09/2023, le filet d'eau est mince mais constant, comptez 3min et 40 secondes pour un litre."},"geometry":{"type":"Point","coordinates":[6.6105296,45.7951972]},"id":"node/11166236786"},{"type":"Feature","properties":{"@id":"node/11166261743","natural":"spring"},"geometry":{"type":"Point","coordinates":[6.5317739,45.7840754]},"id":"node/11166261743"},{"type":"Feature","properties":{"@id":"node/11167150673","amenity":"fountain","drinking_water":"yes"},"geometry":{"type":"Point","coordinates":[6.4803078,45.381977]},"id":"node/11167150673"},{"type":"Feature","properties":{"@id":"node/11169217069","amenity":"fountain"},"geometry":{"type":"Point","coordinates":[6.1165206,46.0965322]},"id":"node/11169217069"},{"type":"Feature","properties":{"@id":"node/11169386420","access":"yes","amenity":"drinking_water","bottle":"yes","man_made":"water_tap","operator":"Commune de la Balme"},"geometry":{"type":"Point","coordinates":[5.7058268,45.6988414]},"id":"node/11169386420"},{"type":"Feature","properties":{"@id":"node/11170356386","natural":"spring"},"geometry":{"type":"Point","coordinates":[6.715784,45.7432392]},"id":"node/11170356386"},{"type":"Feature","properties":{"@id":"node/11170393398","natural":"spring"},"geometry":{"type":"Point","coordinates":[6.6650324,45.7907925]},"id":"node/11170393398"},{"type":"Feature","properties":{"@id":"node/11170410606","drinking_water":"no","natural":"spring"},"geometry":{"type":"Point","coordinates":[6.6965938,45.7051889]},"id":"node/11170410606"},{"type":"Feature","properties":{"@id":"node/11170413122","natural":"spring"},"geometry":{"type":"Point","coordinates":[6.6347553,45.794465]},"id":"node/11170413122"},{"type":"Feature","properties":{"@id":"node/11170415290","natural":"spring"},"geometry":{"type":"Point","coordinates":[6.6377424,45.7951848]},"id":"node/11170415290"},{"type":"Feature","properties":{"@id":"node/11170415291","natural":"spring"},"geometry":{"type":"Point","coordinates":[6.6712545,45.6589848]},"id":"node/11170415291"},{"type":"Feature","properties":{"@id":"node/11170416204","drinking_water":"no","natural":"spring"},"geometry":{"type":"Point","coordinates":[6.6958376,45.7055849]},"id":"node/11170416204"},{"type":"Feature","properties":{"@id":"node/11170416456","natural":"spring"},"geometry":{"type":"Point","coordinates":[6.6405836,45.79475]},"id":"node/11170416456"},{"type":"Feature","properties":{"@id":"node/11170426241","drinking_water":"no","natural":"spring"},"geometry":{"type":"Point","coordinates":[6.6969648,45.7027815]},"id":"node/11170426241"},{"type":"Feature","properties":{"@id":"node/11170426582","natural":"spring"},"geometry":{"type":"Point","coordinates":[6.6398936,45.7948544]},"id":"node/11170426582"},{"type":"Feature","properties":{"@id":"node/11170429311","drinking_water":"yes","natural":"spring"},"geometry":{"type":"Point","coordinates":[6.7165001,45.7253828]},"id":"node/11170429311"},{"type":"Feature","properties":{"@id":"node/11170429346","natural":"spring"},"geometry":{"type":"Point","coordinates":[6.7032534,45.7538647]},"id":"node/11170429346"},{"type":"Feature","properties":{"@id":"node/11171713232","man_made":"water_tap"},"geometry":{"type":"Point","coordinates":[6.088703,46.0651065]},"id":"node/11171713232"},{"type":"Feature","properties":{"@id":"node/11171747407","man_made":"water_tap"},"geometry":{"type":"Point","coordinates":[6.0952365,46.0858085]},"id":"node/11171747407"},{"type":"Feature","properties":{"@id":"node/11172647913","access":"yes","amenity":"drinking_water","bottle":"yes","check_date":"2023-09-06","wheelchair":"yes"},"geometry":{"type":"Point","coordinates":[6.3648184,46.0639472]},"id":"node/11172647913"},{"type":"Feature","properties":{"@id":"node/11172647922","access":"yes","amenity":"drinking_water","bottle":"yes"},"geometry":{"type":"Point","coordinates":[6.2401234,46.0718089]},"id":"node/11172647922"},{"type":"Feature","properties":{"@id":"node/11172647923","access":"yes","amenity":"drinking_water","bottle":"yes","check_date":"2023-09-06","wheelchair":"yes"},"geometry":{"type":"Point","coordinates":[6.506022,46.0888571]},"id":"node/11172647923"},{"type":"Feature","properties":{"@id":"node/11172647924","access":"yes","amenity":"drinking_water","bottle":"yes","check_date":"2023-09-06","wheelchair":"yes"},"geometry":{"type":"Point","coordinates":[6.5038288,46.0914503]},"id":"node/11172647924"},{"type":"Feature","properties":{"@id":"node/11173480010","amenity":"drinking_water","drinking_water":"yes","man_made":"water_tap"},"geometry":{"type":"Point","coordinates":[6.4575163,45.4097071]},"id":"node/11173480010"},{"type":"Feature","properties":{"@id":"node/11173768909","amenity":"drinking_water","fountain":"drinking"},"geometry":{"type":"Point","coordinates":[6.5777373,45.7078071]},"id":"node/11173768909"},{"type":"Feature","properties":{"@id":"node/11173772934","amenity":"drinking_water","fountain":"drinking"},"geometry":{"type":"Point","coordinates":[6.5786427,45.7072985]},"id":"node/11173772934"},{"type":"Feature","properties":{"@id":"node/11173811259","amenity":"drinking_water"},"geometry":{"type":"Point","coordinates":[6.705024,45.2358221]},"id":"node/11173811259"},{"type":"Feature","properties":{"@id":"node/11175078325","access":"yes","amenity":"drinking_water"},"geometry":{"type":"Point","coordinates":[6.4706423,45.4906576]},"id":"node/11175078325"},{"type":"Feature","properties":{"@id":"node/11175085052","amenity":"drinking_water"},"geometry":{"type":"Point","coordinates":[6.4656752,45.4882652]},"id":"node/11175085052"},{"type":"Feature","properties":{"@id":"node/11175085075","access":"yes","amenity":"drinking_water"},"geometry":{"type":"Point","coordinates":[6.4626272,45.4852]},"id":"node/11175085075"},{"type":"Feature","properties":{"@id":"node/11177202709","amenity":"drinking_water"},"geometry":{"type":"Point","coordinates":[6.4555032,45.4762587]},"id":"node/11177202709"},{"type":"Feature","properties":{"@id":"node/11177202842","amenity":"drinking_water"},"geometry":{"type":"Point","coordinates":[6.4470758,45.4790584]},"id":"node/11177202842"},{"type":"Feature","properties":{"@id":"node/11177202856","amenity":"drinking_water"},"geometry":{"type":"Point","coordinates":[6.446735,45.479005]},"id":"node/11177202856"},{"type":"Feature","properties":{"@id":"node/11177307933","description":"Tuyau avec un bon débit au 08/09/2023","natural":"spring"},"geometry":{"type":"Point","coordinates":[6.4644367,45.6866152]},"id":"node/11177307933"},{"type":"Feature","properties":{"@id":"node/11177308511","natural":"spring"},"geometry":{"type":"Point","coordinates":[6.613505,45.6239087]},"id":"node/11177308511"},{"type":"Feature","properties":{"@id":"node/11177308512","natural":"spring"},"geometry":{"type":"Point","coordinates":[6.5034422,45.6543733]},"id":"node/11177308512"},{"type":"Feature","properties":{"@id":"node/11177322984","drinking_water":"yes","natural":"spring"},"geometry":{"type":"Point","coordinates":[6.5423797,45.6441908]},"id":"node/11177322984"},{"type":"Feature","properties":{"@id":"node/11177323177","natural":"spring"},"geometry":{"type":"Point","coordinates":[6.4927896,45.6739427]},"id":"node/11177323177"},{"type":"Feature","properties":{"@id":"node/11177323178","amenity":"drinking_water","description":"Au 08/09/2023, débit correct."},"geometry":{"type":"Point","coordinates":[6.4533109,45.7032421]},"id":"node/11177323178"},{"type":"Feature","properties":{"@id":"node/11177323250","natural":"spring"},"geometry":{"type":"Point","coordinates":[6.6377394,45.6347285]},"id":"node/11177323250"},{"type":"Feature","properties":{"@id":"node/11177323576","natural":"spring"},"geometry":{"type":"Point","coordinates":[6.5359204,45.645247]},"id":"node/11177323576"},{"type":"Feature","properties":{"@id":"node/11177323785","drinking_water":"yes","natural":"spring"},"geometry":{"type":"Point","coordinates":[6.6432722,45.6373255]},"id":"node/11177323785"},{"type":"Feature","properties":{"@id":"node/11177323786","drinking_water":"no","natural":"spring"},"geometry":{"type":"Point","coordinates":[6.573404,45.6460078]},"id":"node/11177323786"},{"type":"Feature","properties":{"@id":"node/11177324168","natural":"spring"},"geometry":{"type":"Point","coordinates":[6.6183712,45.6236704]},"id":"node/11177324168"},{"type":"Feature","properties":{"@id":"node/11177325052","amenity":"drinking_water","fixme":"À voir si potable."},"geometry":{"type":"Point","coordinates":[6.4615233,45.7076405]},"id":"node/11177325052"},{"type":"Feature","properties":{"@id":"node/11177325305","natural":"spring"},"geometry":{"type":"Point","coordinates":[6.5364731,45.6448555]},"id":"node/11177325305"},{"type":"Feature","properties":{"@id":"node/11177325550","natural":"spring"},"geometry":{"type":"Point","coordinates":[6.4560912,45.6887332]},"id":"node/11177325550"},{"type":"Feature","properties":{"@id":"node/11178276424","amenity":"fountain"},"geometry":{"type":"Point","coordinates":[6.459405,45.7203778]},"id":"node/11178276424"},{"type":"Feature","properties":{"@id":"node/11178276453","amenity":"fountain"},"geometry":{"type":"Point","coordinates":[6.4583605,45.7204831]},"id":"node/11178276453"},{"type":"Feature","properties":{"@id":"node/11178276739","amenity":"drinking_water"},"geometry":{"type":"Point","coordinates":[6.4616525,45.7181939]},"id":"node/11178276739"},{"type":"Feature","properties":{"@id":"node/11178398773","amenity":"drinking_water","description":"Sec au 02/09/2023"},"geometry":{"type":"Point","coordinates":[6.4543554,45.7350483]},"id":"node/11178398773"},{"type":"Feature","properties":{"@id":"node/11179606345","amenity":"toilets","drinking_water":"yes","fee":"no","wheelchair":"no"},"geometry":{"type":"Point","coordinates":[6.1853971,45.8595742]},"id":"node/11179606345"},{"type":"Feature","properties":{"@id":"node/11179606356","amenity":"fountain","drinking_water":"yes"},"geometry":{"type":"Point","coordinates":[6.6515698,45.5570975]},"id":"node/11179606356"},{"type":"Feature","properties":{"@id":"node/11180577632","amenity":"drinking_water"},"geometry":{"type":"Point","coordinates":[6.4501286,45.4700902]},"id":"node/11180577632"},{"type":"Feature","properties":{"@id":"node/11180577637","amenity":"drinking_water"},"geometry":{"type":"Point","coordinates":[6.4435332,45.4710452]},"id":"node/11180577637"},{"type":"Feature","properties":{"@id":"node/11183116840","amenity":"drinking_water"},"geometry":{"type":"Point","coordinates":[5.936096,45.6584115]},"id":"node/11183116840"},{"type":"Feature","properties":{"@id":"node/11183235237","amenity":"water_point"},"geometry":{"type":"Point","coordinates":[5.9044063,45.4645268]},"id":"node/11183235237"},{"type":"Feature","properties":{"@id":"node/11186503101","natural":"spring"},"geometry":{"type":"Point","coordinates":[5.8904012,45.4792862]},"id":"node/11186503101"},{"type":"Feature","properties":{"@id":"node/11190681715","amenity":"drinking_water","name":"Fontaine eau non surveillée"},"geometry":{"type":"Point","coordinates":[6.1684069,45.6861959]},"id":"node/11190681715"},{"type":"Feature","properties":{"@id":"node/11190699666","amenity":"drinking_water"},"geometry":{"type":"Point","coordinates":[6.1422704,45.7374952]},"id":"node/11190699666"},{"type":"Feature","properties":{"@id":"node/11190719077","amenity":"drinking_water","name":"Fontaine"},"geometry":{"type":"Point","coordinates":[6.1690504,45.6866533]},"id":"node/11190719077"},{"type":"Feature","properties":{"@id":"node/11190956861","man_made":"water_tap","name":"Fontaine"},"geometry":{"type":"Point","coordinates":[6.1601408,45.6720227]},"id":"node/11190956861"},{"type":"Feature","properties":{"@id":"node/11192822660","natural":"spring"},"geometry":{"type":"Point","coordinates":[6.6004607,45.6272462]},"id":"node/11192822660"},{"type":"Feature","properties":{"@id":"node/11194525945","access":"permit","amenity":"drinking_water"},"geometry":{"type":"Point","coordinates":[5.9349164,45.5638935]},"id":"node/11194525945"},{"type":"Feature","properties":{"@id":"node/11197877460","amenity":"drinking_water"},"geometry":{"type":"Point","coordinates":[5.8354287,45.9596829]},"id":"node/11197877460"},{"type":"Feature","properties":{"@id":"node/11200750822","amenity":"drinking_water","bottle":"yes","cold_water":"no","fee":"no","hot_water":"no","iced_water":"no","natural":"spring","opening_hours":"24/7","room_temperature_water":"yes","seasonal":"spring;summer;autumn","warm_water":"no"},"geometry":{"type":"Point","coordinates":[6.6694427,46.1591292]},"id":"node/11200750822"},{"type":"Feature","properties":{"@id":"node/11205125594","access":"yes","natural":"spring"},"geometry":{"type":"Point","coordinates":[6.4102124,45.1948198]},"id":"node/11205125594"},{"type":"Feature","properties":{"@id":"node/11207597837","amenity":"water_point"},"geometry":{"type":"Point","coordinates":[5.8395168,45.9553064]},"id":"node/11207597837"},{"type":"Feature","properties":{"@id":"node/11211194617","man_made":"spring_box","natural":"spring","source":"IGN - 2022-06"},"geometry":{"type":"Point","coordinates":[6.4476255,46.3101527]},"id":"node/11211194617"},{"type":"Feature","properties":{"@id":"node/11218156634","amenity":"drinking_water"},"geometry":{"type":"Point","coordinates":[5.8001815,45.6262421]},"id":"node/11218156634"},{"type":"Feature","properties":{"@id":"node/11218193836","amenity":"drinking_water"},"geometry":{"type":"Point","coordinates":[5.8007864,45.6335822]},"id":"node/11218193836"},{"type":"Feature","properties":{"@id":"node/11219600373","amenity":"fountain"},"geometry":{"type":"Point","coordinates":[6.3882635,46.261828]},"id":"node/11219600373"},{"type":"Feature","properties":{"@id":"node/11226417838","access":"yes","amenity":"drinking_water","bottle":"yes","fee":"no","fountain":"drinking"},"geometry":{"type":"Point","coordinates":[6.2542634,45.6013239]},"id":"node/11226417838"},{"type":"Feature","properties":{"@id":"node/11227870395","man_made":"water_tap"},"geometry":{"type":"Point","coordinates":[6.229238,46.1901292]},"id":"node/11227870395"},{"type":"Feature","properties":{"@id":"node/11227870396","man_made":"water_tap"},"geometry":{"type":"Point","coordinates":[6.2298495,46.1902731]},"id":"node/11227870396"},{"type":"Feature","properties":{"@id":"node/11227870397","man_made":"water_tap"},"geometry":{"type":"Point","coordinates":[6.2305161,46.18999]},"id":"node/11227870397"},{"type":"Feature","properties":{"@id":"node/11227870402","man_made":"water_tap"},"geometry":{"type":"Point","coordinates":[6.2308688,46.1902281]},"id":"node/11227870402"},{"type":"Feature","properties":{"@id":"node/11240876620","amenity":"drinking_water","fountain":"drinking"},"geometry":{"type":"Point","coordinates":[6.6605151,46.1510024]},"id":"node/11240876620"},{"type":"Feature","properties":{"@id":"node/11264680437","amenity":"fountain"},"geometry":{"type":"Point","coordinates":[6.2060831,45.4846988]},"id":"node/11264680437"},{"type":"Feature","properties":{"@id":"node/11265222349","amenity":"drinking_water"},"geometry":{"type":"Point","coordinates":[6.2296774,45.5028904]},"id":"node/11265222349"},{"type":"Feature","properties":{"@id":"node/11265228223","amenity":"drinking_water"},"geometry":{"type":"Point","coordinates":[6.198529,45.5554405]},"id":"node/11265228223"},{"type":"Feature","properties":{"@id":"node/11277101865","man_made":"water_tap","name":"Fontaine"},"geometry":{"type":"Point","coordinates":[6.2061589,45.484717]},"id":"node/11277101865"},{"type":"Feature","properties":{"@id":"node/11277110082","amenity":"drinking_water","name":"Place Antoine borrel"},"geometry":{"type":"Point","coordinates":[6.3908635,45.6728075]},"id":"node/11277110082"},{"type":"Feature","properties":{"@id":"node/11287291519","amenity":"fountain"},"geometry":{"type":"Point","coordinates":[6.4624728,46.2129688]},"id":"node/11287291519"},{"type":"Feature","properties":{"@id":"node/11287291525","amenity":"fountain"},"geometry":{"type":"Point","coordinates":[6.4515884,46.2184568]},"id":"node/11287291525"},{"type":"Feature","properties":{"@id":"node/11291230702","amenity":"drinking_water"},"geometry":{"type":"Point","coordinates":[6.2167419,45.2235264]},"id":"node/11291230702"},{"type":"Feature","properties":{"@id":"node/11292742939","natural":"spring"},"geometry":{"type":"Point","coordinates":[6.4529061,46.2632864]},"id":"node/11292742939"},{"type":"Feature","properties":{"@id":"node/11297534639","amenity":"drinking_water"},"geometry":{"type":"Point","coordinates":[5.8356527,45.70661]},"id":"node/11297534639"},{"type":"Feature","properties":{"@id":"node/11297534640","amenity":"drinking_water"},"geometry":{"type":"Point","coordinates":[5.8367835,45.7061237]},"id":"node/11297534640"},{"type":"Feature","properties":{"@id":"node/11299624698","amenity":"drinking_water"},"geometry":{"type":"Point","coordinates":[5.8675184,45.5180678]},"id":"node/11299624698"},{"type":"Feature","properties":{"@id":"node/11299624725","amenity":"drinking_water"},"geometry":{"type":"Point","coordinates":[5.8698845,45.5156513]},"id":"node/11299624725"},{"type":"Feature","properties":{"@id":"node/11313879757","amenity":"drinking_water","bottle":"yes","drinking_water":"yes","fountain":"bayard"},"geometry":{"type":"Point","coordinates":[6.2915963,46.3507835]},"id":"node/11313879757"},{"type":"Feature","properties":{"@id":"node/11343183734","amenity":"drinking_water"},"geometry":{"type":"Point","coordinates":[6.1602849,45.5770835]},"id":"node/11343183734"},{"type":"Feature","properties":{"@id":"node/11360333080","amenity":"drinking_water"},"geometry":{"type":"Point","coordinates":[5.8877755,45.705389]},"id":"node/11360333080"},{"type":"Feature","properties":{"@id":"node/11360365207","access":"yes","amenity":"drinking_water"},"geometry":{"type":"Point","coordinates":[6.2307715,45.4988484]},"id":"node/11360365207"},{"type":"Feature","properties":{"@id":"node/11364125969","man_made":"water_tap"},"geometry":{"type":"Point","coordinates":[5.8926263,45.5383527]},"id":"node/11364125969"},{"type":"Feature","properties":{"@id":"node/11364126069","amenity":"drinking_water","man_made":"water_tap","note":"Fermé en hiver","seasonal":"spring;summer;autumn"},"geometry":{"type":"Point","coordinates":[5.8951921,45.5625646]},"id":"node/11364126069"},{"type":"Feature","properties":{"@id":"node/11364126169","amenity":"drinking_water"},"geometry":{"type":"Point","coordinates":[6.3561045,45.5309502]},"id":"node/11364126169"},{"type":"Feature","properties":{"@id":"node/11365012669","access":"yes","amenity":"drinking_water","fee":"no"},"geometry":{"type":"Point","coordinates":[6.6914132,45.563773]},"id":"node/11365012669"},{"type":"Feature","properties":{"@id":"node/11377346069","amenity":"water_point"},"geometry":{"type":"Point","coordinates":[6.2815139,45.8928808]},"id":"node/11377346069"},{"type":"Feature","properties":{"@id":"node/11377421832","amenity":"drinking_water"},"geometry":{"type":"Point","coordinates":[6.3789007,45.6673818]},"id":"node/11377421832"},{"type":"Feature","properties":{"@id":"node/11379645343","access":"yes","amenity":"drinking_water","bottle":"yes","fee":"no","wheelchair":"yes"},"geometry":{"type":"Point","coordinates":[6.3785702,45.6669261]},"id":"node/11379645343"},{"type":"Feature","properties":{"@id":"node/11381733008","amenity":"fountain"},"geometry":{"type":"Point","coordinates":[6.3005462,46.3027731]},"id":"node/11381733008"},{"type":"Feature","properties":{"@id":"node/11405430087","amenity":"drinking_water"},"geometry":{"type":"Point","coordinates":[5.9067452,45.5799841]},"id":"node/11405430087"},{"type":"Feature","properties":{"@id":"node/11407201969","amenity":"water_point"},"geometry":{"type":"Point","coordinates":[6.2635372,45.8679385]},"id":"node/11407201969"},{"type":"Feature","properties":{"@id":"node/11414416539","amenity":"drinking_water","bottle":"yes","man_made":"water_tap"},"geometry":{"type":"Point","coordinates":[6.3145218,46.3013809]},"id":"node/11414416539"},{"type":"Feature","properties":{"@id":"node/11414443505","amenity":"fountain","drinking_water":"yes"},"geometry":{"type":"Point","coordinates":[6.6936815,45.4557604]},"id":"node/11414443505"},{"type":"Feature","properties":{"@id":"node/11414457245","amenity":"fountain","drinking_water":"yes"},"geometry":{"type":"Point","coordinates":[6.742527,45.460844]},"id":"node/11414457245"},{"type":"Feature","properties":{"@id":"node/11414457246","amenity":"fountain","drinking_water":"yes"},"geometry":{"type":"Point","coordinates":[6.7457165,45.4602452]},"id":"node/11414457246"},{"type":"Feature","properties":{"@id":"node/11414457247","amenity":"fountain","drinking_water":"yes"},"geometry":{"type":"Point","coordinates":[6.7773897,45.4495153]},"id":"node/11414457247"},{"type":"Feature","properties":{"@id":"node/11414457248","amenity":"fountain","drinking_water":"yes"},"geometry":{"type":"Point","coordinates":[6.6931182,45.4597088]},"id":"node/11414457248"},{"type":"Feature","properties":{"@id":"node/11414457249","amenity":"fountain","drinking_water":"yes"},"geometry":{"type":"Point","coordinates":[6.7003665,45.4563238]},"id":"node/11414457249"},{"type":"Feature","properties":{"@id":"node/11460338669","amenity":"fountain","drinking_water":"no"},"geometry":{"type":"Point","coordinates":[6.3654758,46.3228569]},"id":"node/11460338669"},{"type":"Feature","properties":{"@id":"node/11464420757","amenity":"drinking_water"},"geometry":{"type":"Point","coordinates":[6.1668569,45.6511707]},"id":"node/11464420757"},{"type":"Feature","properties":{"@id":"node/11465263001","amenity":"drinking_water"},"geometry":{"type":"Point","coordinates":[6.1371358,45.6819527]},"id":"node/11465263001"},{"type":"Feature","properties":{"@id":"node/11465263002","amenity":"drinking_water"},"geometry":{"type":"Point","coordinates":[6.1228584,45.7012742]},"id":"node/11465263002"},{"type":"Feature","properties":{"@id":"node/11466682740","drinking_water":"yes","man_made":"water_tap"},"geometry":{"type":"Point","coordinates":[6.7819628,46.0559062]},"id":"node/11466682740"},{"type":"Feature","properties":{"@id":"node/11473287928","amenity":"drinking_water"},"geometry":{"type":"Point","coordinates":[6.9204981,45.6208096]},"id":"node/11473287928"},{"type":"Feature","properties":{"@id":"node/11473287943","amenity":"drinking_water"},"geometry":{"type":"Point","coordinates":[6.9208388,45.6205395]},"id":"node/11473287943"},{"type":"Feature","properties":{"@id":"node/11491538468","amenity":"fountain","name":"Fontaine du Seignier"},"geometry":{"type":"Point","coordinates":[6.5359878,45.2098394]},"id":"node/11491538468"},{"type":"Feature","properties":{"@id":"node/11491625569","amenity":"fountain","drinking_water":"no","name":"Fontaine des Albert"},"geometry":{"type":"Point","coordinates":[6.5347135,45.2098335]},"id":"node/11491625569"},{"type":"Feature","properties":{"@id":"node/11491625570","amenity":"fountain","drinking_water":"yes","name":"Fontaine du chef-lieu"},"geometry":{"type":"Point","coordinates":[6.5327233,45.2102446]},"id":"node/11491625570"},{"type":"Feature","properties":{"@id":"node/11491625572","amenity":"fountain","name":"Fontaine d'Orellette"},"geometry":{"type":"Point","coordinates":[6.5214021,45.2161134]},"id":"node/11491625572"},{"type":"Feature","properties":{"@id":"node/11491625574","amenity":"fountain","name":"Fontaine des Provencières"},"geometry":{"type":"Point","coordinates":[6.5535487,45.2094747]},"id":"node/11491625574"},{"type":"Feature","properties":{"@id":"node/11491625576","amenity":"fountain","operator":"Commune d'Orelle"},"geometry":{"type":"Point","coordinates":[6.5602862,45.2112533]},"id":"node/11491625576"},{"type":"Feature","properties":{"@id":"node/11494767077","amenity":"fountain"},"geometry":{"type":"Point","coordinates":[6.5680088,46.1036817]},"id":"node/11494767077"},{"type":"Feature","properties":{"@id":"node/11494870324","amenity":"drinking_water"},"geometry":{"type":"Point","coordinates":[6.8796609,45.5824253]},"id":"node/11494870324"},{"type":"Feature","properties":{"@id":"node/11494887118","amenity":"drinking_water"},"geometry":{"type":"Point","coordinates":[6.902148,45.5443867]},"id":"node/11494887118"},{"type":"Feature","properties":{"@id":"node/11494887126","amenity":"drinking_water","fixme":"Revoir précis l'emplacement"},"geometry":{"type":"Point","coordinates":[6.9018176,45.5448867]},"id":"node/11494887126"},{"type":"Feature","properties":{"@id":"node/11494887145","access":"yes","amenity":"drinking_water","drinking_water":"untreated","fee":"no","wheelchair":"yes"},"geometry":{"type":"Point","coordinates":[6.874267,45.5820215]},"id":"node/11494887145"},{"type":"Feature","properties":{"@id":"node/11494887146","amenity":"drinking_water","fixme":"Révoir position précise."},"geometry":{"type":"Point","coordinates":[6.8745247,45.582372]},"id":"node/11494887146"},{"type":"Feature","properties":{"@id":"node/11494887147","amenity":"drinking_water","fixme":"Revoir position précise"},"geometry":{"type":"Point","coordinates":[6.8741732,45.5832473]},"id":"node/11494887147"},{"type":"Feature","properties":{"@id":"node/11494887150","access":"yes","amenity":"drinking_water","drinking_water":"untreated","fee":"no","wheelchair":"yes"},"geometry":{"type":"Point","coordinates":[6.8736745,45.5833173]},"id":"node/11494887150"},{"type":"Feature","properties":{"@id":"node/11494887154","amenity":"drinking_water","fixme":"Revoir précisément la position"},"geometry":{"type":"Point","coordinates":[6.8738638,45.5835346]},"id":"node/11494887154"},{"type":"Feature","properties":{"@id":"node/11494887204","amenity":"drinking_water"},"geometry":{"type":"Point","coordinates":[6.8664977,45.5929615]},"id":"node/11494887204"},{"type":"Feature","properties":{"@id":"node/11494887205","amenity":"drinking_water","fixme":"Revoir localisation précise."},"geometry":{"type":"Point","coordinates":[6.8672293,45.5932013]},"id":"node/11494887205"},{"type":"Feature","properties":{"@id":"node/11500726821","amenity":"drinking_water"},"geometry":{"type":"Point","coordinates":[6.8754572,45.5905524]},"id":"node/11500726821"},{"type":"Feature","properties":{"@id":"node/11500726823","access":"yes","amenity":"drinking_water","bottle":"yes","fee":"no","man_made":"water_tap","wheelchair":"yes"},"geometry":{"type":"Point","coordinates":[6.8744512,45.5915847]},"id":"node/11500726823"},{"type":"Feature","properties":{"@id":"node/11500737700","amenity":"drinking_water"},"geometry":{"type":"Point","coordinates":[6.8669634,45.5965557]},"id":"node/11500737700"},{"type":"Feature","properties":{"@id":"node/11500737705","amenity":"drinking_water"},"geometry":{"type":"Point","coordinates":[6.8513145,45.5996142]},"id":"node/11500737705"},{"type":"Feature","properties":{"@id":"node/11500737706","amenity":"drinking_water"},"geometry":{"type":"Point","coordinates":[6.8522867,45.5996917]},"id":"node/11500737706"},{"type":"Feature","properties":{"@id":"node/11500737707","amenity":"drinking_water"},"geometry":{"type":"Point","coordinates":[6.8477075,45.6022276]},"id":"node/11500737707"},{"type":"Feature","properties":{"@id":"node/11500737708","amenity":"drinking_water","man_made":"water_tap"},"geometry":{"type":"Point","coordinates":[6.8445722,45.6039732]},"id":"node/11500737708"},{"type":"Feature","properties":{"@id":"node/11500737715","amenity":"drinking_water","man_made":"water_tap"},"geometry":{"type":"Point","coordinates":[6.8436726,45.6037836]},"id":"node/11500737715"},{"type":"Feature","properties":{"@id":"node/11500737722","amenity":"drinking_water"},"geometry":{"type":"Point","coordinates":[6.8534269,45.6034443]},"id":"node/11500737722"},{"type":"Feature","properties":{"@id":"node/11502833407","amenity":"drinking_water"},"geometry":{"type":"Point","coordinates":[6.918848,45.5085863]},"id":"node/11502833407"},{"type":"Feature","properties":{"@id":"node/11545424939","natural":"spring"},"geometry":{"type":"Point","coordinates":[6.0061903,45.7006602]},"id":"node/11545424939"},{"type":"Feature","properties":{"@id":"node/11576019461","amenity":"fountain"},"geometry":{"type":"Point","coordinates":[6.5633043,46.3535982]},"id":"node/11576019461"},{"type":"Feature","properties":{"@id":"node/11580219032","amenity":"drinking_water"},"geometry":{"type":"Point","coordinates":[6.5834646,46.0846112]},"id":"node/11580219032"},{"type":"Feature","properties":{"@id":"node/11580324398","amenity":"fountain","fountain":"decorative"},"geometry":{"type":"Point","coordinates":[6.6346572,46.0416912]},"id":"node/11580324398"},{"type":"Feature","properties":{"@id":"node/11586841844","amenity":"drinking_water","drinking_water":"yes","fountain":"bubbler","name":"Fontaine Marie Golin"},"geometry":{"type":"Point","coordinates":[5.8128191,45.4388127]},"id":"node/11586841844"},{"type":"Feature","properties":{"@id":"node/11586911923","natural":"spring"},"geometry":{"type":"Point","coordinates":[5.8193256,45.4315477]},"id":"node/11586911923"},{"type":"Feature","properties":{"@id":"node/11586911924","amenity":"drinking_water","drinking_water":"yes","fountain":"drinking","name":"Fontaine Mollard"},"geometry":{"type":"Point","coordinates":[5.8268384,45.4310662]},"id":"node/11586911924"},{"type":"Feature","properties":{"@id":"node/11592752109","amenity":"fountain"},"geometry":{"type":"Point","coordinates":[6.4015803,46.2715979]},"id":"node/11592752109"},{"type":"Feature","properties":{"@id":"node/11592752110","amenity":"fountain"},"geometry":{"type":"Point","coordinates":[6.4012263,46.2714551]},"id":"node/11592752110"},{"type":"Feature","properties":{"@id":"node/11592752338","amenity":"fountain"},"geometry":{"type":"Point","coordinates":[6.385024,46.2660318]},"id":"node/11592752338"},{"type":"Feature","properties":{"@id":"node/11592847890","amenity":"drinking_water"},"geometry":{"type":"Point","coordinates":[6.029283,45.5872245]},"id":"node/11592847890"},{"type":"Feature","properties":{"@id":"node/11594157326","amenity":"fountain"},"geometry":{"type":"Point","coordinates":[6.4006948,46.2720767]},"id":"node/11594157326"},{"type":"Feature","properties":{"@id":"node/11601651488","access":"yes","amenity":"drinking_water","bottle":"yes","fee":"no","wheelchair":"limited"},"geometry":{"type":"Point","coordinates":[6.1615492,46.1397123]},"id":"node/11601651488"},{"type":"Feature","properties":{"@id":"node/11603112879","amenity":"drinking_water","drinking_water":"yes"},"geometry":{"type":"Point","coordinates":[6.4646402,45.4868405]},"id":"node/11603112879"},{"type":"Feature","properties":{"@id":"node/11607408522","access":"yes","amenity":"drinking_water","covered":"yes","fee":"no","wheelchair":"limited"},"geometry":{"type":"Point","coordinates":[6.7694412,45.6217729]},"id":"node/11607408522"},{"type":"Feature","properties":{"@id":"node/11609713132","amenity":"drinking_water","drinking_water":"yes"},"geometry":{"type":"Point","coordinates":[5.9704344,45.6076517]},"id":"node/11609713132"},{"type":"Feature","properties":{"@id":"node/11635425151","amenity":"drinking_water","fountain":"drinking","name":"Fontaine"},"geometry":{"type":"Point","coordinates":[5.9753027,46.0742689]},"id":"node/11635425151"},{"type":"Feature","properties":{"@id":"node/11641492132","amenity":"drinking_water"},"geometry":{"type":"Point","coordinates":[5.9761763,45.49109]},"id":"node/11641492132"},{"type":"Feature","properties":{"@id":"node/11649333894","man_made":"spring_box","natural":"spring","source":"IGN - 2023-09-15"},"geometry":{"type":"Point","coordinates":[6.7701248,45.5488314]},"id":"node/11649333894"},{"type":"Feature","properties":{"@id":"node/11649970082","amenity":"drinking_water"},"geometry":{"type":"Point","coordinates":[6.7763782,45.5989056]},"id":"node/11649970082"},{"type":"Feature","properties":{"@id":"node/11652323680","amenity":"fountain","drinking_water":"no","lit":"no"},"geometry":{"type":"Point","coordinates":[6.7866281,45.6485148]},"id":"node/11652323680"},{"type":"Feature","properties":{"@id":"node/11658103200","amenity":"fountain","name":"Fontaine des Gorges"},"geometry":{"type":"Point","coordinates":[6.5363827,45.2088385]},"id":"node/11658103200"},{"type":"Feature","properties":{"@id":"node/11658103201","amenity":"fountain","name":"Fontaine du centre culturel"},"geometry":{"type":"Point","coordinates":[6.5377826,45.2086699]},"id":"node/11658103201"},{"type":"Feature","properties":{"@id":"node/11659119696","amenity":"water_point","drinking_water":"yes"},"geometry":{"type":"Point","coordinates":[6.7134183,45.8652646]},"id":"node/11659119696"},{"type":"Feature","properties":{"@id":"node/11659758040","access":"yes","amenity":"drinking_water","bottle":"yes","fee":"no","survey:date":"2024-02-24"},"geometry":{"type":"Point","coordinates":[6.0434269,45.9604512]},"id":"node/11659758040"},{"type":"Feature","properties":{"@id":"node/11672406399","access":"yes","amenity":"drinking_water","bottle":"yes","check_date":"2023-09-06","wheelchair":"yes"},"geometry":{"type":"Point","coordinates":[6.365739,46.0640284]},"id":"node/11672406399"},{"type":"Feature","properties":{"@id":"node/11684504201","amenity":"drinking_water","drinking_water":"yes","fee":"no","fountain":"drinking"},"geometry":{"type":"Point","coordinates":[6.6770809,46.3344407]},"id":"node/11684504201"},{"type":"Feature","properties":{"@id":"node/11694380076","amenity":"drinking_water"},"geometry":{"type":"Point","coordinates":[6.4690446,46.3614428]},"id":"node/11694380076"},{"type":"Feature","properties":{"@id":"node/11700429290","amenity":"drinking_water","fee":"no"},"geometry":{"type":"Point","coordinates":[6.2604842,45.7678352]},"id":"node/11700429290"},{"type":"Feature","properties":{"@id":"node/11710679318","amenity":"drinking_water","survey:date":"2025-04-20"},"geometry":{"type":"Point","coordinates":[6.472908,45.2070153]},"id":"node/11710679318"},{"type":"Feature","properties":{"@id":"node/11717152731","amenity":"drinking_water"},"geometry":{"type":"Point","coordinates":[6.1512263,45.6952239]},"id":"node/11717152731"},{"type":"Feature","properties":{"@id":"node/11722682599","amenity":"drinking_water"},"geometry":{"type":"Point","coordinates":[6.1721921,45.4798152]},"id":"node/11722682599"},{"type":"Feature","properties":{"@id":"node/11724229636","amenity":"drinking_water"},"geometry":{"type":"Point","coordinates":[6.6751476,45.5288833]},"id":"node/11724229636"},{"type":"Feature","properties":{"@id":"node/11724229638","amenity":"drinking_water"},"geometry":{"type":"Point","coordinates":[6.6746343,45.5295228]},"id":"node/11724229638"},{"type":"Feature","properties":{"@id":"node/11725477848","amenity":"fountain"},"geometry":{"type":"Point","coordinates":[6.297399,46.1965818]},"id":"node/11725477848"},{"type":"Feature","properties":{"@id":"node/11735007627","amenity":"drinking_water"},"geometry":{"type":"Point","coordinates":[5.8441056,45.8960454]},"id":"node/11735007627"},{"type":"Feature","properties":{"@id":"node/11739788103","amenity":"drinking_water"},"geometry":{"type":"Point","coordinates":[6.1357831,45.451665]},"id":"node/11739788103"},{"type":"Feature","properties":{"@id":"node/11740861619","amenity":"drinking_water","drinking_water":"yes"},"geometry":{"type":"Point","coordinates":[5.8554863,45.6815277]},"id":"node/11740861619"},{"type":"Feature","properties":{"@id":"node/11743536632","amenity":"drinking_water","drinking_water":"yes"},"geometry":{"type":"Point","coordinates":[5.9240292,45.5234656]},"id":"node/11743536632"},{"type":"Feature","properties":{"@id":"node/11743536664","natural":"spring"},"geometry":{"type":"Point","coordinates":[5.9092205,45.5123661]},"id":"node/11743536664"},{"type":"Feature","properties":{"@id":"node/11753031970","natural":"spring"},"geometry":{"type":"Point","coordinates":[5.9584964,45.5938565]},"id":"node/11753031970"},{"type":"Feature","properties":{"@id":"node/11809619816","amenity":"drinking_water"},"geometry":{"type":"Point","coordinates":[6.157547,45.6669933]},"id":"node/11809619816"},{"type":"Feature","properties":{"@id":"node/11813743431","amenity":"fountain"},"geometry":{"type":"Point","coordinates":[6.222057,45.529391]},"id":"node/11813743431"},{"type":"Feature","properties":{"@id":"node/11816747766","amenity":"fountain"},"geometry":{"type":"Point","coordinates":[6.3591474,45.6312236]},"id":"node/11816747766"},{"type":"Feature","properties":{"@id":"node/11816917468","amenity":"fountain","lit":"no"},"geometry":{"type":"Point","coordinates":[6.7397532,46.1195111]},"id":"node/11816917468"},{"type":"Feature","properties":{"@id":"node/11817001669","access":"yes","amenity":"drinking_water","fee":"no","survey:date":"2024-04-14","wheelchair":"yes"},"geometry":{"type":"Point","coordinates":[6.1220084,45.9126497]},"id":"node/11817001669"},{"type":"Feature","properties":{"@id":"node/11818743329","natural":"spring"},"geometry":{"type":"Point","coordinates":[6.6585852,46.2705007]},"id":"node/11818743329"},{"type":"Feature","properties":{"@id":"node/11824311759","amenity":"fountain"},"geometry":{"type":"Point","coordinates":[6.5707604,45.8378518]},"id":"node/11824311759"},{"type":"Feature","properties":{"@id":"node/11824828540","amenity":"fountain"},"geometry":{"type":"Point","coordinates":[6.1265374,45.8981362]},"id":"node/11824828540"},{"type":"Feature","properties":{"@id":"node/11827216654","amenity":"fountain","lit":"no"},"geometry":{"type":"Point","coordinates":[6.5105315,45.9994563]},"id":"node/11827216654"},{"type":"Feature","properties":{"@id":"node/11833343908","amenity":"fountain"},"geometry":{"type":"Point","coordinates":[6.4576987,45.4887595]},"id":"node/11833343908"},{"type":"Feature","properties":{"@id":"node/11833344330","amenity":"fountain"},"geometry":{"type":"Point","coordinates":[6.4625695,45.4957369]},"id":"node/11833344330"},{"type":"Feature","properties":{"@id":"node/11861703426","amenity":"fountain"},"geometry":{"type":"Point","coordinates":[6.4238494,46.2970221]},"id":"node/11861703426"},{"type":"Feature","properties":{"@id":"node/11863272318","amenity":"fountain"},"geometry":{"type":"Point","coordinates":[6.4855314,45.5039708]},"id":"node/11863272318"},{"type":"Feature","properties":{"@id":"node/11869923690","amenity":"fountain","drinking_water":"uncontrolled"},"geometry":{"type":"Point","coordinates":[6.4015092,46.2658574]},"id":"node/11869923690"},{"type":"Feature","properties":{"@id":"node/11872143642","amenity":"drinking_water","drinking_water":"yes","note":"Retirer le tuyau qui est dans le bac pour se servir, l'eau est potable."},"geometry":{"type":"Point","coordinates":[6.2758055,45.9251267]},"id":"node/11872143642"},{"type":"Feature","properties":{"@id":"node/11879651298","access":"yes","amenity":"drinking_water","fee":"no","seasonal":"yes"},"geometry":{"type":"Point","coordinates":[6.3428849,45.320214]},"id":"node/11879651298"},{"type":"Feature","properties":{"@id":"node/11881439986","access":"yes","amenity":"drinking_water","bottle":"yes","fee":"no","survey:date":"2024-05-05","wheelchair":"yes"},"geometry":{"type":"Point","coordinates":[6.0525308,45.884236]},"id":"node/11881439986"},{"type":"Feature","properties":{"@id":"node/11884109553","access":"yes","amenity":"drinking_water","wheelchair":"yes"},"geometry":{"type":"Point","coordinates":[5.8420627,46.010458]},"id":"node/11884109553"},{"type":"Feature","properties":{"@id":"node/11892011988","amenity":"drinking_water"},"geometry":{"type":"Point","coordinates":[6.361597,45.9184048]},"id":"node/11892011988"},{"type":"Feature","properties":{"@id":"node/11892149106","amenity":"drinking_water"},"geometry":{"type":"Point","coordinates":[6.3036337,45.5425283]},"id":"node/11892149106"},{"type":"Feature","properties":{"@id":"node/11895756547","amenity":"drinking_water"},"geometry":{"type":"Point","coordinates":[6.299105,45.2824587]},"id":"node/11895756547"},{"type":"Feature","properties":{"@id":"node/11896720983","amenity":"drinking_water","survey:date":"2024-05-11"},"geometry":{"type":"Point","coordinates":[6.3963918,45.6724383]},"id":"node/11896720983"},{"type":"Feature","properties":{"@id":"node/11897111208","amenity":"drinking_water","bottle":"yes","cold_water":"no","fee":"no","fountain":"water_tap","hot_water":"no","iced_water":"no","opening_hours":"24/7","panoramax":"89d3f0c5-d6fc-466d-8879-5d8cf6ab2b67","room_temperature_water":"yes","seasonal":"no","warm_water":"no"},"geometry":{"type":"Point","coordinates":[5.9175775,45.5693493]},"id":"node/11897111208"},{"type":"Feature","properties":{"@id":"node/11898918285","access":"yes","amenity":"drinking_water","bottle":"yes","fee":"no","survey:date":"2024-05-12","wheelchair":"yes"},"geometry":{"type":"Point","coordinates":[6.132032,45.8963422]},"id":"node/11898918285"},{"type":"Feature","properties":{"@id":"node/11907324346","amenity":"fountain","drinking_water":"no","fountain":"stone_block","lit":"no"},"geometry":{"type":"Point","coordinates":[6.2589759,46.1708201]},"id":"node/11907324346"},{"type":"Feature","properties":{"@id":"node/11917844096","drinking_water:legal":"no","man_made":"water_tap"},"geometry":{"type":"Point","coordinates":[6.6479057,46.4000576]},"id":"node/11917844096"},{"type":"Feature","properties":{"@id":"node/11917854313","amenity":"drinking_water","fountain":"drinking"},"geometry":{"type":"Point","coordinates":[6.6865888,46.4038699]},"id":"node/11917854313"},{"type":"Feature","properties":{"@id":"node/11922487676","ele":"1524","natural":"spring","note":"L'eau coule à partir du réservoir en une petite cascade. C'est probablement le trop plein du réservoir du captage pour le Chalet du Rosay.","note:ele":"altitude relevée au GPS de téléphone"},"geometry":{"type":"Point","coordinates":[6.1962115,45.7206628]},"id":"node/11922487676"},{"type":"Feature","properties":{"@id":"node/11923713017","natural":"spring"},"geometry":{"type":"Point","coordinates":[6.7447364,46.213223]},"id":"node/11923713017"},{"type":"Feature","properties":{"@id":"node/11925842677","amenity":"drinking_water"},"geometry":{"type":"Point","coordinates":[6.3030689,45.2626679]},"id":"node/11925842677"},{"type":"Feature","properties":{"@id":"node/11933561317","amenity":"fountain"},"geometry":{"type":"Point","coordinates":[6.085415,45.8404528]},"id":"node/11933561317"},{"type":"Feature","properties":{"@id":"node/11935179999","amenity":"drinking_water"},"geometry":{"type":"Point","coordinates":[6.1953593,45.5361138]},"id":"node/11935179999"},{"type":"Feature","properties":{"@id":"node/11942181536","amenity":"fountain","name":"Fontaine du Faubourg"},"geometry":{"type":"Point","coordinates":[5.9170872,45.6886486]},"id":"node/11942181536"},{"type":"Feature","properties":{"@id":"node/11945024543","amenity":"drinking_water","drinking_water":"yes"},"geometry":{"type":"Point","coordinates":[6.7279413,45.9332911]},"id":"node/11945024543"},{"type":"Feature","properties":{"@id":"node/11945026691","amenity":"drinking_water","drinking_water":"yes"},"geometry":{"type":"Point","coordinates":[6.771067,45.9121293]},"id":"node/11945026691"},{"type":"Feature","properties":{"@id":"node/11945026709","amenity":"drinking_water","drinking_water":"yes"},"geometry":{"type":"Point","coordinates":[6.7631348,45.9095976]},"id":"node/11945026709"},{"type":"Feature","properties":{"@id":"node/11947556089","amenity":"drinking_water","drinking_water":"yes"},"geometry":{"type":"Point","coordinates":[6.7604609,45.8720778]},"id":"node/11947556089"},{"type":"Feature","properties":{"@id":"node/11951565029","amenity":"fountain","year_of_construction":"1837"},"geometry":{"type":"Point","coordinates":[6.0862633,46.0738272]},"id":"node/11951565029"},{"type":"Feature","properties":{"@id":"node/11953560429","amenity":"drinking_water","drinking_water":"yes"},"geometry":{"type":"Point","coordinates":[6.5902371,45.8477452]},"id":"node/11953560429"},{"type":"Feature","properties":{"@id":"node/11954580820","access":"yes","amenity":"drinking_water","man_made":"water_tap"},"geometry":{"type":"Point","coordinates":[6.0533828,45.8823093]},"id":"node/11954580820"},{"type":"Feature","properties":{"@id":"node/11962437831","name":"Source du col du petit cucheron","natural":"spring"},"geometry":{"type":"Point","coordinates":[6.2642261,45.5035409]},"id":"node/11962437831"},{"type":"Feature","properties":{"@id":"node/11964199024","amenity":"drinking_water"},"geometry":{"type":"Point","coordinates":[6.0342077,45.9474354]},"id":"node/11964199024"},{"type":"Feature","properties":{"@id":"node/11981251679","alt_name":"Boua","man_made":"spring_box","name":"Chez Taillou","natural":"spring","source":"IGN - 2024-03-15"},"geometry":{"type":"Point","coordinates":[6.4413759,46.278342]},"id":"node/11981251679"},{"type":"Feature","properties":{"@id":"node/11985528531","drinking_water":"no","man_made":"water_tap","survey:date":"2024-06-16"},"geometry":{"type":"Point","coordinates":[6.304709,46.3652447]},"id":"node/11985528531"},{"type":"Feature","properties":{"@id":"node/11990449265","amenity":"drinking_water"},"geometry":{"type":"Point","coordinates":[6.1046871,45.9086136]},"id":"node/11990449265"},{"type":"Feature","properties":{"@id":"node/11991729805","access":"yes","amenity":"drinking_water","man_made":"water_tap","operator":"Commune de Billième"},"geometry":{"type":"Point","coordinates":[5.8100718,45.7189193]},"id":"node/11991729805"},{"type":"Feature","properties":{"@id":"node/11992820590","man_made":"water_tap"},"geometry":{"type":"Point","coordinates":[6.4425243,46.2868805]},"id":"node/11992820590"},{"type":"Feature","properties":{"@id":"node/11992820622","man_made":"spring_box","name":"Chez Bossons","natural":"spring","source":"IGN - 2024-03-15"},"geometry":{"type":"Point","coordinates":[6.454181,46.286197]},"id":"node/11992820622"},{"type":"Feature","properties":{"@id":"node/11994692092","drinking_water":"yes","drinking_water:legal":"yes","man_made":"water_tap"},"geometry":{"type":"Point","coordinates":[6.4490273,46.2900375]},"id":"node/11994692092"},{"type":"Feature","properties":{"@id":"node/11994692097","drinking_water":"yes","drinking_water:legal":"yes","man_made":"water_tap"},"geometry":{"type":"Point","coordinates":[6.4411099,46.2851098]},"id":"node/11994692097"},{"type":"Feature","properties":{"@id":"node/11994710985","man_made":"water_tap"},"geometry":{"type":"Point","coordinates":[6.4333938,46.2828256]},"id":"node/11994710985"},{"type":"Feature","properties":{"@id":"node/11994715912","man_made":"water_tap"},"geometry":{"type":"Point","coordinates":[6.4408372,46.2790653]},"id":"node/11994715912"},{"type":"Feature","properties":{"@id":"node/12007526232","man_made":"water_tap"},"geometry":{"type":"Point","coordinates":[6.4098165,46.3472145]},"id":"node/12007526232"},{"type":"Feature","properties":{"@id":"node/12007526236","man_made":"water_tap"},"geometry":{"type":"Point","coordinates":[6.4104477,46.3475731]},"id":"node/12007526236"},{"type":"Feature","properties":{"@id":"node/12007526241","man_made":"water_tap"},"geometry":{"type":"Point","coordinates":[6.4106924,46.34775]},"id":"node/12007526241"},{"type":"Feature","properties":{"@id":"node/12009249577","ele":"1689","natural":"spring"},"geometry":{"type":"Point","coordinates":[6.2220222,45.4518475]},"id":"node/12009249577"},{"type":"Feature","properties":{"@id":"node/12010065119","amenity":"fountain"},"geometry":{"type":"Point","coordinates":[6.4260203,46.3557354]},"id":"node/12010065119"},{"type":"Feature","properties":{"@id":"node/12011793969","amenity":"drinking_water"},"geometry":{"type":"Point","coordinates":[6.5924743,45.6261038]},"id":"node/12011793969"},{"type":"Feature","properties":{"@id":"node/12015127694","description":"Source naturelle, anciennement collectée dans un bachasson qui est en 2024 inutilisable, tout déglingué, et recouvert de végétation, mais l'eau peut quand même être collectée","ele":"1490","natural":"spring"},"geometry":{"type":"Point","coordinates":[6.1165684,45.6350944]},"id":"node/12015127694"},{"type":"Feature","properties":{"@id":"node/12015150215","natural":"spring"},"geometry":{"type":"Point","coordinates":[6.2237951,45.4405936]},"id":"node/12015150215"},{"type":"Feature","properties":{"@id":"node/12015150234","description":"Cette source ne sort pas en un seul point, l'eau suinte sur une dizaine de mètres et vient alimenter le marais en contre bas","natural":"spring"},"geometry":{"type":"Point","coordinates":[6.2198469,45.4372605]},"id":"node/12015150234"},{"type":"Feature","properties":{"@id":"node/12015216406","amenity":"fountain","drinking_water":"no"},"geometry":{"type":"Point","coordinates":[6.1382025,45.4535885]},"id":"node/12015216406"},{"type":"Feature","properties":{"@id":"node/12015217669","access":"yes","amenity":"drinking_water","bottle":"no","description":"Point d'eau sur torrent","drinking_water":"yes","indoor":"no"},"geometry":{"type":"Point","coordinates":[6.226757,45.4734597]},"id":"node/12015217669"},{"type":"Feature","properties":{"@id":"node/12017507969","amenity":"drinking_water","name":"Fontaine du Novallay"},"geometry":{"type":"Point","coordinates":[6.4828432,45.4404837]},"id":"node/12017507969"},{"type":"Feature","properties":{"@id":"node/12018181927","amenity":"drinking_water","man_made":"water_tap"},"geometry":{"type":"Point","coordinates":[6.0786268,46.0925448]},"id":"node/12018181927"},{"type":"Feature","properties":{"@id":"node/12022623338","natural":"spring"},"geometry":{"type":"Point","coordinates":[6.255728,45.4930608]},"id":"node/12022623338"},{"type":"Feature","properties":{"@id":"node/12025270297","amenity":"drinking_water","drinking_water":"yes"},"geometry":{"type":"Point","coordinates":[6.2878398,45.5179829]},"id":"node/12025270297"},{"type":"Feature","properties":{"@id":"node/12037645570","amenity":"drinking_water"},"geometry":{"type":"Point","coordinates":[6.6261493,45.9366816]},"id":"node/12037645570"},{"type":"Feature","properties":{"@id":"node/12037659069","amenity":"drinking_water"},"geometry":{"type":"Point","coordinates":[6.6258666,45.9367009]},"id":"node/12037659069"},{"type":"Feature","properties":{"@id":"node/12039386294","access":"yes","amenity":"drinking_water","wheelchair":"yes"},"geometry":{"type":"Point","coordinates":[6.482039,46.2445717]},"id":"node/12039386294"},{"type":"Feature","properties":{"@id":"node/12040203769","amenity":"drinking_water"},"geometry":{"type":"Point","coordinates":[6.6286365,45.9358305]},"id":"node/12040203769"},{"type":"Feature","properties":{"@id":"node/12040215569","amenity":"drinking_water"},"geometry":{"type":"Point","coordinates":[6.6282396,45.9354262]},"id":"node/12040215569"},{"type":"Feature","properties":{"@id":"node/12043049988","access":"yes","drinking_water":"yes","man_made":"water_tap"},"geometry":{"type":"Point","coordinates":[5.8504758,45.6591246]},"id":"node/12043049988"},{"type":"Feature","properties":{"@id":"node/12050679095","amenity":"drinking_water","drinking_water":"yes"},"geometry":{"type":"Point","coordinates":[6.4986561,45.7829503]},"id":"node/12050679095"},{"type":"Feature","properties":{"@id":"node/12055326474","amenity":"drinking_water"},"geometry":{"type":"Point","coordinates":[6.4681649,45.3511323]},"id":"node/12055326474"},{"type":"Feature","properties":{"@id":"node/12055633385","amenity":"drinking_water","intermittent":"yes"},"geometry":{"type":"Point","coordinates":[6.1814833,45.4046459]},"id":"node/12055633385"},{"type":"Feature","properties":{"@id":"node/12056147671","ele":"1887","natural":"spring"},"geometry":{"type":"Point","coordinates":[6.1852746,45.409912]},"id":"node/12056147671"},{"type":"Feature","properties":{"@id":"node/12056147681","description":"On est loin de la source qui gailli du rocher, plutôt de l'eau qui sort de terre sur 100m², toutefois, avec un gobelet, on peut récuper de l'eau. Captée pour le refuge de la Perrière.","ele":"1849","natural":"spring"},"geometry":{"type":"Point","coordinates":[6.1848293,45.4083491]},"id":"node/12056147681"},{"type":"Feature","properties":{"@id":"node/12056156021","amenity":"drinking_water"},"geometry":{"type":"Point","coordinates":[6.5324602,45.4848097]},"id":"node/12056156021"},{"type":"Feature","properties":{"@id":"node/12056160158","amenity":"fountain"},"geometry":{"type":"Point","coordinates":[6.6375109,45.4342761]},"id":"node/12056160158"},{"type":"Feature","properties":{"@id":"node/12059000451","amenity":"drinking_water","man_made":"water_tap"},"geometry":{"type":"Point","coordinates":[6.1114347,45.7076328]},"id":"node/12059000451"},{"type":"Feature","properties":{"@id":"node/12059514319","amenity":"drinking_water"},"geometry":{"type":"Point","coordinates":[6.372671,45.5385003]},"id":"node/12059514319"},{"type":"Feature","properties":{"@id":"node/12060013310","amenity":"fountain","drinking_water":"yes"},"geometry":{"type":"Point","coordinates":[5.7845722,45.4602852]},"id":"node/12060013310"},{"type":"Feature","properties":{"@id":"node/12061088910","amenity":"drinking_water"},"geometry":{"type":"Point","coordinates":[6.5355375,46.1278255]},"id":"node/12061088910"},{"type":"Feature","properties":{"@id":"node/12063198167","access":"yes","amenity":"drinking_water","fountain":"yes","indoor":"no"},"geometry":{"type":"Point","coordinates":[6.8854631,45.5728906]},"id":"node/12063198167"},{"type":"Feature","properties":{"@id":"node/12063386894","access":"yes","amenity":"drinking_water","fountain":"yes","indoor":"no"},"geometry":{"type":"Point","coordinates":[6.8862559,45.5714496]},"id":"node/12063386894"},{"type":"Feature","properties":{"@id":"node/12066191570","amenity":"fountain","drinking_water":"yes"},"geometry":{"type":"Point","coordinates":[6.9469714,45.192636]},"id":"node/12066191570"},{"type":"Feature","properties":{"@id":"node/12066792469","amenity":"drinking_water","name":"Point d'eau non surveillé"},"geometry":{"type":"Point","coordinates":[6.0731802,45.7185046]},"id":"node/12066792469"},{"type":"Feature","properties":{"@id":"node/12066799869","amenity":"drinking_water","name":"Prolongement de la Fontaine Froide"},"geometry":{"type":"Point","coordinates":[6.0343693,45.6955672]},"id":"node/12066799869"},{"type":"Feature","properties":{"@id":"node/12066829722","amenity":"fountain"},"geometry":{"type":"Point","coordinates":[6.441123,45.4600501]},"id":"node/12066829722"},{"type":"Feature","properties":{"@id":"node/12075237336","access":"yes","amenity":"drinking_water","drinking_water":"unspecified","image":"https://web.archive.org/web/20250619160812/https://streetcomplete.app/p/227585.jpg","material":"wood"},"geometry":{"type":"Point","coordinates":[6.7892526,45.2673262]},"id":"node/12075237336"},{"type":"Feature","properties":{"@id":"node/12075765596","amenity":"drinking_water"},"geometry":{"type":"Point","coordinates":[6.3942924,46.0041652]},"id":"node/12075765596"},{"type":"Feature","properties":{"@id":"node/12077185152","amenity":"drinking_water"},"geometry":{"type":"Point","coordinates":[5.934485,46.1028017]},"id":"node/12077185152"},{"type":"Feature","properties":{"@id":"node/12079114922","man_made":"water_tap"},"geometry":{"type":"Point","coordinates":[6.7637532,46.2321181]},"id":"node/12079114922"},{"type":"Feature","properties":{"@id":"node/12081623113","amenity":"drinking_water","man_made":"water_tap"},"geometry":{"type":"Point","coordinates":[6.2601066,45.2148371]},"id":"node/12081623113"},{"type":"Feature","properties":{"@id":"node/12085023832","amenity":"drinking_water","drinking_water":"yes"},"geometry":{"type":"Point","coordinates":[6.5103398,45.4615473]},"id":"node/12085023832"},{"type":"Feature","properties":{"@id":"node/12086526443","amenity":"drinking_water","man_made":"water_tap"},"geometry":{"type":"Point","coordinates":[6.1001339,46.0945611]},"id":"node/12086526443"},{"type":"Feature","properties":{"@id":"node/12086540501","amenity":"fountain"},"geometry":{"type":"Point","coordinates":[6.1013211,46.0941553]},"id":"node/12086540501"},{"type":"Feature","properties":{"@id":"node/12087258942","amenity":"drinking_water","fountain":"drinking"},"geometry":{"type":"Point","coordinates":[6.7777465,45.6183396]},"id":"node/12087258942"},{"type":"Feature","properties":{"@id":"node/12087325905","access":"yes","amenity":"drinking_water","fee":"no"},"geometry":{"type":"Point","coordinates":[6.7788127,45.6184366]},"id":"node/12087325905"},{"type":"Feature","properties":{"@id":"node/12087371110","amenity":"drinking_water"},"geometry":{"type":"Point","coordinates":[6.7823026,45.6207668]},"id":"node/12087371110"},{"type":"Feature","properties":{"@id":"node/12087426110","amenity":"drinking_water"},"geometry":{"type":"Point","coordinates":[6.7801507,45.6227642]},"id":"node/12087426110"},{"type":"Feature","properties":{"@id":"node/12088850657","amenity":"lavoir","drinking_water":"yes","wikimedia_commons":"File:Pyrog 0CFp2aet--.1.jpg"},"geometry":{"type":"Point","coordinates":[6.2120138,46.1348985]},"id":"node/12088850657"},{"type":"Feature","properties":{"@id":"node/12091746831","amenity":"fountain"},"geometry":{"type":"Point","coordinates":[6.7810505,45.8967848]},"id":"node/12091746831"},{"type":"Feature","properties":{"@id":"node/12092025358","amenity":"drinking_water","fountain":"drinking","indoor":"no"},"geometry":{"type":"Point","coordinates":[7.0467046,45.3716647]},"id":"node/12092025358"},{"type":"Feature","properties":{"@id":"node/12092046812","amenity":"drinking_water","man_made":"water_tap"},"geometry":{"type":"Point","coordinates":[6.9493474,45.2946299]},"id":"node/12092046812"},{"type":"Feature","properties":{"@id":"node/12092307297","access":"yes","amenity":"drinking_water","bottle":"yes","fee":"no","wheelchair":"no"},"geometry":{"type":"Point","coordinates":[6.7689829,45.6167959]},"id":"node/12092307297"},{"type":"Feature","properties":{"@id":"node/12093930571","amenity":"drinking_water","fountain":"drinking"},"geometry":{"type":"Point","coordinates":[6.8388677,45.48047]},"id":"node/12093930571"},{"type":"Feature","properties":{"@id":"node/12093947007","amenity":"drinking_water"},"geometry":{"type":"Point","coordinates":[6.7111518,45.4317288]},"id":"node/12093947007"},{"type":"Feature","properties":{"@id":"node/12093947203","amenity":"drinking_water"},"geometry":{"type":"Point","coordinates":[6.79089,45.3919747]},"id":"node/12093947203"},{"type":"Feature","properties":{"@id":"node/12093947264","natural":"spring"},"geometry":{"type":"Point","coordinates":[6.6825154,45.3137178]},"id":"node/12093947264"},{"type":"Feature","properties":{"@id":"node/12093947566","amenity":"drinking_water"},"geometry":{"type":"Point","coordinates":[6.899867,45.5236528]},"id":"node/12093947566"},{"type":"Feature","properties":{"@id":"node/12093947567","access":"yes","amenity":"drinking_water","check_date":"2026-05-09","fee":"no"},"geometry":{"type":"Point","coordinates":[6.8988836,45.5444239]},"id":"node/12093947567"},{"type":"Feature","properties":{"@id":"node/12093948705","access":"customers","amenity":"toilets","bottle":"yes","drinking_water":"yes","female":"yes","male":"yes","toilets:disposal":"flush"},"geometry":{"type":"Point","coordinates":[6.7877781,45.5662204]},"id":"node/12093948705"},{"type":"Feature","properties":{"@id":"node/12094874442","access":"yes","amenity":"drinking_water","drinking_water":"yes","man_made":"water_tap","source":"survey"},"geometry":{"type":"Point","coordinates":[6.319121,45.2185705]},"id":"node/12094874442"},{"type":"Feature","properties":{"@id":"node/12095537389","drinking_water":"yes","man_made":"water_tap","source":"survey"},"geometry":{"type":"Point","coordinates":[6.240735,45.2197213]},"id":"node/12095537389"},{"type":"Feature","properties":{"@id":"node/12095566566","access":"yes","amenity":"drinking_water","bottle":"yes","indoor":"no","man_made":"water_tap","source":"survey"},"geometry":{"type":"Point","coordinates":[6.2314484,45.2182601]},"id":"node/12095566566"},{"type":"Feature","properties":{"@id":"node/12095645871","amenity":"water_point","bottle":"yes","drinking_water":"yes"},"geometry":{"type":"Point","coordinates":[6.7344459,45.6959611]},"id":"node/12095645871"},{"type":"Feature","properties":{"@id":"node/12095804512","alt_name":"Source Ardant","drinking_water":"yes","name":"Source du Bois d'Anthy","natural":"spring"},"geometry":{"type":"Point","coordinates":[6.4443585,46.3462481]},"id":"node/12095804512"},{"type":"Feature","properties":{"@id":"node/12096359098","access":"yes","amenity":"drinking_water","bottle":"yes","drinking_water:legal":"yes","man_made":"water_tap"},"geometry":{"type":"Point","coordinates":[6.2298042,45.2213801]},"id":"node/12096359098"},{"type":"Feature","properties":{"@id":"node/12096528092","access":"yes","amenity":"drinking_water","drinking_water":"yes","man_made":"water_tap"},"geometry":{"type":"Point","coordinates":[6.2199802,45.2209515]},"id":"node/12096528092"},{"type":"Feature","properties":{"@id":"node/12096701227","natural":"spring","source":"survey"},"geometry":{"type":"Point","coordinates":[6.2105157,45.2290511]},"id":"node/12096701227"},{"type":"Feature","properties":{"@id":"node/12097712233","access":"yes","amenity":"drinking_water","bottle":"yes","fee":"no","wheelchair":"yes"},"geometry":{"type":"Point","coordinates":[6.7932144,45.5240448]},"id":"node/12097712233"},{"type":"Feature","properties":{"@id":"node/12097712247","access":"yes","amenity":"drinking_water","bottle":"yes","fee":"no","wheelchair":"no"},"geometry":{"type":"Point","coordinates":[6.7906317,45.5243528]},"id":"node/12097712247"},{"type":"Feature","properties":{"@id":"node/12097712257","access":"yes","amenity":"drinking_water","bottle":"yes","fee":"no","wheelchair":"yes"},"geometry":{"type":"Point","coordinates":[6.7717592,45.5352573]},"id":"node/12097712257"},{"type":"Feature","properties":{"@id":"node/12100630809","amenity":"fountain","drinking_water":"yes","lit":"no"},"geometry":{"type":"Point","coordinates":[6.5594327,45.5827911]},"id":"node/12100630809"},{"type":"Feature","properties":{"@id":"node/12102051801","man_made":"water_tap"},"geometry":{"type":"Point","coordinates":[6.7345135,45.6960704]},"id":"node/12102051801"},{"type":"Feature","properties":{"@id":"node/12106309992","natural":"spring"},"geometry":{"type":"Point","coordinates":[6.2034693,45.8014012]},"id":"node/12106309992"},{"type":"Feature","properties":{"@id":"node/12106318668","natural":"spring"},"geometry":{"type":"Point","coordinates":[6.2039731,45.8037804]},"id":"node/12106318668"},{"type":"Feature","properties":{"@id":"node/12108358037","amenity":"fountain"},"geometry":{"type":"Point","coordinates":[6.2021416,45.7898585]},"id":"node/12108358037"},{"type":"Feature","properties":{"@id":"node/12108424324","access":"yes","amenity":"drinking_water","bottle":"yes","drinking_water":"yes","fee":"no","survey:date":"2024-08-13","wheelchair":"yes"},"geometry":{"type":"Point","coordinates":[6.7727514,45.6325258]},"id":"node/12108424324"},{"type":"Feature","properties":{"@id":"node/12108859990","access":"yes","amenity":"drinking_water","bottle":"yes","check_date":"2024-07-28","description":"Tuyau captage d'eau au bord du chemin, bon débit, à priori potable.","fee":"no","wheelchair":"no"},"geometry":{"type":"Point","coordinates":[6.6828332,45.5880033]},"id":"node/12108859990"},{"type":"Feature","properties":{"@id":"node/12110257269","amenity":"drinking_water"},"geometry":{"type":"Point","coordinates":[6.733552,45.380404]},"id":"node/12110257269"},{"type":"Feature","properties":{"@id":"node/12110299572","amenity":"drinking_water","name":"Source du Vin"},"geometry":{"type":"Point","coordinates":[6.6453655,45.2426356]},"id":"node/12110299572"},{"type":"Feature","properties":{"@id":"node/12110310935","amenity":"drinking_water"},"geometry":{"type":"Point","coordinates":[6.6531541,45.2273135]},"id":"node/12110310935"},{"type":"Feature","properties":{"@id":"node/12114929331","amenity":"drinking_water","man_made":"water_tap","survey:date":"2024-08-16"},"geometry":{"type":"Point","coordinates":[6.5382628,45.7575046]},"id":"node/12114929331"},{"type":"Feature","properties":{"@id":"node/12115526908","access":"yes","amenity":"drinking_water","bottle":"yes","drinking_water":"yes","fee":"no","wheelchair":"no"},"geometry":{"type":"Point","coordinates":[6.7634323,45.5566775]},"id":"node/12115526908"},{"type":"Feature","properties":{"@id":"node/12116631477","access":"yes","amenity":"drinking_water","bottle":"yes","fee":"no","wheelchair":"yes"},"geometry":{"type":"Point","coordinates":[6.7777223,45.6069913]},"id":"node/12116631477"},{"type":"Feature","properties":{"@id":"node/12116880301","amenity":"fountain"},"geometry":{"type":"Point","coordinates":[6.3263804,46.3699755]},"id":"node/12116880301"},{"type":"Feature","properties":{"@id":"node/12116882101","amenity":"drinking_water"},"geometry":{"type":"Point","coordinates":[6.3271363,46.3705256]},"id":"node/12116882101"},{"type":"Feature","properties":{"@id":"node/12117400492","amenity":"drinking_water"},"geometry":{"type":"Point","coordinates":[6.6562374,45.6946027]},"id":"node/12117400492"},{"type":"Feature","properties":{"@id":"node/12119806081","access":"permissive","drinking_water":"yes","man_made":"water_tap"},"geometry":{"type":"Point","coordinates":[5.8853728,45.5569667]},"id":"node/12119806081"},{"type":"Feature","properties":{"@id":"node/12119833504","amenity":"drinking_water","name":"Bachat"},"geometry":{"type":"Point","coordinates":[6.8349269,45.2070019]},"id":"node/12119833504"},{"type":"Feature","properties":{"@id":"node/12124924582","access":"yes","amenity":"drinking_water","bottle":"yes","drinking_water":"untreated","fee":"no","wheelchair":"yes"},"geometry":{"type":"Point","coordinates":[6.7425669,45.6095204]},"id":"node/12124924582"},{"type":"Feature","properties":{"@id":"node/12124924583","access":"yes","amenity":"drinking_water","bottle":"yes","drinking_water":"untreated","fee":"no","wheelchair":"yes"},"geometry":{"type":"Point","coordinates":[6.7421217,45.6099641]},"id":"node/12124924583"},{"type":"Feature","properties":{"@id":"node/12124925267","access":"yes","amenity":"drinking_water","bottle":"yes","fee":"no","wheelchair":"yes"},"geometry":{"type":"Point","coordinates":[6.7131867,45.5823732]},"id":"node/12124925267"},{"type":"Feature","properties":{"@id":"node/12127970246","access":"yes","amenity":"drinking_water","bottle":"yes","check_date":"2024-08-22","fee":"no","wheelchair":"no"},"geometry":{"type":"Point","coordinates":[6.7371523,45.569914]},"id":"node/12127970246"},{"type":"Feature","properties":{"@id":"node/12128052115","amenity":"fountain"},"geometry":{"type":"Point","coordinates":[6.666919,46.1562264]},"id":"node/12128052115"},{"type":"Feature","properties":{"@id":"node/12129454959","amenity":"fountain"},"geometry":{"type":"Point","coordinates":[6.7688145,45.5633331]},"id":"node/12129454959"},{"type":"Feature","properties":{"@id":"node/12132505205","amenity":"fountain"},"geometry":{"type":"Point","coordinates":[6.7688363,45.5634037]},"id":"node/12132505205"},{"type":"Feature","properties":{"@id":"node/12133625673","amenity":"drinking_water","survey:date":"2024-08-24"},"geometry":{"type":"Point","coordinates":[6.8765036,45.9283544]},"id":"node/12133625673"},{"type":"Feature","properties":{"@id":"node/12133715947","amenity":"drinking_water","survey:date":"2024-08-24"},"geometry":{"type":"Point","coordinates":[6.8739256,45.9274185]},"id":"node/12133715947"},{"type":"Feature","properties":{"@id":"node/12135449511","amenity":"fountain","survey:date":"2024-08-25"},"geometry":{"type":"Point","coordinates":[6.7959439,45.8893345]},"id":"node/12135449511"},{"type":"Feature","properties":{"@id":"node/12138418973","amenity":"drinking_water","fountain":"drinking","survey:date":"2024-08-26"},"geometry":{"type":"Point","coordinates":[6.9269466,45.984128]},"id":"node/12138418973"},{"type":"Feature","properties":{"@id":"node/12138610655","amenity":"drinking_water","survey:date":"2024-08-26"},"geometry":{"type":"Point","coordinates":[6.9288372,45.9848623]},"id":"node/12138610655"},{"type":"Feature","properties":{"@id":"node/12139462666","amenity":"fountain"},"geometry":{"type":"Point","coordinates":[6.6730708,46.1607228]},"id":"node/12139462666"},{"type":"Feature","properties":{"@id":"node/12140520224","amenity":"drinking_water","survey:date":"2024-08-27"},"geometry":{"type":"Point","coordinates":[6.8470224,45.9127179]},"id":"node/12140520224"},{"type":"Feature","properties":{"@id":"node/12141567081","access":"yes","capacity":"12","drinking_water":"yes","fee":"yes","kitchen":"yes","name":"Gîte d'étape l'Esperance","payment:cash":"yes","tourism":"wilderness_hut","website":"https://www.montsdugenevois.com/offres/gite-detape-lesperance-chaumont-fr-3334007/"},"geometry":{"type":"Point","coordinates":[5.9585607,46.0356288]},"id":"node/12141567081"},{"type":"Feature","properties":{"@id":"node/12141756467","amenity":"drinking_water"},"geometry":{"type":"Point","coordinates":[6.4554537,45.4759123]},"id":"node/12141756467"},{"type":"Feature","properties":{"@id":"node/12147825526","fixme":"A vérifier sur terrain","natural":"spring"},"geometry":{"type":"Point","coordinates":[6.8506807,46.0137347]},"id":"node/12147825526"},{"type":"Feature","properties":{"@id":"node/12151920771","access":"yes","amenity":"drinking_water","wheelchair":"yes"},"geometry":{"type":"Point","coordinates":[6.4340102,46.1324399]},"id":"node/12151920771"},{"type":"Feature","properties":{"@id":"node/12152642374","amenity":"drinking_water","fee":"no","wheelchair":"no"},"geometry":{"type":"Point","coordinates":[6.4314022,46.1317035]},"id":"node/12152642374"},{"type":"Feature","properties":{"@id":"node/12152648918","access":"yes","amenity":"drinking_water","wheelchair":"yes"},"geometry":{"type":"Point","coordinates":[6.3423415,46.1267564]},"id":"node/12152648918"},{"type":"Feature","properties":{"@id":"node/12152761832","access":"yes","amenity":"drinking_water","fee":"no","man_made":"water_tap","wheelchair":"yes"},"geometry":{"type":"Point","coordinates":[6.9009682,45.4560769]},"id":"node/12152761832"},{"type":"Feature","properties":{"@id":"node/12154037139","access":"yes","amenity":"drinking_water","fee":"yes","wheelchair":"no"},"geometry":{"type":"Point","coordinates":[6.1178969,46.1009294]},"id":"node/12154037139"},{"type":"Feature","properties":{"@id":"node/12154116750","access":"yes","amenity":"drinking_water","fee":"no","man_made":"water_tap","wheelchair":"yes"},"geometry":{"type":"Point","coordinates":[6.9072293,45.4679409]},"id":"node/12154116750"},{"type":"Feature","properties":{"@id":"node/12154130327","access":"yes","amenity":"drinking_water","fee":"no","man_made":"water_tap","wheelchair":"yes"},"geometry":{"type":"Point","coordinates":[6.9082749,45.4662428]},"id":"node/12154130327"},{"type":"Feature","properties":{"@id":"node/12154434549","access":"yes","drinking_water":"no","fee":"no","man_made":"water_tap"},"geometry":{"type":"Point","coordinates":[6.907793,45.4690245]},"id":"node/12154434549"},{"type":"Feature","properties":{"@id":"node/12154595266","natural":"spring"},"geometry":{"type":"Point","coordinates":[6.620825,46.163961]},"id":"node/12154595266"},{"type":"Feature","properties":{"@id":"node/12154726710","access":"yes","amenity":"drinking_water","fee":"no","wheelchair":"yes"},"geometry":{"type":"Point","coordinates":[6.3689074,45.6605816]},"id":"node/12154726710"},{"type":"Feature","properties":{"@id":"node/12155502044","amenity":"drinking_water"},"geometry":{"type":"Point","coordinates":[6.8525393,45.9103995]},"id":"node/12155502044"},{"type":"Feature","properties":{"@id":"node/12157107878","access":"yes","amenity":"drinking_water","fee":"no","operator":"Montailleur","wheelchair":"yes"},"geometry":{"type":"Point","coordinates":[6.2782471,45.6182775]},"id":"node/12157107878"},{"type":"Feature","properties":{"@id":"node/12157155215","amenity":"drinking_water"},"geometry":{"type":"Point","coordinates":[6.1214516,46.0400435]},"id":"node/12157155215"},{"type":"Feature","properties":{"@id":"node/12157343273","amenity":"drinking_water"},"geometry":{"type":"Point","coordinates":[6.1236165,46.0375166]},"id":"node/12157343273"},{"type":"Feature","properties":{"@id":"node/12160147201","amenity":"drinking_water","outdoor_seating":"no"},"geometry":{"type":"Point","coordinates":[5.7906142,45.8084847]},"id":"node/12160147201"},{"type":"Feature","properties":{"@id":"node/12163158797","access":"yes","amenity":"drinking_water","bottle":"yes","wheelchair":"limited"},"geometry":{"type":"Point","coordinates":[6.0866913,46.0672858]},"id":"node/12163158797"},{"type":"Feature","properties":{"@id":"node/12163618175","amenity":"drinking_water","wheelchair":"yes"},"geometry":{"type":"Point","coordinates":[6.4231488,46.1441433]},"id":"node/12163618175"},{"type":"Feature","properties":{"@id":"node/12163835278","amenity":"drinking_water"},"geometry":{"type":"Point","coordinates":[6.2343932,46.1937861]},"id":"node/12163835278"},{"type":"Feature","properties":{"@id":"node/12164269786","amenity":"drinking_water","ele":"1611"},"geometry":{"type":"Point","coordinates":[6.3335069,45.5666689]},"id":"node/12164269786"},{"type":"Feature","properties":{"@id":"node/12165530775","access":"private","fountain":"stone_block","man_made":"water_tap"},"geometry":{"type":"Point","coordinates":[6.5722479,46.1089737]},"id":"node/12165530775"},{"type":"Feature","properties":{"@id":"node/12165531173","amenity":"fountain"},"geometry":{"type":"Point","coordinates":[6.5761907,46.1101519]},"id":"node/12165531173"},{"type":"Feature","properties":{"@id":"node/12168340123","amenity":"drinking_water"},"geometry":{"type":"Point","coordinates":[5.8796469,45.7558297]},"id":"node/12168340123"},{"type":"Feature","properties":{"@id":"node/12168507104","drinking_water:signed":"no","natural":"spring"},"geometry":{"type":"Point","coordinates":[6.0409023,45.8986688]},"id":"node/12168507104"},{"type":"Feature","properties":{"@id":"node/12176488606","amenity":"drinking_water"},"geometry":{"type":"Point","coordinates":[6.3751739,46.1339112]},"id":"node/12176488606"},{"type":"Feature","properties":{"@id":"node/12176528307","amenity":"drinking_water"},"geometry":{"type":"Point","coordinates":[6.3547145,46.1474737]},"id":"node/12176528307"},{"type":"Feature","properties":{"@id":"node/12176530692","access":"yes","man_made":"water_tap"},"geometry":{"type":"Point","coordinates":[6.3445602,46.1526473]},"id":"node/12176530692"},{"type":"Feature","properties":{"@id":"node/12179982694","access":"yes","amenity":"drinking_water","bottle":"yes","covered":"no","fee":"no","indoor":"no","lit":"no","man_made":"water_well","pump":"manual"},"geometry":{"type":"Point","coordinates":[6.6441062,46.2462927]},"id":"node/12179982694"},{"type":"Feature","properties":{"@id":"node/12182360226","amenity":"drinking_water"},"geometry":{"type":"Point","coordinates":[6.3032046,46.3080637]},"id":"node/12182360226"},{"type":"Feature","properties":{"@id":"node/12183619237","amenity":"drinking_water","fountain":"bottle_refill"},"geometry":{"type":"Point","coordinates":[6.7875359,45.5510912]},"id":"node/12183619237"},{"type":"Feature","properties":{"@id":"node/12187639867","amenity":"drinking_water","covered":"no","fee":"no"},"geometry":{"type":"Point","coordinates":[6.2465223,45.7518207]},"id":"node/12187639867"},{"type":"Feature","properties":{"@id":"node/12194362080","access":"yes","amenity":"drinking_water","bottle":"yes","fee":"no","man_made":"water_well","pump":"manual","survey:date":"2024-09-23","wheelchair":"yes"},"geometry":{"type":"Point","coordinates":[6.13513,45.9180933]},"id":"node/12194362080"},{"type":"Feature","properties":{"@id":"node/12195539822","amenity":"fountain"},"geometry":{"type":"Point","coordinates":[6.7813019,45.6283988]},"id":"node/12195539822"},{"type":"Feature","properties":{"@id":"node/12196961716","amenity":"fountain","drinking_water":"no","fountain":"stone_block","lit":"yes"},"geometry":{"type":"Point","coordinates":[6.2581331,46.1742475]},"id":"node/12196961716"},{"type":"Feature","properties":{"@id":"node/12197308812","natural":"spring"},"geometry":{"type":"Point","coordinates":[6.789025,45.6307397]},"id":"node/12197308812"},{"type":"Feature","properties":{"@id":"node/12197835251","natural":"spring"},"geometry":{"type":"Point","coordinates":[6.7741571,45.6303993]},"id":"node/12197835251"},{"type":"Feature","properties":{"@id":"node/12198693545","intermittent":"no","name":"Fontaine Mantel","natural":"spring"},"geometry":{"type":"Point","coordinates":[6.7889966,45.63265]},"id":"node/12198693545"},{"type":"Feature","properties":{"@id":"node/12198693547","natural":"spring"},"geometry":{"type":"Point","coordinates":[6.7886142,45.6334788]},"id":"node/12198693547"},{"type":"Feature","properties":{"@id":"node/12204664663","amenity":"drinking_water","drinking_water":"yes","man_made":"water_tap"},"geometry":{"type":"Point","coordinates":[6.0256819,46.0721224]},"id":"node/12204664663"},{"type":"Feature","properties":{"@id":"node/12204677524","amenity":"drinking_water","drinking_water":"yes","man_made":"water_tap"},"geometry":{"type":"Point","coordinates":[5.9820686,46.0273453]},"id":"node/12204677524"},{"type":"Feature","properties":{"@id":"node/12206459741","amenity":"drinking_water","bottle":"yes","cold_water":"no","drinking_water":"yes","fee":"no","hot_water":"no","iced_water":"no","man_made":"water_tap","opening_hours":"24/7","panoramax":"6f1e4bc0-ceff-4a6b-b815-b781afbc33dc","room_temperature_water":"yes","seasonal":"no","warm_water":"no"},"geometry":{"type":"Point","coordinates":[5.8887756,45.9950309]},"id":"node/12206459741"},{"type":"Feature","properties":{"@id":"node/12211890642","access":"yes","amenity":"drinking_water","fee":"no"},"geometry":{"type":"Point","coordinates":[6.782778,45.6201143]},"id":"node/12211890642"},{"type":"Feature","properties":{"@id":"node/12214741899","natural":"spring"},"geometry":{"type":"Point","coordinates":[6.4232611,46.1464917]},"id":"node/12214741899"},{"type":"Feature","properties":{"@id":"node/12214746210","access":"yes","amenity":"drinking_water","fee":"no"},"geometry":{"type":"Point","coordinates":[6.7731192,45.6188649]},"id":"node/12214746210"},{"type":"Feature","properties":{"@id":"node/12216096736","access":"yes","amenity":"drinking_water","bottle":"yes","fee":"no","man_made":"water_tap"},"geometry":{"type":"Point","coordinates":[6.7695097,45.6184861]},"id":"node/12216096736"},{"type":"Feature","properties":{"@id":"node/12216156338","access":"yes","amenity":"drinking_water","bottle":"yes","fee":"no","man_made":"water_tap"},"geometry":{"type":"Point","coordinates":[6.7668822,45.6168288]},"id":"node/12216156338"},{"type":"Feature","properties":{"@id":"node/12216379632","access":"yes","amenity":"drinking_water","fee":"no"},"geometry":{"type":"Point","coordinates":[6.7746846,45.6188406]},"id":"node/12216379632"},{"type":"Feature","properties":{"@id":"node/12219176059","man_made":"water_tap"},"geometry":{"type":"Point","coordinates":[6.7883912,45.6232574]},"id":"node/12219176059"},{"type":"Feature","properties":{"@id":"node/12223054903","access":"yes","amenity":"drinking_water","operator":"Bien des habitants du hameau","wheelchair":"yes"},"geometry":{"type":"Point","coordinates":[5.7951248,45.7496268]},"id":"node/12223054903"},{"type":"Feature","properties":{"@id":"node/12223054904","access":"yes","amenity":"drinking_water","bottle":"yes","cold_water":"no","fee":"no","hot_water":"no","iced_water":"no","man_made":"water_tap","opening_hours":"24/7","operator":"Commune de Jongieux","panoramax":"d3b83d40-ff7f-4140-8bcc-e945c2b39bba","room_temperature_water":"yes","seasonal":"no","warm_water":"no","wheelchair":"yes"},"geometry":{"type":"Point","coordinates":[5.7996179,45.737877]},"id":"node/12223054904"},{"type":"Feature","properties":{"@id":"node/12227853753","amenity":"drinking_water","survey:date":"2024-08-23"},"geometry":{"type":"Point","coordinates":[6.281995,46.0214598]},"id":"node/12227853753"},{"type":"Feature","properties":{"@id":"node/12242308754","amenity":"drinking_water","man_made":"water_tap"},"geometry":{"type":"Point","coordinates":[5.8546081,45.4178951]},"id":"node/12242308754"},{"type":"Feature","properties":{"@id":"node/12246412786","access":"yes","amenity":"drinking_water","fee":"no","wheelchair":"limited"},"geometry":{"type":"Point","coordinates":[6.7967302,45.6248294]},"id":"node/12246412786"},{"type":"Feature","properties":{"@id":"node/12246616271","amenity":"fountain","drinking_water":"yes"},"geometry":{"type":"Point","coordinates":[6.7997638,45.6230057]},"id":"node/12246616271"},{"type":"Feature","properties":{"@id":"node/12248485004","access":"yes","amenity":"drinking_water","fee":"no","wheelchair":"no"},"geometry":{"type":"Point","coordinates":[6.805316,45.6203529]},"id":"node/12248485004"},{"type":"Feature","properties":{"@id":"node/12248485008","access":"private","drinking_water":"no","man_made":"water_tap"},"geometry":{"type":"Point","coordinates":[6.8067862,45.6205262]},"id":"node/12248485008"},{"type":"Feature","properties":{"@id":"node/12248503201","amenity":"fountain"},"geometry":{"type":"Point","coordinates":[6.8145175,45.6197342]},"id":"node/12248503201"},{"type":"Feature","properties":{"@id":"node/12248509117","access":"private","drinking_water":"no","man_made":"water_tap"},"geometry":{"type":"Point","coordinates":[6.8203807,45.6170529]},"id":"node/12248509117"},{"type":"Feature","properties":{"@id":"node/12248822578","amenity":"fountain"},"geometry":{"type":"Point","coordinates":[6.8198737,45.6201189]},"id":"node/12248822578"},{"type":"Feature","properties":{"@id":"node/12249116717","access":"yes","man_made":"water_tap"},"geometry":{"type":"Point","coordinates":[6.8031589,45.6203729]},"id":"node/12249116717"},{"type":"Feature","properties":{"@id":"node/12250795348","access":"yes","amenity":"drinking_water","fee":"no","operator":"Mairie de Bourg-Saint-Maurice","wheelchair":"yes"},"geometry":{"type":"Point","coordinates":[6.7694154,45.6179207]},"id":"node/12250795348"},{"type":"Feature","properties":{"@id":"node/12255285163","amenity":"fountain","lit":"no"},"geometry":{"type":"Point","coordinates":[6.2599703,46.1890203]},"id":"node/12255285163"},{"type":"Feature","properties":{"@id":"node/12260996537","amenity":"drinking_water","man_made":"water_well","pump":"manual"},"geometry":{"type":"Point","coordinates":[6.6552339,46.2332304]},"id":"node/12260996537"},{"type":"Feature","properties":{"@id":"node/12261105513","amenity":"drinking_water","man_made":"water_tap"},"geometry":{"type":"Point","coordinates":[6.6562773,46.2330098]},"id":"node/12261105513"},{"type":"Feature","properties":{"@id":"node/12273127068","access":"yes","amenity":"drinking_water","fee":"no","wheelchair":"limited"},"geometry":{"type":"Point","coordinates":[6.250889,45.557209]},"id":"node/12273127068"},{"type":"Feature","properties":{"@id":"node/12273279992","access":"yes","amenity":"drinking_water","fee":"no","man_made":"water_tap"},"geometry":{"type":"Point","coordinates":[6.0622682,45.6430198]},"id":"node/12273279992"},{"type":"Feature","properties":{"@id":"node/12273334580","amenity":"drinking_water"},"geometry":{"type":"Point","coordinates":[5.734819,45.6592514]},"id":"node/12273334580"},{"type":"Feature","properties":{"@id":"node/12282444439","amenity":"drinking_water","fountain":"drinking","indoor":"no"},"geometry":{"type":"Point","coordinates":[6.7654834,45.6334028]},"id":"node/12282444439"},{"type":"Feature","properties":{"@id":"node/12292607067","ele":"400","natural":"spring"},"geometry":{"type":"Point","coordinates":[5.8669004,45.5711383]},"id":"node/12292607067"},{"type":"Feature","properties":{"@id":"node/12294257804","amenity":"drinking_water","man_made":"water_tap"},"geometry":{"type":"Point","coordinates":[6.708136,46.1788319]},"id":"node/12294257804"},{"type":"Feature","properties":{"@id":"node/12296245164","amenity":"drinking_water"},"geometry":{"type":"Point","coordinates":[6.6308058,45.9360234]},"id":"node/12296245164"},{"type":"Feature","properties":{"@id":"node/12301986383","amenity":"drinking_water"},"geometry":{"type":"Point","coordinates":[5.8197296,45.4666371]},"id":"node/12301986383"},{"type":"Feature","properties":{"@id":"node/12301986384","amenity":"drinking_water"},"geometry":{"type":"Point","coordinates":[5.8207702,45.4661254]},"id":"node/12301986384"},{"type":"Feature","properties":{"@id":"node/12301986385","amenity":"drinking_water"},"geometry":{"type":"Point","coordinates":[5.8238228,45.473018]},"id":"node/12301986385"},{"type":"Feature","properties":{"@id":"node/12302006802","amenity":"drinking_water"},"geometry":{"type":"Point","coordinates":[5.827843,45.4862183]},"id":"node/12302006802"},{"type":"Feature","properties":{"@id":"node/12302006803","amenity":"drinking_water","note":"Revoir emplacement précis"},"geometry":{"type":"Point","coordinates":[5.8542731,45.5201217]},"id":"node/12302006803"},{"type":"Feature","properties":{"@id":"node/12303153771","access":"yes","amenity":"drinking_water","fee":"no","man_made":"water_well"},"geometry":{"type":"Point","coordinates":[6.4410411,45.3989123]},"id":"node/12303153771"},{"type":"Feature","properties":{"@id":"node/12309557527","amenity":"drinking_water","ele":"1425","fee":"no"},"geometry":{"type":"Point","coordinates":[6.47453,45.6659801]},"id":"node/12309557527"},{"type":"Feature","properties":{"@id":"node/12310528257","access":"yes","amenity":"drinking_water","fee":"no","wheelchair":"yes"},"geometry":{"type":"Point","coordinates":[6.7678564,45.6190355]},"id":"node/12310528257"},{"type":"Feature","properties":{"@id":"node/12314320282","amenity":"drinking_water"},"geometry":{"type":"Point","coordinates":[5.9447911,45.7859004]},"id":"node/12314320282"},{"type":"Feature","properties":{"@id":"node/12323112783","access":"yes","amenity":"drinking_water","wheelchair":"no"},"geometry":{"type":"Point","coordinates":[6.672843,45.4541751]},"id":"node/12323112783"},{"type":"Feature","properties":{"@id":"node/12328445549","amenity":"drinking_water","man_made":"water_well","pump":"manual"},"geometry":{"type":"Point","coordinates":[6.3220683,45.8823107]},"id":"node/12328445549"},{"type":"Feature","properties":{"@id":"node/12329392392","drinking_water":"no","drinking_water:legal":"no","man_made":"water_tap"},"geometry":{"type":"Point","coordinates":[6.415023,46.2878245]},"id":"node/12329392392"},{"type":"Feature","properties":{"@id":"node/12334944119","access":"yes","amenity":"drinking_water","fee":"no","wheelchair":"yes"},"geometry":{"type":"Point","coordinates":[6.8006745,45.6223251]},"id":"node/12334944119"},{"type":"Feature","properties":{"@id":"node/12334962191","access":"yes","amenity":"drinking_water","covered":"yes","fee":"no"},"geometry":{"type":"Point","coordinates":[6.8004395,45.6221566]},"id":"node/12334962191"},{"type":"Feature","properties":{"@id":"node/12335599309","amenity":"fountain","drinking_water":"no"},"geometry":{"type":"Point","coordinates":[6.3684842,46.2638998]},"id":"node/12335599309"},{"type":"Feature","properties":{"@id":"node/12339420415","access":"yes","amenity":"drinking_water","bottle":"yes","fee":"no","wheelchair":"yes"},"geometry":{"type":"Point","coordinates":[6.7711956,45.6232676]},"id":"node/12339420415"},{"type":"Feature","properties":{"@id":"node/12339517508","access":"yes","amenity":"drinking_water","fee":"no"},"geometry":{"type":"Point","coordinates":[6.7704343,45.622622]},"id":"node/12339517508"},{"type":"Feature","properties":{"@id":"node/12344622123","amenity":"drinking_water"},"geometry":{"type":"Point","coordinates":[6.4120906,46.1483879]},"id":"node/12344622123"},{"type":"Feature","properties":{"@id":"node/12344622306","amenity":"fountain"},"geometry":{"type":"Point","coordinates":[6.4109258,46.1473154]},"id":"node/12344622306"},{"type":"Feature","properties":{"@id":"node/12344622424","amenity":"fountain"},"geometry":{"type":"Point","coordinates":[6.4107032,46.14812]},"id":"node/12344622424"},{"type":"Feature","properties":{"@id":"node/12347946656","amenity":"fountain"},"geometry":{"type":"Point","coordinates":[6.6244981,46.367571]},"id":"node/12347946656"},{"type":"Feature","properties":{"@id":"node/12365541527","amenity":"drinking_water"},"geometry":{"type":"Point","coordinates":[5.9449988,45.8655378]},"id":"node/12365541527"},{"type":"Feature","properties":{"@id":"node/12375740472","access":"yes","amenity":"drinking_water","name":"Fontaine de Carette"},"geometry":{"type":"Point","coordinates":[5.9863729,45.5263105]},"id":"node/12375740472"},{"type":"Feature","properties":{"@id":"node/12385295353","natural":"spring"},"geometry":{"type":"Point","coordinates":[6.6795588,46.2964157]},"id":"node/12385295353"},{"type":"Feature","properties":{"@id":"node/12387144625","amenity":"drinking_water"},"geometry":{"type":"Point","coordinates":[6.3292422,45.2772564]},"id":"node/12387144625"},{"type":"Feature","properties":{"@id":"node/12388656683","amenity":"drinking_water"},"geometry":{"type":"Point","coordinates":[6.0953473,46.0859141]},"id":"node/12388656683"},{"type":"Feature","properties":{"@id":"node/12403506792","amenity":"fountain","description":"un filet d'eau coule en hiver (observé le 02.02.2025)","drinking_water":"yes","fountain":"stone_block","lit":"no"},"geometry":{"type":"Point","coordinates":[6.3342566,45.660056]},"id":"node/12403506792"},{"type":"Feature","properties":{"@id":"node/12403506796","amenity":"fountain","fountain":"drinking"},"geometry":{"type":"Point","coordinates":[6.3334585,45.6674402]},"id":"node/12403506796"},{"type":"Feature","properties":{"@id":"node/12403506800","amenity":"fountain","fountain":"stone_block","lit":"no"},"geometry":{"type":"Point","coordinates":[6.3370727,45.6712482]},"id":"node/12403506800"},{"type":"Feature","properties":{"@id":"node/12404897110","amenity":"fountain"},"geometry":{"type":"Point","coordinates":[6.3561381,45.6790067]},"id":"node/12404897110"},{"type":"Feature","properties":{"@id":"node/12405801634","amenity":"fountain"},"geometry":{"type":"Point","coordinates":[6.355914,45.6891055]},"id":"node/12405801634"},{"type":"Feature","properties":{"@id":"node/12407589440","access":"yes","amenity":"drinking_water","fee":"no"},"geometry":{"type":"Point","coordinates":[6.2686523,45.4175284]},"id":"node/12407589440"},{"type":"Feature","properties":{"@id":"node/12407612362","access":"yes","amenity":"drinking_water","fee":"no"},"geometry":{"type":"Point","coordinates":[6.1812698,45.4680655]},"id":"node/12407612362"},{"type":"Feature","properties":{"@id":"node/12407613069","access":"yes","amenity":"drinking_water","fee":"no"},"geometry":{"type":"Point","coordinates":[6.2440412,45.5016868]},"id":"node/12407613069"},{"type":"Feature","properties":{"@id":"node/12407647569","access":"yes","amenity":"drinking_water","fee":"no"},"geometry":{"type":"Point","coordinates":[6.2665857,45.3946129]},"id":"node/12407647569"},{"type":"Feature","properties":{"@id":"node/12411923056","amenity":"fountain"},"geometry":{"type":"Point","coordinates":[6.3452617,45.2766862]},"id":"node/12411923056"},{"type":"Feature","properties":{"@id":"node/12417036367","amenity":"drinking_water","bottle":"yes"},"geometry":{"type":"Point","coordinates":[6.7954298,46.3926885]},"id":"node/12417036367"},{"type":"Feature","properties":{"@id":"node/12419435143","amenity":"drinking_water","bottle":"yes"},"geometry":{"type":"Point","coordinates":[6.8044907,46.394296]},"id":"node/12419435143"},{"type":"Feature","properties":{"@id":"node/12419952108","amenity":"fountain","fountain":"stone_block"},"geometry":{"type":"Point","coordinates":[6.3631734,45.6960174]},"id":"node/12419952108"},{"type":"Feature","properties":{"@id":"node/12424586501","amenity":"drinking_water","man_made":"water_tap"},"geometry":{"type":"Point","coordinates":[6.1086789,45.9082489]},"id":"node/12424586501"},{"type":"Feature","properties":{"@id":"node/12424972730","amenity":"drinking_water"},"geometry":{"type":"Point","coordinates":[6.8002927,46.3937614]},"id":"node/12424972730"},{"type":"Feature","properties":{"@id":"node/12425680094","alt_name":"Source Terrier","description":"Eau sulfureuse","drinking_water":"yes","name":"Source Maxima","natural":"spring"},"geometry":{"type":"Point","coordinates":[6.5469415,46.3942153]},"id":"node/12425680094"},{"type":"Feature","properties":{"@id":"node/12427773667","drinking_water":"yes","drinking_water:legal":"yes","man_made":"water_tap"},"geometry":{"type":"Point","coordinates":[6.4908513,46.3125891]},"id":"node/12427773667"},{"type":"Feature","properties":{"@id":"node/12427773673","man_made":"water_tap"},"geometry":{"type":"Point","coordinates":[6.4917641,46.3118515]},"id":"node/12427773673"},{"type":"Feature","properties":{"@id":"node/12427912605","drinking_water":"yes","drinking_water:legal":"yes","man_made":"water_tap"},"geometry":{"type":"Point","coordinates":[6.492255,46.3115834]},"id":"node/12427912605"},{"type":"Feature","properties":{"@id":"node/12427918181","drinking_water":"yes","drinking_water:legal":"yes","man_made":"water_tap"},"geometry":{"type":"Point","coordinates":[6.4886877,46.3126763]},"id":"node/12427918181"},{"type":"Feature","properties":{"@id":"node/12431790768","man_made":"spring_box","natural":"spring","source":"IGN - 2024-03-15"},"geometry":{"type":"Point","coordinates":[6.4794298,46.2666612]},"id":"node/12431790768"},{"type":"Feature","properties":{"@id":"node/12437080688","amenity":"drinking_water"},"geometry":{"type":"Point","coordinates":[6.2569155,45.5611074]},"id":"node/12437080688"},{"type":"Feature","properties":{"@id":"node/12451066057","amenity":"drinking_water","man_made":"water_tap"},"geometry":{"type":"Point","coordinates":[6.1815194,45.5452519]},"id":"node/12451066057"},{"type":"Feature","properties":{"@id":"node/12458966319","amenity":"fountain","description":"coule en hiver (observé le 03.02.2025)","drinking_water":"yes"},"geometry":{"type":"Point","coordinates":[6.3393086,45.6616003]},"id":"node/12458966319"},{"type":"Feature","properties":{"@id":"node/12488137782","amenity":"fountain","drinking_water":"yes","fountain":"drinking","height":"1"},"geometry":{"type":"Point","coordinates":[6.6012807,45.4543836]},"id":"node/12488137782"},{"type":"Feature","properties":{"@id":"node/12507455501","amenity":"fountain","name":"bachal"},"geometry":{"type":"Point","coordinates":[6.6437997,45.5551607]},"id":"node/12507455501"},{"type":"Feature","properties":{"@id":"node/12512426051","amenity":"fountain"},"geometry":{"type":"Point","coordinates":[6.7873159,45.6268472]},"id":"node/12512426051"},{"type":"Feature","properties":{"@id":"node/12518086503","amenity":"drinking_water","natural":"spring"},"geometry":{"type":"Point","coordinates":[6.1160214,45.4416017]},"id":"node/12518086503"},{"type":"Feature","properties":{"@id":"node/12528981101","amenity":"drinking_water"},"geometry":{"type":"Point","coordinates":[6.0763903,46.0945343]},"id":"node/12528981101"},{"type":"Feature","properties":{"@id":"node/12536404220","amenity":"drinking_water"},"geometry":{"type":"Point","coordinates":[6.5744188,46.3991923]},"id":"node/12536404220"},{"type":"Feature","properties":{"@id":"node/12542037620","amenity":"fountain"},"geometry":{"type":"Point","coordinates":[6.799361,45.6224948]},"id":"node/12542037620"},{"type":"Feature","properties":{"@id":"node/12566011885","amenity":"drinking_water","man_made":"water_tap"},"geometry":{"type":"Point","coordinates":[6.1273707,45.9160296]},"id":"node/12566011885"},{"type":"Feature","properties":{"@id":"node/12571122902","amenity":"drinking_water"},"geometry":{"type":"Point","coordinates":[6.5299349,45.7265178]},"id":"node/12571122902"},{"type":"Feature","properties":{"@id":"node/12579280815","access":"yes","amenity":"drinking_water","operator":"Commune de Saint-Genix-les-Villages","wheelchair":"yes"},"geometry":{"type":"Point","coordinates":[5.7000647,45.6153765]},"id":"node/12579280815"},{"type":"Feature","properties":{"@id":"node/12588482737","access":"yes","amenity":"drinking_water","fee":"no","operator":"Mairie de Bourg-Saint-Maurice"},"geometry":{"type":"Point","coordinates":[6.7645027,45.6111849]},"id":"node/12588482737"},{"type":"Feature","properties":{"@id":"node/12589929203","amenity":"drinking_water"},"geometry":{"type":"Point","coordinates":[6.4576625,45.7176175]},"id":"node/12589929203"},{"type":"Feature","properties":{"@id":"node/12592536013","amenity":"drinking_water"},"geometry":{"type":"Point","coordinates":[6.4139646,45.4720679]},"id":"node/12592536013"},{"type":"Feature","properties":{"@id":"node/12593242085","amenity":"drinking_water","fee":"no"},"geometry":{"type":"Point","coordinates":[6.7877128,45.6535799]},"id":"node/12593242085"},{"type":"Feature","properties":{"@id":"node/12604213633","access":"yes","amenity":"drinking_water","operator":"Commune de Saint-Genix-les-Villages"},"geometry":{"type":"Point","coordinates":[5.6396999,45.5960404]},"id":"node/12604213633"},{"type":"Feature","properties":{"@id":"node/12630457218","access":"yes","amenity":"drinking_water","bottle":"yes","fee":"no","survey:date":"2025-03-02","wheelchair":"yes"},"geometry":{"type":"Point","coordinates":[6.0731171,45.943969]},"id":"node/12630457218"},{"type":"Feature","properties":{"@id":"node/12638298617","amenity":"fountain","drinking_water":"no"},"geometry":{"type":"Point","coordinates":[6.5215898,46.3770327]},"id":"node/12638298617"},{"type":"Feature","properties":{"@id":"node/12638627824","natural":"spring"},"geometry":{"type":"Point","coordinates":[6.506977,45.9621758]},"id":"node/12638627824"},{"type":"Feature","properties":{"@id":"node/12645847541","amenity":"fountain"},"geometry":{"type":"Point","coordinates":[5.9922488,45.5334919]},"id":"node/12645847541"},{"type":"Feature","properties":{"@id":"node/12652131060","access":"yes","drinking_water":"yes","man_made":"water_tap"},"geometry":{"type":"Point","coordinates":[6.4532547,45.2411353]},"id":"node/12652131060"},{"type":"Feature","properties":{"@id":"node/12677323575","amenity":"drinking_water"},"geometry":{"type":"Point","coordinates":[6.3278229,45.7488072]},"id":"node/12677323575"},{"type":"Feature","properties":{"@id":"node/12684844781","amenity":"fountain"},"geometry":{"type":"Point","coordinates":[6.4186995,46.3286822]},"id":"node/12684844781"},{"type":"Feature","properties":{"@id":"node/12686894188","access":"yes","amenity":"drinking_water","description":"As of 2025-07-14 it was running out of water","drinking_water:legal":"no","wheelchair":"yes"},"geometry":{"type":"Point","coordinates":[5.787883,45.7517259]},"id":"node/12686894188"},{"type":"Feature","properties":{"@id":"node/12687060390","access":"yes","amenity":"drinking_water","operator":"Commune de SAINT-GENIX-LES-VILLAGES"},"geometry":{"type":"Point","coordinates":[5.6339824,45.5964219]},"id":"node/12687060390"},{"type":"Feature","properties":{"@id":"node/12688727301","amenity":"fountain"},"geometry":{"type":"Point","coordinates":[6.8593991,45.6039105]},"id":"node/12688727301"},{"type":"Feature","properties":{"@id":"node/12716741941","amenity":"fountain"},"geometry":{"type":"Point","coordinates":[6.0049355,45.9862358]},"id":"node/12716741941"},{"type":"Feature","properties":{"@id":"node/12717120348","amenity":"fountain"},"geometry":{"type":"Point","coordinates":[5.9970739,46.007025]},"id":"node/12717120348"},{"type":"Feature","properties":{"@id":"node/12734232222","amenity":"fountain"},"geometry":{"type":"Point","coordinates":[6.5667092,45.4524064]},"id":"node/12734232222"},{"type":"Feature","properties":{"@id":"node/12736461357","amenity":"drinking_water"},"geometry":{"type":"Point","coordinates":[6.2168027,45.2909549]},"id":"node/12736461357"},{"type":"Feature","properties":{"@id":"node/12750782749","amenity":"fountain","description":"l'eau coule en hiver (observé le 04.01.2025)","drinking_water":"yes","fountain":"stone_block","lit":"no"},"geometry":{"type":"Point","coordinates":[6.3266892,45.6706521]},"id":"node/12750782749"},{"type":"Feature","properties":{"@id":"node/12757918248","drinking_water":"no","intermittent":"no","name":"La Tufière du Bontey","natural":"spring"},"geometry":{"type":"Point","coordinates":[6.3017258,45.6753611]},"id":"node/12757918248"},{"type":"Feature","properties":{"@id":"node/12759198686","amenity":"fountain"},"geometry":{"type":"Point","coordinates":[6.5642238,45.4027232]},"id":"node/12759198686"},{"type":"Feature","properties":{"@id":"node/12759693336","amenity":"drinking_water","fee":"no","man_made":"water_tap"},"geometry":{"type":"Point","coordinates":[6.0352093,45.9462525]},"id":"node/12759693336"},{"type":"Feature","properties":{"@id":"node/12771047291","amenity":"fountain","survey:date":"2025-04-20"},"geometry":{"type":"Point","coordinates":[6.6012549,45.2089488]},"id":"node/12771047291"},{"type":"Feature","properties":{"@id":"node/12771611539","amenity":"drinking_water"},"geometry":{"type":"Point","coordinates":[6.4779706,45.2121653]},"id":"node/12771611539"},{"type":"Feature","properties":{"@id":"node/12773213606","access":"yes","amenity":"drinking_water"},"geometry":{"type":"Point","coordinates":[5.9959812,45.772833]},"id":"node/12773213606"},{"type":"Feature","properties":{"@id":"node/12775719796","amenity":"fountain"},"geometry":{"type":"Point","coordinates":[6.357735,45.6892721]},"id":"node/12775719796"},{"type":"Feature","properties":{"@id":"node/12788434901","natural":"spring"},"geometry":{"type":"Point","coordinates":[6.1096011,46.0713512]},"id":"node/12788434901"},{"type":"Feature","properties":{"@id":"node/12790301813","amenity":"fountain","drinking_water":"yes"},"geometry":{"type":"Point","coordinates":[6.8003514,45.6230141]},"id":"node/12790301813"},{"type":"Feature","properties":{"@id":"node/12791595948","amenity":"fountain","drinking_water":"yes"},"geometry":{"type":"Point","coordinates":[6.6021988,46.3935854]},"id":"node/12791595948"},{"type":"Feature","properties":{"@id":"node/12798149684","amenity":"fountain","drinking_water":"no","survey:date":"2025-04-29"},"geometry":{"type":"Point","coordinates":[6.3435417,45.2766665]},"id":"node/12798149684"},{"type":"Feature","properties":{"@id":"node/12798524422","amenity":"fountain"},"geometry":{"type":"Point","coordinates":[6.4524238,45.5806054]},"id":"node/12798524422"},{"type":"Feature","properties":{"@id":"node/12798524424","amenity":"drinking_water"},"geometry":{"type":"Point","coordinates":[6.4458757,45.5898388]},"id":"node/12798524424"},{"type":"Feature","properties":{"@id":"node/12798561452","amenity":"drinking_water"},"geometry":{"type":"Point","coordinates":[6.4490751,45.6247562]},"id":"node/12798561452"},{"type":"Feature","properties":{"@id":"node/12798561461","amenity":"fountain"},"geometry":{"type":"Point","coordinates":[6.4496492,45.6263444]},"id":"node/12798561461"},{"type":"Feature","properties":{"@id":"node/12798719592","amenity":"fountain"},"geometry":{"type":"Point","coordinates":[6.4847714,46.2876785]},"id":"node/12798719592"},{"type":"Feature","properties":{"@id":"node/12798719597","ele":"1059","man_made":"spring_box","name":"Source des Moises","natural":"spring","operator":"Thonon Agglomération","operator:wikidata":"Q28942567","source":"IGN - 2024-03-15"},"geometry":{"type":"Point","coordinates":[6.4753595,46.2842257]},"id":"node/12798719597"},{"type":"Feature","properties":{"@id":"node/12798719599","man_made":"spring_box","natural":"spring"},"geometry":{"type":"Point","coordinates":[6.4689504,46.2791114]},"id":"node/12798719599"},{"type":"Feature","properties":{"@id":"node/12802793585","amenity":"fountain"},"geometry":{"type":"Point","coordinates":[6.5074319,45.5010826]},"id":"node/12802793585"},{"type":"Feature","properties":{"@id":"node/12806192213","natural":"spring"},"geometry":{"type":"Point","coordinates":[5.8441715,45.6576601]},"id":"node/12806192213"},{"type":"Feature","properties":{"@id":"node/12816681050","amenity":"drinking_water","fountain":"bubbler","survey:date":"2025-05-02"},"geometry":{"type":"Point","coordinates":[6.3179822,46.0692955]},"id":"node/12816681050"},{"type":"Feature","properties":{"@id":"node/12825404101","amenity":"water_point"},"geometry":{"type":"Point","coordinates":[6.0977486,45.7875912]},"id":"node/12825404101"},{"type":"Feature","properties":{"@id":"node/12825404102","amenity":"water_point"},"geometry":{"type":"Point","coordinates":[6.0962756,45.7527568]},"id":"node/12825404102"},{"type":"Feature","properties":{"@id":"node/12825404201","amenity":"water_point"},"geometry":{"type":"Point","coordinates":[6.0900758,45.7749426]},"id":"node/12825404201"},{"type":"Feature","properties":{"@id":"node/12825404801","amenity":"water_point"},"geometry":{"type":"Point","coordinates":[6.0387495,45.7166811]},"id":"node/12825404801"},{"type":"Feature","properties":{"@id":"node/12825651901","amenity":"water_point"},"geometry":{"type":"Point","coordinates":[6.043707,45.6996753]},"id":"node/12825651901"},{"type":"Feature","properties":{"@id":"node/12828735482","amenity":"fountain"},"geometry":{"type":"Point","coordinates":[6.8158759,45.6320459]},"id":"node/12828735482"},{"type":"Feature","properties":{"@id":"node/12832918004","man_made":"water_tap"},"geometry":{"type":"Point","coordinates":[6.5021074,46.3996358]},"id":"node/12832918004"},{"type":"Feature","properties":{"@id":"node/12840571138","amenity":"drinking_water"},"geometry":{"type":"Point","coordinates":[6.5298691,46.2306497]},"id":"node/12840571138"},{"type":"Feature","properties":{"@id":"node/12848529644","access":"yes","amenity":"drinking_water","fee":"no","wheelchair":"yes"},"geometry":{"type":"Point","coordinates":[6.3698131,45.6620277]},"id":"node/12848529644"},{"type":"Feature","properties":{"@id":"node/12850559586","amenity":"fountain","drinking_water":"yes","lit":"no"},"geometry":{"type":"Point","coordinates":[6.4156779,45.7549936]},"id":"node/12850559586"},{"type":"Feature","properties":{"@id":"node/12850623032","amenity":"fountain","drinking_water":"yes","fountain":"drinking","height":"50","lit":"no"},"geometry":{"type":"Point","coordinates":[6.350716,45.6611192]},"id":"node/12850623032"},{"type":"Feature","properties":{"@id":"node/12850986637","natural":"spring","note":"Notons que l'eau sort de terre en plusieurs endroits on est loin de la source \"ponctuelle\""},"geometry":{"type":"Point","coordinates":[6.5340275,45.6070914]},"id":"node/12850986637"},{"type":"Feature","properties":{"@id":"node/12850986638","natural":"spring","note":"Notons que l'eau sort de terre en plusieurs endroits on est loin de la source \"ponctuelle\""},"geometry":{"type":"Point","coordinates":[6.5337538,45.6069666]},"id":"node/12850986638"},{"type":"Feature","properties":{"@id":"node/12857193059","amenity":"fountain"},"geometry":{"type":"Point","coordinates":[5.7417867,45.6311663]},"id":"node/12857193059"},{"type":"Feature","properties":{"@id":"node/12857853857","amenity":"drinking_water"},"geometry":{"type":"Point","coordinates":[5.8603674,46.0799739]},"id":"node/12857853857"},{"type":"Feature","properties":{"@id":"node/12866274640","amenity":"fountain","drinking_water":"yes","fountain":"fontaine_a_manivelle","name":"Fontaine entre le vival et la mairie"},"geometry":{"type":"Point","coordinates":[6.5678625,45.6866398]},"id":"node/12866274640"},{"type":"Feature","properties":{"@id":"node/12866296457","amenity":"fountain","drinking_water":"no","lit":"yes"},"geometry":{"type":"Point","coordinates":[6.2929229,45.7468084]},"id":"node/12866296457"},{"type":"Feature","properties":{"@id":"node/12869338497","amenity":"drinking_water"},"geometry":{"type":"Point","coordinates":[6.022092,45.7655521]},"id":"node/12869338497"},{"type":"Feature","properties":{"@id":"node/12870163303","amenity":"drinking_water"},"geometry":{"type":"Point","coordinates":[5.9212271,45.6606363]},"id":"node/12870163303"},{"type":"Feature","properties":{"@id":"node/12871526099","drinking_water":"yes","man_made":"water_tap"},"geometry":{"type":"Point","coordinates":[6.2702268,46.1395333]},"id":"node/12871526099"},{"type":"Feature","properties":{"@id":"node/12871666493","amenity":"drinking_water"},"geometry":{"type":"Point","coordinates":[6.2704394,46.1402644]},"id":"node/12871666493"},{"type":"Feature","properties":{"@id":"node/12875196761","access":"yes","amenity":"toilets","changing_table":"yes","changing_table:count":"1","changing_table:fee":"no","changing_table:location":"wheelchair_toilet","description":"Toilettes gratuite libre d'accès dans la galerie marchande","drinking_water":"yes","fee":"no","level":"0","opening_hours":"Mo-Sa 08:30-20:00; Su 09:00-12:30","toilets:disposal":"flush","toilets:handwashing":"yes","toilets:menstrual_products":"no","toilets:paper_supplied":"yes","toilets:position":"seated;urinal","unisex":"yes","wheelchair":"designated"},"geometry":{"type":"Point","coordinates":[6.0372669,45.5037569]},"id":"node/12875196761"},{"type":"Feature","properties":{"@id":"node/12876542727","amenity":"drinking_water"},"geometry":{"type":"Point","coordinates":[6.7799687,46.3192325]},"id":"node/12876542727"},{"type":"Feature","properties":{"@id":"node/12876542728","amenity":"watering_place","drinking_water":"yes"},"geometry":{"type":"Point","coordinates":[6.7915709,46.3220828]},"id":"node/12876542728"},{"type":"Feature","properties":{"@id":"node/12876601912","amenity":"drinking_water"},"geometry":{"type":"Point","coordinates":[6.76581,46.3303757]},"id":"node/12876601912"},{"type":"Feature","properties":{"@id":"node/12878746971","access":"yes","amenity":"drinking_water"},"geometry":{"type":"Point","coordinates":[6.4391723,45.4781093]},"id":"node/12878746971"},{"type":"Feature","properties":{"@id":"node/12878746979","access":"yes","amenity":"drinking_water"},"geometry":{"type":"Point","coordinates":[6.4551981,45.4791621]},"id":"node/12878746979"},{"type":"Feature","properties":{"@id":"node/12878746980","access":"yes","amenity":"drinking_water"},"geometry":{"type":"Point","coordinates":[6.4579165,45.4794479]},"id":"node/12878746980"},{"type":"Feature","properties":{"@id":"node/12878746981","access":"yes","amenity":"drinking_water"},"geometry":{"type":"Point","coordinates":[6.4560481,45.4784666]},"id":"node/12878746981"},{"type":"Feature","properties":{"@id":"node/12878749937","amenity":"drinking_water","drinking_water:legal":"discouraged"},"geometry":{"type":"Point","coordinates":[6.4480174,45.4669756]},"id":"node/12878749937"},{"type":"Feature","properties":{"@id":"node/12878749956","access":"permissive","amenity":"drinking_water"},"geometry":{"type":"Point","coordinates":[6.4668931,45.4807985]},"id":"node/12878749956"},{"type":"Feature","properties":{"@id":"node/12879048242","access":"yes","amenity":"drinking_water","fee":"no"},"geometry":{"type":"Point","coordinates":[6.2641303,46.1585259]},"id":"node/12879048242"},{"type":"Feature","properties":{"@id":"node/12879360016","amenity":"drinking_water"},"geometry":{"type":"Point","coordinates":[6.1854878,45.5806095]},"id":"node/12879360016"},{"type":"Feature","properties":{"@id":"node/12879360017","amenity":"drinking_water","description":"Eau non controlée, bue le 31/05/2025 : fraiche et bonne"},"geometry":{"type":"Point","coordinates":[6.1878349,45.5775858]},"id":"node/12879360017"},{"type":"Feature","properties":{"@id":"node/12879360018","amenity":"drinking_water","description":"Eau non controlée, bue le 30/05/2025 : fraiche et bonne","ele":"337"},"geometry":{"type":"Point","coordinates":[6.0169895,45.5170539]},"id":"node/12879360018"},{"type":"Feature","properties":{"@id":"node/12879360019","amenity":"drinking_water","description":"Pas d'indication de potabilité, bue le 31/05/2025 et bonne et faiche","ele":"517"},"geometry":{"type":"Point","coordinates":[6.1848719,45.5801711]},"id":"node/12879360019"},{"type":"Feature","properties":{"@id":"node/12879809929","amenity":"drinking_water"},"geometry":{"type":"Point","coordinates":[6.3729191,45.6528636]},"id":"node/12879809929"},{"type":"Feature","properties":{"@id":"node/12882769666","amenity":"drinking_water"},"geometry":{"type":"Point","coordinates":[5.8680911,45.5168373]},"id":"node/12882769666"},{"type":"Feature","properties":{"@id":"node/12886152981","amenity":"drinking_water","man_made":"water_tap","survey:date":"2025-08-12"},"geometry":{"type":"Point","coordinates":[5.9235486,45.5657526]},"id":"node/12886152981"},{"type":"Feature","properties":{"@id":"node/12886153969","amenity":"drinking_water"},"geometry":{"type":"Point","coordinates":[5.8380795,45.9084102]},"id":"node/12886153969"},{"type":"Feature","properties":{"@id":"node/12896348202","amenity":"fountain"},"geometry":{"type":"Point","coordinates":[6.1200521,45.4880861]},"id":"node/12896348202"},{"type":"Feature","properties":{"@id":"node/12898594756","man_made":"water_tap"},"geometry":{"type":"Point","coordinates":[6.1245066,45.8972358]},"id":"node/12898594756"},{"type":"Feature","properties":{"@id":"node/12914929160","name":"Source","natural":"spring"},"geometry":{"type":"Point","coordinates":[5.8874647,45.4052315]},"id":"node/12914929160"},{"type":"Feature","properties":{"@id":"node/12917800497","amenity":"drinking_water","ele":"1005","note":"Ce n'est pas une erreur de doublon il y a bien, le 15/06/2025 deux fontaine, coup sur coup. Toutefois, je ne sais pas si les deux sont potables, mais étant donné la forme du Bachal, c'est prévu pour les humains, donc très probablement potable"},"geometry":{"type":"Point","coordinates":[6.4673786,45.6061579]},"id":"node/12917800497"},{"type":"Feature","properties":{"@id":"node/12917800498","amenity":"drinking_water","ele":"1005","note":"Ce n'est pas une erreur de doublon il y a bien, le 15/06/2025 deux fontaine, coup sur coup. Toutefois, je ne sais pas si les deux sont potables, mais étant donné la forme du Bachal, c'est prévu pour les humains, donc très probablement potable"},"geometry":{"type":"Point","coordinates":[6.4672901,45.6062095]},"id":"node/12917800498"},{"type":"Feature","properties":{"@id":"node/12926128640","fixme":"Emplacement à préciser, elle alimente un abreuvoir en contrebas au bord de la piste du même nom. Voir également la note 4352113.","name":"source du Mont","natural":"spring"},"geometry":{"type":"Point","coordinates":[6.7890249,45.2672951]},"id":"node/12926128640"},{"type":"Feature","properties":{"@id":"node/12928065177","access":"yes","amenity":"drinking_water","fee":"no"},"geometry":{"type":"Point","coordinates":[6.484334,46.0533402]},"id":"node/12928065177"},{"type":"Feature","properties":{"@id":"node/12928065178","man_made":"water_tap"},"geometry":{"type":"Point","coordinates":[6.4844233,46.0264556]},"id":"node/12928065178"},{"type":"Feature","properties":{"@id":"node/12928065179","man_made":"water_tap"},"geometry":{"type":"Point","coordinates":[6.4643365,46.0274311]},"id":"node/12928065179"},{"type":"Feature","properties":{"@id":"node/12942524370","man_made":"water_tap","name":"Fontaine eau potable"},"geometry":{"type":"Point","coordinates":[6.2203993,45.7755476]},"id":"node/12942524370"},{"type":"Feature","properties":{"@id":"node/12944991301","amenity":"drinking_water"},"geometry":{"type":"Point","coordinates":[5.8873981,45.4051968]},"id":"node/12944991301"},{"type":"Feature","properties":{"@id":"node/12945243514","amenity":"fountain","fountain":"jet_water"},"geometry":{"type":"Point","coordinates":[6.033041,45.9688877]},"id":"node/12945243514"},{"type":"Feature","properties":{"@id":"node/12946027825","name":"Source","natural":"spring"},"geometry":{"type":"Point","coordinates":[6.2487149,45.6114969]},"id":"node/12946027825"},{"type":"Feature","properties":{"@id":"node/12949673961","amenity":"fountain"},"geometry":{"type":"Point","coordinates":[6.7778949,46.2820862]},"id":"node/12949673961"},{"type":"Feature","properties":{"@id":"node/12949688063","amenity":"drinking_water"},"geometry":{"type":"Point","coordinates":[6.0834975,45.9303351]},"id":"node/12949688063"},{"type":"Feature","properties":{"@id":"node/12949694723","amenity":"drinking_water"},"geometry":{"type":"Point","coordinates":[6.4755461,45.2218414]},"id":"node/12949694723"},{"type":"Feature","properties":{"@id":"node/12949694725","natural":"spring"},"geometry":{"type":"Point","coordinates":[6.7859665,46.3129244]},"id":"node/12949694725"},{"type":"Feature","properties":{"@id":"node/12949709232","amenity":"fountain"},"geometry":{"type":"Point","coordinates":[6.5298994,45.4610745]},"id":"node/12949709232"},{"type":"Feature","properties":{"@id":"node/12949717545","amenity":"drinking_water"},"geometry":{"type":"Point","coordinates":[6.5492926,45.4439515]},"id":"node/12949717545"},{"type":"Feature","properties":{"@id":"node/12949724774","amenity":"fountain"},"geometry":{"type":"Point","coordinates":[6.6383007,45.9684603]},"id":"node/12949724774"},{"type":"Feature","properties":{"@id":"node/12949725575","amenity":"drinking_water"},"geometry":{"type":"Point","coordinates":[6.4673648,45.2113464]},"id":"node/12949725575"},{"type":"Feature","properties":{"@id":"node/12949728844","amenity":"fountain"},"geometry":{"type":"Point","coordinates":[6.5495232,45.4455229]},"id":"node/12949728844"},{"type":"Feature","properties":{"@id":"node/12949732745","amenity":"drinking_water"},"geometry":{"type":"Point","coordinates":[6.4672036,45.2352238]},"id":"node/12949732745"},{"type":"Feature","properties":{"@id":"node/12949735212","amenity":"fountain"},"geometry":{"type":"Point","coordinates":[6.5284287,45.4617705]},"id":"node/12949735212"},{"type":"Feature","properties":{"@id":"node/12949736005","amenity":"fountain"},"geometry":{"type":"Point","coordinates":[6.6386167,45.9681798]},"id":"node/12949736005"},{"type":"Feature","properties":{"@id":"node/12949736323","amenity":"water_point"},"geometry":{"type":"Point","coordinates":[6.6491617,45.9925558]},"id":"node/12949736323"},{"type":"Feature","properties":{"@id":"node/12951535801","amenity":"water_point","fee":"no","name":"Eau potable"},"geometry":{"type":"Point","coordinates":[6.4091543,46.0776605]},"id":"node/12951535801"},{"type":"Feature","properties":{"@id":"node/12951535802","addr:postcode":"74800","addr:street":"Route de Reignier","amenity":"water_point","name":"Eau potable"},"geometry":{"type":"Point","coordinates":[6.332902,46.106175]},"id":"node/12951535802"},{"type":"Feature","properties":{"@id":"node/12952792938","amenity":"fountain"},"geometry":{"type":"Point","coordinates":[6.6075106,46.3835982]},"id":"node/12952792938"},{"type":"Feature","properties":{"@id":"node/12959449938","access":"yes","amenity":"drinking_water","fee":"no"},"geometry":{"type":"Point","coordinates":[6.3084157,46.1409475]},"id":"node/12959449938"},{"type":"Feature","properties":{"@id":"node/12959449939","access":"yes","amenity":"drinking_water","fee":"no"},"geometry":{"type":"Point","coordinates":[6.3055278,46.1664564]},"id":"node/12959449939"},{"type":"Feature","properties":{"@id":"node/12959509308","amenity":"fountain"},"geometry":{"type":"Point","coordinates":[6.1394963,45.5138098]},"id":"node/12959509308"},{"type":"Feature","properties":{"@id":"node/12959513903","amenity":"drinking_water"},"geometry":{"type":"Point","coordinates":[6.77623,45.9272804]},"id":"node/12959513903"},{"type":"Feature","properties":{"@id":"node/12960854500","amenity":"drinking_water"},"geometry":{"type":"Point","coordinates":[6.5282468,45.4614122]},"id":"node/12960854500"},{"type":"Feature","properties":{"@id":"node/12961089764","amenity":"drinking_water"},"geometry":{"type":"Point","coordinates":[6.7233228,45.8547578]},"id":"node/12961089764"},{"type":"Feature","properties":{"@id":"node/12961570704","natural":"spring"},"geometry":{"type":"Point","coordinates":[6.2424737,45.7065496]},"id":"node/12961570704"},{"type":"Feature","properties":{"@id":"node/12961581591","natural":"spring"},"geometry":{"type":"Point","coordinates":[6.2426871,45.7070208]},"id":"node/12961581591"},{"type":"Feature","properties":{"@id":"node/12965797024","amenity":"drinking_water","bottle":"yes","indoor":"no","level":"0","wheelchair":"yes"},"geometry":{"type":"Point","coordinates":[6.1828028,45.8289386]},"id":"node/12965797024"},{"type":"Feature","properties":{"@id":"node/12966626083","amenity":"drinking_water","ele":"1216"},"geometry":{"type":"Point","coordinates":[6.4929052,45.6274462]},"id":"node/12966626083"},{"type":"Feature","properties":{"@id":"node/12969120177","access":"yes","drinking_water":"yes","man_made":"water_tap","operator":"Mairie de Chênex"},"geometry":{"type":"Point","coordinates":[5.993525,46.1048212]},"id":"node/12969120177"},{"type":"Feature","properties":{"@id":"node/12976769772","amenity":"drinking_water","bottle":"yes","covered":"no","fee":"no","indoor":"no","level":"0","lit":"yes","wheelchair":"yes"},"geometry":{"type":"Point","coordinates":[6.1811045,45.8288318]},"id":"node/12976769772"},{"type":"Feature","properties":{"@id":"node/12977421374","natural":"spring"},"geometry":{"type":"Point","coordinates":[6.4869753,45.3169664]},"id":"node/12977421374"},{"type":"Feature","properties":{"@id":"node/12977421375","amenity":"drinking_water"},"geometry":{"type":"Point","coordinates":[6.4159163,45.5530363]},"id":"node/12977421375"},{"type":"Feature","properties":{"@id":"node/12977421376","amenity":"drinking_water"},"geometry":{"type":"Point","coordinates":[6.4002847,45.611006]},"id":"node/12977421376"},{"type":"Feature","properties":{"@id":"node/12980648688","amenity":"drinking_water"},"geometry":{"type":"Point","coordinates":[6.0960173,45.5993111]},"id":"node/12980648688"},{"type":"Feature","properties":{"@id":"node/12987521997","drinking_water":"yes","man_made":"water_tap"},"geometry":{"type":"Point","coordinates":[6.5819966,45.8954531]},"id":"node/12987521997"},{"type":"Feature","properties":{"@id":"node/12989833761","addr:street":"rue de tigny","amenity":"fountain","description":"Fontaines des Chouillères se situant sur la façade EST de la chapelle Notre dame de Bon Secours","name":"Fontaine les Chouillères"},"geometry":{"type":"Point","coordinates":[6.4299531,45.163113]},"id":"node/12989833761"},{"type":"Feature","properties":{"@id":"node/12992172775","amenity":"drinking_water","bottle":"yes","covered":"yes","fee":"no","indoor":"yes","level":"0","lit":"yes","wheelchair":"yes"},"geometry":{"type":"Point","coordinates":[6.1809602,45.8296596]},"id":"node/12992172775"},{"type":"Feature","properties":{"@id":"node/12994742557","amenity":"drinking_water","survey:date":"2025-07-11"},"geometry":{"type":"Point","coordinates":[6.7021932,45.4230898]},"id":"node/12994742557"},{"type":"Feature","properties":{"@id":"node/12995499192","amenity":"drinking_water","survey:date":"2025-07-12"},"geometry":{"type":"Point","coordinates":[6.7025276,45.4219723]},"id":"node/12995499192"},{"type":"Feature","properties":{"@id":"node/12995517351","amenity":"drinking_water","survey:date":"2025-07-12"},"geometry":{"type":"Point","coordinates":[6.7019876,45.4229682]},"id":"node/12995517351"},{"type":"Feature","properties":{"@id":"node/12995517356","amenity":"drinking_water","survey:date":"2025-07-12"},"geometry":{"type":"Point","coordinates":[6.7027389,45.422197]},"id":"node/12995517356"},{"type":"Feature","properties":{"@id":"node/12995535759","amenity":"drinking_water","survey:date":"2025-07-12"},"geometry":{"type":"Point","coordinates":[6.7029668,45.4224983]},"id":"node/12995535759"},{"type":"Feature","properties":{"@id":"node/12995626891","drinking_water":"no","intermittent":"yes","natural":"spring"},"geometry":{"type":"Point","coordinates":[6.0965503,45.7436766]},"id":"node/12995626891"},{"type":"Feature","properties":{"@id":"node/12996215328","amenity":"drinking_water"},"geometry":{"type":"Point","coordinates":[6.2628713,45.7980408]},"id":"node/12996215328"},{"type":"Feature","properties":{"@id":"node/12998735801","access":"yes","amenity":"drinking_water","bottle":"yes","fee":"no","wheelchair":"yes"},"geometry":{"type":"Point","coordinates":[6.4102967,45.9223684]},"id":"node/12998735801"},{"type":"Feature","properties":{"@id":"node/12998844907","amenity":"drinking_water","man_made":"water_tap","survey:date":"2025-07-14"},"geometry":{"type":"Point","coordinates":[6.7768217,45.4497397]},"id":"node/12998844907"},{"type":"Feature","properties":{"@id":"node/13003367401","amenity":"drinking_water"},"geometry":{"type":"Point","coordinates":[5.9642387,45.5753967]},"id":"node/13003367401"},{"type":"Feature","properties":{"@id":"node/13003953589","access":"permissive","addr:city":"Sevrier","addr:housenumber":"62","addr:postcode":"74320","addr:street":"Impasse du Péruset","drinking_water":"yes","fee":"no","name":"Outils de réparation vélo disponibles gratuitement pour les cyclistes de la voie verte","note":"verifier son emplacement exacte","opening_hours":"Mo-Fr 09:00-12:00 \"selon présence (merci d'appeler ou d'envoyer un SMS au préalable)\"","operator":"Le chalet de la plage","phone":"+33 6 25 99 00 34","shop":"tool_hire"},"geometry":{"type":"Point","coordinates":[6.1428124,45.8620481]},"id":"node/13003953589"},{"type":"Feature","properties":{"@id":"node/13003997939","access:conditional":"yes @ (9:00 - 12:00)","drinking_water":"yes","man_made":"water_tap","note":"Robinet pour cyclistes de la Voie Verte, remplissez votre gourde (merci d'appeler ou d'envoyer un message au préalable au 0625990034)","operator":"Le chalet de la plage_"},"geometry":{"type":"Point","coordinates":[6.1425831,45.861952]},"id":"node/13003997939"},{"type":"Feature","properties":{"@id":"node/13006130309","access":"yes","check_date":"2025-07-17","drinking_water":"yes","man_made":"water_tap"},"geometry":{"type":"Point","coordinates":[6.8843074,45.5901382]},"id":"node/13006130309"},{"type":"Feature","properties":{"@id":"node/13006139592","access":"yes","check_date":"2025-07-17","drinking_water":"yes","man_made":"water_tap"},"geometry":{"type":"Point","coordinates":[6.8838456,45.5901514]},"id":"node/13006139592"},{"type":"Feature","properties":{"@id":"node/13007513262","amenity":"fountain"},"geometry":{"type":"Point","coordinates":[6.6742138,46.3236861]},"id":"node/13007513262"},{"type":"Feature","properties":{"@id":"node/13011202129","name":"Source d eau","natural":"spring"},"geometry":{"type":"Point","coordinates":[6.4048067,45.6245184]},"id":"node/13011202129"},{"type":"Feature","properties":{"@id":"node/13011235720","man_made":"water_tap","name":"Fontaine eau"},"geometry":{"type":"Point","coordinates":[6.2200727,45.6457981]},"id":"node/13011235720"},{"type":"Feature","properties":{"@id":"node/13011246403","description":"eau non contrôlée","man_made":"water_tap","name":"Fontaine à eau"},"geometry":{"type":"Point","coordinates":[6.194675,45.6434163]},"id":"node/13011246403"},{"type":"Feature","properties":{"@id":"node/13011477283","name":"Tourbière du Creuzet","natural":"spring","wetland":"bog"},"geometry":{"type":"Point","coordinates":[6.5622154,45.1486998]},"id":"node/13011477283"},{"type":"Feature","properties":{"@id":"node/13011567794","name":"Tourbière de la Baucherie","natural":"spring"},"geometry":{"type":"Point","coordinates":[6.5635857,45.1481828]},"id":"node/13011567794"},{"type":"Feature","properties":{"@id":"node/13011839169","amenity":"drinking_water","name":"Drinking water"},"geometry":{"type":"Point","coordinates":[6.7778072,45.2256441]},"id":"node/13011839169"},{"type":"Feature","properties":{"@id":"node/13014043139","amenity":"water_point","drinking_water":"no"},"geometry":{"type":"Point","coordinates":[6.3413134,46.1281345]},"id":"node/13014043139"},{"type":"Feature","properties":{"@id":"node/13014982307","access":"yes","amenity":"drinking_water","drinking_water":"yes","fee":"no","man_made":"water_well","pump":"manual","wheelchair":"yes"},"geometry":{"type":"Point","coordinates":[6.5691683,45.685336]},"id":"node/13014982307"},{"type":"Feature","properties":{"@id":"node/13014982308","access":"yes","amenity":"drinking_water","drinking_water":"yes","fee":"no","man_made":"water_well","pump":"manual","wheelchair":"no"},"geometry":{"type":"Point","coordinates":[6.6840682,45.5570657]},"id":"node/13014982308"},{"type":"Feature","properties":{"@id":"node/13014982309","access":"yes","amenity":"drinking_water","drinking_water":"yes","fee":"no","man_made":"water_well","pump":"manual","wheelchair":"no"},"geometry":{"type":"Point","coordinates":[6.6827221,45.5564458]},"id":"node/13014982309"},{"type":"Feature","properties":{"@id":"node/13014982310","access":"yes","amenity":"drinking_water","drinking_water":"yes","fee":"no","man_made":"water_well","pump":"manual","wheelchair":"yes"},"geometry":{"type":"Point","coordinates":[6.6725984,45.5364807]},"id":"node/13014982310"},{"type":"Feature","properties":{"@id":"node/13014982311","access":"yes","amenity":"drinking_water","drinking_water":"yes","fee":"no","man_made":"water_well","pump":"manual","wheelchair":"yes"},"geometry":{"type":"Point","coordinates":[6.6717977,45.5400576]},"id":"node/13014982311"},{"type":"Feature","properties":{"@id":"node/13015623189","amenity":"drinking_water","name":"Fontaine"},"geometry":{"type":"Point","coordinates":[6.3034281,45.2628966]},"id":"node/13015623189"},{"type":"Feature","properties":{"@id":"node/13018870301","amenity":"drinking_water"},"geometry":{"type":"Point","coordinates":[6.769934,45.8658429]},"id":"node/13018870301"},{"type":"Feature","properties":{"@id":"node/13020446354","amenity":"fountain","operator":"SNCF"},"geometry":{"type":"Point","coordinates":[5.9091629,45.688388]},"id":"node/13020446354"},{"type":"Feature","properties":{"@id":"node/13026224211","amenity":"fountain"},"geometry":{"type":"Point","coordinates":[6.524751,45.8801607]},"id":"node/13026224211"},{"type":"Feature","properties":{"@id":"node/13026631654","man_made":"water_tap"},"geometry":{"type":"Point","coordinates":[6.3964647,45.6707067]},"id":"node/13026631654"},{"type":"Feature","properties":{"@id":"node/13026946357","amenity":"drinking_water","man_made":"water_tap"},"geometry":{"type":"Point","coordinates":[6.3069804,45.3414811]},"id":"node/13026946357"},{"type":"Feature","properties":{"@id":"node/13027414701","natural":"spring"},"geometry":{"type":"Point","coordinates":[6.5261094,45.6240086]},"id":"node/13027414701"},{"type":"Feature","properties":{"@id":"node/13031381715","backcountry":"yes","caravans":"yes","dog":"yes","drinking_water":"yes","fee":"no","name":"Aire de bivouac 1 - véhicule","operator":"Commune des Déserts","power_supply":"no","shower":"no","static_caravans":"no","tents":"no","toilets":"yes","tourism":"camp_site"},"geometry":{"type":"Point","coordinates":[5.9648508,45.6364737]},"id":"node/13031381715"},{"type":"Feature","properties":{"@id":"node/13031381716","backcountry":"yes","caravans":"yes","dog":"yes","drinking_water":"yes","fee":"no","name":"Aire de bivouac 2 - véhicule","operator":"Commune des Déserts","power_supply":"no","shower":"no","static_caravans":"no","tents":"no","toilets":"yes","tourism":"camp_site"},"geometry":{"type":"Point","coordinates":[5.9651433,45.6361773]},"id":"node/13031381716"},{"type":"Feature","properties":{"@id":"node/13031772382","access":"yes","amenity":"drinking_water","seasonal":"no"},"geometry":{"type":"Point","coordinates":[6.1134958,45.7430726]},"id":"node/13031772382"},{"type":"Feature","properties":{"@id":"node/13037546541","amenity":"fountain","drinking_water":"no"},"geometry":{"type":"Point","coordinates":[6.4006441,45.6699799]},"id":"node/13037546541"},{"type":"Feature","properties":{"@id":"node/13039823549","access":"yes","amenity":"drinking_water","bottle":"yes","fee":"no","wheelchair":"yes"},"geometry":{"type":"Point","coordinates":[6.7941063,45.5961111]},"id":"node/13039823549"},{"type":"Feature","properties":{"@id":"node/13041032001","amenity":"water_point","name":"Creux Saint-Jean"},"geometry":{"type":"Point","coordinates":[6.6260128,45.8535983]},"id":"node/13041032001"},{"type":"Feature","properties":{"@id":"node/13041050878","amenity":"drinking_water","historic":"yes","panoramax":"0d31a985-ab59-4083-a2d2-153f377ba1de","seasonal":"yes"},"geometry":{"type":"Point","coordinates":[6.9069766,45.9576861]},"id":"node/13041050878"},{"type":"Feature","properties":{"@id":"node/13041980336","amenity":"drinking_water"},"geometry":{"type":"Point","coordinates":[6.06694,45.4490389]},"id":"node/13041980336"},{"type":"Feature","properties":{"@id":"node/13042906902","amenity":"drinking_water","name":"Lavoir"},"geometry":{"type":"Point","coordinates":[6.5738539,45.7159994]},"id":"node/13042906902"},{"type":"Feature","properties":{"@id":"node/13042907305","amenity":"drinking_water"},"geometry":{"type":"Point","coordinates":[6.573789,45.716279]},"id":"node/13042907305"},{"type":"Feature","properties":{"@id":"node/13046332552","access":"yes","amenity":"drinking_water","bottle":"yes","fee":"no","man_made":"water_tap","wheelchair":"yes"},"geometry":{"type":"Point","coordinates":[6.7647827,45.5837814]},"id":"node/13046332552"},{"type":"Feature","properties":{"@id":"node/13046332559","access":"yes","amenity":"drinking_water","bottle":"yes","fee":"no","man_made":"water_tap","wheelchair":"limited"},"geometry":{"type":"Point","coordinates":[6.7593706,45.5932929]},"id":"node/13046332559"},{"type":"Feature","properties":{"@id":"node/13046332567","access":"yes","amenity":"drinking_water","bottle":"yes","fee":"no","man_made":"water_tap","wheelchair":"yes"},"geometry":{"type":"Point","coordinates":[6.7656426,45.5964843]},"id":"node/13046332567"},{"type":"Feature","properties":{"@id":"node/13048451753","amenity":"drinking_water","man_made":"water_tap"},"geometry":{"type":"Point","coordinates":[6.9858214,45.3194577]},"id":"node/13048451753"},{"type":"Feature","properties":{"@id":"node/13050622355","access":"yes","amenity":"drinking_water","bottle":"yes","fee":"no","man_made":"water_tap","wheelchair":"yes"},"geometry":{"type":"Point","coordinates":[6.7366218,45.5920516]},"id":"node/13050622355"},{"type":"Feature","properties":{"@id":"node/13051953717","amenity":"drinking_water","man_made":"water_tap"},"geometry":{"type":"Point","coordinates":[5.996258,45.5863138]},"id":"node/13051953717"},{"type":"Feature","properties":{"@id":"node/13053861395","natural":"spring"},"geometry":{"type":"Point","coordinates":[6.4432672,45.4413163]},"id":"node/13053861395"},{"type":"Feature","properties":{"@id":"node/13056985879","amenity":"fountain","drinking_water":"yes"},"geometry":{"type":"Point","coordinates":[6.6720539,45.3841469]},"id":"node/13056985879"},{"type":"Feature","properties":{"@id":"node/13057494801","amenity":"fountain","name":"Fontaine eau non contrôlée","panoramax":"e6b448a5-4d88-4d59-b27b-347b17877826"},"geometry":{"type":"Point","coordinates":[6.632755,45.3376769]},"id":"node/13057494801"},{"type":"Feature","properties":{"@id":"node/13057593017","amenity":"fountain","drinking_water":"yes"},"geometry":{"type":"Point","coordinates":[6.4528258,45.5175491]},"id":"node/13057593017"},{"type":"Feature","properties":{"@id":"node/13058290476","access":"yes","amenity":"drinking_water","bottle":"yes","fee":"no","man_made":"water_tap","wheelchair":"yes"},"geometry":{"type":"Point","coordinates":[6.7342441,45.6959221]},"id":"node/13058290476"},{"type":"Feature","properties":{"@id":"node/13059815141","amenity":"fountain","lit":"yes"},"geometry":{"type":"Point","coordinates":[6.1031701,45.9078988]},"id":"node/13059815141"},{"type":"Feature","properties":{"@id":"node/13059815142","amenity":"fountain","lit":"yes"},"geometry":{"type":"Point","coordinates":[6.1031836,45.907874]},"id":"node/13059815142"},{"type":"Feature","properties":{"@id":"node/13059815143","amenity":"fountain","lit":"yes"},"geometry":{"type":"Point","coordinates":[6.1031976,45.9078488]},"id":"node/13059815143"},{"type":"Feature","properties":{"@id":"node/13059815144","amenity":"fountain","lit":"yes"},"geometry":{"type":"Point","coordinates":[6.1031326,45.9078325]},"id":"node/13059815144"},{"type":"Feature","properties":{"@id":"node/13059815145","amenity":"fountain","lit":"yes"},"geometry":{"type":"Point","coordinates":[6.1031219,45.9078572]},"id":"node/13059815145"},{"type":"Feature","properties":{"@id":"node/13059815146","amenity":"fountain","lit":"yes"},"geometry":{"type":"Point","coordinates":[6.1031098,45.907881]},"id":"node/13059815146"},{"type":"Feature","properties":{"@id":"node/13059815147","amenity":"fountain","lit":"yes"},"geometry":{"type":"Point","coordinates":[6.1030447,45.9078647]},"id":"node/13059815147"},{"type":"Feature","properties":{"@id":"node/13059815148","amenity":"fountain","lit":"yes"},"geometry":{"type":"Point","coordinates":[6.1030588,45.9078404]},"id":"node/13059815148"},{"type":"Feature","properties":{"@id":"node/13059815149","amenity":"fountain","lit":"yes"},"geometry":{"type":"Point","coordinates":[6.1030709,45.9078152]},"id":"node/13059815149"},{"type":"Feature","properties":{"@id":"node/13061630401","natural":"spring"},"geometry":{"type":"Point","coordinates":[6.8548433,45.9302683]},"id":"node/13061630401"},{"type":"Feature","properties":{"@id":"node/13061986876","access":"yes","amenity":"drinking_water","bottle":"yes","fee":"no","man_made":"water_tap","wheelchair":"yes"},"geometry":{"type":"Point","coordinates":[6.874168,45.583882]},"id":"node/13061986876"},{"type":"Feature","properties":{"@id":"node/13062001431","access":"yes","amenity":"drinking_water","bottle":"yes","fee":"no","man_made":"water_tap","wheelchair":"yes"},"geometry":{"type":"Point","coordinates":[6.7536838,45.5699115]},"id":"node/13062001431"},{"type":"Feature","properties":{"@id":"node/13062070002","amenity":"drinking_water"},"geometry":{"type":"Point","coordinates":[6.3258911,46.3701067]},"id":"node/13062070002"},{"type":"Feature","properties":{"@id":"node/13062255083","amenity":"drinking_water","man_made":"water_tap"},"geometry":{"type":"Point","coordinates":[5.8007192,45.8283071]},"id":"node/13062255083"},{"type":"Feature","properties":{"@id":"node/13062306890","amenity":"drinking_water","indoor":"yes","man_made":"water_tap"},"geometry":{"type":"Point","coordinates":[5.8395638,45.8968422]},"id":"node/13062306890"},{"type":"Feature","properties":{"@id":"node/13063112892","amenity":"drinking_water","fountain":"nasone"},"geometry":{"type":"Point","coordinates":[6.8383925,45.9034068]},"id":"node/13063112892"},{"type":"Feature","properties":{"@id":"node/13063432750","access":"yes","drinking_water":"yes","man_made":"water_tap","survey:date":"2025-08-11"},"geometry":{"type":"Point","coordinates":[5.9882432,45.493839]},"id":"node/13063432750"},{"type":"Feature","properties":{"@id":"node/13063715254","access":"yes","amenity":"drinking_water","fee":"no","operator":"Mairie de Bourg-Saint-Maurice","wheelchair":"yes"},"geometry":{"type":"Point","coordinates":[6.7819544,45.6217992]},"id":"node/13063715254"},{"type":"Feature","properties":{"@id":"node/13067369807","amenity":"drinking_water","survey:date":"2025-08-12"},"geometry":{"type":"Point","coordinates":[6.7509705,45.8729817]},"id":"node/13067369807"},{"type":"Feature","properties":{"@id":"node/13067369811","natural":"spring","survey:date":"2025-08-12"},"geometry":{"type":"Point","coordinates":[6.7490403,45.8740753]},"id":"node/13067369811"},{"type":"Feature","properties":{"@id":"node/13068050604","amenity":"drinking_water","description":"Fonctionne même durant le mois d'août en pleine canicule. (13 août 2025)"},"geometry":{"type":"Point","coordinates":[6.2099783,45.5518963]},"id":"node/13068050604"},{"type":"Feature","properties":{"@id":"node/13068269712","amenity":"drinking_water","survey:date":"2025-08-13"},"geometry":{"type":"Point","coordinates":[6.7805944,45.8972651]},"id":"node/13068269712"},{"type":"Feature","properties":{"@id":"node/13068307181","access":"yes","amenity":"drinking_water","fee":"no"},"geometry":{"type":"Point","coordinates":[6.9132825,45.5464214]},"id":"node/13068307181"},{"type":"Feature","properties":{"@id":"node/13068362543","amenity":"fountain"},"geometry":{"type":"Point","coordinates":[6.77709,45.628355]},"id":"node/13068362543"},{"type":"Feature","properties":{"@id":"node/13068370694","access":"yes","amenity":"drinking_water","fee":"no"},"geometry":{"type":"Point","coordinates":[6.9236368,45.5343441]},"id":"node/13068370694"},{"type":"Feature","properties":{"@id":"node/13068370695","access":"yes","amenity":"drinking_water","fee":"no"},"geometry":{"type":"Point","coordinates":[6.9236455,45.5334744]},"id":"node/13068370695"},{"type":"Feature","properties":{"@id":"node/13068370696","amenity":"drinking_water"},"geometry":{"type":"Point","coordinates":[6.9177155,45.5399916]},"id":"node/13068370696"},{"type":"Feature","properties":{"@id":"node/13069339196","access":"yes","man_made":"water_tap","operator":"Mairie de Bourg-Saint-Maurice"},"geometry":{"type":"Point","coordinates":[6.7646618,45.617289]},"id":"node/13069339196"},{"type":"Feature","properties":{"@id":"node/13069339198","access":"yes","man_made":"water_tap","operator":"Mairie de Bourg-Saint-Maurice"},"geometry":{"type":"Point","coordinates":[6.7644072,45.6174337]},"id":"node/13069339198"},{"type":"Feature","properties":{"@id":"node/13069362787","access":"yes","man_made":"water_tap","operator":"Mairie de Bourg-Saint-Maurice"},"geometry":{"type":"Point","coordinates":[6.7653784,45.6169436]},"id":"node/13069362787"},{"type":"Feature","properties":{"@id":"node/13069413164","access":"yes","man_made":"water_tap","operator":"Mairie de Bourg-Saint-Maurice"},"geometry":{"type":"Point","coordinates":[6.7653754,45.6174609]},"id":"node/13069413164"},{"type":"Feature","properties":{"@id":"node/13070454273","access":"yes","amenity":"drinking_water","fee":"no","fountain":"drinking","wheelchair":"yes"},"geometry":{"type":"Point","coordinates":[6.1295297,45.4894406]},"id":"node/13070454273"},{"type":"Feature","properties":{"@id":"node/13070492859","access":"yes","amenity":"drinking_water","bottle":"yes","drinking_water":"yes","fee":"yes","wheelchair":"yes"},"geometry":{"type":"Point","coordinates":[6.8845949,45.5734121]},"id":"node/13070492859"},{"type":"Feature","properties":{"@id":"node/13072088723","amenity":"drinking_water"},"geometry":{"type":"Point","coordinates":[6.0392025,45.7726862]},"id":"node/13072088723"},{"type":"Feature","properties":{"@id":"node/13072304802","amenity":"drinking_water","name":"Lavoir"},"geometry":{"type":"Point","coordinates":[6.1566582,45.7988557]},"id":"node/13072304802"},{"type":"Feature","properties":{"@id":"node/13072686745","amenity":"drinking_water","survey:date":"2025-08-15"},"geometry":{"type":"Point","coordinates":[6.7739494,45.9562239]},"id":"node/13072686745"},{"type":"Feature","properties":{"@id":"node/13072952185","amenity":"drinking_water"},"geometry":{"type":"Point","coordinates":[6.4846705,46.0648135]},"id":"node/13072952185"},{"type":"Feature","properties":{"@id":"node/13073000821","amenity":"drinking_water"},"geometry":{"type":"Point","coordinates":[6.4847803,46.0649879]},"id":"node/13073000821"},{"type":"Feature","properties":{"@id":"node/13073033842","amenity":"drinking_water","survey:date":"2025-08-15"},"geometry":{"type":"Point","coordinates":[6.7638116,45.9513867]},"id":"node/13073033842"},{"type":"Feature","properties":{"@id":"node/13073097341","amenity":"drinking_water"},"geometry":{"type":"Point","coordinates":[6.1114972,45.7067522]},"id":"node/13073097341"},{"type":"Feature","properties":{"@id":"node/13073817011","amenity":"drinking_water"},"geometry":{"type":"Point","coordinates":[6.4192423,45.1531094]},"id":"node/13073817011"},{"type":"Feature","properties":{"@id":"node/13073817016","natural":"spring"},"geometry":{"type":"Point","coordinates":[6.4098412,45.1511289]},"id":"node/13073817016"},{"type":"Feature","properties":{"@id":"node/13074331301","amenity":"drinking_water"},"geometry":{"type":"Point","coordinates":[6.3258701,46.3701804]},"id":"node/13074331301"},{"type":"Feature","properties":{"@id":"node/13075649595","access":"yes","amenity":"drinking_water","fee":"no"},"geometry":{"type":"Point","coordinates":[6.6219362,45.4317793]},"id":"node/13075649595"},{"type":"Feature","properties":{"@id":"node/13076265696","amenity":"drinking_water"},"geometry":{"type":"Point","coordinates":[6.6639947,45.5579435]},"id":"node/13076265696"},{"type":"Feature","properties":{"@id":"node/13076695701","amenity":"drinking_water","name":"Cimetière d'Avrieux"},"geometry":{"type":"Point","coordinates":[6.7239964,45.2136004]},"id":"node/13076695701"},{"type":"Feature","properties":{"@id":"node/13077803002","amenity":"fountain"},"geometry":{"type":"Point","coordinates":[6.5663171,46.3243337]},"id":"node/13077803002"},{"type":"Feature","properties":{"@id":"node/13078084116","access":"yes","amenity":"drinking_water","wheelchair":"limited"},"geometry":{"type":"Point","coordinates":[6.4425944,46.2176267]},"id":"node/13078084116"},{"type":"Feature","properties":{"@id":"node/13078478003","amenity":"fountain"},"geometry":{"type":"Point","coordinates":[6.8880562,45.600357]},"id":"node/13078478003"},{"type":"Feature","properties":{"@id":"node/13078825384","natural":"spring"},"geometry":{"type":"Point","coordinates":[6.2967155,45.7973345]},"id":"node/13078825384"},{"type":"Feature","properties":{"@id":"node/13078825393","natural":"spring"},"geometry":{"type":"Point","coordinates":[6.2972721,45.7978592]},"id":"node/13078825393"},{"type":"Feature","properties":{"@id":"node/13078825513","amenity":"fountain"},"geometry":{"type":"Point","coordinates":[6.3134006,45.7884107]},"id":"node/13078825513"},{"type":"Feature","properties":{"@id":"node/13081663402","amenity":"drinking_water","fountain":"drinking"},"geometry":{"type":"Point","coordinates":[6.7736371,46.2102275]},"id":"node/13081663402"},{"type":"Feature","properties":{"@id":"node/13082267431","amenity":"drinking_water"},"geometry":{"type":"Point","coordinates":[6.5770871,46.3977631]},"id":"node/13082267431"},{"type":"Feature","properties":{"@id":"node/13084759035","amenity":"drinking_water","indoor":"yes","wheelchair":"no"},"geometry":{"type":"Point","coordinates":[6.4785289,45.9201016]},"id":"node/13084759035"},{"type":"Feature","properties":{"@id":"node/13086263958","access":"yes","man_made":"water_tap"},"geometry":{"type":"Point","coordinates":[6.4095919,46.3473287]},"id":"node/13086263958"},{"type":"Feature","properties":{"@id":"node/13086460232","amenity":"fountain"},"geometry":{"type":"Point","coordinates":[6.9055563,45.604379]},"id":"node/13086460232"},{"type":"Feature","properties":{"@id":"node/13086470431","amenity":"fountain"},"geometry":{"type":"Point","coordinates":[6.910501,45.6064356]},"id":"node/13086470431"},{"type":"Feature","properties":{"@id":"node/13086603193","amenity":"fountain"},"geometry":{"type":"Point","coordinates":[6.8973568,45.5931883]},"id":"node/13086603193"},{"type":"Feature","properties":{"@id":"node/13087065211","bench":"yes","drinking_water":"yes","fee":"no","leisure":"playground","max_age":"10","min_age":"0","opening_hours":"24/7","picnic_table":"yes","playground:agility_trail":"yes","playground:climbing_pole":"yes","playground:climbingframe":"yes","playground:climbingwall":"yes","playground:ladder":"yes","playground:platform":"yes","playground:playhouse":"yes","playground:seat":"yes","playground:slide":"yes","playground:structure":"yes","playground:theme":"nature","toilets":"yes","waste_basket":"yes","wheelchair":"yes"},"geometry":{"type":"Point","coordinates":[6.0323692,45.9698423]},"id":"node/13087065211"},{"type":"Feature","properties":{"@id":"node/13087263107","access":"yes","amenity":"drinking_water","fee":"no"},"geometry":{"type":"Point","coordinates":[6.2099855,45.2826384]},"id":"node/13087263107"},{"type":"Feature","properties":{"@id":"node/13087263108","access":"yes","amenity":"drinking_water","fee":"no"},"geometry":{"type":"Point","coordinates":[6.2113906,45.2809139]},"id":"node/13087263108"},{"type":"Feature","properties":{"@id":"node/13089226315","amenity":"drinking_water","man_made":"water_tap"},"geometry":{"type":"Point","coordinates":[6.6383773,46.0262671]},"id":"node/13089226315"},{"type":"Feature","properties":{"@id":"node/13090728042","man_made":"water_tap"},"geometry":{"type":"Point","coordinates":[6.3168334,45.2795573]},"id":"node/13090728042"},{"type":"Feature","properties":{"@id":"node/13090728073","man_made":"water_tap"},"geometry":{"type":"Point","coordinates":[6.3167096,45.279783]},"id":"node/13090728073"},{"type":"Feature","properties":{"@id":"node/13090736442","amenity":"fountain","drinking_water":"yes"},"geometry":{"type":"Point","coordinates":[6.3428772,45.3209864]},"id":"node/13090736442"},{"type":"Feature","properties":{"@id":"node/13090777366","amenity":"fountain"},"geometry":{"type":"Point","coordinates":[6.4047738,45.2823925]},"id":"node/13090777366"},{"type":"Feature","properties":{"@id":"node/13092513593","amenity":"drinking_water","man_made":"water_tap"},"geometry":{"type":"Point","coordinates":[6.51025,45.8168595]},"id":"node/13092513593"},{"type":"Feature","properties":{"@id":"node/13092922937","amenity":"drinking_water","survey:date":"2025-08-15"},"geometry":{"type":"Point","coordinates":[6.2468479,46.1919397]},"id":"node/13092922937"},{"type":"Feature","properties":{"@id":"node/13093812749","amenity":"fountain","drinking_water":"yes"},"geometry":{"type":"Point","coordinates":[6.5117898,45.8203106]},"id":"node/13093812749"},{"type":"Feature","properties":{"@id":"node/13093868850","amenity":"drinking_water"},"geometry":{"type":"Point","coordinates":[6.495085,45.8621435]},"id":"node/13093868850"},{"type":"Feature","properties":{"@id":"node/13095057016","man_made":"water_tap"},"geometry":{"type":"Point","coordinates":[6.9369315,46.0393347]},"id":"node/13095057016"},{"type":"Feature","properties":{"@id":"node/13095134765","amenity":"fountain"},"geometry":{"type":"Point","coordinates":[6.6733776,46.217031]},"id":"node/13095134765"},{"type":"Feature","properties":{"@id":"node/13095136565","natural":"spring"},"geometry":{"type":"Point","coordinates":[6.6834339,46.2332366]},"id":"node/13095136565"},{"type":"Feature","properties":{"@id":"node/13096482526","man_made":"spring_box","natural":"spring","source":"IGN - 2024-03-15"},"geometry":{"type":"Point","coordinates":[6.7669369,45.6329395]},"id":"node/13096482526"},{"type":"Feature","properties":{"@id":"node/13098804795","drinking_water":"no","drinking_water:legal":"no","man_made":"water_tap"},"geometry":{"type":"Point","coordinates":[6.8412232,45.4945398]},"id":"node/13098804795"},{"type":"Feature","properties":{"@id":"node/13098830939","drinking_water":"no","drinking_water:legal":"no","man_made":"water_tap"},"geometry":{"type":"Point","coordinates":[6.8410569,45.4945425]},"id":"node/13098830939"},{"type":"Feature","properties":{"@id":"node/13103909542","amenity":"fountain"},"geometry":{"type":"Point","coordinates":[6.7957567,45.587993]},"id":"node/13103909542"},{"type":"Feature","properties":{"@id":"node/13106044873","amenity":"fountain"},"geometry":{"type":"Point","coordinates":[6.7788058,45.6132529]},"id":"node/13106044873"},{"type":"Feature","properties":{"@id":"node/13107609777","natural":"spring"},"geometry":{"type":"Point","coordinates":[6.4113553,45.1185553]},"id":"node/13107609777"},{"type":"Feature","properties":{"@id":"node/13107609822","natural":"spring"},"geometry":{"type":"Point","coordinates":[6.3353722,45.139547]},"id":"node/13107609822"},{"type":"Feature","properties":{"@id":"node/13110259875","amenity":"drinking_water","level":"0"},"geometry":{"type":"Point","coordinates":[6.1237333,45.9043272]},"id":"node/13110259875"},{"type":"Feature","properties":{"@id":"node/13110862718","amenity":"drinking_water"},"geometry":{"type":"Point","coordinates":[6.4069942,45.8589723]},"id":"node/13110862718"},{"type":"Feature","properties":{"@id":"node/13111028458","access":"yes","amenity":"drinking_water","fee":"no"},"geometry":{"type":"Point","coordinates":[6.3155839,45.6835277]},"id":"node/13111028458"},{"type":"Feature","properties":{"@id":"node/13114240713","access":"yes","amenity":"drinking_water","fee":"no","intermittent":"yes","seasonal":"yes","wheelchair":"limited"},"geometry":{"type":"Point","coordinates":[5.9391831,45.560649]},"id":"node/13114240713"},{"type":"Feature","properties":{"@id":"node/13116628138","amenity":"water_point"},"geometry":{"type":"Point","coordinates":[6.662626,46.0009378]},"id":"node/13116628138"},{"type":"Feature","properties":{"@id":"node/13116642462","amenity":"water_point","drinking_water":"yes"},"geometry":{"type":"Point","coordinates":[6.6594261,46.039928]},"id":"node/13116642462"},{"type":"Feature","properties":{"@id":"node/13119117465","access":"yes","amenity":"drinking_water","fee":"no","man_made":"water_tap"},"geometry":{"type":"Point","coordinates":[6.1248969,45.9083915]},"id":"node/13119117465"},{"type":"Feature","properties":{"@id":"node/13119473541","access":"yes","amenity":"drinking_water","fee":"no"},"geometry":{"type":"Point","coordinates":[6.7780995,45.6284047]},"id":"node/13119473541"},{"type":"Feature","properties":{"@id":"node/13119794801","amenity":"drinking_water","man_made":"water_tap"},"geometry":{"type":"Point","coordinates":[5.8874873,45.6493883]},"id":"node/13119794801"},{"type":"Feature","properties":{"@id":"node/13121100191","natural":"spring"},"geometry":{"type":"Point","coordinates":[6.2585579,45.8024545]},"id":"node/13121100191"},{"type":"Feature","properties":{"@id":"node/13121554570","access":"yes","man_made":"water_tap"},"geometry":{"type":"Point","coordinates":[6.8031197,45.6207255]},"id":"node/13121554570"},{"type":"Feature","properties":{"@id":"node/13124529444","amenity":"drinking_water","bottle":"yes","cold_water":"no","fee":"no","fountain":"water_tap","hot_water":"no","iced_water":"no","not:tourism:artwork":"yes","opening_hours":"24/7","panoramax":"8351ea77-828d-4b21-b9c3-db1c105dab26","room_temperature_water":"yes","seasonal":"no","warm_water":"no"},"geometry":{"type":"Point","coordinates":[5.9586351,46.0350659]},"id":"node/13124529444"},{"type":"Feature","properties":{"@id":"node/13129730743","natural":"spring"},"geometry":{"type":"Point","coordinates":[6.2199713,45.4392355]},"id":"node/13129730743"},{"type":"Feature","properties":{"@id":"node/13131240502","amenity":"drinking_water"},"geometry":{"type":"Point","coordinates":[6.8711699,45.9248188]},"id":"node/13131240502"},{"type":"Feature","properties":{"@id":"node/13137595501","amenity":"drinking_water"},"geometry":{"type":"Point","coordinates":[6.9236421,45.5334576]},"id":"node/13137595501"},{"type":"Feature","properties":{"@id":"node/13137595601","amenity":"drinking_water"},"geometry":{"type":"Point","coordinates":[6.922688,45.4955564]},"id":"node/13137595601"},{"type":"Feature","properties":{"@id":"node/13146975047","access":"yes","man_made":"water_tap"},"geometry":{"type":"Point","coordinates":[5.9328563,45.7220462]},"id":"node/13146975047"},{"type":"Feature","properties":{"@id":"node/13153889578","description":"sec en sept 2025","drinking_water":"untreated","intermittent":"yes","natural":"spring"},"geometry":{"type":"Point","coordinates":[6.339093,45.7055336]},"id":"node/13153889578"},{"type":"Feature","properties":{"@id":"node/13153977107","amenity":"fountain"},"geometry":{"type":"Point","coordinates":[6.5567303,46.2242597]},"id":"node/13153977107"},{"type":"Feature","properties":{"@id":"node/13153977144","amenity":"water_point"},"geometry":{"type":"Point","coordinates":[6.5473421,46.2336541]},"id":"node/13153977144"},{"type":"Feature","properties":{"@id":"node/13153977145","natural":"spring"},"geometry":{"type":"Point","coordinates":[6.5497526,46.2354296]},"id":"node/13153977145"},{"type":"Feature","properties":{"@id":"node/13155223227","access":"yes","amenity":"drinking_water","bottle":"yes","fee":"no","survey:date":"2025-09-19","wheelchair":"yes"},"geometry":{"type":"Point","coordinates":[6.5271939,46.0603296]},"id":"node/13155223227"},{"type":"Feature","properties":{"@id":"node/13159726531","amenity":"drinking_water"},"geometry":{"type":"Point","coordinates":[6.0418882,45.8981893]},"id":"node/13159726531"},{"type":"Feature","properties":{"@id":"node/13160873771","natural":"spring"},"geometry":{"type":"Point","coordinates":[6.6052867,45.8782577]},"id":"node/13160873771"},{"type":"Feature","properties":{"@id":"node/13186639957","man_made":"spring_box","natural":"spring"},"geometry":{"type":"Point","coordinates":[6.7455766,46.2127507]},"id":"node/13186639957"},{"type":"Feature","properties":{"@id":"node/13188717886","access":"yes","amenity":"drinking_water","wheelchair":"yes"},"geometry":{"type":"Point","coordinates":[6.4012163,46.2068432]},"id":"node/13188717886"},{"type":"Feature","properties":{"@id":"node/13190625099","amenity":"drinking_water"},"geometry":{"type":"Point","coordinates":[6.0748226,46.1486243]},"id":"node/13190625099"},{"type":"Feature","properties":{"@id":"node/13230723011","access":"permissive","amenity":"drinking_water","bottle":"yes","fee":"no","name":"Lavoir du chemin des Balances","operator":"Mairie de Servoz","wheelchair":"limited"},"geometry":{"type":"Point","coordinates":[6.7652898,45.9307155]},"id":"node/13230723011"},{"type":"Feature","properties":{"@id":"node/13236603577","amenity":"drinking_water"},"geometry":{"type":"Point","coordinates":[6.0654427,45.7610697]},"id":"node/13236603577"},{"type":"Feature","properties":{"@id":"node/13236843207","amenity":"drinking_water"},"geometry":{"type":"Point","coordinates":[6.393502,45.6758757]},"id":"node/13236843207"},{"type":"Feature","properties":{"@id":"node/13238077931","amenity":"fountain"},"geometry":{"type":"Point","coordinates":[6.67799,45.9318123]},"id":"node/13238077931"},{"type":"Feature","properties":{"@id":"node/13240751601","amenity":"fountain","name":"Fontaine du Fey-Dessous"},"geometry":{"type":"Point","coordinates":[6.4728296,45.4887218]},"id":"node/13240751601"},{"type":"Feature","properties":{"@id":"node/13240964301","amenity":"fountain"},"geometry":{"type":"Point","coordinates":[6.4535856,45.4845155]},"id":"node/13240964301"},{"type":"Feature","properties":{"@id":"node/13240964401","amenity":"fountain"},"geometry":{"type":"Point","coordinates":[6.4552703,45.4862554]},"id":"node/13240964401"},{"type":"Feature","properties":{"@id":"node/13244574381","amenity":"drinking_water","ele":"786"},"geometry":{"type":"Point","coordinates":[6.032798,45.612707]},"id":"node/13244574381"},{"type":"Feature","properties":{"@id":"node/13244636850","ele":"1813","natural":"spring"},"geometry":{"type":"Point","coordinates":[6.1786073,45.4148946]},"id":"node/13244636850"},{"type":"Feature","properties":{"@id":"node/13245946426","drinking_water":"yes","man_made":"water_tap","panoramax":"33572220-7d17-4a55-b542-27f767dc08e0"},"geometry":{"type":"Point","coordinates":[6.5558778,45.9080306]},"id":"node/13245946426"},{"type":"Feature","properties":{"@id":"node/13267355984","access":"yes","amenity":"drinking_water","bottle":"yes","check_date":"2025-10-11","description":"En octobre 2025, très bon débit.","fee":"no","natural":"spring"},"geometry":{"type":"Point","coordinates":[6.5996249,45.1235432]},"id":"node/13267355984"},{"type":"Feature","properties":{"@id":"node/13273813483","description":"Source secondaire qui, je suppose, ne sera pas toujours en eau, vu la tête de la végétation","intermittent":"yes","natural":"spring"},"geometry":{"type":"Point","coordinates":[6.2198791,45.4392084]},"id":"node/13273813483"},{"type":"Feature","properties":{"@id":"node/13276058212","amenity":"drinking_water"},"geometry":{"type":"Point","coordinates":[6.4220365,46.1468193]},"id":"node/13276058212"},{"type":"Feature","properties":{"@id":"node/13289744163","amenity":"drinking_water"},"geometry":{"type":"Point","coordinates":[6.413298,45.6886193]},"id":"node/13289744163"},{"type":"Feature","properties":{"@id":"node/13289861814","amenity":"drinking_water","man_made":"water_tap"},"geometry":{"type":"Point","coordinates":[6.4712806,45.2503513]},"id":"node/13289861814"},{"type":"Feature","properties":{"@id":"node/13296522085","amenity":"drinking_water","colour":"red","emergency":"fire_hydrant","fire_hydrant:type":"pillar"},"geometry":{"type":"Point","coordinates":[6.2297758,45.8800853]},"id":"node/13296522085"},{"type":"Feature","properties":{"@id":"node/13298873391","access":"yes","drinking_water":"yes","man_made":"water_tap"},"geometry":{"type":"Point","coordinates":[6.7134207,45.884487]},"id":"node/13298873391"},{"type":"Feature","properties":{"@id":"node/13306136971","amenity":"drinking_water"},"geometry":{"type":"Point","coordinates":[6.3384555,45.8798889]},"id":"node/13306136971"},{"type":"Feature","properties":{"@id":"node/13306141083","amenity":"drinking_water"},"geometry":{"type":"Point","coordinates":[6.3391347,45.8837755]},"id":"node/13306141083"},{"type":"Feature","properties":{"@id":"node/13306497050","amenity":"toilets","drinking_water":"yes","female":"yes","male":"yes","wheelchair":"yes"},"geometry":{"type":"Point","coordinates":[5.9383496,45.6424569]},"id":"node/13306497050"},{"type":"Feature","properties":{"@id":"node/13306698350","amenity":"fountain"},"geometry":{"type":"Point","coordinates":[6.5399322,45.1877899]},"id":"node/13306698350"},{"type":"Feature","properties":{"@id":"node/13306698351","amenity":"fountain"},"geometry":{"type":"Point","coordinates":[6.5369245,45.1885039]},"id":"node/13306698351"},{"type":"Feature","properties":{"@id":"node/13310994134","amenity":"fountain","drinking_water":"no","fountain":"decorative","lit":"no"},"geometry":{"type":"Point","coordinates":[6.3098285,45.544158]},"id":"node/13310994134"},{"type":"Feature","properties":{"@id":"node/13311134154","amenity":"fountain"},"geometry":{"type":"Point","coordinates":[6.5222121,45.2171577]},"id":"node/13311134154"},{"type":"Feature","properties":{"@id":"node/13311134155","amenity":"fountain"},"geometry":{"type":"Point","coordinates":[6.5218445,45.2155249]},"id":"node/13311134155"},{"type":"Feature","properties":{"@id":"node/13317883338","natural":"spring"},"geometry":{"type":"Point","coordinates":[5.9723962,45.8021668]},"id":"node/13317883338"},{"type":"Feature","properties":{"@id":"node/13318023152","amenity":"drinking_water","level":"1"},"geometry":{"type":"Point","coordinates":[6.2360619,46.1966789]},"id":"node/13318023152"},{"type":"Feature","properties":{"@id":"node/13324506787","amenity":"drinking_water","fee":"no"},"geometry":{"type":"Point","coordinates":[6.301845,45.8880925]},"id":"node/13324506787"},{"type":"Feature","properties":{"@id":"node/13324960844","name":"Captage du pont de la Balme","natural":"spring"},"geometry":{"type":"Point","coordinates":[6.5544662,45.2285438]},"id":"node/13324960844"},{"type":"Feature","properties":{"@id":"node/13324960845","name":"Réservoir de la Combe de Rosaël","natural":"spring"},"geometry":{"type":"Point","coordinates":[6.5688404,45.2514756]},"id":"node/13324960845"},{"type":"Feature","properties":{"@id":"node/13326365687","access":"yes","amenity":"drinking_water","fee":"no","wheelchair":"yes"},"geometry":{"type":"Point","coordinates":[6.6521431,45.5729808]},"id":"node/13326365687"},{"type":"Feature","properties":{"@id":"node/13333989579","amenity":"drinking_water"},"geometry":{"type":"Point","coordinates":[6.1275636,45.9054019]},"id":"node/13333989579"},{"type":"Feature","properties":{"@id":"node/13344192689","amenity":"drinking_water","fountain":"bassin"},"geometry":{"type":"Point","coordinates":[6.7008823,45.9051809]},"id":"node/13344192689"},{"type":"Feature","properties":{"@id":"node/13348159333","colour":"green","man_made":"water_tap"},"geometry":{"type":"Point","coordinates":[6.799568,45.6239593]},"id":"node/13348159333"},{"type":"Feature","properties":{"@id":"node/13354283892","amenity":"drinking_water"},"geometry":{"type":"Point","coordinates":[6.3047321,46.3652329]},"id":"node/13354283892"},{"type":"Feature","properties":{"@id":"node/13366738771","amenity":"drinking_water"},"geometry":{"type":"Point","coordinates":[6.795339,46.2573676]},"id":"node/13366738771"},{"type":"Feature","properties":{"@id":"node/13368290345","amenity":"fountain"},"geometry":{"type":"Point","coordinates":[6.2526496,46.2049088]},"id":"node/13368290345"},{"type":"Feature","properties":{"@id":"node/13368290346","amenity":"fountain"},"geometry":{"type":"Point","coordinates":[6.2526973,46.20501]},"id":"node/13368290346"},{"type":"Feature","properties":{"@id":"node/13375622997","amenity":"drinking_water"},"geometry":{"type":"Point","coordinates":[6.7609625,46.1310027]},"id":"node/13375622997"},{"type":"Feature","properties":{"@id":"node/13375645826","amenity":"drinking_water"},"geometry":{"type":"Point","coordinates":[6.7485871,46.1199469]},"id":"node/13375645826"},{"type":"Feature","properties":{"@id":"node/13382824763","amenity":"drinking_water","fee":"no","man_made":"water_tap"},"geometry":{"type":"Point","coordinates":[5.8551947,46.047817]},"id":"node/13382824763"},{"type":"Feature","properties":{"@id":"node/13390700161","amenity":"drinking_water","man_made":"water_well","pump":"manual"},"geometry":{"type":"Point","coordinates":[6.3243617,45.8830963]},"id":"node/13390700161"},{"type":"Feature","properties":{"@id":"node/13390881229","amenity":"drinking_water","man_made":"water_tap"},"geometry":{"type":"Point","coordinates":[6.4134957,45.6874061]},"id":"node/13390881229"},{"type":"Feature","properties":{"@id":"node/13390916997","man_made":"water_tap"},"geometry":{"type":"Point","coordinates":[6.4127898,45.6881784]},"id":"node/13390916997"},{"type":"Feature","properties":{"@id":"node/13397270922","amenity":"drinking_water"},"geometry":{"type":"Point","coordinates":[6.3216998,46.1664984]},"id":"node/13397270922"},{"type":"Feature","properties":{"@id":"node/13399660923","amenity":"drinking_water","man_made":"water_tap"},"geometry":{"type":"Point","coordinates":[6.6455219,45.9360958]},"id":"node/13399660923"},{"type":"Feature","properties":{"@id":"node/13399773413","amenity":"drinking_water"},"geometry":{"type":"Point","coordinates":[5.9278322,45.7246095]},"id":"node/13399773413"},{"type":"Feature","properties":{"@id":"node/13400432818","amenity":"drinking_water"},"geometry":{"type":"Point","coordinates":[5.9288967,45.7246456]},"id":"node/13400432818"},{"type":"Feature","properties":{"@id":"node/13404480431","amenity":"drinking_water","indoor":"no","man_made":"water_tap"},"geometry":{"type":"Point","coordinates":[6.3416072,45.9121569]},"id":"node/13404480431"},{"type":"Feature","properties":{"@id":"node/13408944984","man_made":"water_tap"},"geometry":{"type":"Point","coordinates":[6.80419,45.6388737]},"id":"node/13408944984"},{"type":"Feature","properties":{"@id":"node/13416044543","man_made":"water_tap"},"geometry":{"type":"Point","coordinates":[6.8052732,45.6267266]},"id":"node/13416044543"},{"type":"Feature","properties":{"@id":"node/13416044544","man_made":"water_tap"},"geometry":{"type":"Point","coordinates":[6.8050686,45.6247541]},"id":"node/13416044544"},{"type":"Feature","properties":{"@id":"node/13426247301","amenity":"fountain"},"geometry":{"type":"Point","coordinates":[6.0115494,45.5282281]},"id":"node/13426247301"},{"type":"Feature","properties":{"@id":"node/13428844181","amenity":"drinking_water","fountain":"drinking"},"geometry":{"type":"Point","coordinates":[6.2323272,46.1913306]},"id":"node/13428844181"},{"type":"Feature","properties":{"@id":"node/13439468137","amenity":"drinking_water"},"geometry":{"type":"Point","coordinates":[6.1708518,46.0183561]},"id":"node/13439468137"},{"type":"Feature","properties":{"@id":"node/13448164767","amenity":"fountain"},"geometry":{"type":"Point","coordinates":[5.8506568,45.8218563]},"id":"node/13448164767"},{"type":"Feature","properties":{"@id":"node/13448769990","access":"yes","amenity":"drinking_water","fee":"no","man_made":"water_tap"},"geometry":{"type":"Point","coordinates":[6.114355,45.8948038]},"id":"node/13448769990"},{"type":"Feature","properties":{"@id":"node/13448978315","man_made":"spring_box","natural":"spring"},"geometry":{"type":"Point","coordinates":[6.6771749,46.2173196]},"id":"node/13448978315"},{"type":"Feature","properties":{"@id":"node/13451536311","natural":"spring"},"geometry":{"type":"Point","coordinates":[6.7244294,46.2979353]},"id":"node/13451536311"},{"type":"Feature","properties":{"@id":"node/13452691608","access":"yes","amenity":"drinking_water","colour":"green","fee":"no","manufacturer":"Bayard","operator":"Mairie de Bourg-Saint-Maurice"},"geometry":{"type":"Point","coordinates":[6.7830024,45.6193877]},"id":"node/13452691608"},{"type":"Feature","properties":{"@id":"node/13452820284","amenity":"fountain","drinking_water":"no","lit":"yes"},"geometry":{"type":"Point","coordinates":[6.7715069,45.6194407]},"id":"node/13452820284"},{"type":"Feature","properties":{"@id":"node/13452820287","access":"yes","amenity":"drinking_water","fee":"no"},"geometry":{"type":"Point","coordinates":[6.7714954,45.6194559]},"id":"node/13452820287"},{"type":"Feature","properties":{"@id":"node/13462009900","amenity":"fountain"},"geometry":{"type":"Point","coordinates":[6.202264,45.8495301]},"id":"node/13462009900"},{"type":"Feature","properties":{"@id":"node/13480641520","man_made":"spring_box","natural":"spring"},"geometry":{"type":"Point","coordinates":[6.7818817,46.2152405]},"id":"node/13480641520"},{"type":"Feature","properties":{"@id":"node/13484106821","amenity":"drinking_water"},"geometry":{"type":"Point","coordinates":[6.3860672,45.6779706]},"id":"node/13484106821"},{"type":"Feature","properties":{"@id":"node/13517174870","amenity":"drinking_water","colour":"blue","dog":"yes"},"geometry":{"type":"Point","coordinates":[6.2283173,46.1941876]},"id":"node/13517174870"},{"type":"Feature","properties":{"@id":"node/13517994436","intermittent":"yes","name":"Résurgence de Glapigny","natural":"spring"},"geometry":{"type":"Point","coordinates":[6.112973,45.7458134]},"id":"node/13517994436"},{"type":"Feature","properties":{"@id":"node/13522488796","amenity":"toilets","drinking_water":"yes","fee":"no","toilets:disposal":"flush","toilets:position":"seated;urinal"},"geometry":{"type":"Point","coordinates":[6.509321,45.5017056]},"id":"node/13522488796"},{"type":"Feature","properties":{"@id":"node/13522990302","amenity":"toilets","drinking_water":"yes","unisex":"yes"},"geometry":{"type":"Point","coordinates":[6.4554381,45.5221465]},"id":"node/13522990302"},{"type":"Feature","properties":{"@id":"node/13529560756","amenity":"fountain","drinking_water":"yes"},"geometry":{"type":"Point","coordinates":[6.4544775,45.5222522]},"id":"node/13529560756"},{"type":"Feature","properties":{"@id":"node/13529561098","amenity":"fountain","drinking_water":"yes"},"geometry":{"type":"Point","coordinates":[6.4550659,45.5222997]},"id":"node/13529561098"},{"type":"Feature","properties":{"@id":"node/13532394501","amenity":"fountain"},"geometry":{"type":"Point","coordinates":[6.9751807,45.4434766]},"id":"node/13532394501"},{"type":"Feature","properties":{"@id":"node/13541149832","amenity":"drinking_water"},"geometry":{"type":"Point","coordinates":[6.745342,45.2255978]},"id":"node/13541149832"},{"type":"Feature","properties":{"@id":"node/13541262387","amenity":"fountain","drinking_water":"yes","start_date":"1880"},"geometry":{"type":"Point","coordinates":[6.4546388,45.5214907]},"id":"node/13541262387"},{"type":"Feature","properties":{"@id":"node/13541325352","amenity":"fountain","drinking_water":"yes","start_date":"1894"},"geometry":{"type":"Point","coordinates":[6.4602506,45.5244655]},"id":"node/13541325352"},{"type":"Feature","properties":{"@id":"node/13544684339","amenity":"lavoir","drinking_water":"yes"},"geometry":{"type":"Point","coordinates":[6.4525715,45.5663926]},"id":"node/13544684339"},{"type":"Feature","properties":{"@id":"node/13546961160","amenity":"fountain","drinking_water":"yes"},"geometry":{"type":"Point","coordinates":[6.4553556,45.5476548]},"id":"node/13546961160"},{"type":"Feature","properties":{"@id":"node/13547292335","amenity":"lavoir","drinking_water":"yes"},"geometry":{"type":"Point","coordinates":[6.4534626,45.5524365]},"id":"node/13547292335"},{"type":"Feature","properties":{"@id":"node/13547292336","amenity":"fountain","drinking_water":"yes","man_made":"water_tap"},"geometry":{"type":"Point","coordinates":[6.4527337,45.5523677]},"id":"node/13547292336"},{"type":"Feature","properties":{"@id":"node/13596618001","amenity":"drinking_water"},"geometry":{"type":"Point","coordinates":[6.3396899,45.7557855]},"id":"node/13596618001"},{"type":"Feature","properties":{"@id":"node/13606102596","amenity":"fountain","drinking_water":"no"},"geometry":{"type":"Point","coordinates":[6.6942817,45.5750025]},"id":"node/13606102596"},{"type":"Feature","properties":{"@id":"node/13607216431","amenity":"drinking_water"},"geometry":{"type":"Point","coordinates":[5.9070128,45.9725833]},"id":"node/13607216431"},{"type":"Feature","properties":{"@id":"node/13608382828","amenity":"drinking_water"},"geometry":{"type":"Point","coordinates":[6.1369502,45.6809464]},"id":"node/13608382828"},{"type":"Feature","properties":{"@id":"node/13612295037","amenity":"drinking_water","drinking_water:legal":"no"},"geometry":{"type":"Point","coordinates":[6.0902031,45.637734]},"id":"node/13612295037"},{"type":"Feature","properties":{"@id":"node/13612295054","amenity":"drinking_water"},"geometry":{"type":"Point","coordinates":[6.1259449,45.6770402]},"id":"node/13612295054"},{"type":"Feature","properties":{"@id":"node/13612295055","access":"yes","amenity":"drinking_water","fee":"no"},"geometry":{"type":"Point","coordinates":[6.1266903,45.6768345]},"id":"node/13612295055"},{"type":"Feature","properties":{"@id":"node/13614571861","access":"yes","amenity":"drinking_water","fee":"no"},"geometry":{"type":"Point","coordinates":[6.3903633,45.6638266]},"id":"node/13614571861"},{"type":"Feature","properties":{"@id":"node/13617066876","access":"yes","amenity":"drinking_water","bottle":"yes","fee":"no","survey:date":"2026-03-04","wheelchair":"yes"},"geometry":{"type":"Point","coordinates":[6.1912155,45.9526202]},"id":"node/13617066876"},{"type":"Feature","properties":{"@id":"node/13623693001","amenity":"drinking_water","name":"Fontaine Eau potable cafétéria"},"geometry":{"type":"Point","coordinates":[6.7355399,45.4934336]},"id":"node/13623693001"},{"type":"Feature","properties":{"@id":"node/13655213503","access":"yes","addr:floor":"0","amenity":"drinking_water","bottle":"yes","cold_water":"no","covered":"no","fee":"no","fountain":"bottle_refill;water_tap","hot_water":"no","iced_water":"no","indoor":"no","level":"0","opening_hours":"24/7","panoramax":"b43e351b-207b-4304-b096-6f2f92c5a3d8","room_temperature_water":"yes","warm_water":"no"},"geometry":{"type":"Point","coordinates":[6.6790503,46.086884]},"id":"node/13655213503"},{"type":"Feature","properties":{"@id":"node/13657770706","amenity":"drinking_water"},"geometry":{"type":"Point","coordinates":[6.8210869,46.0577305]},"id":"node/13657770706"},{"type":"Feature","properties":{"@id":"node/13658703757","amenity":"drinking_water","bottle":"yes","cold_water":"no","fee":"no","fountain":"bottle_refill","hot_water":"no","iced_water":"no","opening_hours":"24/7","panoramax":"1c36558a-2227-4f01-bcd6-146683e8d571","room_temperature_water":"yes","seasonal":"spring;summer;autumn","warm_water":"no"},"geometry":{"type":"Point","coordinates":[6.7339537,46.0840692]},"id":"node/13658703757"},{"type":"Feature","properties":{"@id":"node/13662926050","amenity":"drinking_water","bottle":"yes","cold_water":"no","fee":"no","fountain":"water_tap","hot_water":"no","iced_water":"no","opening_hours":"24/7","panoramax":"89ecbaa7-f0c8-44d6-88f5-9339d9dac855","room_temperature_water":"yes","seasonal":"no","warm_water":"no"},"geometry":{"type":"Point","coordinates":[6.7162117,46.0858744]},"id":"node/13662926050"},{"type":"Feature","properties":{"@id":"node/13662975387","amenity":"drinking_water","bottle":"yes","cold_water":"no","fee":"no","fountain":"water_tap","hot_water":"no","iced_water":"no","opening_hours":"24/7","panoramax":"642f3db6-72b0-4bf8-9000-7408884dde33","room_temperature_water":"yes","seasonal":"no","warm_water":"no"},"geometry":{"type":"Point","coordinates":[6.7098325,46.0826011]},"id":"node/13662975387"},{"type":"Feature","properties":{"@id":"node/13664541822","amenity":"drinking_water","name":"Lavoir","survey:date":"2026-03-20"},"geometry":{"type":"Point","coordinates":[6.1633511,45.8021807]},"id":"node/13664541822"},{"type":"Feature","properties":{"@id":"node/13666664794","amenity":"drinking_water","bottle":"yes","cold_water":"no","fee":"no","fountain":"water_tap","hot_water":"no","iced_water":"no","opening_hours":"24/7","panoramax":"29ee61e2-b571-4eac-b7cd-5c9aa527d660","room_temperature_water":"yes","seasonal":"no","warm_water":"no"},"geometry":{"type":"Point","coordinates":[6.7449366,46.0640145]},"id":"node/13666664794"},{"type":"Feature","properties":{"@id":"node/13668397126","amenity":"fountain"},"geometry":{"type":"Point","coordinates":[6.4279895,45.6436921]},"id":"node/13668397126"},{"type":"Feature","properties":{"@id":"node/13671183218","access":"yes","amenity":"drinking_water","check_date":"2026-03-21","drinking_water:legal":"yes","fee":"no"},"geometry":{"type":"Point","coordinates":[5.9400882,45.872547]},"id":"node/13671183218"},{"type":"Feature","properties":{"@id":"node/13706748001","man_made":"water_tap"},"geometry":{"type":"Point","coordinates":[5.9791902,45.9047625]},"id":"node/13706748001"},{"type":"Feature","properties":{"@id":"node/13709482549","man_made":"spring_box","natural":"spring"},"geometry":{"type":"Point","coordinates":[6.5913496,46.3501551]},"id":"node/13709482549"},{"type":"Feature","properties":{"@id":"node/13710907382","man_made":"water_tap"},"geometry":{"type":"Point","coordinates":[6.5789947,46.3551874]},"id":"node/13710907382"},{"type":"Feature","properties":{"@id":"node/13714105124","amenity":"drinking_water","survey:date":"2026-04-07"},"geometry":{"type":"Point","coordinates":[6.2485493,45.5859705]},"id":"node/13714105124"},{"type":"Feature","properties":{"@id":"node/13714376070","amenity":"drinking_water"},"geometry":{"type":"Point","coordinates":[6.7077627,45.9380741]},"id":"node/13714376070"},{"type":"Feature","properties":{"@id":"node/13721570860","amenity":"drinking_water"},"geometry":{"type":"Point","coordinates":[6.3495805,45.7668925]},"id":"node/13721570860"},{"type":"Feature","properties":{"@id":"node/13723484984","amenity":"fountain","drinking_water":"yes"},"geometry":{"type":"Point","coordinates":[6.7598913,45.6196397]},"id":"node/13723484984"},{"type":"Feature","properties":{"@id":"node/13730588971","amenity":"drinking_water"},"geometry":{"type":"Point","coordinates":[6.2326625,46.1982006]},"id":"node/13730588971"},{"type":"Feature","properties":{"@id":"node/13731218513","access":"yes","man_made":"water_tap"},"geometry":{"type":"Point","coordinates":[6.722807,45.5678137]},"id":"node/13731218513"},{"type":"Feature","properties":{"@id":"node/13734407559","drinking_water":"untreated","man_made":"water_tap"},"geometry":{"type":"Point","coordinates":[5.8971363,45.7312765]},"id":"node/13734407559"},{"type":"Feature","properties":{"@id":"node/13734416372","man_made":"water_tap"},"geometry":{"type":"Point","coordinates":[5.8297258,45.980574]},"id":"node/13734416372"},{"type":"Feature","properties":{"@id":"node/13735144641","amenity":"drinking_water"},"geometry":{"type":"Point","coordinates":[6.2147837,45.5331579]},"id":"node/13735144641"},{"type":"Feature","properties":{"@id":"node/13737955458","amenity":"drinking_water","man_made":"water_tap"},"geometry":{"type":"Point","coordinates":[5.847118,45.8209046]},"id":"node/13737955458"},{"type":"Feature","properties":{"@id":"node/13738421624","amenity":"drinking_water"},"geometry":{"type":"Point","coordinates":[6.7031246,45.4226592]},"id":"node/13738421624"},{"type":"Feature","properties":{"@id":"node/13738421625","amenity":"drinking_water"},"geometry":{"type":"Point","coordinates":[6.7027585,45.4228939]},"id":"node/13738421625"},{"type":"Feature","properties":{"@id":"node/13738421626","amenity":"drinking_water"},"geometry":{"type":"Point","coordinates":[6.7029967,45.4220201]},"id":"node/13738421626"},{"type":"Feature","properties":{"@id":"node/13741186601","amenity":"drinking_water"},"geometry":{"type":"Point","coordinates":[6.1234898,45.7738481]},"id":"node/13741186601"},{"type":"Feature","properties":{"@id":"node/13741881295","amenity":"drinking_water","man_made":"water_tap"},"geometry":{"type":"Point","coordinates":[6.0352034,45.964703]},"id":"node/13741881295"},{"type":"Feature","properties":{"@id":"node/13742065973","amenity":"fountain"},"geometry":{"type":"Point","coordinates":[6.6303994,46.0556365]},"id":"node/13742065973"},{"type":"Feature","properties":{"@id":"node/13744457281","access":"yes","drinking_water":"yes","man_made":"water_tap"},"geometry":{"type":"Point","coordinates":[5.8354618,45.9540304]},"id":"node/13744457281"},{"type":"Feature","properties":{"@id":"node/13750459531","amenity":"drinking_water"},"geometry":{"type":"Point","coordinates":[6.2352321,46.1941556]},"id":"node/13750459531"},{"type":"Feature","properties":{"@id":"node/13758844295","amenity":"fountain"},"geometry":{"type":"Point","coordinates":[6.4669428,46.1468915]},"id":"node/13758844295"},{"type":"Feature","properties":{"@id":"node/13763682651","amenity":"drinking_water","man_made":"water_tap"},"geometry":{"type":"Point","coordinates":[6.599177,45.5325221]},"id":"node/13763682651"},{"type":"Feature","properties":{"@id":"node/13767119754","natural":"spring"},"geometry":{"type":"Point","coordinates":[6.6569149,46.2659219]},"id":"node/13767119754"},{"type":"Feature","properties":{"@id":"node/13769480308","man_made":"water_tap","survey:date":"2026-04-27"},"geometry":{"type":"Point","coordinates":[6.4095887,45.271698]},"id":"node/13769480308"},{"type":"Feature","properties":{"@id":"node/13770565055","natural":"spring"},"geometry":{"type":"Point","coordinates":[6.8225709,46.3076044]},"id":"node/13770565055"},{"type":"Feature","properties":{"@id":"node/13774029396","amenity":"drinking_water"},"geometry":{"type":"Point","coordinates":[6.2115494,45.5838332]},"id":"node/13774029396"},{"type":"Feature","properties":{"@id":"node/13779391803","amenity":"drinking_water","fee":"no","name":"Point d’eau potable extérieur"},"geometry":{"type":"Point","coordinates":[6.0046509,46.0549382]},"id":"node/13779391803"},{"type":"Feature","properties":{"@id":"node/13779391901","drinking_water":"yes","man_made":"water_tap","name":"point d’eau potable extérieur"},"geometry":{"type":"Point","coordinates":[5.9889406,46.0520194]},"id":"node/13779391901"},{"type":"Feature","properties":{"@id":"node/13782251157","name":"Source de l'Eau Froide","natural":"spring"},"geometry":{"type":"Point","coordinates":[6.2361017,45.7165311]},"id":"node/13782251157"},{"type":"Feature","properties":{"@id":"node/13785098096","amenity":"drinking_water"},"geometry":{"type":"Point","coordinates":[6.3866184,46.0370906]},"id":"node/13785098096"},{"type":"Feature","properties":{"@id":"node/13789310401","amenity":"water_point"},"geometry":{"type":"Point","coordinates":[5.9214586,45.5669848]},"id":"node/13789310401"},{"type":"Feature","properties":{"@id":"node/13791457850","amenity":"drinking_water","fountain":"bubbler"},"geometry":{"type":"Point","coordinates":[6.5936355,46.400331]},"id":"node/13791457850"},{"type":"Feature","properties":{"@id":"node/13793807692","drinking_water":"yes","intermittent":"no","name":"Edelweiss","natural":"spring"},"geometry":{"type":"Point","coordinates":[6.7854862,45.6548104]},"id":"node/13793807692"},{"type":"Feature","properties":{"@id":"node/13796136046","amenity":"drinking_water","man_made":"water_tap"},"geometry":{"type":"Point","coordinates":[6.2322586,45.8375475]},"id":"node/13796136046"},{"type":"Feature","properties":{"@id":"node/13808177161","amenity":"drinking_water","fountain":"drinking"},"geometry":{"type":"Point","coordinates":[6.2947477,45.6451301]},"id":"node/13808177161"},{"type":"Feature","properties":{"@id":"node/13810374810","amenity":"fountain","drinking_water":"yes","start_date":"1882"},"geometry":{"type":"Point","coordinates":[5.7769424,45.450028]},"id":"node/13810374810"},{"type":"Feature","properties":{"@id":"node/13850476136","amenity":"drinking_water","fountain":"drinking","indoor":"no"},"geometry":{"type":"Point","coordinates":[6.1041525,46.1194035]},"id":"node/13850476136"},{"type":"Feature","properties":{"@id":"node/13857045692","amenity":"drinking_water"},"geometry":{"type":"Point","coordinates":[6.1597634,45.9197451]},"id":"node/13857045692"},{"type":"Feature","properties":{"@id":"node/13857160866","amenity":"fountain","drinking_water":"no"},"geometry":{"type":"Point","coordinates":[6.2415547,46.191681]},"id":"node/13857160866"},{"type":"Feature","properties":{"@id":"node/13868917588","amenity":"drinking_water","protected":"bollard"},"geometry":{"type":"Point","coordinates":[6.6189489,46.3250209]},"id":"node/13868917588"},{"type":"Feature","properties":{"@id":"node/13868917593","man_made":"water_tap"},"geometry":{"type":"Point","coordinates":[6.6170438,46.3128265]},"id":"node/13868917593"},{"type":"Feature","properties":{"@id":"node/13878269916","natural":"spring"},"geometry":{"type":"Point","coordinates":[6.608662,46.3234518]},"id":"node/13878269916"},{"type":"Feature","properties":{"@id":"node/13895371220","amenity":"fountain","drinking_water":"no"},"geometry":{"type":"Point","coordinates":[5.7445868,45.527881]},"id":"node/13895371220"},{"type":"Feature","properties":{"@id":"node/13899431111","natural":"spring"},"geometry":{"type":"Point","coordinates":[6.1884515,45.7964644]},"id":"node/13899431111"},{"type":"Feature","properties":{"@id":"node/13899431112","amenity":"drinking_water"},"geometry":{"type":"Point","coordinates":[6.1887452,45.795909]},"id":"node/13899431112"},{"type":"Feature","properties":{"@id":"node/13901956414","natural":"spring"},"geometry":{"type":"Point","coordinates":[6.2762429,45.8296113]},"id":"node/13901956414"},{"type":"Feature","properties":{"@id":"node/13914739864","amenity":"drinking_water"},"geometry":{"type":"Point","coordinates":[6.1267332,45.905107]},"id":"node/13914739864"},{"type":"Feature","properties":{"@id":"node/13914761761","access":"yes","amenity":"drinking_water","fee":"no"},"geometry":{"type":"Point","coordinates":[6.6950013,45.5637349]},"id":"node/13914761761"},{"type":"Feature","properties":{"@id":"node/13917221344","amenity":"fountain"},"geometry":{"type":"Point","coordinates":[5.907733,45.9717023]},"id":"node/13917221344"},{"type":"Feature","properties":{"@id":"node/13922226956","amenity":"drinking_water","drinking_water":"yes"},"geometry":{"type":"Point","coordinates":[6.3028249,45.6890225]},"id":"node/13922226956"},{"type":"Feature","properties":{"@id":"node/13926029316","amenity":"drinking_water"},"geometry":{"type":"Point","coordinates":[6.2795424,45.8578283]},"id":"node/13926029316"},{"type":"Feature","properties":{"@id":"node/13935659951","amenity":"drinking_water"},"geometry":{"type":"Point","coordinates":[6.2009564,45.5251441]},"id":"node/13935659951"},{"type":"Feature","properties":{"@id":"node/13936625968","amenity":"drinking_water"},"geometry":{"type":"Point","coordinates":[6.8753309,45.5906199]},"id":"node/13936625968"},{"type":"Feature","properties":{"@id":"node/13936934109","man_made":"spring_box","natural":"spring"},"geometry":{"type":"Point","coordinates":[6.3262293,46.2662236]},"id":"node/13936934109"},{"type":"Feature","properties":{"@id":"node/13936934110","man_made":"spring_box","natural":"spring"},"geometry":{"type":"Point","coordinates":[6.3260054,46.2660832]},"id":"node/13936934110"},{"type":"Feature","properties":{"@id":"node/13943855234","natural":"spring"},"geometry":{"type":"Point","coordinates":[6.5777295,46.1935114]},"id":"node/13943855234"},{"type":"Feature","properties":{"@id":"node/13945069108","amenity":"drinking_water"},"geometry":{"type":"Point","coordinates":[6.5845818,46.0405967]},"id":"node/13945069108"},{"type":"Feature","properties":{"@id":"node/13945103611","amenity":"drinking_water","man_made":"water_tap"},"geometry":{"type":"Point","coordinates":[5.84322,45.5700258]},"id":"node/13945103611"},{"type":"Feature","properties":{"@id":"node/13947213138","amenity":"water_point"},"geometry":{"type":"Point","coordinates":[6.4213931,45.9369872]},"id":"node/13947213138"},{"type":"Feature","properties":{"@id":"node/13947290258","amenity":"drinking_water"},"geometry":{"type":"Point","coordinates":[6.4290597,45.9420411]},"id":"node/13947290258"},{"type":"Feature","properties":{"@id":"node/13947597261","amenity":"drinking_water","bottle":"yes","indoor":"yes","level":"0"},"geometry":{"type":"Point","coordinates":[6.253515,46.1959912]},"id":"node/13947597261"},{"type":"Feature","properties":{"@id":"node/13950191753","access":"yes","amenity":"drinking_water","drinking_water":"no","fee":"no","indoor":"no","seasonal":"no"},"geometry":{"type":"Point","coordinates":[6.675359,46.0838742]},"id":"node/13950191753"},{"type":"Feature","properties":{"@id":"node/13950191960","access":"yes","amenity":"drinking_water","drinking_water":"no","fee":"no","indoor":"no","seasonal":"no","wheelchair":"yes"},"geometry":{"type":"Point","coordinates":[6.2863796,45.1919155]},"id":"node/13950191960"},{"type":"Feature","properties":{"@id":"node/13950199785","access":"yes","amenity":"drinking_water","drinking_water":"no","fee":"no","indoor":"no","seasonal":"no","wheelchair":"limited"},"geometry":{"type":"Point","coordinates":[6.7249612,46.0618351]},"id":"node/13950199785"},{"type":"Feature","properties":{"@id":"node/13955381295","amenity":"drinking_water","man_made":"water_tap"},"geometry":{"type":"Point","coordinates":[6.3546876,45.2469026]},"id":"node/13955381295"},{"type":"Feature","properties":{"@id":"node/13957876503","access":"yes","amenity":"drinking_water","fee":"no"},"geometry":{"type":"Point","coordinates":[6.3125258,46.066532]},"id":"node/13957876503"},{"type":"Feature","properties":{"@id":"node/13957876504","access":"yes","amenity":"drinking_water","fee":"no"},"geometry":{"type":"Point","coordinates":[6.3152054,46.0670559]},"id":"node/13957876504"},{"type":"Feature","properties":{"@id":"node/13957876505","access":"yes","amenity":"drinking_water","fee":"no"},"geometry":{"type":"Point","coordinates":[6.315498,46.0625594]},"id":"node/13957876505"},{"type":"Feature","properties":{"@id":"node/13957917878","access":"yes","amenity":"drinking_water","fee":"no"},"geometry":{"type":"Point","coordinates":[6.313972,46.064239]},"id":"node/13957917878"},{"type":"Feature","properties":{"@id":"node/13958146801","amenity":"drinking_water","fountain":"drinking"},"geometry":{"type":"Point","coordinates":[6.546116,46.2875788]},"id":"node/13958146801"},{"type":"Feature","properties":{"@id":"node/13958266900","amenity":"fountain","drinking_water":"Eau potable"},"geometry":{"type":"Point","coordinates":[6.5458992,46.2889458]},"id":"node/13958266900"},{"type":"Feature","properties":{"@id":"node/13958283701","amenity":"drinking_water","fountain":"drinking"},"geometry":{"type":"Point","coordinates":[6.5458304,46.2889986]},"id":"node/13958283701"},{"type":"Feature","properties":{"@id":"node/13958288771","amenity":"fountain","drinking_water":"Eau potable"},"geometry":{"type":"Point","coordinates":[6.5459093,46.2889484]},"id":"node/13958288771"},{"type":"Feature","properties":{"@id":"node/13960449771","description":"Suprlus du réservoir","natural":"spring"},"geometry":{"type":"Point","coordinates":[6.6165467,46.3256753]},"id":"node/13960449771"},{"type":"Feature","properties":{"@id":"node/13962229317","amenity":"drinking_water"},"geometry":{"type":"Point","coordinates":[6.4809948,45.1846796]},"id":"node/13962229317"},{"type":"Feature","properties":{"@id":"node/13962532788","amenity":"drinking_water","fee":"no","wheelchair":"yes"},"geometry":{"type":"Point","coordinates":[5.8740009,45.6389118]},"id":"node/13962532788"},{"type":"Feature","properties":{"@id":"node/13962532789","access":"yes","amenity":"drinking_water","drinking_water":"unknown","fee":"no","wheelchair":"yes"},"geometry":{"type":"Point","coordinates":[5.8598044,45.6474889]},"id":"node/13962532789"},{"type":"Feature","properties":{"@id":"node/13969798121","name":"Source eau","natural":"spring"},"geometry":{"type":"Point","coordinates":[6.4861044,45.5682778]},"id":"node/13969798121"},{"type":"Feature","properties":{"@id":"node/13969817914","man_made":"water_tap","name":"Fontaine eau"},"geometry":{"type":"Point","coordinates":[6.4822506,45.5486789]},"id":"node/13969817914"},{"type":"Feature","properties":{"@id":"node/13973245252","amenity":"drinking_water"},"geometry":{"type":"Point","coordinates":[6.0222737,46.0920486]},"id":"node/13973245252"},{"type":"Feature","properties":{"@id":"node/13975310080","amenity":"fountain"},"geometry":{"type":"Point","coordinates":[6.8763237,45.2858221]},"id":"node/13975310080"},{"type":"Feature","properties":{"@id":"node/13975959054","natural":"spring"},"geometry":{"type":"Point","coordinates":[6.5945508,46.189497]},"id":"node/13975959054"},{"type":"Feature","properties":{"@id":"node/13979203628","amenity":"drinking_water"},"geometry":{"type":"Point","coordinates":[6.0174152,46.046485]},"id":"node/13979203628"},{"type":"Feature","properties":{"@id":"node/13982304786","access":"permissive","drinking_water":"yes","man_made":"water_tap"},"geometry":{"type":"Point","coordinates":[5.889191,45.5571685]},"id":"node/13982304786"},{"type":"Feature","properties":{"@id":"node/13982354783","drinking_water":"yes","intermittent":"yes","name":"Source des Auges","natural":"spring"},"geometry":{"type":"Point","coordinates":[6.2340567,45.6981693]},"id":"node/13982354783"},{"type":"Feature","properties":{"@id":"node/13985027563","access":"yes","amenity":"drinking_water","fee":"no"},"geometry":{"type":"Point","coordinates":[6.3169276,46.0693038]},"id":"node/13985027563"},{"type":"Feature","properties":{"@id":"node/13990407012","amenity":"drinking_water","man_made":"water_tap"},"geometry":{"type":"Point","coordinates":[6.4048539,45.2278921]},"id":"node/13990407012"},{"type":"Feature","properties":{"@id":"node/13990908094","drinking_water":"yes","man_made":"water_tap"},"geometry":{"type":"Point","coordinates":[5.9912178,46.0511323]},"id":"node/13990908094"},{"type":"Feature","properties":{"@id":"node/13991922311","drinking_water":"yes","man_made":"water_tap"},"geometry":{"type":"Point","coordinates":[6.1214343,46.0401991]},"id":"node/13991922311"},{"type":"Feature","properties":{"@id":"node/13993033396","amenity":"drinking_water"},"geometry":{"type":"Point","coordinates":[6.6382809,45.9559067]},"id":"node/13993033396"}]}